190226713 51.13664 -31.05952 -4993.37 307.4814 9998 33400 -4933.72496432
190226714 51.10729 -31.07169 -4988.706 317.5618 9998 33400 -4921.93884656
190226715 51.15253 -31.15724 -4840.441 354.5951 9998 33400 -4908.69539391
190226716 51.27307 -31.24143 -4910.409 433.3524 9998 33400 -4929.10121063
190226717 51.40638 -31.09083 -4940.658 253.3008 9998 33400 -4942.2583751
190226718 51.4354 -31.13537 -4902.006 289.231 9998 33400 -4879.05624635
190226719 51.42269 -31.19437 -4746.313 344.3668 9998 33400 -4861.19597647
190226722 50.96344 -31.1403 -4858.8 543.2398 9998 33400 -4879.98950541
190226723 50.82153 -31.08469 -4853.19 617.1278 9998 33400 -4916.77054333
190226725 50.74124 -31.04438 -4899.324 647.8117 9998 33400 -4906.36549148
190226726 50.62853 -31.11124 -4873.861 734.6433 9998 33400 -4862.34565485
190226727 50.61055 -31.10679 -4864.445 724.2646 9998 33400 -4863.12330681
190226728 50.70157 -31.19284 -4864.508 738.7123 9998 33400 -4886.62078658
190226729 50.67483 -31.23259 -4853.229 776.1274 9998 33400 -4848.22037354
190226730 50.66233 -31.29856 -4876.02 810.5414 9998 33400 -4790.99655511
190226731 50.54122 -31.32603 -4772.295 838.2214 9998 33400 -4710.31412417
190226732 50.27207 -31.32843 -4752.187 802.7206 9998 33400 -4728.0810651
190226733 50.24567 -31.35716 -4776.459 827.949 9998 33400 -4709.31546592
190226734 50.16464 -31.36312 -4711.662 756.2452 9998 33400 -4732.32094878
190226735 50.22529 -31.38892 -4702.033 765.7311 9998 33400 -4694.61438668
190226736 50.16314 -31.41533 -4672.096 750.9922 9998 33400 -4743.50889384
190226737 50.13103 -31.42378 -4735.052 746.9127 9998 33400 -4787.41993548
190226738 50.19415 -31.45802 -4692.776 758.554 9998 33400 -4716.33751665
190226739 49.87799 -31.34821 -4831.335 645.4077 9998 33400 -4775.93407406
190226740 49.79734 -31.17589 -4863.543 548.5351 9998 33400 -4891.96481676
190226741 49.88254 -30.96255 -4801.284 523.7484 -1 33400 -4814.23003071
190226743 50.17319 -30.23368 -4574.367 288.4559 9998 33400 -4669.39213786
190226744 50.35474 -30.34017 -4598.535 457.4367 9998 33400 -4571.24040196
190226745 50.20629 -30.15574 -4603.852 287.6721 9998 33400 -4673.96027884
190226746 50.30609 -30.3425 -4576.757 418.6675 9998 33400 -4535.7451509
190226747 50.47445 -30.30768 -4667.17 538.8647 9998 33400 -4663.46496667
190226748 50.55133 -30.25466 -4676.617 578.1873 9998 33400 -4658.43846841
190226749 50.53227 -30.14744 -4734.279 541.2725 9998 33400 -4726.94981299
190226750 50.56168 -30.16235 -4734.564 568.6164 9998 33400 -4711.06257927
19022688 57.35527 -25.23995 -4169.856 936.1544 9998 33400 -3945.60066624
190226811 57.44403 -25.10573 -3978.932 1262.1 9998 33400 -5175.62680559
190226814 57.62206 -24.87256 -4041.501 1138.363 9998 33400 -5062.51541315
190226815 57.64537 -24.8227 -4036.64 992.4007 9999 33400 -5117.19999421
190226816 57.69655 -24.85047 -4041.703 1088.845 9998 33400 -5115.05447366
190226817 57.70019 -24.93344 -4860.131 1325.081 9998 33400 -5066.77611868
190226825 58.01612 -25.65679 -5208.34 1342.054 9998 33400 -5141.14366256
190226826 58.01929 -25.59073 -5113.877 1457.861 9998 33400 -5125.05001969
190226827 57.8188 -25.47409 -5231.88 1620.715 9998 33400 -5220.00691895
190226828 57.54218 -25.26052 -5201.699 1410.588 9998 33400 -5190.83359138
190226829 57.35448 -25.02235 -5103.992 1129.982 9998 33400 -5117.31638811
190226830 57.18701 -24.82357 -5079.026 1022.395 9998 33400 -5131.46019315
190226831 57.08349 -24.70791 -5094.594 960.0746 -1 33400 -5061.49774403
190226832 56.83092 -24.65786 -4900.828 849.4324 9998 33400 -4891.79542276
190226833 56.49987 -24.89734 -4880.64 1292.869 9998 33400 -4864.63594057
190226834 56.34341 -25.15153 -4926.199 1480.849 9998 33400 -4946.89276663
190226835 56.20915 -25.34295 -4997.402 1418.535 9998 33400 -4978.00167021
190226836 56.08749 -25.46157 -4959.98 1282.694 9998 33400 -5015.56602408
190226837 56.06054 -25.30949 -5028.478 1309.303 9998 33400 -4965.76332039
190226838 55.9257 -25.16637 -4953.288 1187.459 9998 33400 -4974.80522038
190226839 55.69857 -25.13975 -4776.6 1045.44 9998 33400 -4851.37489137
190226840 55.51578 -25.3108 -4881.274 1127.626 9998 33400 -4906.42989799
190226841 55.2993 -25.36114 -4952.54 1235.99 9998 33400 -5088.92367898
190226842 55.40526 -25.33376 -4960.317 1200.905 9998 33400 -4948.674538
190226843 55.36547 -25.34792 -4948.562 1197.719 9998 33400 -4974.20085065
190226844 55.40922 -25.35308 -5000.408 1250.724 9998 33400 -4955.28290754
190226845 55.50547 -25.29229 -4844.659 1106.986 9998 33400 -4876.08552179
190226846 55.57891 -25.18709 -4867.815 1077.577 9998 33400 -4837.44269754
190226847 55.53919 -25.12628 -4755.418 1040.023 9998 33400 -4792.88495528
390130914 -20.01336 -4.95489 -5440.935 2031.296 9998 33400 -5298.33912355
390130915 -20.00361 -4.94551 -5425.804 2030.442 9998 33400 -5292.24911566
390130916 -19.96922 -4.931 -5383.998 2009.002 9998 33400 -5280.50831866
390130917 -19.90234 -4.91442 -5308.804 1969.734 9998 33400 -5226.90921696
390130918 -19.81018 -4.91884 -5208.829 1908.32 9998 33400 -5152.65789788
390130919 -19.75279 -4.9872 -5066.064 1876.237 9998 33400 -4989.39105268
390130973 -19.80496 -5.15907 -4909.011 1431.562 9998 33400 -4696.35653028
390130974 -19.68267 -5.22071 -4881.591 1488.377 9998 33400 -4790.35571036
390130993 -19.84151 -5.47815 -4712.632 1489.188 9998 33400 -4617.60512114
3901309109 -19.88586 -5.08709 -4385.418 1497.375 9998 33400 -4351.3480638
3901309115 -19.9335 -4.46445 -5095.537 2850.504 9998 33400 -5115.92163796
3901309116 -20.04678 -4.45483 -4756.39 2473.977 9998 33400 -4793.89551169
390131018 -21.66961 -2.10078 -1459.639 2569.4 9999 33400 -4907.34566523
390131020 -21.64515 -2.11604 -1981.802 3209.08 9998 33400 -4865.39120765
390131024 -21.5528 -2.1852 -1983.575 4087.869 9998 33400 -5147.53528149
390131025 -21.51667 -2.20097 -1675.899 4146.91 9998 33400 -5249.74447635
390131063 -21.06944 -2.41657 -5316.044 4850.346 9998 33400 -5444.07673168
390131064 -21.10627 -2.41395 -5054.075 4127.066 9998 33400 -5338.37433852
390131068 -21.14536 -2.2005 -4581.82 3738.396 9998 33400 -4437.39830845
390131069 -21.21551 -2.1845 -4244.625 3251.381 9998 33400 -4496.32423682
390131071 -21.27618 -1.60255 -4673.235 2271.679 9998 33400 -4557.58432536
390131072 -21.12724 -1.46334 -4292.706 1589.571 9998 33400 -4239.46031993
390131073 -21.14663 -1.33759 -4406.243 1444.068 9998 33400 -4425.63137691
390131076 -21.76087 -1.17035 -5268.235 1283.235 -1 33400 -5450.20713499
390131077 -22.08291 -1.23767 -5213.969 1276.732 -1 33400 -5161.61598897
390131078 -22.1621 -1.27967 -5288.615 1360.28 9998 33400 -5235.70934604
390131079 -22.03923 -1.33432 -5539.847 1965.58 -1 33400 -5651.21234543
390131080 -21.93874 -1.31044 -5481.672 1892.248 -1 33400 -5599.3457451
390131082 -21.88939 -1.29593 -5369.35 1778.454 9998 33400 -5491.71724516
390131083 -21.84087 -1.25583 -5300.941 1348.764 9998 33400 -5358.566147
390131084 -21.77552 -1.28047 -5224.355 1552.795 -1 33400 -5231.16855924
390131085 -21.82248 -1.29823 -5181.248 1546.766 9998 33400 -5240.66205737
390131086 -21.91158 -1.33234 -5333.352 1937.215 9998 33400 -5596.49680922
390131087 -21.89271 -1.36181 -5523.85 2041.7 9998 33400 -5577.9629077
390131088 -21.70812 -1.41318 -5051.386 1856.093 -1 33400 -5018.56442025
390131091 -22.16189 -1.53844 -3799.109 1729.756 9998 33400 -3772.5061551
390131095 -22.47998 -1.17324 -4535.208 879.4982 9998 33400 -4413.02823029
3901310100 -21.89379 -1.15982 -4994.549 1178.038 9998 33400 -5012.6209917
3901310101 -21.8718 -1.1544 -5092.97 1130.99 9998 33400 -4993.09824394
3901310102 -22.35263 -1.19339 -5024.38 1064.478 9998 33400 -5031.38044529
3901310103 -22.32355 -1.00372 -5044.205 1315.751 9998 33400 -5046.46298323
3901310104 -22.76677 -1.19852 -4281.11 982.8754 -1 33400 -4361.45405898
3901310106 -23.11731 -1.25518 -4300.118 910.1504 -1 33400 -4354.66141142
3901310108 -23.05157 -1.25463 -3692.795 848.271 -1 33400 -3706.51145365
3901310110 -23.07626 -1.55084 -4617.175 2422.964 -1 33400 -4733.42328213
3901310111 -23.19433 -1.55166 -4354.01 2152.418 -1 33400 -4370.34288526
3901310112 -23.2904 -1.61418 -4287.926 2266.698 9998 33400 -4276.12325868
3901310115 -22.92564 -1.95253 -4633.809 4181.038 -1 33400 -4415.20552302
3901310117 -23.25619 -1.78379 -4684.519 3887.831 9998 33400 -4794.58509969
3901310118 -23.52241 -1.59321 -4607.44 2570.539 9998 33400 -4611.44201451
3901310119 -23.46047 -1.49062 -4778.12 2255.794 9998 33400 -5348.68228184
3901310120 -22.88017 -1.54574 -4617.759 2634.416 -1 33400 -4521.47944535
3901310121 -22.77107 -1.68124 -4370.086 2990.769 -1 33400 -4470.92077358
3901310122 -23.20371 -2.06497 -4720.901 4704.643 -1 33400 -5061.48613424
390131111 -34.1285 -14.19943 -4632.95 1345.591 9998 33400 -4572.52501061
390131112 -34.10836 -14.30918 -4609.963 1387.595 9998 33400 -4605.97184289
390131113 -34.09437 -14.3367 -4601.686 1342.098 9998 33400 -4611.86507634
390131114 -34.07598 -14.34171 -4598.766 1333.728 9998 33400 -4607.14564295
390131115 -34.06619 -14.03812 -4708.963 1437.682 -1 33400 -4723.67898343
390131116 -34.18644 -14.25931 -4618.537 1413.07 -1 33400 -4597.76817687
390131117 -33.82642 -14.10647 -4600.565 1327.432 9998 33400 -4657.84749673
390131119 -34.02798 -13.73023 -4629.736 1280.246 9998 33400 -4609.34701629
390131120 -33.95953 -13.66531 -4620.602 1262.808 9998 33400 -4638.60719751
390131121 -33.62536 -13.90509 -4592.722 1309.948 9998 33400 -4587.17954888
390131123 -34.1954 -14.14536 -4685.012 1442.3 9998 33400 -4678.01127743
390131124 -33.84277 -14.78985 -4572.883 1011.429 -1 33400 -4540.83495671
390131125 -33.66057 -14.5781 -4573.9 1119.217 9998 33400 -4562.79917309
390131126 -34.23497 -14.3715 -4604.112 1413.469 9998 33400 -4608.30851767
390131127 -34.9189 -14.73061 -4548.467 1082.51 9998 33400 -4551.18310609
390131128 -34.59842 -14.71415 -4572.997 1133.045 9998 33400 -4569.88172147
390131129 -34.91351 -13.85396 -4538.129 1381.076 9998 33400 -4546.31061331
390131130 -35.38712 -13.92737 -4498.103 1209.212 9998 33400 -4506.58607369
390131131 -35.2541 -14.06695 -4543.149 1371.437 9998 33400 -4543.15368678
390131132 -35.0512 -14.02308 -4567.979 1445.399 9998 33400 -4572.02426806
390131133 -34.69398 -13.78981 -4547.389 1360.608 9998 33400 -4529.99852002
390131134 -35.11019 -13.608 -4484.63 1198.606 9998 33400 -4477.87191575
390131135 -34.82397 -13.72673 -4531.047 1324.312 9998 33400 -4522.91496778
390131136 -34.73782 -13.8778 -4560.512 1388.96 9998 33400 -4556.60797185
390131137 -34.90782 -14.04897 -4591.623 1481.94 9998 33400 -4590.0210083
390131138 -35.2414 -13.96689 -4531.78 1320.307 9998 33400 -4536.2200587
390131139 -35.43341 -14.01749 -4497.501 1234.547 9998 33400 -4509.88503244
390131140 -35.96534 -13.90659 -4399.945 814.9283 -1 33400 -4407.91114217
390131141 -36.39676 -14.24115 -4337.146 921.487 -1 33400 -4347.61828447
390131142 -36.90535 -13.72305 -4082.12 1156.377 -1 33400 -4035.62581875
390131143 -36.88447 -13.58366 -4052.294 1148.973 -1 33400 -4011.48789353
390131144 -36.85498 -13.23444 -3941.501 970.0537 -1 33400 -3893.85342736
390131145 -36.96792 -12.92312 -3765.496 405.1359 9998 33400 -3762.69448615
390131147 -37.45194 -13.39561 -3578.772 682.5572 -1 33400 -3578.16020399
390131148 -37.5463 -13.63149 -3565.734 1027.218 -1 33400 -3570.58471315
390131149 -37.6221 -14.09037 -3661.455 1609.169 -1 33400 -3659.9659419
390131151 -36.48227 -14.15102 -4312.804 927.3898 -1 33400 -4303.37100916
390131152 -36.04385 -14.36448 -4459.946 889.4407 -1 33400 -4464.94984124
390131153 -35.7017 -13.90241 -4446.111 950.0153 9998 33400 -4450.06822519
390131154 -34.92832 -13.70689 -4520.147 1326.593 -1 33400 -4521.04969701
390131155 -34.68495 -13.57831 -4488.238 1204.298 9998 33400 -4483
390131156 -34.84031 -13.22348 -4443.024 964.7781 9998 33400 -4453.86120616
390131157 -35.09611 -12.80283 -4356.893 370.1895 -1 33400 -4359.05460917
390131158 -34.96577 -12.58968 -4376.512 273.1565 9998 33400 -4379.94397222
390131159 -34.67423 -12.76869 -4441.061 667.4386 -1 33400 -4440.51609196
390131160 -34.6757 -13.12145 -4458.04 965.0376 9998 33400 -4455.648
390131161 -34.94802 -13.47775 -4465.375 1180.674 9998 33400 -4463.2615263
390131162 -35.18758 -14.0601 -4559.503 1472.591 9998 33400 -4554.47459062
390131163 -35.35457 -14.86663 -4501.128 920.7448 9998 33400 -4493.01118454
390131164 -35.12038 -14.62798 -4544.691 1191.562 9998 33400 -4492.20787791
390131165 -34.91616 -14.06516 -4591.718 1484.683 -1 33400 -4595.83782913
390131166 -34.85201 -14.39646 -4588.342 1435.328 9998 33400 -4593.37969887
390131167 -35.80662 -14.83223 -4423.432 745.4827 9998 33400 -4437.94802701
390131168 -35.4824 -15.54816 -4450.941 1005.507 -1 33400 -4449.79633629
390131169 -35.53858 -16.50723 -4193.821 509.8003 9998 33400 -4193.96277136
390131170 -35.50528 -17.69729 -3775.396 1710.861 -1 33400 -3953.50576258
390131172 -35.13976 -17.33405 -4251.343 1085.483 9998 33400 -4253.96159278
390131173 -34.37111 -16.95149 -4392.3 1265.549 -1 33400 -4395.72760969
390131174 -34.07945 -17.15984 -4431.596 1085.794 -1 33400 -4440.2095084
390131175 -33.91917 -17.29091 -4469.928 975.5214 -1 33400 -4474.65954156
390131176 -34.19165 -17.45745 -4438.538 868.0684 -1 33400 -4448.0376177
390131177 -34.40868 -17.8848 -4347.185 654.2912 -1 33400 -4347.77857844
390131178 -34.60652 -18.33419 -4243.611 493.7753 -1 33400 -4269.68508189
390131179 -34.91843 -18.61433 -4142.274 617.2833 9998 33400 -4123.21880664
390131180 -34.81338 -18.69525 -4192.36 554.9819 -1 33400 -4196.77764112
390131181 -34.06475 -19.09415 -4204.546 365.161 -1 33400 -4199.0339562
390131182 -34.52951 -19.16963 -4189.128 199.7511 9998 33400 -4145.81263032
390131183 -34.19056 -18.79185 -4267.571 340.0235 9998 33400 -4279.58403337
390131184 -33.80931 -19.17159 -4247.601 403.8301 9998 33400 -4248.38288939
390131185 -33.72877 -18.99199 -4268.302 463.2776 -1 33400 -4253.73018359
390131186 -33.18052 -18.93403 -4265.101 292.5075 -1 33400 -4278.02031259
390131187 -32.85922 -18.68363 -4321.278 323.7489 9998 33400 -4312.86735808
390131188 -32.83558 -18.44358 -4375.785 520.4899 9998 33400 -4373.10547003
390131189 -32.74851 -18.22652 -4439.036 697.6851 9998 33400 -4446.84143108
390131190 -32.3979 -18.33232 -4447.773 557.7281 -1 33400 -4440.50717739
390131191 -32.33834 -18.62317 -4298.79 211.267 9998 33400 -4347.55824415
390131192 -32.45358 -18.74125 -4230.261 130.1331 -1 33400 -4228.94899311
390131193 -32.70775 -18.88535 -4202.647 190.654 9998 33400 -4236.08210085
390131194 -32.96846 -18.94523 -4253.503 269.6279 -1 33400 -4255.38249201
390131195 -33.23046 -19.10269 -4209.125 238.7796 9998 33400 -4221.66239842
390131196 -33.47173 -18.97822 -4265.87 360.6133 -1 33400 -4271.21776093
390131197 -33.88982 -18.93049 -4278.353 469.5011 9998 33400 -4276.17912561
390131198 -33.83624 -18.70886 -4317.667 471.9486 9998 33400 -4317.3503524
390131199 -33.78398 -18.617 -4328.6 486.3625 -1 33400 -4332.64416901
3901311100 -33.18445 -18.33652 -4361.785 577.2117 -1 33400 -4384.18698111
3901311101 -32.91248 -18.5732 -4325.981 419.8275 -1 33400 -4327.95424908
3901311102 -32.93794 -18.49791 -4347.137 477.6572 -1 33400 -4359.84916558
3901311103 -32.85933 -18.31707 -4397.045 615.2747 -1 33400 -4410.2922788
3901311104 -32.87334 -17.93012 -4436.479 887.2525 -1 33400 -4471.04734731
3901311106 -33.76573 -17.10619 -4467.244 1112.546 9998 33400 -4481.6365487
3901311107 -33.27526 -17.05689 -4534.716 1129.824 9998 33400 -4555.16529449
3901311108 -33.60834 -17.59081 -4467.813 873.4303 -1 33400 -4476.56376147
3901311109 -34.26678 -17.40461 -4428.521 902.4575 9998 33400 -4412.9958747
3901311110 -34.09609 -16.909 -4430.972 1223.725 9998 33400 -4418.47364638
3901311111 -33.51914 -16.79022 -4528.452 1067.468 9998 33400 -4541.21760553
3901311112 -33.43569 -16.92518 -4536.694 1055.464 9998 33400 -4533.2680446
3901311114 -33.65426 -16.95596 -4506.901 1105.316 9998 33400 -4529.48298078
3901311115 -33.84243 -16.65198 -4509.892 1146.581 -1 33400 -4513.29422532
3901311116 -33.89542 -16.30242 -4470.056 933.6683 9998 33400 -4477.45007518
3901311117 -33.8977 -16.19177 -4475.143 911.2587 9998 33400 -4476.04710122
3901311118 -33.7646 -15.95126 -4504.695 816.3708 9998 33400 -4506.99802394
3901311119 -33.02999 -15.64928 -4620.382 803.4369 -1 33400 -4587.87736629
3901311120 -33.00459 -16.37735 -4594.919 625.3792 9998 33400 -4594.92004461
3901311121 -33.76387 -17.07664 -4471.146 1078.919 9998 33400 -4485.22690294
3901311122 -33.4394 -17.57627 -4496.048 981.1235 9998 33400 -4535.39190651
3901311123 -32.94096 -17.03892 -4551.558 1088.337 9998 33400 -4579.33694072
3901311124 -33.06707 -16.42209 -4600.942 663.5451 9998 33400 -4577.14481725
3901311125 -33.27457 -16.04269 -4600.347 786.7296 -1 33400 -4607.3212926
3901311126 -33.4747 -15.85426 -4564.383 792.473 -1 33400 -4585.11628851
3901311127 -33.76807 -15.6331 -4513.135 723.4941 9998 33400 -4496.64691624
3901311128 -33.76742 -15.87065 -4510.358 777.2326 9998 33400 -4511.96670023
3901311129 -33.66682 -16.29356 -4523.502 885.0125 -1 33400 -4537.47492548
3901311130 -33.73222 -16.67771 -4532.468 1109.959 -1 33400 -4551.13449453
3901311131 -33.52744 -16.88485 -4517.625 1073.745 9998 33400 -4544.1604327
3901311132 -33.5093 -17.20241 -4504.215 1094.095 9998 33400 -4520.88171924
3901311133 -33.12613 -17.13529 -4545.598 1123.534 -1 33400 -4564.46967568
3901311134 -32.79578 -17.32524 -4537.28 1173.745 9998 33400 -4569.52864964
3901311135 -32.56239 -17.31637 -4579.033 1219.577 -1 33400 -4589.79029595
3901311136 -32.60779 -17.17541 -4584.808 1165.394 -1 33400 -4601.91457971
3901311137 -32.51865 -17.1295 -4586.083 1095.897 -1 33400 -4607.12772266
3901311138 -32.62945 -17.3016 -4551.885 1173.666 -1 33400 -4583.98346494
3901311139 -32.68359 -17.44527 -4516.618 1172.44 9998 33400 -4564.58198215
3901311140 -32.79396 -17.46996 -4511.063 1130.908 -1 33400 -4531.45543143
3901311141 -32.80962 -17.49156 -4511.253 1113.013 -1 33400 -4533.18519509
3901311142 -32.71316 -17.47712 -4509.991 1146.535 -1 33400 -4531.8301825
3901311143 -32.74029 -17.26846 -4547.611 1189.508 -1 33400 -4578.33377388
3901311144 -32.75093 -17.26972 -4551.212 1195.856 -1 33400 -4590.09872851
3901311145 -32.79164 -17.08151 -4548.531 1087.385 -1 33400 -4560.53286202
3901311146 -32.85886 -17.11908 -4536.648 1108.263 -1 33400 -4552.30159087
3901311147 -33.12148 -17.17624 -4540.139 1108.147 9998 33400 -4578.39268681
3901311148 -33.45905 -17.06451 -4522.84 1112.277 9998 33400 -4529.92693296
3901311149 -33.74503 -16.95378 -4491.911 1135.132 9998 33400 -4501.72297055
3901311150 -33.99117 -16.78488 -4473.745 1218.48 9998 33400 -4439.56274221
3901311152 -34.13943 -15.9649 -4437.706 720.5152 9998 33400 -4459.100553
3901311153 -33.78916 -15.99046 -4505.075 823.923 9998 33400 -4496.98127802
3901311154 -33.1567 -16.2915 -4601.069 726.0352 9998 33400 -4588.41108157
3901311155 -33.31738 -16.57846 -4567.723 814.3828 9998 33400 -4569.72811217
3901311156 -33.71098 -16.53995 -4517.51 1042.332 -1 33400 -4533.83651312
3901311157 -33.95353 -16.13055 -4472.917 867.7494 -1 33400 -4478.5513428
3901311158 -33.81694 -15.57838 -4514.51 740.1091 9998 33400 -4509.42234022
3901311159 -33.64638 -15.87583 -4534.303 794.3582 9998 33400 -4541.35206207
3901311160 -34.05819 -15.91665 -4452.711 699.6418 9998 33400 -4514.68097952
3901311161 -34.23927 -16.08793 -4357.036 772.9377 9998 33400 -4384.44687265
3901311162 -34.25431 -16.37787 -4363.305 1065.382 -1 33400 -4371.09722041
3901311163 -34.36014 -16.38591 -4353.66 1062.948 -1 33400 -4355.99219294
3901311164 -34.52996 -16.29052 -4351.147 945.574 9998 33400 -4340.70208485
3901311165 -34.91492 -16.07405 -4339.601 816.7684 -1 33400 -4341.82669398
3901311166 -35.01467 -15.90083 -4364.089 801.3516 9998 33400 -4360.0013669
3901311167 -34.95835 -15.67631 -4435.43 806.685 -1 33400 -4411.99331603
3901311168 -34.83361 -15.62817 -4403.206 756.1746 9998 33400 -4409.14573364
3901311169 -34.46451 -15.25845 -4516.525 716.2374 9998 33400 -4521.54973596
3901311170 -34.27575 -15.74829 -4424.8 508.9539 9998 33400 -4426.74692433
3901311171 -34.17428 -16.29559 -4405.01 985.0103 9998 33400 -4405.6690025
3901311172 -33.93654 -16.37463 -4457.188 1010.222 9998 33400 -4444.49187432
3901311173 -33.71764 -16.25626 -4520.883 894.7632 -1 33400 -4522.26520863
3901311174 -33.55486 -16.09919 -4557.419 823.0156 -1 33400 -4565.57101592
3901311175 -33.40046 -16.08564 -4591.094 819.5418 -1 33400 -4601.53929106
3901311176 -33.14304 -15.95489 -4599.978 756.8701 -1 33400 -4612.83713499
3901311177 -32.99969 -15.98102 -4634.32 734.394 9998 33400 -4632.17994538
3901311178 -33.13943 -16.1592 -4608.495 746.0569 -1 33400 -4618.65068575
3901311179 -33.26806 -16.3553 -4578.381 765.4782 9998 33400 -4578.85559924
3901311180 -33.29798 -16.53407 -4574.156 824.4725 -1 33400 -4540.78680906
3901311181 -33.23952 -16.61952 -4563.14 810.3147 9998 33400 -4546.02148976
3901311182 -33.18133 -16.62035 -4571.022 773.8563 9998 33400 -4537.58975537
3901311183 -33.2326 -16.37807 -4577.208 760.194 9998 33400 -4590.49565068
3901311184 -33.56417 -16.38317 -4537.986 896.8741 -1 33400 -4549.71270102
3901311185 -33.5678 -16.74993 -4546.175 1071.255 9998 33400 -4550.15082511
3901311186 -33.28592 -16.71618 -4555.04 895.855 9998 33400 -4551.33172706
3901311187 -33.37787 -16.43674 -4564.252 863.5334 9998 33400 -4554.22020439
3901311188 -33.55741 -16.61229 -4510.485 989.705 -1 33400 -4515.47038089
3901311189 -33.39554 -16.58881 -4566.942 909.5892 9998 33400 -4554.81090275
3901311190 -33.79128 -16.54344 -4505.438 1090.183 -1 33400 -4522.19645098
3901311191 -33.88495 -17.05086 -4466.479 1105.334 -1 33400 -4479.55651489
390131224 -30.27448 -27.36524 -5158.124 311.1833 9998 33400 -5080.78434764
390131225 -30.30488 -27.40101 -4824.968 264.3691 -1 33400 -4903.81558977
390131226 -30.50264 -27.36128 -4776.504 241.1338 -1 33400 -4821.44163381
390131228 -30.94137 -27.35195 -4991.521 213.5288 -1 33400 -5036.27283158
390131229 -31.14625 -27.44656 -5075.047 246.4285 9998 33400 -5049.32880309
390131230 -31.38646 -27.51641 -5049.305 236.3888 9998 33400 -5000.56078948
390131231 -31.64379 -27.33656 -4868.021 137.7554 9998 33400 -4811.12418807
390131232 -31.84273 -27.43212 -4717.884 72.60193 9998 33400 -4685.59201335
390131233 -31.89624 -27.52689 -4759.441 40.27836 9998 33400 -4793.48815161
390131234 -31.94957 -27.58888 -4733.279 19.65553 9998 33400 -4706.52478702
390131235 -32.04165 -27.60855 -4686.136 17.84965 -1 33400 -4678.68387081
390131236 -32.12556 -27.63639 -4631.008 28.6769 -1 33400 -4688.21115721
390131237 -32.10408 -27.60344 -4708.784 13.10905 -1 33400 -4716.53472248
390131238 -32.05878 -27.62901 -4677.089 29.93223 -1 33400 -4656.37411592
390131239 -31.99768 -27.60387 -4702.758 18.88276 9998 33400 -4674.78564984
390131240 -31.90716 -27.55746 -4756.904 29.27745 9998 33400 -4812.36995479
390131241 -31.816 -27.45087 -4723.902 76.9197 9998 33400 -4681.75220119
390131242 -31.81823 -27.31813 -4915.321 66.27376 9998 33400 -4850.64830386
390131245 -31.98602 -27.11651 -4961.71 70.39594 9998 33400 -4978.94688653
390131246 -31.97649 -27.09121 -4868.791 63.24357 9998 33400 -4884.73799991
390131247 -31.89217 -27.02366 -4709.864 40.22802 9998 33400 -4771.50929679
390131248 -31.82469 -26.91023 -4807.368 4.203279 -1 33400 -4805.89673107
390131249 -31.84269 -26.73683 -4903.688 113.1396 9998 33400 -4844.41497085
390131251 -31.83583 -26.39417 -4716.693 264.3896 9998 33400 -4709.04165941
390131253 -32.08157 -26.1691 -4826.866 441.9827 9998 33400 -4763.02030611
390131254 -32.16764 -26.09192 -4751.979 493.7664 9998 33400 -4708.77810558
390131255 -32.15065 -26.04177 -4774.152 602.7375 9998 33400 -4719.33544281
390131256 -32.08958 -26.06286 -4776.963 582.8272 9998 33400 -4756.22321992
390131257 -32.07201 -26.17016 -4831.237 460.9569 9998 33400 -4765.15706718
390131258 -32.10612 -26.22457 -4803.627 398.2248 9998 33400 -4785.763986
390131259 -32.12446 -26.37672 -4673.638 273.0229 9998 33400 -4695.28540539
390131260 -32.16889 -26.52092 -4610.878 242.4988 9998 33400 -4556.28820426
390131261 -32.11376 -26.8154 -4776.894 106.6177 9998 33400 -4776.10693999
390131262 -31.9548 -26.97529 -4585.343 46.55567 9998 33400 -4654.76205729
390131263 -31.63032 -26.91732 -4653.523 20.52061 9998 33400 -4849.89093949
390131267 -31.25728 -26.71244 -5180.88 60.71173 9998 33400 -5097.45102372
390131268 -31.34932 -26.81457 -4881.225 40.9088 9998 33400 -4936.1352217
390131269 -31.39893 -26.96105 -4704.346 99.37706 9998 33400 -4813.38240782
390131271 -31.2191 -27.21468 -5156.146 204.91 9998 33400 -5131.9578441
390131272 -31.20642 -27.26738 -5093.357 215.6053 9998 33400 -5079.60755419
390131273 -31.35389 -27.36369 -4933.268 231.9672 9998 33400 -4835.30733561
390131274 -31.47329 -27.45252 -5033.414 229.6646 -1 33400 -5014.70546638
390131275 -31.60588 -27.50042 -5011.849 167.0711 9998 33400 -5030.00159252
390131276 -31.75072 -27.50064 -4883.888 95.41299 9998 33400 -4869.4026118
390131277 -31.72676 -27.56804 -4981.053 100.8639 9998 33400 -5026.78353788
390131278 -31.87616 -27.46421 -4744.694 52.99811 9998 33400 -4725.55784373
390131279 -32.01197 -27.42854 -4529.654 40.66868 -1 33400 -4642.67123719
390131280 -32.11195 -27.38083 -4791.168 54.85239 -1 33400 -4817.55254273
390131282 -31.96069 -27.05975 -4859.089 57.54722 9998 33400 -4791.28040493
390131284 -31.30148 -26.7571 -4875.807 45.85783 9998 33400 -4969.56088587
390131285 -31.23532 -26.9027 -4584.687 102.2991 -1 33400 -4606.04472889
390131287 -31.78774 -27.15019 -5114.262 42.38619 -1 33400 -5114.91217407
390131288 -31.9068 -27.12352 -5052.462 51.69157 9998 33400 -5037.25101505
390131289 -31.99567 -27.03381 -4739.599 63.60713 9998 33400 -4764.8626144
390131290 -32.03464 -26.99256 -4603.619 73.85219 9998 33400 -4728.19759441
390131291 -31.96758 -26.99439 -4612.758 52.11636 9998 33400 -4678.55788495
390131295 -32.18111 -27.38715 -4763.184 64.86947 9998 33400 -4732.23277675
390131297 -32.44123 -27.4226 -4790.764 109.672 9998 33400 -4733.01486279
390131299 -32.70055 -27.47156 -4716.897 106.3346 9998 33400 -4685.83350442
3901312100 -32.83552 -27.46587 -4730.992 114.263 9998 33400 -4707.80125851
3901312101 -32.95426 -27.41495 -4793.974 143.6053 -1 33400 -4805.01357468
3901312102 -32.87122 -27.37227 -4801.858 144.2959 -1 33400 -4787.84094318
3901312103 -32.92336 -27.42305 -4785.518 144.4849 -1 33400 -4798.06822787
3901312104 -32.772 -27.49113 -4790.74 107.6686 9998 33400 -4613.48156361
3901312105 -32.58668 -27.53841 -4791.111 88.21787 -1 33400 -4767.64698049
3901312106 -32.42358 -27.57644 -4745.819 82.47131 9998 33400 -4714.03360681
3901312107 -32.40795 -27.60113 -4740.563 64.45787 9998 33400 -4730.70561093
3901312108 -32.39674 -27.64274 -4732.872 36.39968 9998 33400 -4701.25152022
3901312109 -32.40843 -27.67552 -4656.854 28.28602 9998 33400 -4655.50785291
3901312110 -32.48492 -27.7629 -4579.821 70.68344 9998 33400 -4524.138008
3901312111 -32.58645 -27.90357 -4400.095 126.4993 9998 33400 -4397.48689249
3901312112 -32.59007 -28.18508 -4283.871 67.34395 9998 33400 -4164.74497353
3901312125 -33.43446 -28.77223 -3128.987 287.9985 -1 33400 -3124.68140713
3901312126 -33.49596 -28.90137 -2934.598 295.0992 -1 33400 -2920.15379488
3901312127 -33.52067 -28.96252 -2974.448 320.9261 -1 33400 -3002.91736506
3901312128 -33.51204 -28.99779 -2996.181 303.1365 9998 33400 -3021.09809778
3901312129 -33.53296 -28.98474 -2988.741 295.2715 9998 33400 -3011.90791359
3901312130 -33.53825 -28.95647 -2986.496 292.4514 -1 33400 -3006.29760619
3901312131 -33.46637 -28.96037 -2956.819 294.9074 -1 33400 -2979.81500029
3901312132 -33.39452 -28.95009 -2896.772 293.9445 -1 33400 -2906.52868895
3901312133 -33.33424 -28.88236 -2901.882 297.5197 -1 33400 -2924.37111163
3901312134 -33.41068 -28.75062 -3035.897 261.1043 -1 33400 -3048.44728399
3901312138 -34.39694 -28.68074 -3989.866 110.9323 -1 33400 -4000.74478326
3901312139 -34.51285 -28.98396 -3622.424 521.5857 -1 33400 -3630.90945935
3901312140 -34.29783 -29.16759 -3237.888 702.7427 -1 33400 -3194.46421596
3901312143 -34.15637 -29.16579 -3506.824 762.1215 9998 33400 -3447.43087892
3901312144 -34.26675 -29.16315 -3358.466 785.3511 -1 33400 -3372.7371298
3901312145 -34.4631 -29.20849 -3017.674 876.6043 -1 33400 -3046.32791345
3901312146 -34.60609 -29.28154 -2842.512 1033.375 -1 33400 -2750.89676309
3901312147 -34.86682 -29.4362 -2777.007 1379.191 -1 33400 -2781.19198106
3901312149 -35.74756 -29.61392 -3012.291 1566.679 -1 33400 -3015.83332129
3901312153 -37.3812 -29.10983 -4344.697 980.8099 -1 33400 -4350.03481866
3901312155 -37.53308 -29.36507 -4247.841 1176.47 9998 33400 -4209.12303361
3901312156 -37.83833 -29.68288 -4117.122 1055.856 -1 33400 -4116.51409847
3901312157 -38.01665 -29.84618 -4002.953 795.1655 -1 33400 -4032.92817347
3901312158 -38.21858 -30.11975 -3856.509 414.7763 -1 33400 -3877.55616298
3901312159 -38.3546 -30.21862 -3826.24 291.7996 -1 33400 -3807.35990055
3901312161 -38.28624 -30.41336 -3628.848 215.6845 -1 33400 -3640.58753502
3901312162 -38.1659 -30.54753 -3388.594 201.1422 9998 33400 -3411.86003232
3901312163 -38.01498 -30.60312 -2964.855 152.4148 -1 33400 -3027.98550608
3901312164 -37.94749 -30.75442 -2811.213 108.3597 9998 33400 -2867.29803227
3901312165 -37.90457 -30.91221 -2811.863 82.13376 9998 33400 -2826.24910129
3901312166 -37.85418 -30.85464 -2808.642 56.18828 -1 33400 -2828.24372943
3901312167 -37.86794 -30.7737 -2505.731 61.68279 -1 33400 -2516.51471178
3901312168 -37.89121 -30.701 -2668.198 98.23974 -1 33400 -2708.08273925
3901312173 -38.90161 -29.85704 -4263.741 631.1214 9998 33400 -4296.44152012
3901312174 -39.09725 -29.88483 -4272.105 540.7076 -1 33400 -4253.05445233
3901312175 -38.97975 -30.0991 -4212.539 533.6618 -1 33400 -4204.70201447
3901312176 -39.05333 -30.20517 -4180.754 549.921 -1 33400 -4235.12045654
3901312177 -39.07841 -30.15628 -4179.699 564.2024 -1 33400 -4191.33563662
3901312178 -39.11235 -30.35651 -4112.517 538.0788 -1 33400 -4165.85699519
3901312179 -39.15576 -30.41622 -4082.001 528.9141 -1 33400 -4106.97388677
3901312180 -39.04762 -30.81838 -4106.518 424.6538 -1 33400 -4140.00798287
3901312181 -38.79475 -30.75065 -3814.76 415.595 -1 33400 -3833.10925263
3901312183 -39.12909 -30.83737 -4164.958 421.2874 -1 33400 -4147.94644948
3901312184 -39.01838 -31.02713 -4167.231 442.5764 -1 33400 -4229.39873802
3901312185 -38.99566 -30.94874 -4104.234 412.1394 -1 33400 -4129.66627845
3901312186 -38.8006 -30.69423 -3865.108 421.4024 -1 33400 -3807.57407821
3901312188 -38.84835 -30.02516 -4238.563 539.8596 -1 33400 -4262.35971579
390214755 -25.41008 -1.66596 -4188.374 1811.606 -1 33400 -4138.17497253
390214756 -25.41036 -1.6883 -4479.979 1844.88 -1 33400 -4351.63070756
390214757 -25.42149 -1.70796 -4792.898 1982.967 -1 33400 -4805.5182055
390214759 -25.49519 -1.9078 -4925.037 2448.621 -1 33400 -4945.79201807
390214760 -25.46135 -1.89206 -5033.302 2532.489 -1 33400 -5053.52755347
390214761 -25.46068 -1.86783 -5127.239 2545.005 -1 33400 -5144.2368907
390214812 -25.07913 -21.96898 -5249.711 1106.356 -1 33400 -5480.40066385
390214813 -25.10323 -21.98569 -5174.714 1074.765 -1 33400 -5168.60967037
390214814 -25.12767 -21.98928 -5121.535 1117.062 -1 33400 -5106.88780988
390214815 -25.16126 -22.01716 -5305.268 1155.19 -1 33400 -5352.75526999
390214816 -25.24888 -22.08356 -5320.664 1099.379 9998 33400 -5348.64876001
390214817 -25.29686 -22.10576 -5344.217 1043.552 -1 33400 -5478.38136139
390214818 -25.39301 -22.12657 -5375.331 1084.892 -1 33400 -5376.25123618
390214819 -25.2729 -22.14182 -5387.347 1101.614 9998 33400 -5394.49806729
390214820 -25.3248 -22.21983 -5154.162 964.6152 9998 33400 -5337.7071213
390214821 -25.15328 -22.34066 -5318.733 1011.605 9998 33400 -5361.65324448
390214822 -25.13046 -22.36654 -5149.165 952.212 9998 33400 -5320.49955192
390214824 -24.99726 -22.14556 -5241.309 997.9868 -1 33400 -5326.54353681
390214825 -24.93416 -21.99895 -5349.295 1175.156 -1 33400 -5381.84418424
390214828 -24.71364 -22.05592 -5337.059 1119.477 -1 33400 -5518.74208304
390214831 -24.61748 -22.44154 -5195.809 889.5566 9998 33400 -5141.56371501
390214832 -24.53433 -22.52708 -5337.769 908.9709 9998 33400 -5251.7083278
390214835 -24.58464 -22.90863 -5543.863 801.2109 9998 33400 -5639.88557326
390214836 -24.67275 -22.96088 -5247.917 773.4603 9998 33400 -5338.53300292
390214839 -24.21557 -22.97517 -5134.598 668.2783 9998 33400 -5279.09849402
390214842 -23.47465 -22.74668 -5469.321 700.8532 9998 33400 -5222.78741925
390214843 -23.42187 -22.72677 -4987.616 642.8215 9998 33400 -5190.55660864
390214844 -23.29731 -22.60025 -4934.923 736.1066 9998 33400 -4955.08655024
390214847 -23.07957 -22.19752 -5538.114 1258.369 9998 33400 -5439.7289702
390214848 -23.20267 -22.02474 -5238.246 1203.042 -1 33400 -5237.57398296
390214849 -23.41289 -21.80621 -5739.283 1395.219 9998 33400 -5520.13893925
390214851 -23.62968 -21.44104 -5244.164 1427.81 9998 33400 -5216.74512243
390214855 -23.52969 -21.58133 -4973.417 1233.003 9998 33400 -4793.51213357
390214856 -23.58882 -21.49626 -4731.201 1297.714 9998 33400 -4958.30780768
390214859 -23.59276 -21.59811 -4889.488 1195.641 9998 33400 -4990.69037194
390214860 -23.61125 -21.52121 -4701.053 1224.518 9998 33400 -5003.30609508
390214861 -23.50936 -21.35483 -5170.553 1334.571 9998 33400 -5106.94202399
390214863 -23.24916 -21.12689 -5239.707 1223.004 9998 33400 -5033.53313612
390214864 -23.15757 -21.11682 -4967.54 1211.771 9998 33400 -4930.63522127
390214868 -23.76053 -20.5929 -5254.526 744.6621 9998 33400 -5195.78879757
390214869 -23.73359 -20.61431 -5240.163 859.442 9998 33400 -5225.95261089
390214870 -23.83181 -20.54658 -5234.751 741.7974 9998 33400 -5327.22495842
390214871 -23.91939 -20.46904 -5089.209 617.9081 9998 33400 -5064.35918861
390214872 -24.02766 -20.40984 -5160.761 625.613 9998 33400 -5320.86950666
390214874 -24.07612 -20.30349 -5499.524 511.7625 9998 33400 -5559.51488655
390214875 -24.14614 -20.30982 -5544.287 482.7665 -1 33400 -5501.44152147
390214876 -24.18878 -20.248 -5295.471 391.6159 9998 33400 -5260.43600824
390214877 -24.21184 -20.23195 -5332.039 396.2804 9998 33400 -5240.28392845
390214878 -24.23225 -20.10586 -5054.176 313.0076 9998 33400 -4938.33883053
390214881 -24.37376 -20.03278 -4926.972 317.8333 -1 33400 -4919.63785402
390214882 -24.38821 -20.03521 -4953.393 344.8377 -1 33400 -4955.42513094
390214883 -24.4014 -20.03897 -4897.63 337.3509 -1 33400 -5116.89031074
390214886 -24.31584 -19.75069 -5546.603 396.2953 -1 33400 -5546.04072753
390214887 -24.27298 -19.55509 -5315.182 456.0124 -1 33400 -5381.89916816
390214889 -23.95459 -19.43474 -5337.137 507.867 9998 33400 -5466.96210268
390214890 -23.94678 -19.47777 -5451.721 479.7226 9998 33400 -5360.89129325
390214892 -23.95821 -19.61183 -5316.523 365.0997 9998 33400 -5300.29316197
390214894 -23.87142 -19.63997 -5239.69 322.7644 9998 33400 -5201.69264106
390214896 -23.70249 -19.54665 -5443.46 358.9667 9998 33400 -5330.74566892
390214898 -23.52233 -19.58767 -5321.961 294.8489 9998 33400 -5131.40598507
390214899 -23.35775 -19.62192 -5326.994 283.2924 9998 33400 -5087.47226978
3902148101 -23.14408 -19.45649 -5460.548 420.033 9998 33400 -5354.52622662
3902148102 -23.14603 -19.37907 -5274.305 450.1025 9998 33400 -5241.2373911
3902148103 -23.21735 -19.29971 -5356.768 565.7518 9998 33400 -5230.54517172
3902148104 -23.21208 -19.28118 -5321.086 578.1155 9998 33400 -5239.35723204
3902148105 -23.25307 -19.29948 -5260.36 550.6809 9998 33400 -5257.39385551
3902148106 -23.29389 -19.34985 -5396.214 509.1598 9998 33400 -5412.41156991
3902148109 -23.52798 -19.49524 -5189.571 361.0174 9998 33400 -5597.68921452
3902148110 -23.59957 -19.55627 -5539.883 316.3967 9998 33400 -5519.13470414
3902148111 -23.68654 -19.63819 -5341.049 279.8127 9998 33400 -5001.12612258
3902148113 -23.86885 -19.71573 -5209.299 246.6649 9998 33400 -5261.75009621
3902148115 -24.09006 -19.52686 -5451.802 459.0956 9998 33400 -5358.06206178
3902148116 -24.14225 -19.45586 -5135.914 514.6068 9998 33400 -5340.2387935
3902148121 -24.17702 -18.77544 -5576.947 1019.513 -1 33400 -5545.35969694
3902148122 -24.23461 -18.81614 -5585.266 1057.83 -1 33400 -5644.33434188
3902148125 -24.92274 -18.85791 -5847.733 940.6177 -1 33400 -5828.92126942
3902148127 -25.4432 -18.87091 -5696.918 713.3286 9998 33400 -5793.53198693
3902148128 -25.5697 -18.77346 -5640.879 728.9451 9998 33400 -5656.62256398
3902148130 -25.57908 -18.67687 -5606.137 820.0039 9998 33400 -5536.78222411
3902148131 -25.62591 -18.65893 -5342.027 729.4165 9998 33400 -5445.62944536
3902148133 -25.4875 -18.65656 -5741.041 824.2902 9998 33400 -5731.42586705
3902148134 -25.34126 -18.66281 -5461.279 790.515 9998 33400 -5301.44348579
3902148135 -25.25507 -18.63461 -5360.654 809.1442 9998 33400 -5347.6518887
3902148136 -25.21235 -18.67752 -5566.902 871.1006 9998 33400 -5522.38352721
3902148137 -25.18761 -18.66569 -5560.608 831.1017 9998 33400 -5545.54354494
3902148138 -25.0837 -18.68259 -5580.754 857.1442 -1 33400 -5539.00093661
3902148139 -25.06865 -18.69642 -5641.485 890.6718 9998 33400 -5592.00759008
3902148140 -24.99216 -18.79773 -5834.399 928.9987 -1 33400 -5847.95278917
3902148142 -24.88512 -18.9492 -5691.374 862.0337 9998 33400 -5666.99119487
3902148145 -24.98453 -18.74871 -5577.634 868.5444 -1 33400 -5608.06567692
3902148146 -25.0129 -18.71004 -5623.368 884.9724 -1 33400 -5679.38316024
3902148147 -25.07011 -18.6188 -5492.21 853.6399 -1 33400 -5386.61244794
3902148148 -25.13197 -18.56396 -5388.988 866.4607 -1 33400 -5318.12352765
3902148152 -25.42598 -18.00444 -5734.47 1230.042 9998 33400 -5679.12585096
3902148153 -25.34253 -17.95518 -5306.348 1088.343 9998 33400 -5337.78544715
3902148154 -25.34097 -17.88004 -5300.064 1122.512 -1 33400 -5245.69459985
3902148155 -25.34368 -17.80237 -5264.873 1237.587 -1 33400 -5269.50809481
3902148156 -25.40022 -17.75128 -5129.024 1194.18 9998 33400 -5145.835892
3902148159 -25.47532 -17.52597 -5468.499 1050.85 -1 33400 -5478.35922469
3902148160 -25.57736 -17.47665 -5374.276 1013.772 -1 33400 -5561.77715662
3902148161 -25.76891 -17.44076 -5237.225 900.5306 -1 33400 -5230.23208545
3902148162 -25.84524 -17.53247 -4997.025 954.901 -1 33400 -5113.33425199
3902148164 -25.93034 -17.46786 -5143.565 967.0502 9998 33400 -5027.64019528
3902148167 -26.13211 -17.43312 -4829.633 893.8249 9998 33400 -4827.96850331
3902148168 -26.20643 -17.4532 -5384.077 1013.435 9998 33400 -5429.44500879
3902148169 -26.32764 -17.44517 -5310.275 891.8429 9998 33400 -5490.42057718
3902148176 -26.35491 -17.83165 -5684.946 1151.62 9998 33400 -5649.60009115
3902148177 -26.32903 -17.92494 -5700.025 1156.336 9998 33400 -5450.88951596
390214914 -25.08661 -29.99404 -5067.155 92.55075 -1 33400 -5051.66574155
390214915 -25.10772 -30.00447 -5048.329 89.46558 -1 33400 -5060.80748843
390214916 -25.12045 -30.00571 -4994.667 88.02229 -1 33400 -4943.13240868
390214917 -25.09308 -30.00193 -5076.272 90.35419 -1 33400 -5093.81829633
390214918 -25.08862 -29.993 -5035.235 91.71207 -1 33400 -5064.92224331
390214919 -25.09917 -29.98178 -4797.681 90.88766 -1 33400 -5020.15847222
390214920 -25.09026 -29.95851 -4964.405 114.7901 -1 33400 -4967.37354747
390214921 -25.08459 -29.94797 -4914.805 117.5832 -1 33400 -4886.03012578
390214923 -24.93671 -29.99334 -5380.502 91.14317 -1 33400 -5335.08608648
390214929 -24.97489 -30.16566 -4474.42 43.30828 -1 33400 -4529.60512891
390215017 -25.30401 -9.23788 -5746.75 829.0251 -1 33400 -5755.07063759
390215018 -25.32349 -9.22913 -5746.074 875.8863 -1 33400 -5750.98293198
390215019 -25.42217 -9.2166 -5730.193 899.9554 9998 33400 -5746.63263784
390215020 -25.49832 -9.25611 -5649.297 884.0411 9998 33400 -5695.13639097
390215025 -25.51947 -9.30282 -5736.376 836.447 9998 33400 -5565.55742852
390215026 -25.61309 -9.24367 -5642.42 836.524 9998 33400 -5620.49717913
390215031 -25.78368 -9.25351 -5442.54 794.5153 -1 33400 -5437.23430538
390215032 -25.87772 -9.21761 -5729.417 910.2954 -1 33400 -5740.76063747
390215038 -26.10762 -9.12857 -5716.355 1057.516 -1 33400 -5758.60633581
390215039 -26.18484 -9.09146 -5713.166 1124.325 9998 33400 -5747.71138021
390215040 -26.28424 -9.06691 -5709.102 1158.48 -1 33400 -5729.06246392
390215041 -26.29809 -9.006 -5704.752 1280.026 -1 33400 -5719.88562506
390215042 -26.34009 -9.23394 -5703.747 949.5049 9998 33400 -5726.60629382
390215044 -26.3396 -9.03531 -5705.425 1252.843 -1 33400 -5715.98413345
390215045 -26.24344 -9.06774 -5708.811 1178.34 9998 33400 -5760.44770762
390215046 -26.38148 -9.00367 -5653.31 1312.369 -1 33400 -5697.68176062
390215047 -26.31004 -9.06194 -5707.746 1196.589 -1 33400 -5721.11522344
390215048 -26.47588 -9.09639 -5701.832 1206.735 -1 33400 -5704.71066156
390215049 -26.4623 -8.90891 -5702.346 1495.209 9998 33400 -5665.53137836
390215053 -26.60068 -9.1013 -5692.435 1240.932 9998 33400 -5676.04606958
390215054 -26.52182 -9.13481 -5696.498 1180.288 -1 33400 -5701.27482052
390215055 -26.43225 -9.11866 -5704.831 1206.645 -1 33400 -5711.80764464
390215056 -26.40125 -9.18908 -5692.711 1075.228 -1 33400 -5729.41662274
390215059 -26.31026 -8.94343 -5663.493 1393.805 -1 33400 -5605.93730814
390215060 -26.20598 -9.09095 -5711.422 1178.652 9998 33400 -5756.62210664
390215061 -26.09247 -9.20042 -5710.92 971.4788 9998 33400 -5717.82606591
390215062 -26.05989 -9.3705 -5586.098 765.367 9998 33400 -5696.39298919
390215063 -26.00851 -9.5118 -5414.276 595.4322 -1 33400 -5492.52193722
390215065 -25.89034 -9.32577 -5595.602 776.6388 -1 33400 -5603.00004297
390215066 -25.8785 -9.25154 -5668.481 874.528 -1 33400 -5577.44460831
390215067 -25.82587 -9.24647 -5518.072 870.6566 -1 33400 -5703.75226413
390215068 -25.79325 -9.2517 -5464.261 829.4977 -1 33400 -5450.79073669
390215069 -25.82402 -9.24475 -5690.086 890.1576 -1 33400 -5670.42128901
390215071 -25.81836 -9.21663 -5503.827 918.415 -1 33400 -5561.75564391
390215072 -25.74179 -9.22722 -5570.129 920.3522 -1 33400 -5594.39320902
390215073 -25.70026 -9.18906 -5574.594 939.6236 -1 33400 -5495.27289929
390215075 -25.89384 -9.05589 -5719.758 1152.185 -1 33400 -5724.06600893
390215076 -26.01214 -8.89882 -5544.01 1343.02 -1 33400 -5458.27491004
390215078 -26.23077 -8.88601 -5533.931 1466.099 -1 33400 -5552.89489418
390215081 -26.27431 -9.23918 -5706.749 948.8521 9998 33400 -5710.28025484
390215082 -26.35542 -9.13494 -5707.057 1150.704 -1 33400 -5731.28239421
390215083 -26.30052 -9.26554 -5645.517 925.3796 9998 33400 -5582.11739371
390215085 -26.14836 -9.14556 -5712.77 1048.539 -1 33400 -5755.56051535
390215086 -26.21177 -9.11517 -5710.643 1134.264 9998 33400 -5730.71830685
390215087 -26.3155 -9.08254 -5705.902 1217.737 -1 33400 -5725.2229503
390215088 -26.41951 -9.05775 -5703.291 1277.943 -1 33400 -5710.57267052
390215089 -26.33588 -9.11663 -5706.382 1157.003 -1 33400 -5728.80034147
390215090 -26.21508 -9.11789 -5711.902 1122.203 9998 33400 -5729.54136318
390215091 -26.10817 -9.17868 -5710.826 1024.785 9998 33400 -5756.37267495
390215095 -26.30548 -9.119 -5706.865 1168.694 9998 33400 -5731.89552993
390215096 -26.47439 -9.09242 -5702.801 1230.355 -1 33400 -5706.67020143
390215097 -26.51123 -9.09756 -5697.472 1229.075 -1 33400 -5700.04372279
390215098 -26.4984 -9.14041 -5696.497 1167.466 -1 33400 -5704.49887962
3902150100 -26.60098 -9.15749 -5695.235 1193.183 -1 33400 -5709.8657508
3902150101 -26.63606 -9.2416 -5694.445 1091.53 -1 33400 -5697.57981122
3902150102 -26.53215 -9.28264 -5657.916 967.6185 -1 33400 -5708.67543345
3902150103 -26.47475 -9.21248 -5670.813 1070.348 -1 33400 -5706.92766106
3902150107 -26.57005 -9.19878 -5697.262 1131.234 -1 33400 -5699.24911362
3902150108 -26.64708 -9.30908 -5696.663 1025.324 -1 33400 -5701.88029804
3902150109 -26.76485 -9.4145 -5685.795 954.9297 -1 33400 -5566.66164616
3902150111 -26.97041 -9.43943 -5671.356 1079.72 -1 33400 -5688.4639322
3902150113 -27.11768 -9.50826 -5670.375 1049.389 9998 33400 -5639.70584006
3902150114 -27.02945 -9.63998 -5650.492 926.0059 -1 33400 -5719.97630039
3902150116 -26.78098 -9.79891 -5686.311 796.382 9998 33400 -5721.79642987
3902150117 -26.67394 -9.7352 -5690.777 777.4297 -1 33400 -5720.70083723
3902150118 -26.67177 -9.64929 -5688.758 806.8093 -1 33400 -5687.54390192
3902150119 -26.69247 -9.49913 -5603.617 803.3309 -1 33400 -5633.48163791
3902150123 -26.7493 -9.25545 -5691.537 1086.81 9998 33400 -5667.09998166
3902150124 -26.75781 -9.23142 -5690.572 1166.303 9998 33400 -5643.42536036
3902150125 -26.85862 -9.15809 -5688.55 1297.491 9998 33400 -5634.84719412
3902150126 -26.95844 -9.18159 -5683.896 1306.058 9998 33400 -5646.30057801
3902150127 -26.98035 -9.16466 -5683.899 1381.667 9998 33400 -5642.97927715
3902150128 -26.99654 -9.06644 -5683.333 1449.024 9998 33400 -5687.9626182
3902150129 -27.10209 -8.94289 -5671.341 1540.318 9998 33400 -5627.01775186
3902150130 -27.05838 -9.05585 -5680.429 1455.545 9998 33400 -5632.12194156
3902150131 -27.31985 -9.01169 -5582.473 1409.871 9998 33400 -5523.9934796
3902150132 -27.13311 -9.14521 -5681.577 1401.019 9998 33400 -5637.91601388
3902150133 -27.18337 -9.16371 -5679.927 1355.712 9998 33400 -5624.90114733
3902150134 -27.24202 -9.18368 -5677.018 1343.031 9998 33400 -5590.68281906
3902150135 -27.36933 -9.10656 -5657.653 1388.472 9998 33400 -5646.06890182
3902150136 -27.45267 -8.93932 -5647.313 1546.095 9998 33400 -5624.97749206
3902150137 -27.48446 -8.75015 -5645.987 1704.726 -1 33400 -5674.04852828
3902150138 -27.56393 -8.77592 -5641.428 1623.746 -1 33400 -5666.27784929
3902150139 -27.63184 -9.05876 -5644.389 1330.416 -1 33400 -5661.48577304
3902150140 -27.66132 -9.32181 -5637.078 1177.573 9998 33400 -5639.56876976
3902150141 -27.67702 -9.41007 -5633.962 1097.498 -1 33400 -5592.79310622
3902150142 -27.7141 -9.15313 -5640.788 1219.916 -1 33400 -5647.85027659
3902150143 -27.73468 -8.94126 -5625.125 1429.871 -1 33400 -5663.23529091
3902150144 -27.67679 -8.91542 -5630.942 1444.015 -1 33400 -5649.39340131
3902150145 -27.60238 -8.98744 -5641.686 1411.537 -1 33400 -5673.16331709
3902150146 -27.54394 -9.12774 -5652.321 1352.308 -1 33400 -5669.87518263
3902150147 -27.35281 -9.22161 -5663.447 1265.141 -1 33400 -5684.27289246
3902150148 -27.1338 -9.35228 -5668.464 1151.644 -1 33400 -5685.85417345
3902150149 -26.89798 -9.30223 -5682.23 1102.744 9998 33400 -5633.94458417
3902150151 -26.55573 -8.96342 -5688.776 1456.265 9998 33400 -5631.11767718
3902150152 -26.60801 -9.10841 -5641.182 1222.858 9998 33400 -5658.58823587
3902150154 -26.751 -9.32894 -5690.653 1001.478 -1 33400 -5706.7625504
3902150155 -26.87277 -9.30245 -5683.683 1079.78 9998 33400 -5643.0147171
3902150158 -26.95571 -9.04244 -5683.919 1414.952 9998 33400 -5680.06502845
3902150159 -26.86954 -9.18058 -5688.837 1216.999 9998 33400 -5629.65979173
3902150160 -26.838 -9.24143 -5682.144 1204.731 9998 33400 -5651.08043335
3902150162 -26.65899 -9.35889 -5544.906 909.4825 -1 33400 -5569.76547272
3902150163 -26.56715 -9.42655 -5574.361 851.7976 9998 33400 -5669.97761911
3902150166 -26.40182 -9.29045 -5704.511 933.5204 9998 33400 -5671.51182699
3902150168 -26.22958 -8.9924 -5705.723 1339.443 -1 33400 -5731.74748157
3902150169 -26.16564 -8.94824 -5704.181 1397.013 9998 33400 -5694.05572823
3902150170 -26.13976 -8.95382 -5667.367 1368.921 9998 33400 -5676.60306489
3902150171 -26.17961 -8.96412 -5563.968 1276.622 9998 33400 -5703.14617765
3902150172 -26.20538 -8.79277 -5711.955 1620.97 -1 33400 -5705.69388777
3902150174 -26.32139 -8.57339 -5621.015 1865.301 -1 33400 -5621.53754443
3902150176 -26.80628 -8.64753 -5480.16 1767.193 -1 33400 -5478.69518719
3902150178 -26.85163 -9.18679 -5687.673 1299.255 9998 33400 -5634.07022903
3902150180 -26.55625 -9.16665 -5653.478 1143.188 -1 33400 -5587.50991667
3902150181 -26.57544 -9.21015 -5697.453 1105 -1 33400 -5700.1587079
3902150182 -26.51707 -9.13298 -5697.079 1202.654 -1 33400 -5704.71936198
3902150183 -26.36357 -8.97328 -5703.692 1418.747 -1 33400 -5708.75534206
3902150184 -26.22237 -8.81148 -5709.627 1599.518 -1 33400 -5720.40528101
3902150188 -25.60849 -8.64335 -5727.477 1551.284 -1 33400 -5748.65660338
3902150191 -25.93634 -8.94709 -5329.873 1290.196 -1 33400 -5190.09507631
390215115 -20.16443 -19.99252 -4910.954 428.0147 9998 33400 -5085.87132968
390215116 -20.1644 -19.99878 -4880.152 437.9038 9998 33400 -5087.60317385
390215117 -20.17332 -19.99349 -4858.971 420.7479 9998 33400 -5120.46702284
390215118 -20.14366 -20.03782 -4967.671 466.2749 9998 33400 -5028.39653085
390215120 -20.15826 -20.15322 -5081.249 523.1226 9998 33400 -5064.70747226
390215121 -20.14914 -20.1807 -5011.235 526.9037 9998 33400 -5053.35231077
390215122 -20.10968 -20.15557 -4862.421 488.2924 9998 33400 -4997.93329248
390215123 -20.10706 -20.06942 -4724.711 423.3398 9998 33400 -4948.39086248
390215124 -20.04243 -19.9171 -4685.953 443.5024 9998 33400 -4940.49612345
390215125 -19.90224 -19.87739 -4993.942 492.9671 9998 33400 -5106.18250694
390215126 -19.82295 -19.88928 -4588.496 428.1384 9998 33400 -4874.02619747
390215127 -19.78804 -19.94553 -4722.995 470.8466 9998 33400 -4836.04748285
390215128 -19.7491 -20.03988 -4998.944 583.3777 9998 33400 -4900.09826092
390215129 -19.70504 -20.09567 -4863.022 602.8295 9998 33400 -4867.57634638
390215130 -19.68732 -20.10592 -4767.964 604.8167 9998 33400 -4827.94540537
390215133 -19.6044 -20.15296 -4667.507 648.7294 9998 33400 -4641.28942999
390215134 -19.5709 -20.20714 -4529.93 674.8246 9998 33400 -4697.9851374
390215136 -19.57071 -20.13076 -4499.294 580.6897 9998 33400 -4637.69860095
390215137 -19.634 -20.08118 -4751.152 586.5068 9998 33400 -4654.84807106
390215140 -19.75305 -19.79245 -4636.092 438.0345 -1 33400 -4626.22773615
390215142 -19.50513 -19.85988 -4977.533 549.9785 -1 33400 -4999.66784987
390215143 -19.28245 -19.94829 -4738.648 576.6862 -1 33400 -4688.02992176
390215144 -19.12774 -20.04173 -4761.274 658.8688 -1 33400 -4526.1221445
390215147 -18.82896 -20.31604 -4550.238 846.543 -1 33400 -4584.82586759
390215150 -18.78481 -20.17389 -4645.617 776.3687 9998 33400 -4612.99601701
390215151 -18.77777 -20.12197 -4590.378 762.9246 9998 33400 -4537.80566503
390215154 -18.88419 -20.06207 -4648.469 756.0953 9998 33400 -4665.95507361
390215155 -18.90189 -20.06614 -4504.86 671.7394 9998 33400 -4757.98521764
390215156 -18.96273 -20.03132 -4751.264 717.269 9998 33400 -4895.38264763
390215157 -18.99198 -20.08862 -4760.678 716.1638 -1 33400 -4723.21431927
390215158 -19.05957 -20.15635 -4815.773 732.8362 -1 33400 -4808.64484087
390215159 -19.13537 -20.21596 -4833.931 760.8633 -1 33400 -4856.65520206
390215160 -19.15285 -20.29108 -5056.547 844.6262 9998 33400 -4950.84404637
390215161 -19.16085 -20.33497 -5114.295 847.4374 9998 33400 -5058.98668932
390215162 -19.07805 -20.38721 -5030.497 881.1736 9998 33400 -5149.25866829
390215163 -19.01448 -20.4293 -4327.074 819.3419 -1 33400 -4419.30519915
390215166 -18.62486 -20.19171 -4498.207 799.1589 9998 33400 -4408.02531591
390215167 -18.52196 -20.04364 -4436.336 772.0737 9998 33400 -4461.0516558
390215168 -18.40398 -19.8874 -4530.6 735.535 9998 33400 -4438.99097864
390215170 -18.11482 -19.66599 -4590.988 699.4231 9998 33400 -4584.59850153
390215171 -17.93573 -19.65634 -4691.859 708.7067 9998 33400 -4532.27113436
390215173 -17.7837 -19.86129 -4302.868 625.7722 9998 33400 -4374.45056586
390215174 -17.76888 -19.96311 -4189.715 571.062 -1 33400 -4115.77704599
390215177 -17.72256 -20.2221 -4434.926 726.2325 9998 33400 -4456.30305517
390215180 -17.73487 -20.00798 -4217.869 615.4756 -1 33400 -4190.37554946
390215181 -17.64608 -19.91 -4118.373 598.0488 -1 33400 -4088.55379993
390215183 -17.40359 -19.87264 -3958.043 626.5656 9998 33400 -4303.53016614
390215185 -17.31836 -20.03678 -4817.751 703.9983 9998 33400 -4625.94188223
390215186 -17.38136 -20.1167 -4480.026 633.297 9998 33400 -4544.42177699
390215187 -17.4128 -20.19441 -4665.842 758.6863 9998 33400 -4463.02184765
390215188 -17.44906 -20.21522 -4476.3 713.242 -1 33400 -4437.99803752
390215189 -17.51404 -20.22327 -4310.763 653.8524 9998 33400 -4491.68437365
390215190 -17.53019 -20.21439 -4404.844 708.3693 9998 33400 -4501.7028374
390215193 -17.64781 -20.2673 -4600.164 762.6171 9998 33400 -4536.03394673
390215198 -17.47508 -19.895 -4246.156 605.148 9998 33400 -4004.40120495
390215199 -17.43236 -19.68727 -4168.827 711.5239 9998 33400 -4320.40995721
3902151100 -17.37177 -19.50366 -4120.811 746.0499 9998 33400 -4089.33718761
3902151101 -17.19354 -19.50583 -4044.262 765.5608 -1 33400 -4122.98490717
3902151103 -16.83572 -19.784 -4065.262 618.4985 9998 33400 -4059.1588471
3902151104 -16.76772 -19.96896 -4183.281 640.9406 9998 33400 -4233.88038514
3902151105 -16.87792 -20.01497 -4234.726 618.126 -1 33400 -4203.58191572
3902151106 -16.90614 -20.00943 -4220.987 616.0013 -1 33400 -4271.63621429
3902151107 -16.91517 -19.86362 -4057.052 613.9924 -1 33400 -4111.06880677
3902151108 -16.81144 -19.71731 -4163.946 679.4306 9998 33400 -4086.76067498
3902151110 -16.61825 -19.59186 -3952.156 672.0964 9998 33400 -4031.06168829
3902151111 -16.5752 -19.61827 -3988.15 721.4635 9998 33400 -3998.6495723
3902151112 -16.57087 -19.63764 -3968.927 682.6997 9998 33400 -4008.72479718
3902151113 -16.56908 -19.63494 -3980.439 689.9821 9998 33400 -4008.68853369
3902151114 -16.56404 -19.62186 -3982.003 703.7907 9998 33400 -4003.70411804
3902151115 -16.58667 -19.55945 -3955.09 705.1526 9998 33400 -3993.0838539
3902151116 -16.59496 -19.49266 -3941.348 743.6231 9998 33400 -3982.88167344
3902151117 -16.59478 -19.48164 -3915.101 720.9028 9998 33400 -3996.20263586
3902151118 -16.59642 -19.5161 -3977.052 720.8899 9998 33400 -3974.46340741
3902151119 -16.61194 -19.56251 -3992.553 709.6245 9998 33400 -4003.71185634
3902151122 -16.83213 -19.47126 -4074.698 730.7948 9998 33400 -4087.85833528
3902151123 -16.86298 -19.39177 -4063.6 782.2513 9998 33400 -3944.77585474
3902151125 -16.8802 -19.22002 -3688.447 850.9604 9998 33400 -3663.50454921
3902151127 -16.81849 -19.07707 -3722.469 958.4777 9998 33400 -3749.87680233
3902151129 -16.65722 -18.99746 -3982.537 1003.328 9998 33400 -3909.74832025
3902151132 -16.52669 -19.12862 -3798.142 934.0162 9998 33400 -3754.96158391
3902151137 -16.10525 -19.0239 -3852.738 979.7029 9998 33400 -3827.86621666
3902151138 -15.99507 -18.98159 -3641.796 934.3057 9998 33400 -3691.9194315
3902151141 -15.70812 -18.87541 -3831.978 1061.919 9998 33400 -3587.59119328
3902151142 -15.60807 -18.90529 -3729.538 1018.89 9998 33400 -3507.53504956
3902151143 -15.51047 -18.95783 -3733.824 1032.675 9998 33400 -3640.54994424
3902151145 -15.44626 -19.09588 -3622.719 934.5235 9998 33400 -3636.86012178
3902151147 -15.49984 -19.27103 -3700.353 784.9526 9998 33400 -3743.54993116
3902151148 -15.59734 -19.38246 -3884.48 765.0696 9998 33400 -3768.78086886
3902151149 -15.69181 -19.48541 -3888.555 696.265 -1 33400 -3890.7322624
3902151150 -15.73332 -19.54822 -3836.809 663.1198 9998 33400 -3885.98216469
3902151151 -15.75851 -19.60003 -3896.435 647.1935 9998 33400 -3906.48845232
3902151152 -15.86375 -19.66299 -4048.712 632.4784 9998 33400 -3931.080443
3902151153 -15.91809 -19.72495 -4000.904 562.3497 9998 33400 -3958.32618008
3902151154 -15.97443 -19.78127 -3960.991 548.1942 9998 33400 -3934.83436256
3902151155 -15.96853 -19.855 -3967.706 546.7729 9998 33400 -3969.24513496
3902151157 -16.01601 -20.05356 -3905.407 514.0093 9998 33400 -4018.62915948
3902151158 -16.02819 -20.17988 -3823.975 503.821 9998 33400 -3930.26272617
3902151161 -16.03121 -20.46634 -4082.162 657.4453 9998 33400 -4144.37629315
3902151162 -16.05586 -20.49369 -3966.383 706.3271 9998 33400 -4049.57123015
3902151164 -16.04573 -20.30272 -4030.614 580.8698 9998 33400 -4094.93306424
3902151165 -15.97679 -20.1952 -3679.543 462.3988 9998 33400 -3850.10422733
3902151169 -15.70587 -20.39946 -3095.943 443.3857 9998 33400 -3716.73536363
3902151173 -15.65756 -20.38214 -4366.141 631.2856 9998 33400 -3896.98614451
3902151176 -15.74085 -20.59555 -4264.198 737.5313 9998 33400 -4297.26284937
3902151177 -15.64143 -20.68492 -4024.279 782.6867 9998 33400 -4046.38421836
3902151179 -15.37106 -20.89876 -3502.903 837.3717 9998 33400 -3814.71697007
3902151181 -15.2703 -20.75444 -3822.281 828.0255 -1 33400 -3796.76227022
390215214 -30.14192 -11.61929 -5426.894 1431.869 -1 33400 -5457.11738531
390215215 -30.10458 -11.61949 -5429.705 1414.673 -1 33400 -5449.11935055
390215216 -30.05621 -11.62011 -5433.486 1439.158 -1 33400 -5401.36167699
390215217 -29.75868 -11.49113 -5433.997 1490.62 -1 33400 -5411.70162305
390215218 -29.65196 -11.26042 -5429.192 1596.158 9998 33400 -5418.95749397
390215220 -29.52016 -11.08531 -5443.189 1710.131 9998 33400 -5429.716291
390215221 -29.47055 -11.01726 -5446.306 1603.564 9998 33400 -5434.74529357
390215222 -29.48941 -10.99234 -5441.171 1645.922 9998 33400 -5432.59716933
390215223 -29.60032 -11.04039 -5427.877 1626.205 9998 33400 -5417.36676226
390215224 -29.67742 -11.17672 -5423.875 1596.234 9998 33400 -5381.08859312
390215225 -29.7993 -11.44449 -5428.285 1552.083 9998 33400 -5445.25138252
390215226 -29.9322 -11.74189 -5449.365 1517.525 9998 33400 -5401.49733029
390215227 -29.84074 -11.92553 -5460.77 1538.991 -1 33400 -5480.7146339
390215228 -29.62423 -11.89769 -5479.198 1490.092 -1 33400 -5434.36656834
390215229 -29.50734 -11.66479 -5465.962 1535.433 -1 33400 -5443.75894815
390215230 -29.52701 -11.35337 -5449.926 1459.035 -1 33400 -5467.39271822
390215231 -29.55024 -11.06558 -5436.019 1575.71 9998 33400 -5423.06821471
390215232 -29.58964 -10.86913 -5421.993 1595.656 9998 33400 -5444.85741986
390215233 -29.64588 -10.83202 -5415.309 1566.068 9998 33400 -5442.4863857
390215234 -29.76616 -10.95562 -5409.466 1525.991 9998 33400 -5421.3729335
390215235 -29.88432 -11.11782 -5398.379 1721.911 9998 33400 -5414.72854791
390215236 -29.751 -11.47468 -5437.685 1559.807 -1 33400 -5407.72516589
390215237 -29.49353 -11.79018 -5470.396 1529.781 -1 33400 -5457.95310942
390215238 -29.23404 -11.86631 -5498.302 1333.795 -1 33400 -5518.6289086
390215239 -29.07109 -11.7599 -5497.064 1509.365 9998 33400 -5468.77423634
390215240 -29.14091 -11.90195 -5505.468 1270.204 9998 33400 -5530.67218494
390215241 -29.24572 -12.0222 -5497.107 1329.063 9998 33400 -5521.46436089
390215243 -29.29825 -12.1023 -5498.447 1472.767 9998 33400 -5539.09433618
390215244 -29.24417 -12.01347 -5497.981 1436.765 9998 33400 -5523.5143743
390215245 -29.21674 -11.92218 -5500.617 1390.68 -1 33400 -5519.35863074
390215246 -29.21102 -11.97804 -5498.086 1352.781 9998 33400 -5521.386435
390215247 -29.20373 -12.11107 -5500.87 1268.602 9998 33400 -5521.01089464
390215248 -29.21212 -12.23178 -5512.186 1258.516 9998 33400 -5577.56954158
390215250 -29.32368 -12.38251 -5508.955 1254.342 -1 33400 -5521.65881321
390215251 -29.41877 -12.51947 -5509.023 1221.3 -1 33400 -5523.0197816
390215252 -29.53908 -12.77263 -5504.218 1344.04 -1 33400 -5528.91253665
390215253 -29.49425 -12.92174 -5538.402 1314.94 9998 33400 -5544.59712709
390215254 -29.39678 -12.80391 -5537.459 1341.473 9998 33400 -5534.75612977
390215255 -29.29469 -12.55062 -5516.674 1275.212 -1 33400 -5534.72883754
390215256 -29.1831 -12.27936 -5381.565 1085.767 -1 33400 -5529.17105129
390215257 -29.10755 -12.08704 -5511.344 1335.245 9998 33400 -5521.85888978
390215258 -29.15651 -12.01231 -5506.707 1343.421 9998 33400 -5513.75221944
390215259 -29.20266 -11.96463 -5501.579 1366.292 -1 33400 -5514.00847363
390215260 -29.24513 -11.98072 -5494.789 1354.694 -1 33400 -5530.39254618
390215261 -29.31828 -12.00678 -5489.063 1350.783 -1 33400 -5508.81994223
390215262 -29.38014 -12.07102 -5501.653 1361.079 -1 33400 -5517.284294
390215263 -29.32393 -12.09049 -5501.262 1343.786 -1 33400 -5529.16607209
390215264 -29.15752 -12.05348 -5510.963 1276.412 9998 33400 -5514.16830409
390215265 -28.89133 -11.91108 -5511.864 1336.339 -1 33400 -5515.36897983
390215266 -28.6698 -11.61956 -5507.077 1621.388 -1 33400 -5527.47984706
390215267 -28.52164 -11.41197 -5515.261 1627.547 -1 33400 -5496.2469446
390215268 -28.44316 -11.36008 -5513.041 1605.082 -1 33400 -5517.45727033
390215269 -28.43225 -11.5077 -5520.283 1769.112 -1 33400 -5527.89859138
390215270 -28.397 -11.72027 -5524.796 1637.708 9998 33400 -5521.80135543
390215271 -28.42645 -11.89739 -5526.602 1422.644 9998 33400 -5529.33001679
390215272 -28.42497 -11.90988 -5527.277 1396.826 9998 33400 -5535.42487599
390215273 -28.42986 -11.67818 -5524.32 1639.876 9998 33400 -5525.40419061
390215275 -28.52113 -11.04859 -5497.494 1391.211 -1 33400 -5551.80616153
390215276 -28.54321 -10.87278 -5441.388 1266.274 9998 33400 -5401.47418097
390215277 -28.56004 -10.85156 -5445.949 1258.715 9998 33400 -5396.65213134
390215278 -28.59231 -10.98164 -5491.689 1340.114 -1 33400 -5541.37957438
390215279 -28.61263 -11.157 -5500.381 1459.053 9998 33400 -5536.11399077
390215280 -28.67879 -11.30134 -5503.068 1479.524 -1 33400 -5513.23791207
390215281 -28.60634 -11.3801 -5512.262 1500.731 9998 33400 -5511.35791484
390215282 -28.40934 -11.35096 -5508.972 1686.058 -1 33400 -5513.9148319
390215283 -28.26424 -11.26079 -5517.52 1509.285 -1 33400 -5522.08526244
390215284 -28.19302 -11.37344 -5520.794 1634.683 -1 33400 -5527.14334157
390215285 -28.18866 -11.50867 -5521.446 1710.422 9998 33400 -5492.2747976
390215286 -28.25866 -11.60078 -5520.943 1773.653 9998 33400 -5514.4903074
390215287 -28.38705 -11.56861 -5522.016 1661.394 -1 33400 -5539.30670945
390215288 -28.55306 -11.44676 -5513.315 1750.003 9998 33400 -5475.18680953
390215289 -28.60083 -11.26822 -5502.881 1460.389 -1 33400 -5514.88200921
390215290 -28.55614 -11.24136 -5504.534 1469.093 9998 33400 -5515.0199215
390215291 -28.42541 -11.33865 -5511.107 1635.077 -1 33400 -5520.42617378
390215292 -28.26883 -11.40526 -5517.201 1665.238 -1 33400 -5537.02462785
390215293 -28.11885 -11.37046 -5523.315 1664.533 -1 33400 -5546.02968253
390215294 -28.019 -11.21557 -5530.228 1454.383 9998 33400 -5597.07338854
390215295 -27.94968 -11.11313 -5530.15 1505.083 9998 33400 -5564.90919776
390215296 -27.83744 -11.17329 -5528.297 1508.124 9998 33400 -5559.63140312
390215297 -27.71202 -11.25812 -5544.467 1462.216 -1 33400 -5525.2828847
390215298 -27.59513 -11.34547 -5551.235 1502.631 -1 33400 -5576.34793338
3902152100 -27.26942 -11.42467 -5520.105 1362.868 -1 33400 -5473.93396229
3902152101 -27.13063 -11.42767 -5237.75 1221.061 -1 33400 -5282.03046673
3902152102 -27.06581 -11.49163 -5503.031 1332.871 9998 33400 -5391.15084783
3902152103 -27.01346 -11.45182 -5602.965 1431.15 -1 33400 -5565.74024591
3902152104 -26.95828 -11.2567 -5457.509 1259.155 9998 33400 -5519.62556754
3902152105 -26.96398 -11.08186 -5261.494 1267.393 9998 33400 -5248.25996757
3902152109 -26.77257 -11.23334 -5689.915 1315.349 9998 33400 -5633.90659537
3902152110 -26.81186 -11.22368 -5558.626 1347.531 9998 33400 -5647.78368605
3902152111 -26.80912 -11.21189 -5472.934 1210.822 9998 33400 -5649.04478138
3902152112 -26.75283 -11.23016 -5660.757 1327.67 9998 33400 -5668.14917093
3902152113 -26.66239 -11.26222 -5488.146 1262.896 -1 33400 -5495.7865326
3902152114 -26.57979 -11.2496 -5380.702 1161.094 9998 33400 -5391.92058718
3902152116 -26.39152 -10.76361 -5694.851 1199.974 -1 33400 -5698.18564236
3902152117 -26.41544 -10.71133 -5646.907 1224.738 -1 33400 -5635.78838111
3902152118 -26.37476 -10.81368 -5499.671 1183.043 9998 33400 -5539.0443468
3902152120 -26.22905 -10.81502 -5648.05 1205.829 -1 33400 -5688.09372438
3902152121 -26.29154 -10.90176 -5657.818 1211.924 9998 33400 -5658.97344417
3902152122 -26.40202 -11.05284 -5637.153 1212.904 9998 33400 -5701.78724952
3902152123 -26.45262 -11.17704 -5556.987 1147.358 9998 33400 -5657.82540499
3902152124 -26.48064 -11.14125 -5568.625 1267.424 9998 33400 -5694.61201653
3902152125 -26.44358 -11.12051 -5676.473 1214.324 9998 33400 -5702.14456558
3902152126 -26.40343 -11.10364 -5714.544 1294.312 9998 33400 -5723.43254826
3902152127 -26.35086 -11.06481 -5725.302 1229.865 -1 33400 -5749.05073737
3902152128 -26.31442 -11.09691 -5725.393 1194.718 -1 33400 -5735.40993375
3902152129 -26.27659 -11.08989 -5680.451 1184.665 -1 33400 -5697.05976507
3902152130 -26.27488 -11.07127 -5679.195 1216.85 -1 33400 -5687.67318327
3902152131 -26.25613 -11.13704 -5674.823 1194.475 -1 33400 -5671.82841529
3902152132 -26.2724 -11.2257 -5715.778 1221.669 -1 33400 -5728.43136488
3902152133 -26.21084 -11.22177 -5697.764 1177.31 9998 33400 -5707.76627496
3902152134 -26.10109 -11.23676 -5684.005 1124.01 9998 33400 -5655.9163123
3902152135 -26.05775 -11.22351 -5657.755 1131.392 9998 33400 -5597.98173908
3902152136 -26.02102 -11.20074 -5557.564 1035.075 9998 33400 -5567.14692042
3902152137 -26.02077 -11.23559 -5647.29 1107.182 9998 33400 -5561.52940403
3902152138 -25.97423 -11.39337 -5484.048 1020.66 -1 33400 -5467.7951382
3902152139 -25.98802 -11.33704 -5621.206 1084.313 -1 33400 -5646.07402441
3902152140 -25.87458 -11.28171 -5764.286 1094.867 -1 33400 -5813.176707
3902152144 -25.84708 -11.05132 -5361.824 896.7166 9998 33400 -5680.7803551
3902152145 -25.89929 -10.923 -5614.117 1024.246 9998 33400 -5592.83129156
3902152147 -25.94196 -10.75892 -5596.706 1096.385 9998 33400 -5677.61689621
3902152148 -26.04508 -10.80155 -5509.271 1076.721 -1 33400 -5556.84894258
3902152149 -26.1513 -10.79959 -5678.085 1162.557 -1 33400 -5672.74378858
3902152150 -26.21975 -10.86738 -5703.645 1136.63 -1 33400 -5679.87076551
3902152151 -26.27564 -10.81783 -5575.858 1144.577 9998 33400 -5691.07772568
3902152152 -26.20835 -10.84802 -5517.212 1158.608 -1 33400 -5507.97958211
3902152153 -26.09075 -10.77556 -5633.525 1185.258 -1 33400 -5644.63214181
3902152154 -25.90964 -10.68774 -5525.772 1153.883 9998 33400 -5632.38255851
3902152155 -25.64589 -10.73622 -5534.1 1012.218 9998 33400 -5545.56448945
3902152157 -25.15044 -10.85661 -5875.223 1139.047 -1 33400 -5782.48781969
3902152158 -25.09659 -10.83871 -5749.85 1114.513 9998 33400 -5810.90872962
3902152159 -25.13309 -10.88895 -5824.009 1112.055 9998 33400 -5772.76358764
3902152161 -25.43724 -11.06309 -5672.899 970.6435 9998 33400 -5634.41149255
3902152164 -25.63328 -10.84968 -5366.323 936.1505 9998 33400 -5568.46387523
3902152165 -25.63457 -10.75835 -5390.299 1055.813 9998 33400 -5390.88984306
3902152167 -25.37591 -10.59198 -5740.407 1155.699 9998 33400 -5665.7684613
3902152169 -25.08217 -10.80782 -5511.888 1032.589 9998 33400 -5693.18203081
3902152170 -25.04679 -10.88823 -5816.167 1143.101 9998 33400 -5716.64557342
3902152171 -25.05215 -10.92765 -5751.091 1146.262 9998 33400 -5592.59386799
3902152172 -25.12654 -10.99678 -5662.838 1146.198 9998 33400 -5637.65544052
3902152173 -25.1779 -11.03284 -5503.798 980.5458 9998 33400 -5625.66905813
3902152174 -25.37579 -11.07613 -5649.937 953.267 9998 33400 -5544.85590849
390215312 -24.47288 -33.82189 -4190.504 1401.548 9998 33400 -4192.23279967
390215313 -24.4138 -33.81558 -4151.168 1436.983 9998 33400 -4224.53159772
390215314 -24.33398 -33.80772 -4153.704 1389.648 9998 33400 -4204.47634757
390215315 -24.04564 -33.79863 -4382.138 1553.979 9998 33400 -4289.28853789
390215316 -23.91572 -33.74984 -4286.217 1432.987 -1 33400 -4344.29285174
390215317 -23.8272 -33.70501 -4062.769 1307.417 9998 33400 -4063.57916587
390215318 -23.69466 -33.6549 -4132.625 1239.78 9998 33400 -4202.9269099
390215319 -23.55849 -33.63083 -4352.235 1245.256 9998 33400 -4298.78748198
390215320 -23.47544 -33.59531 -4235.465 1137.298 9998 33400 -4214.2313477
390215322 -23.51453 -33.26618 -4413.853 595.3115 9998 33400 -4266.9112681
390215323 -23.49008 -33.11271 -4140.509 415.391 9998 33400 -4255.73173446
390215327 -23.14499 -32.68207 -3975.613 258.5654 9998 33400 -3949.7046479
390215329 -22.77915 -32.66411 -4003.785 217.0306 9998 33400 -3778.52471923
390215332 -22.15127 -32.64957 -4012.463 219.9587 9998 33400 -3976.27812476
390215334 -22.15944 -33.36833 -4348.051 470.3203 9998 33400 -4030.44619877
390215335 -21.99727 -33.44483 -4095.395 543.3139 9998 33400 -3985.21340756
390215336 -21.87146 -33.53013 -3759.842 627.4391 9998 33400 -3708.83052672
390215340 -21.61345 -33.36519 -4150.938 431.0874 9998 33400 -3988.8951872
390215341 -21.69019 -33.29305 -3975.799 283.667 9998 33400 -4010.59733771
390215343 -21.65613 -32.99554 -4290.676 92.11711 9998 33400 -4011.33986443
390215344 -21.55025 -32.91313 -4118.762 41.94012 9998 33400 -4077.14466037
390215345 -21.44944 -32.88373 -4030.704 29.93798 9998 33400 -3965.05738265
390215346 -21.33208 -32.89466 -3990.941 77.49036 9998 33400 -4003.05564676
390215347 -21.4089 -32.75466 -3753.649 124.3438 9998 33400 -3807.28974058
390215350 -22.32043 -32.31873 -4279.045 643.5867 9998 33400 -4147.91208021
390215351 -22.47788 -32.24667 -4156.003 723.3455 9998 33400 -4096.05092507
390215355 -21.88227 -32.04932 -4205.541 630.7754 9998 33400 -4126.75109815
390215356 -21.57512 -32.19673 -4126.508 616.4485 9998 33400 -4096.47341787
390215357 -21.30095 -32.57219 -4049.128 335.6285 9998 33400 -4032.38414146
390215358 -21.077 -32.64853 -4087.877 342.7266 -1 33400 -4106.32904671
390215359 -20.89607 -32.48519 -3971.098 443.1015 9998 33400 -3933.15760338
390215360 -20.8405 -32.2318 -4012.798 643.0605 9998 33400 -4021.66930926
390215362 -20.45423 -32.11063 -3933.497 663.6375 9998 33400 -4048.54884918
390215363 -20.66116 -32.36763 -3949.205 526.6704 9998 33400 -3882.37455389
390215364 -20.82649 -32.47783 -3887.066 437.6454 9998 33400 -3948.70920131
390215366 -21.03176 -32.43971 -4194.693 492.3376 9998 33400 -4129.85139616
390215367 -20.95413 -32.53436 -3965.039 397.5044 9998 33400 -4001.64157579
390215368 -20.87596 -32.57089 -3928.082 370.5474 9998 33400 -3934.85794067
390215369 -20.77741 -32.58254 -3939.874 379.6761 9998 33400 -3980.79151593
390215370 -20.63162 -32.63306 -4050.958 369.2916 9998 33400 -4004.17398823
390215371 -20.52619 -32.71119 -3557.379 311.8061 9998 33400 -3755.17735246
390215373 -20.29699 -32.84861 -3888.408 508.729 9998 33400 -3898.68486016
390215374 -20.13215 -32.8731 -3753.612 530.0726 9998 33400 -3691.9645105
390215375 -19.97432 -32.81643 -3429.684 479.7661 9998 33400 -3837.51203907
390215378 -20.22295 -32.40428 -4081.92 530.4396 9998 33400 -3886.02617233
390215381 -20.68329 -32.54193 -3961.722 418.2314 9998 33400 -3975.69745701
390215382 -20.83621 -32.67484 -3781.478 295.3793 9998 33400 -3957.77303227
390215383 -20.91301 -32.79426 -3787.39 230.5115 -1 33400 -3788.29144146
390215389 -21.17418 -33.56599 -3927.558 760.3121 9998 33400 -3877.58235775
390215393 -20.91567 -33.02667 -3926.08 243.5471 9998 33400 -4084.78246454
390215394 -20.93961 -32.81443 -3717.822 198.5477 -1 33400 -3721.68366806
390215396 -20.74397 -32.55389 -3936.667 393.1502 9998 33400 -3992.97354096
390215397 -20.58755 -32.53262 -4157.267 434.4169 9998 33400 -3989.08125663
390215398 -20.49356 -32.61945 -3865.374 380.1355 9998 33400 -3932.66507765
390215399 -20.45609 -32.67154 -3696.887 380.1577 9998 33400 -3813.82795579
3902153101 -20.52741 -32.56721 -3999.92 434.3531 9998 33400 -4035.01133801
3902153102 -20.56837 -32.56232 -3754.88 341.2158 9998 33400 -4030.88209817
3902153103 -20.55789 -32.52168 -4152.889 445.2934 9998 33400 -4032.11468526
3902153104 -20.52775 -32.52703 -4115.291 444.5511 9998 33400 -4070.70994943
3902153105 -20.49697 -32.61999 -3853.671 371.5276 9998 33400 -3935.09068966
3902153106 -20.52876 -32.71273 -3564.115 313.1761 9998 33400 -3754.77982199
3902153108 -20.60475 -32.86715 -3942.217 333.6296 9998 33400 -4013.80001384
3902153109 -20.51895 -32.90084 -4043.073 395.1482 9998 33400 -3977.25139215
3902153111 -20.22422 -32.90214 -3752.53 558.2842 9998 33400 -3627.31911134
3902153112 -20.13566 -32.9467 -3595.094 595.9282 9998 33400 -3625.92988207
3902153113 -20.0008 -32.98013 -3675.321 537.9674 9998 33400 -3807.87102585
3902153115 -19.82244 -33.09889 -4018.061 407.3795 9998 33400 -4205.59212231
3902153116 -19.7276 -33.22184 -3722.281 257.5387 9998 33400 -3726.94675564
3902153117 -19.5522 -33.24745 -3679.922 196.1933 -1 33400 -3749.74701562
3902153119 -19.16336 -33.33031 -3651.106 119.244 9998 33400 -3616.92743415
3902153120 -19.13324 -33.42041 -3742.219 145.3247 9998 33400 -3675.45964387
3902153121 -19.13087 -33.41955 -3731.097 143.9382 9998 33400 -3673.67905802
3902153122 -19.12676 -33.42373 -3723.485 142.8341 9998 33400 -3669.64966408
3902153123 -19.12553 -33.42012 -3741.049 145.1514 9998 33400 -3668.14848596
3902153124 -19.13308 -33.47395 -3612.896 155.2726 9998 33400 -3668.14813061
3902153125 -19.09199 -33.50262 -3636.119 168.5594 9998 33400 -3635.92959977
3902153127 -19.07516 -33.39067 -3677.146 124.5546 9998 33400 -3576.44138695
3902153128 -18.96749 -33.38311 -3692.469 116.3145 9998 33400 -3568.86576244
3902153129 -18.88875 -33.40327 -3737.054 142.8094 9998 33400 -3705.90045251
3902153130 -18.78216 -33.42471 -3765.924 173.8071 9998 33400 -3789.57294586
3902153132 -18.71998 -33.52371 -3552.252 241.0451 9998 33400 -3619.71063248
3902153134 -18.62975 -33.50804 -3482.04 228.5961 9998 33400 -3525.6718944
3902153135 -18.57074 -33.53789 -3648.699 266.3473 9998 33400 -3540.14940034
3902153136 -18.46441 -33.56887 -3516.596 277.1814 9998 33400 -3539.8607899
3902153137 -18.4196 -33.63937 -3440.486 315.1527 9998 33400 -3537.84681052
3902153138 -18.34464 -33.66981 -3379.41 330.5471 9998 33400 -3463.99236972
3902153139 -18.3071 -33.70296 -3449.162 390.5517 9998 33400 -3448.1267792
3902153140 -18.27392 -33.71671 -3477.583 401.56 9998 33400 -3476.43206317
3902153141 -18.20705 -33.73807 -3378.218 406.7709 9998 33400 -3478.40922518
3902153142 -18.08498 -33.84909 -3541.608 605.2576 9998 33400 -3585.98852752
3902153147 -18.71088 -34.46589 -3509.588 1772.698 9998 33400 -3481.29757559
3902153148 -18.7407 -34.50108 -3399.786 1623.22 -1 33400 -3350.91642238
3902153149 -18.80488 -34.56522 -3400.94 1669.668 -1 33400 -3401.44504219
3902153152 -18.45112 -34.77557 -3717.201 1897.18 9998 33400 -3978.18883015
3902153153 -18.26122 -34.75437 -3876.858 1706.048 9998 33400 -3842.45412923
3902153156 -17.47743 -34.41933 -3467.997 1312.749 9998 33400 -3498.04466924
3902153158 -17.33246 -34.19716 -3440.224 985.0823 9998 33400 -3359.24610344
3902153163 -16.19403 -33.7856 -3677.608 354.1376 -1 33400 -4163.63883509
3902153165 -15.90552 -33.74633 -4077.172 451.1061 -1 33400 -4085.45033382
3902153166 -16.01691 -33.78857 -3734.298 386.9434 9998 33400 -4132.0422177
3902153168 -15.9417 -33.72604 -3403.529 351.2315 -1 33400 -3540.24202881
3902153169 -15.93687 -33.81813 -3973.088 440.8724 9998 33400 -3870.4472868
3902153170 -16.0403 -33.8956 -3497.65 353.6306 9998 33400 -3324.23344564
3902153175 -15.55552 -33.6344 -3167.56 415.732 -1 33400 -3146.11955673
3902153176 -15.63914 -33.47191 -3054.108 414.4849 -1 33400 -3032.33080805
3902153177 -15.66557 -33.24965 -2861.182 483.0908 -1 33400 -3099.86616352
3902153178 -15.79358 -33.12443 -2941.718 490.419 -1 33400 -2948.30297413
3902153179 -15.94883 -33.09575 -3196.363 496.8277 -1 33400 -3192.72227181
3902153181 -16.13285 -33.30927 -3295.358 273.8271 -1 33400 -3335.40382621
3902153182 -15.9908 -33.42616 -3329.05 382.5433 -1 33400 -3395.51079561
3902153183 -15.82884 -33.41227 -3451.396 460.7647 -1 33400 -3446.30750419
3902153184 -15.75588 -33.4424 -3054.604 400.5438 9998 33400 -3248.9969015
390215411 -36.61971 -24.65256 -4122.375 207.2421 -1 33400 -4148.96986855
390215412 -36.69802 -24.56591 -4081.169 274.0599 -1 33400 -4101.21893177
390215413 -36.79381 -24.48168 -4099.226 348.0966 -1 33400 -4111.99999576
390215414 -37.30946 -24.35232 -4029.265 648.1559 -1 33400 -4053.09616737
390215415 -37.40362 -24.32089 -4025.959 703.2655 9998 33400 -4042.56224116
390215416 -37.12726 -24.2899 -4057.752 622.0859 -1 33400 -4059.00959393
390215417 -36.80356 -24.22287 -4089.844 455.914 9998 33400 -4066.64531348
390215418 -36.7224 -24.2346 -4093.253 409.0363 9998 33400 -4083.82246881
390215419 -36.63684 -24.16536 -4067.536 363.0143 9998 33400 -4063.92155919
390215420 -36.45593 -24.13091 -4066.377 299.6546 9998 33400 -4030.00336808
390215421 -36.0065 -23.89719 -4181.55 336.8901 9998 33400 -4186.29701302
390215422 -35.978 -23.30417 -4150.923 331.3394 9998 33400 -4153.15831821
390215423 -36.195 -22.97563 -4122.455 454.2116 9998 33400 -4113.97862666
390215424 -36.49733 -22.7766 -4060.995 568.652 -1 33400 -4072.3896749
390215425 -36.8165 -22.92404 -3989.669 711.0369 -1 33400 -3992.76701263
390215426 -36.90216 -23.03798 -3986.714 729.3187 -1 33400 -3990.24267883
390215427 -36.74514 -23.20592 -4039.72 691.1085 -1 33400 -4060.02646247
390215428 -36.63974 -23.41698 -4068.231 588.8556 -1 33400 -4073.97913252
390215429 -36.78407 -23.47529 -4047.74 626.6428 9998 33400 -4073.52591899
390215430 -36.82617 -23.14081 -4018.09 712.0797 -1 33400 -4006.30023015
390215431 -36.86964 -22.99946 -3998.818 720.7962 -1 33400 -4000.37287531
390215432 -36.88997 -23.05581 -3994.902 750.5266 -1 33400 -3999.67612156
390215433 -36.8485 -22.99206 -3995.895 727.5573 -1 33400 -4000.6749625
390215434 -36.77084 -22.46019 -4028.119 911.1227 -1 33400 -4034.14608958
390215435 -36.12252 -22.58453 -4151.9 933.8444 -1 33400 -4161.05339195
390215436 -36.65923 -22.2885 -4050.982 994.9634 -1 33400 -4045.12923993
390215437 -36.79184 -22.54014 -4021.565 811.1385 -1 33400 -3989.57022074
390215438 -37.02312 -22.3143 -3933.446 858.1694 9998 33400 -3918.05766678
390215439 -37.11901 -22.26741 -3894.918 967.0626 -1 33400 -3903.66154911
390215440 -37.36961 -22.52371 -3806.822 564.9005 -1 33400 -3830.4701895
390215441 -37.32361 -23.08173 -3870.218 516.0819 -1 33400 -3874.75026511
390215442 -37.18743 -23.01428 -3892.776 618.3259 9998 33400 -3926.36945039
390215443 -37.49166 -22.82848 -3776.582 79.06099 -1 33400 -3775.48049484
390215445 -38.21997 -22.89454 -3527.675 449.3855 -1 33400 -3560.97784993
390215446 -38.4153 -23.2065 -3653.056 429.2293 -1 33400 -3627.68675854
390215447 -38.76905 -23.55354 -3237.164 290.556 -1 33400 -3285.94760717
390215448 -38.78478 -23.83485 -3253.248 423.0384 9998 33400 -3255.13120681
390215450 -39.0809 -24.2456 -3414.449 491.004 -1 33400 -3412.64970593
390215451 -39.15323 -24.36752 -3426.251 539.2113 -1 33400 -3449.9368173
390215452 -39.10232 -24.35447 -3512.862 577.8015 -1 33400 -3469.61305282
390215453 -39.17141 -24.56651 -3487.398 636.4669 -1 33400 -3470.06026199
390215454 -39.41475 -24.77208 -3467.017 535.9575 -1 33400 -3494.79019511
390215455 -39.46898 -24.87823 -3476.18 521.8464 -1 33400 -3450.53855313
390215456 -39.71012 -25.44137 -3361.948 552.6473 9998 33400 -3283.17751722
390215457 -39.78836 -25.43008 -3270.985 520.9365 -1 33400 -3236.68532382
390215458 -40.33477 -25.88752 -3328.101 836.8182 -1 33400 -3396.15636891
390215459 -40.58522 -26.18513 -2979.579 694.1351 9998 33400 -3069.27643699
390215460 -40.58266 -26.56196 -3120.407 1017.544 -1 33400 -3093.25725771
390215461 -41.20886 -27.60957 -3116.346 318.6574 -1 33400 -3161.74765732
390215462 -41.08348 -27.83778 -2970.299 143.918 -1 33400 -2961.76449734
390215465 -40.53797 -27.07319 -3435.945 493.9797 -1 33400 -3434.13868192
390215467 -40.18127 -27.46396 -3400.067 227.9999 -1 33400 -3400.00514514
390215470 -39.88087 -27.61963 -3634.621 309.9347 -1 33400 -3683.61530285
390215472 -39.21078 -28.31392 -4263.186 888.8061 -1 33400 -4275.38994408
390215474 -38.43685 -28.48269 -4477.542 937.557 -1 33400 -4421.26564286
390215476 -38.81712 -28.16046 -4226.522 780.3483 -1 33400 -4242.49597385
390215477 -38.67085 -27.43477 -4299.499 439.6267 -1 33400 -4285.14869346
390215479 -38.72267 -27.43643 -4318.971 484.6318 -1 33400 -4293.67202929
390215480 -38.573 -27.26963 -4218.432 526.6835 -1 33400 -4298.59227035
390215481 -38.55955 -27.46305 -4250.607 369.5648 -1 33400 -4246.74722338
390215482 -38.56128 -27.37282 -4218.496 453.5114 -1 33400 -4289.04030196
390215483 -38.5646 -27.52855 -4236.465 317.8093 -1 33400 -4236.97630223
390215484 -38.61009 -27.48162 -4253.329 361.8727 -1 33400 -4270.69977258
390215485 -38.61178 -27.54583 -4234.414 315.3723 -1 33400 -4250.49909696
390215486 -38.8939 -27.62385 -4215.397 331.9349 -1 33400 -4257.74368771
390215487 -39.35785 -27.2558 -4096.942 331.5323 -1 33400 -4134.94620331
390215488 -39.57815 -27.04477 -4099.541 387.8959 -1 33400 -4048.26576673
390215491 -39.3179 -27.88872 -4339.559 429.6195 -1 33400 -4340.34432569
390215492 -38.94136 -28.161 -4248.726 778.1334 -1 33400 -4273.02343346
390215493 -38.88449 -27.96556 -4372.531 553.1581 -1 33400 -4364.4216567
390215494 -39.23331 -27.73673 -4245.065 289.0859 -1 33400 -4253.77692251
390215495 -39.68944 -28.20748 -4447.672 924.8015 9998 33400 -4358.85918939
390215496 -39.24657 -28.25505 -4291.442 893.402 -1 33400 -4287.37696175
390215498 -40.10623 -28.79823 -3953.171 915.2003 -1 33400 -4019.68992876
390215499 -40.32402 -28.67898 -3914.884 1340.878 -1 33400 -3964.65079392
3902154101 -40.73293 -29.32532 -3722.686 504.2589 -1 33400 -3702.13187348
3902154102 -40.71186 -29.2812 -3712.743 579.8649 9998 33400 -3697.0935874
3902154105 -40.59893 -29.03065 -3817.429 857.6113 -1 33400 -3751.45416773
3902154107 -41.36657 -28.9927 -3741.425 1287.823 9998 33400 -3759.87479636
3902154112 -41.06471 -29.42711 -3822.383 552.0278 9998 33400 -3826.971515
3902154113 -41.04247 -29.03743 -3790.986 1107.597 9998 33400 -3772.80830438
3902154116 -42.3732 -29.76081 -3980.462 422.283 9998 33400 -3988.02244835
3902154117 -42.78747 -29.8027 -4009.791 484.8711 -1 33400 -4015.09020039
3902154118 -43.15227 -29.9062 -3975.737 489.6929 -1 33400 -3979.96928881
3902154119 -43.51527 -29.91544 -3889.636 586.3143 -1 33400 -3929.36800839
3902154120 -43.96677 -29.98165 -3647.719 559.8022 -1 33400 -3656.2858552
3902154121 -43.64669 -30.23851 -3802.04 365.3218 9998 33400 -3781.43822504
3902154124 -42.59148 -30.98418 -3787.86 435.1888 -1 33400 -3796.77337431
3902154125 -42.69863 -31.90075 -3785.136 438.5379 9998 33400 -3794.53347686
3902154126 -42.32769 -31.75665 -3881.156 543.7062 9998 33400 -3865.30073168
3902154129 -42.8575 -31.57075 -3730.307 123.8976 -1 33400 -3736.14919363
3902154132 -42.54601 -31.74047 -3745.185 301.0028 -1 33400 -3780.56262608
3902154135 -41.959 -32.97284 -4472.124 206.2188 9998 33400 -4485.56005183
3902154136 -42.17928 -33.12259 -4500.753 288.3801 -1 33400 -4503.43069575
3902154137 -42.15705 -32.92516 -4426.139 189.0901 9998 33400 -4430.29588661
3902154138 -41.8704 -32.74911 -4363.749 117.7707 -1 33400 -4383.68503683
3902154139 -41.46392 -32.558 -4384.834 175.5978 9998 33400 -4403.95150294
3902154140 -41.18491 -32.46528 -4390.219 126.9976 -1 33400 -4404.5071845
3902154141 -40.92259 -32.67211 -4448.798 229.6814 -1 33400 -4465.01934424
3902154142 -41.39972 -33.69025 -4620.097 450.0144 -1 33400 -4634.82549426
3902154143 -40.84266 -35.05798 -4740.979 804.0842 9998 33400 -4735.92523621
3902154144 -40.32707 -34.95658 -4726.453 70.91563 9998 33400 -4735.81611246
3902154145 -40.53212 -34.81619 -4614.986 189.278 -1 33400 -4652.35978325
3902154146 -40.494 -35.10401 -4680.451 555.0788 9998 33400 -4655.95918343
3902154147 -40.46898 -34.79946 -4670.374 38.62013 -1 33400 -4805.87838247
3902154148 -40.46498 -33.9188 -4606.499 971.7015 9998 33400 -4669.91101427
3902154149 -40.72904 -33.41108 -4688.029 584.2711 9998 33400 -4691.58786081
3902154150 -40.56264 -33.08388 -4717.788 222.0125 -1 33400 -4719.86894221
3902154151 -40.20739 -33.02788 -4703.53 411.4146 -1 33400 -4720.42337661
3902154152 -39.95379 -32.82462 -4764.515 592.7209 -1 33400 -4757.35836463
3902154153 -39.7421 -32.70744 -4739.89 516.3297 9998 33400 -4718.38538331
3902154154 -39.65244 -32.39591 -4627.307 349.4623 -1 33400 -4639.20710066
3902154155 -39.84611 -32.27234 -4299.403 447.8897 -1 33400 -4340.03044963
3902154156 -40.18643 -32.38638 -4369.817 408.5811 9998 33400 -4356.83687598
3902154157 -40.47414 -32.49718 -3882.282 279.0233 -1 33400 -3886.39916185
3902154159 -40.52669 -32.32329 -3754.858 293.3664 9998 33400 -4239.8765066
3902154161 -40.18036 -32.27324 -4232.919 369.7166 -1 33400 -4228.23522476
3902154162 -40.19505 -32.53922 -4379.393 388.6864 -1 33400 -4388.48259008
3902154165 -41.6945 -32.80362 -4448.166 145.5443 -1 33400 -4454.47110758
3902154166 -42.33352 -32.96139 -4423.499 264.0229 9998 33400 -4432.7225227
3902154167 -42.66448 -32.94258 -4384.304 196.0957 -1 33400 -4395.80047006
3902154168 -42.67995 -33.20137 -4442.765 201.7353 -1 33400 -4465.94162869
3902154169 -42.48797 -33.45059 -4494.697 139.5423 -1 33400 -4508.97034103
3902154170 -42.52229 -33.58149 -4523.913 303.803 9998 33400 -4504.93495515
3902154171 -42.57567 -33.14905 -4452.121 265.3686 -1 33400 -4458.57363955
3902154172 -42.43826 -33.01991 -4440.109 323.9601 9998 33400 -4449.51590066
3902154173 -42.06461 -33.13482 -4520.681 277.2438 9998 33400 -4519.8623237
3902154174 -42.21443 -33.60249 -4535.376 381.9573 -1 33400 -4574.7005713
3902154175 -41.79331 -34.52078 -4681.755 1044.009 -1 33400 -4679.38060517
3902154176 -41.56533 -35.33492 -4806.504 1269.519 9998 33400 -4795.75122047
3902154177 -41.40934 -35.07138 -4756.706 1095.73 -1 33400 -4760.20797127
3902154178 -41.65673 -34.5911 -4679.88 946.1562 9998 33400 -4682.93477386
390215523 -29.93532 -16.94713 -4900.023 1141.203 9998 33400 -4877.59921633
390215524 -29.923 -16.9421 -4896.429 1142.477 9998 33400 -4872.85021409
390215525 -29.92104 -16.94571 -4896.816 1150.739 9998 33400 -4874.57811564
390215526 -29.86147 -16.93236 -4879.036 1142.321 9998 33400 -4869.81835828
390215527 -29.81998 -16.95518 -4880.002 1153.852 9998 33400 -4892.05425882
390215528 -29.81944 -16.91677 -4916.356 1162.948 9998 33400 -4894.13198532
390215529 -29.85467 -16.77934 -4910.365 1098.024 9998 33400 -4890.90290342
390215530 -29.93221 -16.62765 -4942.371 967.7234 9998 33400 -4886.85562405
390215531 -30.01838 -16.60685 -4930.522 923.8 9998 33400 -4912.76047043
390215532 -30.0747 -16.61308 -4939.946 905.1557 9998 33400 -4932.75887969
390215533 -30.10555 -16.61661 -4938.488 894.6666 9998 33400 -4939.45168223
390215534 -30.07384 -16.67025 -4942.068 966.8274 9998 33400 -4933.38701729
390215535 -29.94783 -16.75106 -4938.454 1094.53 9998 33400 -4902.67123824
390215536 -29.63033 -16.89231 -4941.333 1172.75 9998 33400 -4907.5854832
390215537 -29.38084 -17.1567 -4974.587 1128.831 9998 33400 -4935.79339195
390215538 -29.29601 -17.47854 -4985.869 963.4271 9998 33400 -4962.14837725
390215539 -29.32276 -17.76893 -4974.038 852.6752 9998 33400 -4959.99868742
390215540 -29.3493 -18.01562 -4931.422 794.4116 -1 33400 -4960.77587188
390215541 -29.16803 -18.32542 -5072.946 881.8812 9998 33400 -5036.91087519
390215542 -28.9606 -18.64013 -4976.619 624.5632 9998 33400 -5007.77428807
390215543 -28.77283 -18.74916 -5078.748 511.4841 9998 33400 -5149.61853131
390215544 -28.70836 -18.65632 -4873.338 598.9804 9998 33400 -5036.78373678
390215546 -28.71058 -18.54226 -5209.939 856.8532 9998 33400 -5221.46113547
390215547 -28.74842 -18.5591 -4929.04 746.8749 9998 33400 -5082.08389075
390215548 -28.79331 -18.61137 -4999.742 705.6085 9998 33400 -4973.30964114
390215549 -28.84647 -18.63221 -5034.407 686.0556 9998 33400 -5033.90610029
390215550 -28.99175 -18.6225 -4968.755 664.2406 -1 33400 -4961.77324592
390215551 -29.09021 -18.73424 -4945.993 507.5866 9998 33400 -4985.12704975
390215552 -28.99847 -18.92554 -5012.959 273.8752 9998 33400 -4997.84293825
390215553 -28.51836 -19.08481 -5085.352 141.9371 9998 33400 -5160.42125106
390215554 -28.29101 -18.86937 -5296.671 399.0111 -1 33400 -5327.43243165
390215555 -28.14619 -18.85581 -5271.939 459.6605 9998 33400 -5292.40256194
390215556 -27.91155 -18.82799 -5025.127 498.7604 9998 33400 -5058.78018253
390215557 -27.54509 -18.91847 -5158.007 548.0547 9998 33400 -5339.48053399
390215558 -27.30308 -19.1041 -4930.055 339.1145 9998 33400 -5380.94840845
390215561 -27.16336 -19.30187 -4960.308 180.0667 9998 33400 -5085.28746342
390215563 -26.75848 -19.66822 -5553.993 114.3908 9998 33400 -5555.51778154
390215564 -26.75058 -19.74484 -5267.111 111.7109 9998 33400 -5320.84325437
390215565 -26.76039 -19.85131 -5301.221 178.2294 9998 33400 -5272.87478122
390215566 -26.75955 -19.94068 -5408.244 245.2388 9998 33400 -5434.75261845
390215567 -26.72557 -19.9925 -5471.231 292.7463 -1 33400 -5423.19370183
390215568 -26.68406 -19.92043 -5356.864 200.9228 -1 33400 -5333.28733694
390215569 -26.69182 -19.80104 -5103.002 129.832 9998 33400 -5202.64399728
390215571 -26.89129 -19.47037 -5237.316 141.7946 9998 33400 -5388.45470027
390215572 -26.97474 -19.44217 -5329.57 139.4955 9998 33400 -5373.01174311
390215573 -27.05995 -19.37155 -4912.783 134.9625 9998 33400 -5187.44693936
390215574 -27.08527 -19.29294 -5068.786 202.5467 9998 33400 -5273.20323379
390215576 -26.66146 -19.17407 -5388.028 367.8582 9998 33400 -5246.34380737
390215579 -26.27044 -19.73971 -5671.071 120.5815 9998 33400 -5783.41885038
390215580 -26.23031 -19.94427 -5490.823 228.886 9998 33400 -5586.76713814
390215581 -26.0054 -20.093 -5595.896 389.1129 9998 33400 -5854.94818717
390215582 -25.80523 -20.02539 -5828.76 386.0719 9998 33400 -5862.19877452
390215584 -25.52048 -19.90267 -5665.014 378.066 9998 33400 -5653.67890306
390215585 -25.38738 -20.11259 -5400.433 464.4936 9998 33400 -5700.247616
390215586 -25.56422 -20.47129 -5499.663 648.4397 9998 33400 -5390.31639102
390215587 -25.81384 -20.68906 -5529.144 918.3431 9998 33400 -5637.12654633
390215588 -26.02782 -20.77954 -5206.833 869.1689 9998 33400 -5293.29476782
390215589 -26.19645 -20.79891 -5366.181 1026.619 9998 33400 -5305.25054967
390215590 -26.26633 -20.85953 -5355.689 1031.478 9998 33400 -5353.58670346
390215591 -26.23041 -20.94192 -5152.927 925.873 9998 33400 -5322.84028326
390215593 -26.15012 -21.17356 -5541.185 1034.582 9998 33400 -5807.37438319
390215594 -26.17098 -21.29236 -5335.184 982.4214 9998 33400 -5624.68807352
390215595 -26.17477 -21.4318 -5339.985 1019.586 9998 33400 -5549.40118097
390215597 -26.23645 -21.66058 -5481.526 1150.11 9998 33400 -5539.02294524
390215599 -26.22994 -21.45404 -5569.569 1129.1 9998 33400 -5623.79990413
3902155100 -26.18602 -21.29674 -5597.422 1131.73 9998 33400 -5611.12958658
3902155103 -25.94966 -21.36198 -5337.779 1009.627 9998 33400 -5454.36391564
3902155104 -25.94798 -21.54617 -5298.153 1067.636 9998 33400 -5615.18063743
3902155105 -26.09601 -21.65799 -5301.315 1017.436 9998 33400 -5556.53789938
3902155106 -26.25392 -21.78244 -5309.032 1018.282 9998 33400 -5432.91084357
3902155109 -26.55551 -22.2777 -5607.534 902.8571 9998 33400 -5620.46300002
3902155110 -26.53939 -22.27495 -5602.112 904.7634 9998 33400 -5659.81738622
3902155111 -26.54751 -22.25932 -5569.961 901.5765 9998 33400 -5626.09767521
3902155112 -26.6306 -22.22736 -5530.353 880.6414 9998 33400 -5520.23541093
3902155113 -26.7751 -22.4911 -5491.989 840.2979 9998 33400 -5539.50228975
3902155114 -26.57866 -22.76651 -5293.469 690.4739 9998 33400 -5480.32297897
3902155115 -26.3744 -22.8363 -5279.771 711.6789 9998 33400 -5438.45766089
3902155116 -26.23692 -22.76158 -5470.091 812.0221 -1 33400 -5442.5175141
3902155117 -26.29812 -22.58275 -5404.446 872.6241 9998 33400 -5559.64236332
3902155118 -26.51591 -22.45011 -5452.08 853.218 9998 33400 -5581.59606291
3902155120 -26.50224 -22.27621 -5359.283 847.3091 9998 33400 -5642.62602747
3902155121 -26.39494 -22.18747 -5269.423 875.9208 9998 33400 -5506.57029857
3902155122 -26.26415 -22.17845 -5386.946 909.998 9998 33400 -5443.74025414
3902155123 -26.12774 -22.21774 -5406.901 972.1018 9998 33400 -5366.16062015
3902155124 -26.12159 -22.23841 -5389.349 1355.698 9998 33400 -5345.54175334
390215615 -34.62535 -28.07824 -4406.848 209.0275 9998 33400 -4478.42936676
390215616 -34.63802 -28.08402 -4405.191 213.444 9998 33400 -4480.16042395
390215617 -34.6258 -28.09202 -4402.27 211.3782 9998 33400 -4474.69929769
390215618 -34.62833 -28.11001 -4394.673 215.2697 9998 33400 -4468.4645619
390215622 -34.539 -27.88103 -4450.313 137.8287 -1 33400 -4458.70569167
390215623 -34.42002 -27.91531 -4422.375 174.6164 -1 33400 -4406.42368293
390215624 -34.3192 -28.08709 -4466.783 220.3763 -1 33400 -4471.42607691
390215625 -34.21996 -28.1486 -4422.492 210.0631 -1 33400 -4426.92945354
390215626 -34.14186 -28.19156 -4375.569 172.996 -1 33400 -4383.14273182
390215627 -34.15032 -28.27044 -4334.564 141.1135 -1 33400 -4331.88427363
390215628 -34.18995 -28.32821 -4301.349 112.4265 9998 33400 -4329.44661258
390215629 -34.20818 -28.40872 -4246.503 62.1486 -1 33400 -4264.32237748
390215630 -34.23719 -28.48497 -4186.97 27.90811 -1 33400 -4199.33387636
390215631 -34.24929 -28.57397 -4120.792 23.26476 -1 33400 -4115.64593596
390215632 -34.29624 -28.59609 -4091.651 45.86955 -1 33400 -4089.35827218
390215633 -34.49174 -28.58435 -4132.091 114.1048 -1 33400 -4133.00409425
390215634 -34.67362 -28.60638 -4209.431 193.142 -1 33400 -4208.35580437
390215635 -34.84781 -28.62236 -4301.641 241.6482 -1 33400 -4303.32557654
390215636 -35.03764 -28.65072 -4319.057 266.1059 -1 33400 -4323.90554228
390215638 -35.33776 -28.79759 -4349.183 379.7823 9998 33400 -4338.50551227
390215639 -35.34931 -28.86411 -4262.03 415.3888 9998 33400 -4332.46014045
390215640 -35.30071 -28.89959 -4186.543 455.0714 9998 33400 -4260.38421343
390215641 -35.3021 -28.9158 -4156.049 472.9614 9998 33400 -4228.35525489
390215642 -35.34634 -28.92467 -4196.373 485.7179 9998 33400 -4239.85186654
390215643 -35.47312 -28.98285 -3992.307 543.6528 -1 33400 -4016.85393808
390215644 -35.68291 -29.01509 -3931.165 611.9971 9998 33400 -3926.60311279
390215645 -35.94489 -28.99656 -3943.261 684.7045 9998 33400 -3914.46859495
390215646 -36.11145 -29.02181 -3854.113 752.931 9998 33400 -3874.67061135
390215650 -35.98409 -29.11778 -3752.319 873.2261 9998 33400 -3768.94057758
390215651 -35.81555 -29.20696 -3669.422 977.65 -1 33400 -3685.09951571
390215652 -35.59789 -29.26484 -3647.731 1058.113 9998 33400 -3634.72010853
390215655 -34.70725 -28.75573 -4154.152 308.3033 -1 33400 -4159.11140355
390215657 -34.74275 -29.12556 -3404.519 933.5898 -1 33400 -3465.72565669
390215658 -34.84099 -29.24298 -3211.162 1042.908 -1 33400 -3214.9334547
390215664 -35.74069 -28.91718 -4045.842 520.0134 -1 33400 -4068.33540651
390215665 -35.57676 -29.10459 -3785.306 689.1041 9998 33400 -3786.81032649
390215667 -35.56371 -29.16875 -3748.205 884.3075 9998 33400 -3753.04789006
390215669 -35.56695 -29.27668 -3624.391 1075.809 -1 33400 -3643.14320711
390215671 -35.49855 -29.42822 -3647.586 1343.577 -1 33400 -3684.99480943
390215672 -35.47525 -29.45933 -3698.244 1480.47 -1 33400 -3764.73597432
390215674 -35.62381 -29.51085 -3235.159 1495.13 -1 33400 -3251.87603171
390215678 -36.47074 -29.04752 -3843.472 875.9119 -1 33400 -3853.07469325
390215680 -36.99153 -28.79086 -3176.934 367.5087 -1 33400 -3185.8228102
390215684 -36.75747 -28.64187 -4264.636 465.1843 -1 33400 -4267.25782838
390215685 -36.27425 -28.43449 -4384.539 309.5873 -1 33400 -4385.95178786
390215686 -35.91156 -28.49433 -4335.561 417.4868 -1 33400 -4331.68483442
390215687 -35.56767 -28.56498 -4340.209 373.6636 -1 33400 -4350.51431396
390215688 -35.40802 -28.71225 -4316.213 340.9122 -1 33400 -4326.33394229
390215689 -35.3804 -28.78293 -4386.854 381.0403 -1 33400 -4339.24366178
390215690 -35.37137 -28.81501 -4310.922 385.1783 9998 33400 -4327.53059671
390215691 -35.3454 -28.87932 -4247.419 449.207 9998 33400 -4320.1529694
390215692 -35.38811 -28.94843 -4218.96 529.5112 -1 33400 -4192.06105578
390215693 -35.4134 -29.0095 -4151.537 618.0704 -1 33400 -4165.93698881
390215694 -35.38105 -29.0326 -4111.682 672.6252 -1 33400 -4123.6386063
390215695 -35.36614 -29.01687 -4105.548 634.3224 -1 33400 -4121.62300139
390215696 -35.3155 -29.00538 -4078.853 602.0078 9998 33400 -4084.42425125
390215697 -35.25489 -28.94664 -4112.587 552.234 9998 33400 -4152.96977302
390215698 -35.27174 -28.8632 -4235.836 443.3552 9998 33400 -4269.32694221
390215699 -35.14555 -28.65825 -4332.974 281.2151 -1 33400 -4346.70614225
3902156100 -34.99572 -28.59708 -4332.8 238.5826 -1 33400 -4328.31939872
3902156101 -35.02376 -28.81545 -4218.127 435.8907 -1 33400 -4237.32131177
3902156102 -35.43978 -29.04516 -4138.374 672.3408 -1 33400 -4148.68185895
3902156103 -35.72274 -29.08406 -3771.456 690.6534 9998 33400 -3790.2643057
3902156104 -35.98435 -29.20393 -3629.588 973.1346 9998 33400 -3635.7912079
3902156106 -36.51506 -29.05091 -3797.812 869.6339 -1 33400 -3827.23922148
3902156109 -36.85275 -29.00796 -3582.67 735.8994 -1 33400 -3587.51945846
3902156110 -36.9298 -28.83807 -3454.344 455.0082 -1 33400 -3455.14128107
3902156111 -37.12029 -28.69249 -3459.953 509.402 -1 33400 -3373.70249997
3902156113 -37.41997 -28.42378 -4348.628 615.5391 -1 33400 -4370.37225101
3902156114 -37.3128 -28.57916 -4139.498 607.088 -1 33400 -4195.74650059
3902156116 -36.25589 -28.59297 -4297.074 430.1391 -1 33400 -4297.83972989
3902156117 -36.26115 -28.72738 -4167.8 483.8936 9998 33400 -4173.92636326
3902156118 -36.46253 -28.70205 -4243.193 491.4921 9998 33400 -4246.58224735
3902156119 -36.64389 -28.68825 -4226.35 469.2162 -1 33400 -4238.2464
3902156120 -36.9203 -28.54628 -4380.024 615.5283 -1 33400 -4316.38317757
3902156123 -37.13819 -27.38532 -4651.22 467.1108 -1 33400 -4676.58287554
3902156124 -37.04516 -26.94168 -4585.646 432.4029 -1 33400 -4600.41607843
3902156125 -37.12492 -26.86253 -4548.327 439.7855 -1 33400 -4587.60203614
3902156126 -37.45701 -26.82951 -4519.255 442.8897 -1 33400 -4537.27202999
3902156127 -37.57519 -26.9943 -4638.816 405.1782 -1 33400 -4650.23325326
3902156128 -37.32038 -27.06882 -4566.445 428.0943 -1 33400 -4591.09104834
3902156129 -37.42842 -27.45486 -4588.971 425.4047 -1 33400 -4600.19552007
3902156130 -37.00959 -27.69391 -4666.86 462.7208 -1 33400 -4675.42133809
3902156131 -36.93016 -27.59712 -4663.297 428.7818 9998 33400 -4662.25657428
3902156132 -36.94691 -27.80029 -4686.165 449.7504 -1 33400 -4708.9218572
3902156133 -37.15406 -27.86163 -4663.689 454.1803 9998 33400 -4638.52830233
3902156134 -37.31402 -27.96205 -4679.304 459.7767 -1 33400 -4669.97286711
3902156135 -37.53135 -27.91662 -4660.073 460.1035 -1 33400 -4670.86537362
3902156136 -37.77053 -27.9754 -4431.21 337.1067 -1 33400 -4452.24178206
3902156137 -38.22915 -28.01795 -4540.248 298.7703 -1 33400 -4612.74970019
3902156138 -38.31915 -28.08893 -4579.707 420.5477 -1 33400 -4634.80064466
3902156139 -38.60219 -28.17745 -4201.777 729.2515 -1 33400 -4209.13676807
3902156140 -39.37018 -28.70969 -3985.373 858.0799 9998 33400 -3999.87902886
3902156141 -39.72235 -28.83227 -3886.651 760.1953 -1 33400 -3903.06233879
3902156142 -39.59437 -29.08846 -3866.383 574.6005 -1 33400 -3863.34897765
3902156144 -39.60978 -29.5445 -3877.071 476.1377 -1 33400 -3905.98464051
3902156145 -39.93999 -29.55163 -3640.912 487.8822 9998 33400 -3652.23781026
3902156146 -40.00278 -29.56276 -3649.402 464.4181 -1 33400 -3659.44400678
3902156147 -40.0503 -29.52459 -3719.016 509.931 -1 33400 -3680.05545106
3902156149 -40.28227 -28.86609 -3804.599 920.7089 9998 33400 -3761.04220337
3902156154 -41.27732 -28.00941 -3166.556 131.274 -1 33400 -3174.86714839
3902156155 -41.06569 -28.05254 -3146.582 155.3616 -1 33400 -3130.45051337
3902156156 -40.94658 -28.07839 -3177.304 137.4609 -1 33400 -3202.13528415
3902156157 -40.79455 -28.16699 -2579.262 177.2447 -1 33400 -2657.29732727
3902156159 -40.64646 -28.62694 -3929.138 1467.166 9998 33400 -3907.24587638
3902156160 -40.77833 -28.73789 -3820.638 1358.359 -1 33400 -3844.58571779
3902156161 -41.17304 -28.84475 -3783.431 1368.001 -1 33400 -3814.40723123
3902156162 -41.82439 -28.7859 -3944.399 1378.461 9998 33400 -3911.99471966
3902156164 -44.31798 -27.8758 -3583.569 773.1862 -1 33400 -3574.23727719
3902156165 -45.02948 -27.94023 -3173.522 290.188 -1 33400 -3180.35946586
3902156166 -45.21785 -28.32466 -3334.926 951.2969 -1 33400 -3348.36142824
3902156167 -45.35947 -28.68984 -3364.555 1051.613 -1 33400 -3344.24143354
3902156168 -45.60363 -29.60165 -3344.761 1056.409 9998 33400 -3355.97729897
3902156169 -45.75428 -30.43833 -3254.677 694.2057 -1 33400 -3257.45794725
3902156172 -44.82353 -31.4895 -3603.536 448.1219 -1 33400 -3611.89718561
3902156173 -44.31074 -31.01604 -3402.637 335.8286 -1 33400 -3419.5966929
3902156174 -44.31304 -30.73498 -3394.895 136.2222 9998 33400 -3405.48106948
3902156175 -43.96979 -31.17507 -3392.721 263.8824 -1 33400 -3418.31100269
3902156176 -43.75854 -31.02564 -3380.253 157.1914 -1 33400 -3399.98770521
3902156177 -43.58159 -31.10907 -3459.385 213.0167 -1 33400 -3446.83308513
3902156178 -43.46324 -31.22403 -3563.774 365.8297 9998 33400 -3559.94883213
3902156180 -43.16718 -31.95492 -3885.87 704.2164 9998 33400 -3843.77174242
3902156181 -42.8715 -32.32161 -3914.905 633.0461 9998 33400 -3934.08910596
390215714 -30.59534 -6.93695 -5328.59 1507.997 9998 33400 -5315.85737827
390215715 -30.60328 -6.97336 -5330.817 1568.59 -1 33400 -5326.24668989
390215716 -30.60704 -6.99128 -5331.592 1554.942 9998 33400 -5322.59168327
390215717 -30.56912 -7.02937 -5343.424 1618.929 9998 33400 -5337.23357062
390215718 -30.46023 -7.00978 -5360.793 1614.057 9998 33400 -5328.01000301
390215719 -30.23432 -6.97613 -5394.556 1677.474 -1 33400 -5360.8931115
390215720 -30.00108 -7.13674 -5421.793 1743.89 -1 33400 -5436.06939671
390215721 -29.88585 -7.44066 -5430.095 1875.234 9998 33400 -5436.9289438
390215722 -29.89123 -7.6517 -5435.791 1925.656 -1 33400 -5432.04750749
390215723 -29.84114 -7.55006 -5434.251 1918.066 9998 33400 -5442.58689756
390215724 -29.70496 -7.33342 -5449.894 1862.035 9998 33400 -5447.08746803
390215725 -29.63479 -7.14357 -5432.073 1769.175 9998 33400 -5436.73243495
390215726 -29.70415 -7.02753 -5355.455 1609.565 9998 33400 -5346.4671055
390215727 -29.8958 -6.90502 -5207.177 1569.825 9998 33400 -5124.37675987
390215728 -30.03143 -6.79431 -5269.411 1650.569 -1 33400 -5254.37536327
390215730 -30.32949 -6.78153 -5370.521 1545.83 9998 33400 -5326.78823369
390215731 -30.29362 -6.94363 -5381.95 1623.963 9998 33400 -5368.19093778
390215732 -30.30728 -7.06833 -5387.367 1706.762 -1 33400 -5365.48524234
390215733 -30.35967 -7.07597 -5382.418 1663.057 -1 33400 -5358.13382069
390215734 -30.45693 -7.17938 -5374.936 1669.115 9998 33400 -5359.01557711
390215735 -30.57622 -7.412 -5377.235 1785.2 -1 33400 -5393.62068547
390215736 -30.56186 -7.54102 -5381.682 1827.754 -1 33400 -5401.62184631
390215737 -30.56547 -7.43672 -5381.307 1732.672 -1 33400 -5390.99584931
390215738 -30.70506 -7.34081 -5350.565 1658.417 -1 33400 -5363.92367526
390215739 -30.83402 -7.18543 -5300.031 1537.893 -1 33400 -5276.55439314
390215740 -30.7886 -7.02763 -5288.502 1491.607 9998 33400 -5281.9290219
390215741 -30.74536 -7.02693 -5309.949 1510.764 9998 33400 -5292.07057812
390215742 -30.63831 -7.01679 -5326.64 1592.773 9998 33400 -5310.94984462
390215743 -30.4801 -6.94704 -5347.703 1598.02 9998 33400 -5313.28379675
390215744 -30.4747 -6.99055 -5355.847 1611.528 9998 33400 -5326.58750764
390215745 -30.54032 -7.19366 -5358.345 1713.503 9998 33400 -5325.93094173
390215746 -30.70809 -7.38139 -5358.419 1726.167 -1 33400 -5369.62433289
390215747 -30.90407 -7.45923 -5344.341 1682.256 -1 33400 -5354.64034146
390215748 -30.97556 -7.47226 -5335.317 1635.38 9998 33400 -5323.05977076
390215749 -31.06576 -7.47697 -5321.829 1582.789 9998 33400 -5298.07348288
390215750 -31.29731 -7.50898 -5283.979 1525.758 9998 33400 -5280.32055575
390215751 -31.53663 -7.57833 -5188.165 1518.542 9998 33400 -5197.57723012
390215752 -31.59762 -7.71654 -5180.478 1600.594 -1 33400 -5188.59326796
390215753 -31.54447 -7.89968 -5243.069 1833.975 9998 33400 -5214.74632609
390215754 -31.74214 -7.93821 -5157.243 1762.565 9998 33400 -5103.92703981
390215755 -31.89329 -8.14067 -5114.877 1809.344 -1 33400 -5101.48106789
390215756 -32.1127 -8.39521 -5026.644 1895.961 9998 33400 -5021.89262954
390215757 -32.45023 -8.79232 -4971.691 1352.102 9998 33400 -4967.12395148
390215758 -32.83743 -8.8756 -4831.606 1305.686 -1 33400 -4863.95125549
390215759 -33.20262 -9.10025 -4654.246 1195.842 9998 33400 -4655.9591534
390215760 -33.25526 -9.54751 -4724.821 1081.881 -1 33400 -4720.26031662
390215761 -33.21154 -10.07037 -4843.198 1137.232 -1 33400 -4846.97100597
390215762 -32.80584 -9.37215 -4850.691 992.3297 -1 33400 -4878.42771826
390215763 -33.80088 -9.258 -4425.039 1070.902 9998 33400 -4434.38642037
390215764 -33.98408 -10.44465 -4581.256 1296.583 -1 33400 -4601.97388059
390215765 -33.7848 -9.6242 -4638.604 1045.387 9998 33400 -4679.79501649
390215769 -33.49658 -11.46457 -4696.603 1320.354 -1 33400 -4709.09640219
390215770 -33.7719 -11.90104 -4420.072 893.59 -1 33400 -4435.39093786
390215771 -33.76665 -11.92184 -4424.16 930.646 -1 33400 -4404.66477509
390215772 -33.89641 -11.39811 -4568.647 1418.551 9998 33400 -4543.06596792
390215773 -33.394 -10.96545 -4605.995 1435.51 -1 33400 -4616.99891359
390215775 -33.69876 -11.01825 -4880.085 1388.237 -1 33400 -4791.83325572
390215776 -33.53839 -10.92836 -4954.55 1488.874 9998 33400 -4885.23103902
390215777 -33.68776 -11.2174 -4599.142 1360.186 9998 33400 -4603.95560507
390215778 -34.04201 -11.03388 -4576.103 1374.842 -1 33400 -4573.83100699
390215779 -34.2448 -11.08612 -4507.559 1449.769 -1 33400 -4514.91708125
390215780 -34.08568 -11.21038 -4703.552 1548.531 9998 33400 -4673.78906387
390215781 -34.0023 -11.0454 -4596.542 1326.474 -1 33400 -4643.60717783
390215782 -34.1181 -11.2964 -4763.165 1558.965 9998 33400 -4705.14931038
390215783 -34.02513 -11.56414 -4567.452 1260.552 -1 33400 -4563.6702171
390215784 -33.65395 -11.49555 -4776.649 1395.989 -1 33400 -4765.82065592
390215785 -33.28292 -11.66726 -4588.848 1109.16 -1 33400 -4579.11068512
390215790 -32.26925 -12.9861 -4558.637 982.6071 9998 33400 -4574.58281811
390215791 -32.3133 -12.61442 -4554.13 1029.994 -1 33400 -4574.58102507
390215792 -32.62073 -12.43224 -4618.498 1126.75 -1 33400 -4612.25715253
390215793 -32.73802 -12.3581 -4621.138 1081.207 9998 33400 -4611.26747146
390215794 -32.70331 -12.31616 -4622.994 1103.827 9998 33400 -4616.25066886
390215795 -32.51727 -12.35856 -4614.228 1091.205 9998 33400 -4598.60168854
390215796 -32.25133 -12.61981 -4598.026 1057.014 -1 33400 -4609.33714957
390215797 -32.28481 -12.89063 -4580.75 989.8417 -1 33400 -4573.23495252
390215798 -32.62809 -13.21366 -4512.16 924.3407 9998 33400 -4513.93602093
390215799 -32.64959 -13.55148 -4694.664 1160.042 -1 33400 -4705.86867048
3902157100 -32.7147 -13.69023 -4686.854 1156.765 -1 33400 -4695.70740847
3902157101 -32.50739 -13.81864 -4561.4 1101.735 9998 33400 -4525.24080774
3902157103 -32.13573 -14.05422 -4818.266 1096.231 9998 33400 -4843.65403301
3902157104 -32.1156 -14.28989 -4836.104 1218.686 -1 33400 -4836.05330054
3902157105 -32.21003 -14.61583 -4812.312 1078.411 -1 33400 -4795.51450258
3902157106 -32.40863 -14.99758 -4732.396 1188.486 9998 33400 -4717.35666558
3902157107 -32.63057 -15.46932 -4602.615 823.5031 9998 33400 -4611.21131825
3902157108 -32.85613 -15.75395 -4634.954 727.5646 9998 33400 -4621.57009929
3902157109 -33.06088 -15.87563 -4610.602 737.6846 9998 33400 -4611.81035527
3902157110 -33.11004 -15.77708 -4615.587 762.6852 -1 33400 -4622.87540561
3902157111 -33.0398 -15.6057 -4613.094 791.7276 9998 33400 -4611.40123349
3902157112 -32.85754 -15.8495 -4642.327 699.5676 9998 33400 -4629.90953784
3902157113 -32.77389 -16.21904 -4627.065 595.5546 9998 33400 -4615.89773524
3902157114 -32.59029 -16.32973 -4620.327 542.6996 -1 33400 -4628.05633927
3902157115 -32.40276 -16.01409 -4688.692 631.7657 9998 33400 -4697.55351685
3902157116 -32.12317 -15.72623 -4685.839 715.5846 -1 33400 -4696.15282371
3902157117 -31.91024 -15.9233 -4701.455 659.2806 -1 33400 -4733.60461873
3902157118 -31.95503 -16.18923 -4651.687 559.5015 9998 33400 -4668.2292974
3902157119 -31.81732 -16.23806 -4653.135 546.2457 -1 33400 -4661.83240765
3902157120 -31.62518 -16.12558 -4653.258 607.6829 -1 33400 -4671.37966808
3902157121 -31.68733 -16.02287 -4677.99 636.2026 9998 33400 -4688.03006174
3902157122 -31.74706 -15.9911 -4680.818 629.9301 9998 33400 -4699.7898969
3902157123 -31.86392 -15.94129 -4695.323 675.883 9998 33400 -4711.62469675
3902157124 -31.97091 -15.90921 -4724.217 677.022 -1 33400 -4749.96298322
3902157125 -32.00056 -15.84141 -4690.871 684.254 -1 33400 -4731.21665242
3902157126 -31.84572 -15.71501 -4723.97 762.3729 -1 33400 -4743.88525318
3902157127 -31.55492 -15.44401 -4740.077 1060.685 9998 33400 -4656.81092209
3902157128 -31.38788 -15.33323 -4726.875 1135.122 -1 33400 -4727.22363809
3902157129 -31.28073 -15.28461 -4731.359 1177.326 9998 33400 -4733.17337193
3902157130 -31.34756 -15.37165 -4726.575 1126.838 9998 33400 -4732.47347525
3902157131 -31.50668 -15.45546 -4756.12 1040.579 9998 33400 -4655.88906313
3902157132 -31.69684 -15.60709 -4753.461 869.1868 9998 33400 -4704.66869913
3902157133 -31.82394 -15.74132 -4779.878 768.1443 -1 33400 -4812.62215024
3902157134 -31.92043 -15.73443 -4705.389 771.0992 -1 33400 -4729.32979171
3902157135 -32.10881 -15.64701 -4697.724 773.7623 9998 33400 -4719.38348762
3902157136 -32.25306 -15.52349 -4678.978 878.473 9998 33400 -4709.55154028
3902157137 -32.33946 -15.39846 -4680.174 973.0258 9998 33400 -4765.2645489
3902157138 -32.59807 -15.10465 -4646.966 1152.667 9998 33400 -4660.79558028
3902157139 -32.59875 -14.9801 -4645.631 1132.094 -1 33400 -4660.15941988
3902157140 -32.52577 -14.77337 -4677.196 1170.392 9998 33400 -4709.07708535
3902157141 -32.34845 -14.84251 -4743.809 1178.586 9998 33400 -4729.53594758
3902157142 -32.21629 -14.94846 -4746.605 1220.423 9998 33400 -4805.76880105
3902157143 -32.10072 -15.16928 -4694.329 1181.458 9998 33400 -4674.70094147
3902157144 -32.0866 -15.22778 -4690.813 1162.125 9998 33400 -4687.08230405
3902157145 -32.19471 -15.22251 -4719.216 1121.654 9998 33400 -4719.20997322
3902157146 -32.28367 -15.05435 -4750.861 1236.913 -1 33400 -4743.91696733
3902157147 -32.58863 -14.93967 -4632.894 1145.838 -1 33400 -4630.68529057
3902157148 -32.9064 -14.69672 -4546.04 1090.208 9998 33400 -4547.50745954
3902157149 -33.28424 -14.53796 -4552.496 1059.227 9998 33400 -4536.63828477
3902157150 -33.51106 -14.3301 -4575.119 1131.346 9998 33400 -4559.60547682
3902157152 -33.27744 -14.25718 -4558.101 1075.12 9998 33400 -4539.41462246
3902157153 -33.08075 -14.47903 -4544.625 1026.015 9998 33400 -4536.00525626
3902157154 -33.10392 -14.7369 -4545.837 1084.556 -1 33400 -4549.92774493
3902157155 -33.18656 -14.99631 -4548.119 1107.312 -1 33400 -4553.82418766
3902157156 -32.94641 -15.19369 -4541.75 1012.928 9998 33400 -4549.70269556
3902157157 -32.73763 -15.03647 -4562.029 1094.529 9998 33400 -4572.71107327
3902157158 -32.72583 -14.87191 -4569.85 1166.329 9998 33400 -4582.05244252
3902157159 -32.86684 -14.83578 -4532.188 1129.87 -1 33400 -4545.9334375
3902157160 -32.98728 -14.90078 -4545.121 1175.072 -1 33400 -4546.27256021
3902157161 -33.11244 -15.00776 -4543.639 1067.348 -1 33400 -4560.52197691
3902157162 -33.11974 -15.09751 -4543.231 1073.999 -1 33400 -4558.32021499
3902157163 -33.01894 -15.02267 -4541.397 1114.084 -1 33400 -4544.8341327
3902157164 -32.9439 -15.11456 -4528.334 1069.293 -1 33400 -4546.01608296
3902157165 -32.83568 -15.3024 -4541.63 1004.162 -1 33400 -4552.26201608
3902157166 -32.76952 -15.38675 -4558.451 907.9736 9998 33400 -4563.58441241
3902157167 -32.71518 -15.44598 -4589.483 870.7487 9998 33400 -4603.18614513
3902157168 -32.81531 -15.61712 -4624.768 770.4808 9998 33400 -4598.20502275
3902157169 -33.15878 -15.72744 -4606.159 774.9288 9998 33400 -4614.66999357
3902157170 -33.52378 -15.59297 -4545.169 782.8069 9998 33400 -4544.87122427
3902157171 -33.82926 -15.44474 -4521.45 715.8138 9998 33400 -4513.61498807
3902157172 -34.04633 -15.38055 -4515.234 638.7565 9998 33400 -4513.62538922
3902157173 -34.10373 -15.40073 -4511.433 608.3508 9998 33400 -4496.78270954
3902157174 -33.91712 -15.36638 -4524.29 691.3318 9998 33400 -4523.49148667
3902157175 -33.66889 -15.31724 -4538.999 811.6657 9998 33400 -4540.38604938
3902157176 -33.53449 -15.11685 -4546.634 934.8433 9998 33400 -4543.19579296
390215912 -25.09286 -18.27351 -4911.338 969.6759 -1 33400 -4785.63720568
390215916 -25.31626 -18.3237 -5709.487 1008.528 9998 33400 -5692.80861701
390215917 -25.46127 -18.38439 -5368.874 929.6389 9998 33400 -5232.69498546
390215918 -25.59424 -18.41086 -5148.254 878.2966 9998 33400 -5194.2162775
390215920 -25.60766 -18.46632 -4783.482 768.1129 9998 33400 -5163.64366458
390215922 -25.60469 -18.61344 -5089.953 766.9108 9998 33400 -5439.16664935
390215923 -25.72312 -18.51654 -5289.89 824.2101 9998 33400 -5380.12721193
390215924 -25.66728 -18.42002 -5549.639 929.2327 9998 33400 -5313.80594527
390215925 -25.67367 -18.40684 -5572.896 947.718 9998 33400 -5356.19193242
390215926 -25.74232 -18.3678 -5374.406 923.0403 9998 33400 -5391.88296448
390215927 -25.66794 -18.31183 -5457.12 996.6784 -1 33400 -5540.04952547
390215928 -25.6157 -18.40835 -5053.6 793.5482 9998 33400 -5212.51891028
390215929 -25.6352 -18.51426 -5258.944 898.7261 9998 33400 -5298.95904905
390215932 -25.75397 -18.85144 -5749.4 694.9884 9998 33400 -5688.79247409
390215933 -25.87407 -18.94329 -5694.377 609.8511 9998 33400 -5704.54025113
390215934 -25.8279 -18.89215 -5768.554 662.801 9998 33400 -5745.6894726
390215935 -25.74229 -18.90711 -5809.588 680.438 9998 33400 -5619.52025
390215937 -25.647 -18.84118 -5810.868 729.2408 9998 33400 -5717.48534903
390215938 -25.52352 -18.84028 -5729.655 727.8603 9998 33400 -5699.68473407
390215939 -25.4466 -18.86932 -5601.717 711.1716 9998 33400 -5793.73847307
390215940 -25.42101 -18.92986 -5647.609 689.1243 9998 33400 -5659.22994057
390215941 -25.56837 -19.03151 -5612.127 579.236 9998 33400 -5606.04513071
390215943 -25.98263 -19.22974 -4822.546 344.8745 9998 33400 -5143.91161519
390215944 -25.97447 -19.21896 -4695.868 322.4319 9998 33400 -5120.61535518
390215947 -25.74268 -18.75352 -5578.02 697.3981 9998 33400 -5537.80659424
390215948 -25.5281 -18.6936 -5568.544 794.8845 9998 33400 -5700.17120873
390215950 -25.36504 -18.79822 -5556.692 737.6136 -1 33400 -5506.73958662
390215951 -25.26168 -18.81846 -5707.781 793.7327 9998 33400 -5746.36646216
390215959 -24.75136 -18.94452 -5641.601 886.3781 9998 33400 -5497.72622391
390215960 -24.70172 -18.9811 -4848.176 789.6153 9998 33400 -5358.68391914
390215962 -24.64135 -18.76386 -5846.313 996.9176 9998 33400 -5547.97327597
390215967 -24.79119 -18.97781 -5258.226 799.0193 9998 33400 -5270.11353901
390215968 -24.86071 -19.02637 -5055.076 848.233 9998 33400 -5172.95742836
390215971 -24.90168 -19.40451 -5191.637 562.9479 9998 33400 -5556.32476376
390215973 -24.81708 -19.51882 -5225.658 514.6961 9998 33400 -5112.75540138
390215974 -24.78571 -19.50693 -5002.208 521.6215 9998 33400 -5120.83367865
390215976 -24.44422 -19.59279 -5254.451 463.7082 9998 33400 -5065.89225723
390215977 -24.42024 -19.57422 -5154.223 508.191 9998 33400 -5038.5620577
390215983 -24.23091 -19.82209 -5348.75 348.2173 9998 33400 -5240.61585597
390215984 -24.21063 -19.76577 -5240.428 359.5983 9998 33400 -5175.45769152
390215987 -24.21073 -19.66041 -5281.882 409.705 9998 33400 -5236.35611729
390215993 -24.50534 -19.89538 -5719.141 435.2444 9998 33400 -5631.33059594
390215996 -24.79676 -19.98883 -5383.604 458.2221 9998 33400 -5340.01720174
390215998 -24.70492 -20.00912 -5100.222 430.2005 9998 33400 -5001.12412028
390215999 -24.678 -19.97215 -4739.03 392.4838 9998 33400 -4882.66766488
3902159105 -24.7564 -20.43755 -5867.126 649.5925 9998 33400 -5767.12088112
3902159106 -24.67138 -20.50986 -5639.437 658.6005 9998 33400 -5550.6368207
3902159107 -24.582 -20.53337 -5662.186 697.9418 9998 33400 -5728.26113904
3902159108 -24.52488 -20.59499 -5523.749 714.4445 -1 33400 -5593.81135018
3902159109 -24.51453 -20.63417 -5130.121 694.6437 -1 33400 -5110.85555849
3902159113 -24.98025 -20.54507 -5485.684 708.9578 9998 33400 -5561.27823288
3902159115 -25.35387 -20.26686 -5015.191 486.5493 9998 33400 -5213.76292078
3902159117 -25.48168 -19.96452 -5717.666 448.6283 9998 33400 -5725.3974129
3902159118 -25.45325 -19.86036 -5327.792 377.274 9998 33400 -5452.38566203
3902159119 -25.45631 -19.81793 -5223.724 369.4879 9998 33400 -5392.87245615
3902159120 -25.48222 -19.87758 -5509.354 413.8381 9998 33400 -5514.94490202
3902159121 -25.42288 -20.01605 -5709.709 487.624 -1 33400 -5801.67832187
3902159122 -25.39956 -20.12741 -5263.695 453.0275 9998 33400 -5543.68846191
3902159123 -25.42108 -20.30208 -5510.958 597.9424 9998 33400 -5286.35240034
3902159124 -25.40157 -20.35114 -5360.605 617.9048 9998 33400 -5323.29479389
3902159125 -25.3318 -20.35817 -5271.382 606.4176 9998 33400 -5271.44865475
3902159126 -25.27023 -20.34649 -5316.776 606.3529 9998 33400 -5330.74826699
3902159127 -25.21224 -20.32701 -5250.537 580.8625 9998 33400 -5465.05078641
3902159128 -25.19728 -20.30309 -5303.698 539.2943 -1 33400 -5481.01553517
3902159129 -25.18406 -20.2709 -5361.504 553.6417 9998 33400 -5520.14650723
3902159130 -25.22699 -20.27489 -4943.317 511.2371 9998 33400 -5052.04626846
3902159131 -25.27646 -20.26269 -5224.362 580.4603 9998 33400 -5103.63207542
3902159133 -25.32772 -20.17447 -5194.216 513.7501 9998 33400 -5359.24008526
3902159136 -25.21875 -20.01514 -5820.732 588.4245 9998 33400 -5622.44775104
3902159137 -25.22817 -20.05336 -5333.065 542.1312 9998 33400 -5560.18957436
3902159141 -25.00826 -20.1908 -4829.759 501.1561 9998 33400 -4812.92347194
3902159143 -24.56883 -20.23818 -5384.105 423.7769 9998 33400 -5375.82212111
3902159144 -24.35807 -20.20933 -5474.359 406.1625 9998 33400 -5279.72101368
3902159145 -24.24719 -20.13417 -5017.561 312.8636 9998 33400 -4990.68280888
3902159148 -24.25557 -19.74223 -5389.499 412.1329 9998 33400 -5352.37017037
3902159149 -24.38639 -19.63945 -5184.87 430.7472 9998 33400 -5096.5274852
3902159150 -24.53156 -19.60648 -5130.337 475.6985 9998 33400 -5120.53815477
3902159151 -24.63632 -19.54191 -5334.001 541.5401 9998 33400 -5113.23195197
3902159152 -24.83801 -19.44146 -5446.498 595.8498 9998 33400 -5456.74316095
3902159155 -25.06137 -19.23632 -5395.474 573.7723 -1 33400 -5423.41063855
3902159156 -25.08086 -19.22892 -5448.406 577.2302 -1 33400 -5502.82335154
3902159157 -25.09208 -19.2055 -5327.995 566.5902 -1 33400 -5349.77156962
3902159158 -24.98328 -19.22706 -5191.3 574.335 -1 33400 -5215.41100583
3902159159 -24.87101 -19.25421 -5368.999 635.9008 9998 33400 -5415.90911267
3902159160 -24.7037 -19.32315 -5342.214 629.0486 9998 33400 -5420.11366009
3902159161 -24.60558 -19.43072 -5331.805 583.6913 9998 33400 -5242.74079598
3902159162 -24.51502 -19.57473 -5031.612 478.4841 9998 33400 -5081.49079742
3902159163 -24.43198 -19.67799 -5181.656 441.814 9998 33400 -5130.36281979
3902159164 -24.36561 -19.73198 -5274.973 428.4763 -1 33400 -5289.13651333
3902159166 -24.26425 -19.818 -5815.768 404.0927 9998 33400 -5436.34467326
3902159169 -24.4501 -19.88891 -5799.388 441.2278 9998 33400 -5729.6205977
3902159170 -24.57264 -19.87994 -5566.034 437.2005 9998 33400 -5376.72444166
3902159172 -24.81954 -19.86306 -5817.784 532.6942 9998 33400 -5576.4226778
3902159173 -24.8128 -20.01789 -5255.969 438.674 9998 33400 -5147.75343115
390216013 -38.80825 -28.88898 -4467.09 860.9505 -1 33400 -4504.81962002
390216014 -38.82313 -28.87039 -4400.544 827.0825 -1 33400 -4427.35871337
390216015 -38.81644 -28.83449 -4326.394 857.4433 -1 33400 -4351.93031362
390216016 -38.99836 -28.79504 -4072.098 746.0969 -1 33400 -4077.18134269
390216017 -39.0417 -28.82954 -4101.71 791.0037 -1 33400 -4105.62120583
390216018 -39.17198 -28.91391 -4028.591 732.1133 9998 33400 -4024.99391098
390216019 -39.35084 -29.09993 -4142.351 645.5764 -1 33400 -4148.8949378
390216020 -39.6936 -29.265 -4192.56 507.8449 -1 33400 -4173.39196515
390216021 -40.0169 -29.4419 -3805.5 431.8494 -1 33400 -3808.38680381
390216023 -40.1654 -29.34669 -4101.837 485.3909 -1 33400 -4111.90346464
390216024 -40.13404 -29.33062 -4133.995 482.5656 -1 33400 -4122.09304462
390216025 -40.19231 -29.37488 -4092.572 468.9241 -1 33400 -4115.12476202
390216026 -40.01857 -29.25923 -4098.26 470.5999 9998 33400 -4103.74811579
390216028 -39.91414 -29.40869 -3797.412 436.9116 -1 33400 -3803.85378239
390216030 -40.32825 -30.187 -3686.317 135.2659 -1 33400 -3698.92611078
390216032 -40.20213 -30.84668 -3802.536 181.8092 -1 33400 -3815.36312003
390216033 -40.09051 -30.84649 -3791.512 166.4741 -1 33400 -3807.88936893
390216036 -39.79171 -30.54356 -4037.816 205.6487 -1 33400 -4152.17642121
390216038 -39.88783 -30.0437 -3261.333 121.1969 -1 33400 -3268.70473505
390216039 -40.11539 -30.25557 -2856.892 68.48894 -1 33400 -2824.90497449
390216041 -40.10837 -29.64044 -3490.181 432.7093 -1 33400 -3347.3546373
390216043 -40.80387 -29.46116 -3771.441 405.3897 -1 33400 -3751.55031001
390216044 -41.08422 -29.46008 -3856.321 491.3819 -1 33400 -3874.7452857
390216045 -41.43388 -29.60256 -3676.239 390.0744 -1 33400 -3704.44842858
390216048 -42.94856 -29.55552 -4024.197 724.0686 -1 33400 -4033.09097185
390216049 -43.61369 -28.95756 -3898.902 1134.305 -1 33400 -3904.48263046
390216050 -43.38556 -28.17687 -3478.854 709.0484 9998 33400 -3514.73231365
390216051 -44.0506 -28.24987 -3550.549 1148.7 9998 33400 -3559.41708472
390216052 -44.26044 -28.04684 -3496.282 887.1112 -1 33400 -3498.84250212
390216054 -45.03474 -28.82186 -3535.25 1334.355 -1 33400 -3551.7545077
390216055 -45.34388 -29.54884 -3543.546 1028.359 9998 33400 -3528.87046555
390216056 -45.28826 -30.12198 -3462.69 852.1996 9998 33400 -3477.53826232
390216057 -45.29286 -30.6414 -3495.568 430.1916 9998 33400 -3479.79926289
390216058 -46.16942 -31.32152 -3522.921 133.3159 9998 33400 -3506.51575187
390216059 -46.74492 -31.37196 -3409.965 401.3659 -1 33400 -3419.63762762
390216060 -46.535 -31.72158 -3480.802 338.1658 9998 33400 -3497.36803752
390216061 -46.41218 -31.79829 -3544.953 323.0709 9998 33400 -3563.30763162
390216062 -46.34023 -31.62276 -3565.317 214.9536 9998 33400 -3590.60136608
390216063 -46.15517 -31.51503 -3572.771 129.0897 9998 33400 -3570.00645694
390216064 -45.614 -31.22448 -3531.837 133.9505 -1 33400 -3545.2406061
390216065 -45.21911 -31.1525 -3550.805 340.2635 9998 33400 -3550.09978176
390216066 -44.89323 -31.48588 -3599.046 420.6589 -1 33400 -3611.78910504
390216067 -44.7457 -31.67156 -3630.038 444.2533 9998 33400 -3664.66677674
390216068 -44.49992 -31.74146 -3656.667 456.5293 9998 33400 -3661.56617144
390216069 -44.2347 -31.5567 -3649.694 365.0542 9998 33400 -3645.24224402
390216070 -44.01372 -31.31935 -3461.084 285.5704 -1 33400 -3483.97960909
390216071 -44.0083 -31.01008 -3354.158 192.0409 9998 33400 -3410.65481955
390216072 -44.10388 -30.86233 -3410.497 125.7088 -1 33400 -3429.55385766
390216073 -44.17673 -30.89531 -3375.01 171.4489 -1 33400 -3401.88330766
390216074 -44.35839 -30.85368 -3410.206 190.7172 -1 33400 -3399.76541967
390216075 -44.50881 -30.7099 -3267.905 164.5318 -1 33400 -3270.30944054
390216076 -44.44401 -30.60881 -3429.234 222.5375 -1 33400 -3432.24197607
390216077 -44.37152 -30.60646 -3394.637 181.2017 -1 33400 -3402.19855652
390216078 -44.31454 -30.65715 -3389.15 141.6251 -1 33400 -3394.1441465
390216079 -44.32844 -30.73845 -3388.64 134.8001 9998 33400 -3412.02466776
390216080 -44.35558 -30.82775 -3382.066 163.6896 -1 33400 -3388.1883535
390216081 -44.39089 -30.88777 -3384.396 224.0041 -1 33400 -3395.29750819
390216082 -44.24655 -30.91297 -3363.471 201.7924 -1 33400 -3378.48237463
390216083 -44.29091 -30.88912 -3377.944 196.3086 -1 33400 -3396.99722713
390216084 -44.53477 -30.75802 -3456.454 167.7398 -1 33400 -3425.39173624
390216085 -44.82767 -30.88047 -3448.994 98.43896 -1 33400 -3454.02674991
390216086 -44.88403 -30.98966 -3489.998 258.1096 -1 33400 -3497.26756416
390216087 -44.93747 -30.98142 -3517.939 246.5154 -1 33400 -3520.06508419
390216088 -45.13631 -30.95043 -3532.502 263.0132 9998 33400 -3475.65320432
390216089 -45.06121 -31.14442 -3637.322 382.101 -1 33400 -3636.08745854
390216090 -44.45437 -31.64995 -3647.519 432.5927 9998 33400 -3648.60199781
390216091 -44.18977 -31.97576 -3681.388 420.8781 -1 33400 -3713.81784185
390216093 -43.81174 -31.82311 -3751.111 553.288 9998 33400 -3773.25387489
390216095 -43.8928 -31.44198 -3625.225 367.5039 -1 33400 -3646.76381928
390216096 -43.43243 -31.84628 -3791.787 725.949 -1 33400 -3802.32726639
3902160100 -44.1688 -31.50358 -3663.376 340.9309 9998 33400 -3665.32175514
3902160101 -44.50936 -31.99812 -3721.589 422.4298 9998 33400 -3735.82079199
3902160104 -44.28291 -31.45642 -3647.87 355.9195 -1 33400 -3630.33400549
3902160105 -44.7922 -31.48289 -3603.05 464.4258 -1 33400 -3622.96496854
3902160106 -44.95878 -31.00484 -3521.156 266.1182 -1 33400 -3532.11291496
3902160107 -44.93433 -31.11577 -3594.175 386.606 -1 33400 -3613.12086205
3902160108 -44.80779 -30.96135 -3458.254 221.2535 -1 33400 -3485.61687441
3902160109 -44.30791 -31.3588 -3601.036 367.9452 9998 33400 -3591.37961611
3902160110 -44.15929 -31.37634 -3641.646 333.4085 9998 33400 -3645.15400863
3902160111 -43.57501 -31.3729 -3527.204 369.7215 9998 33400 -3492.81322753
3902160113 -43.31312 -31.57793 -3707.665 625.5931 9998 33400 -3732.63341695
3902160115 -42.03449 -32.02259 -3835.918 638.2302 9998 33400 -3809.5741412
3902160116 -41.7068 -31.42437 -3693.756 288.7254 -1 33400 -3683.50475807
3902160119 -41.64756 -31.75017 -3756.305 503.7978 -1 33400 -3774.54129152
3902160120 -41.53843 -31.49372 -3667.771 228.3556 -1 33400 -3672.751139
3902160121 -41.54888 -31.44624 -3678.035 209.2647 -1 33400 -3675.30803139
3902160124 -41.86195 -31.72349 -3671.021 462.6395 9998 33400 -3742.5803001
3902160126 -41.06147 -31.75275 -3678.04 497.9528 -1 33400 -3770.15667995
3902160127 -40.77916 -31.54783 -3668.634 483.8192 -1 33400 -3675.98833608
3902160128 -40.415 -31.47372 -3789.269 337.6757 -1 33400 -3763.16911063
3902160132 -39.93348 -32.54502 -4329.572 434.1246 -1 33400 -4323.96825012
3902160134 -39.71356 -33.00653 -4730.738 640.1851 -1 33400 -4733.94405858
3902160135 -39.59077 -32.45739 -4713.955 343.061 -1 33400 -4716.37688435
3902160136 -39.43284 -32.3705 -4526.416 316.8414 -1 33400 -4611.42270281
3902160137 -39.50376 -32.33003 -4699.919 346.8487 -1 33400 -4709.17828607
3902160138 -39.25984 -32.55796 -4452.245 418.763 9998 33400 -4436.95529681
3902160139 -39.08569 -32.38613 -4414.86 335.3728 -1 33400 -4394.20891792
3902160140 -38.57636 -32.55341 -4220.066 629.9508 -1 33400 -4472.00741862
3902160141 -38.6707 -32.72972 -3813.845 486.5249 -1 33400 -3876.62390099
3902160143 -38.54541 -33.36276 -4425.489 318.9293 9998 33400 -4511.64163526
3902160144 -37.86504 -33.85945 -4522.056 749.4584 9998 33400 -4495.74380476
3902160145 -37.60948 -33.55202 -4447.69 349.9289 -1 33400 -4453.79254526
3902160146 -38.10145 -33.77196 -4549.698 724.4711 -1 33400 -4547.06013465
3902160147 -37.6193 -34.10891 -4485.695 541.4583 9998 33400 -4533.66897831
3902160148 -37.31476 -33.7039 -4606.778 532.8422 9998 33400 -4563.97060407
3902160149 -37.45604 -33.37362 -4475.084 39.66455 9998 33400 -4455.17910812
3902160150 -37.83554 -33.4036 -4501.813 429.7239 9998 33400 -4523.25810298
3902160151 -38.18486 -33.8106 -4567.957 742.5505 -1 33400 -4583.22393358
3902160152 -37.99839 -34.25485 -4630.563 795.6806 9998 33400 -4576.24388576
3902160153 -37.5959 -34.29034 -4419.109 465.7036 9998 33400 -4507.72034547
3902160154 -37.30174 -33.72192 -4611.338 544.4818 9998 33400 -4561.43239486
3902160155 -37.01086 -33.43847 -4584.431 531.2178 -1 33400 -4599.44053434
3902160156 -36.79728 -33.37599 -4578.332 733.3579 -1 33400 -4570.76040353
3902160157 -36.85262 -33.34581 -4585.245 720.3995 -1 33400 -4589.28409985
3902160158 -36.83438 -33.36432 -4576.198 732.4893 -1 33400 -4581.44250972
3902160159 -36.93595 -33.82639 -4687.765 723.399 9998 33400 -4689.75639502
3902160160 -36.94067 -34.20707 -4697.91 301.0999 9998 33400 -4639.31886521
3902160161 -37.01345 -34.03248 -4689.82 507.6658 9998 33400 -4656.76853833
3902160162 -37.07864 -33.87338 -4671.231 614.1597 9998 33400 -4660.37999727
3902160163 -37.23414 -33.79718 -4645.708 566.9442 9998 33400 -4628.57051996
3902160164 -37.10686 -33.61793 -4628.094 585.3007 -1 33400 -4649.6695189
3902160165 -36.60557 -33.19585 -4279.509 716.9879 -1 33400 -4345.60758463
3902160166 -36.49629 -33.00672 -4037.288 656.657 -1 33400 -4056.87391824
3902160167 -35.90455 -33.00167 -3892.161 576.0696 -1 33400 -3919.22777647
3902160168 -35.78408 -33.14824 -3917.753 711.6772 9998 33400 -3959.41516422
3902160170 -36.30077 -33.29804 -4269.251 767.5212 9998 33400 -4310.49665786
3902160171 -36.54436 -33.11989 -4172.059 716.7819 -1 33400 -4219.37522511
3902160172 -36.64669 -32.81102 -3935.314 758.7715 9998 33400 -4080.76510026
3902160173 -36.75234 -32.61272 -3793.008 695.2593 9998 33400 -3793.94825447
3902160174 -36.83234 -32.44301 -3706.13 605.901 9998 33400 -3691.6749554
3902160176 -37.29628 -32.26229 -4311.962 974.3917 9998 33400 -4280.49481049
3902160177 -37.29889 -32.22943 -4234.2 902.7443 9998 33400 -4226.91884218
3902160178 -37.13495 -32.3916 -4257.312 797.7965 9998 33400 -4216.52962848
3902160179 -36.79359 -32.60819 -3794.961 698.6586 9998 33400 -3805.62574525
390216115 -29.82121 -3.11114 -4900.201 4309.858 9998 33400 -4895.05945134
390216117 -29.96243 -3.12629 -4877.255 6203.22 9998 33400 -4876.07168366
390216118 -30.11088 -3.26936 -4836.604 6227.414 9998 33400 -4840.83684559
390216119 -30.26703 -3.33724 -4789.724 5475.16 9998 33400 -4802.02023086
390216120 -30.26967 -3.37354 -4784.858 4619.793 9998 33400 -4796.67520529
390216121 -30.13586 -3.39452 -4812.091 4538.305 9998 33400 -4821.82692991
390216122 -29.95058 -3.41511 -4851.766 4403.183 9998 33400 -4859.37161153
390216123 -29.81332 -3.31535 -4887.648 4387.859 9998 33400 -4894.30634533
390216124 -29.70574 -3.17514 -4904.669 4434.928 9998 33400 -4912.07554045
390216125 -29.60028 -3.08943 -4905.063 4431.793 9998 33400 -4919.39830053
390216126 -29.483 -3.06094 -4923.729 4436.565 9998 33400 -4925.90157929
390216127 -29.49144 -3.04962 -4924.896 4438.958 9998 33400 -4923.87665272
390216128 -29.45101 -3.0917 -4924.894 4486.032 9998 33400 -4933.10418537
390216129 -29.32489 -3.11092 -4946.568 4522.859 -1 33400 -4956.56530495
390216130 -29.02843 -3.14302 -4969.407 4596.449 -1 33400 -4978.29118686
390216131 -28.70011 -3.32014 -5057.044 4660.185 -1 33400 -5067.47464381
390216132 -28.34788 -3.58107 -5144.157 4702.752 -1 33400 -5157.96468375
390216133 -28.06698 -3.69532 -5144.636 4476.979 9998 33400 -5129.98599294
390216134 -28.0665 -3.65993 -5153.184 4531.998 9998 33400 -5134.48514266
390216135 -28.08356 -3.61943 -5178.628 4593.263 9998 33400 -5180.76164668
390216136 -28.03997 -3.63618 -5159.887 4601.9 -1 33400 -5142.30370455
390216137 -28.05673 -3.67104 -5139.685 4469.575 9998 33400 -5126.44658217
390216138 -28.26932 -3.67753 -5145.706 4533.177 -1 33400 -5160.82835859
390216139 -28.48189 -3.52169 -5120.853 4658.306 -1 33400 -5130.65286314
390216140 -28.37584 -3.2324 -5096.295 4621.833 -1 33400 -5106.04704818
390216141 -28.04139 -3.23362 -5129.61 4755.504 -1 33400 -5123.93964919
390216142 -27.98928 -3.36433 -5165.825 4865.372 9998 33400 -5173.74737688
390216143 -28.12615 -3.44736 -5162.228 4640.737 -1 33400 -5170.87611351
390216144 -28.12362 -3.34667 -5131.449 4657.646 -1 33400 -5150.21786876
390216145 -28.11028 -3.25952 -5119.798 4695.31 -1 33400 -5104.88083421
390216146 -28.12066 -3.14679 -5120.776 4641.174 9998 33400 -5100.73594787
390216147 -28.21953 -3.27345 -5099.79 4652.144 -1 33400 -5116.31657994
390216148 -28.40056 -3.44627 -5122.12 4701.483 9998 33400 -5133.99949758
390216149 -28.51909 -3.35745 -5090.655 4596.596 -1 33400 -5110.65643545
390216150 -28.51824 -3.24038 -5077.547 4643.979 -1 33400 -5091.18376977
390216151 -28.48058 -3.33362 -5092.016 4626.035 -1 33400 -5098.73730082
390216152 -28.34279 -3.51315 -5140.083 4707.982 9998 33400 -5160.28480473
390216153 -28.197 -3.44854 -5161.547 4791.715 -1 33400 -5178.83261804
390216154 -28.09116 -3.21847 -5119.898 4586.172 9998 33400 -5106.15307304
390216155 -28.1244 -3.15925 -5118.638 4743.271 -1 33400 -5111.50656495
390216156 -27.88261 -3.23934 -5152.916 4779.002 9998 33400 -5155.9216908
390216157 -27.61993 -3.30808 -5190.006 4793.468 -1 33400 -5180.70349815
390216158 -27.68214 -3.30825 -5188.55 4743.25 9998 33400 -5144.79870846
390216159 -27.80922 -3.3355 -5176.702 4709.553 9998 33400 -5144.23768798
390216160 -28.00684 -3.19097 -5126.504 4559.2 -1 33400 -5116.69131166
390216161 -28.21289 -3.07365 -5070.561 4591.359 9998 33400 -5052.24227044
390216162 -28.10662 -2.85431 -5080.675 4546.124 9998 33400 -5001.45505841
390216163 -27.89849 -2.90078 -5032.485 4604.193 -1 33400 -5153.63182661
390216164 -27.5886 -3.06594 -5176.425 4771.992 9998 33400 -5195.6639044
390216165 -27.29088 -3.20339 -5220.691 4906.773 9998 33400 -5226.64268577
390216166 -27.27038 -3.22808 -5229.719 4826.31 9998 33400 -5238.25130672
390216167 -27.3506 -3.21663 -5215.158 4888.042 9998 33400 -5204.33960316
390216168 -27.48995 -3.20024 -5192.634 4755.313 -1 33400 -5209.93109312
390216169 -27.65828 -3.17955 -5176.419 4715.596 9998 33400 -5147.56576382
390216170 -27.79036 -3.19789 -5161.562 4679.683 9998 33400 -5067.64457236
390216171 -27.99658 -3.18465 -5127.669 4611.818 -1 33400 -5119.07690111
390216172 -28.07012 -3.14038 -5129.615 4705.363 9998 33400 -5156.46979621
390216173 -28.06604 -3.22977 -5124.171 4700.768 -1 33400 -5114.87040409
390216174 -28.06879 -3.1791 -5126.991 4682.778 9998 33400 -5119.31614729
390216175 -28.09416 -3.11389 -5113.008 4648.451 9998 33400 -5105.4463656
390216176 -28.17742 -3.0619 -5054.338 4578.81 -1 33400 -5039.89706663
390216177 -28.30091 -3.01129 -5060.655 4529.038 9998 33400 -5057.28169446
390216178 -28.42614 -3.0037 -5039.087 4444.003 9998 33400 -5021.58923241
390216179 -28.56352 -3.11829 -5055.792 4731.949 -1 33400 -5066.03419836
390216180 -28.8375 -3.1631 -5006.627 4470.397 9998 33400 -5013.68097058
390216181 -29.14697 -3.07493 -4949.972 4428.857 -1 33400 -4964.79132584
390216182 -29.41067 -3.00341 -4930.925 4465.79 9998 33400 -4913.52152221
390216183 -29.65937 -3.04813 -4901.564 4445.783 9998 33400 -4906.24878061
390216184 -29.91479 -3.24062 -4871.124 4415.374 9998 33400 -4877.90299871
390216185 -29.97519 -3.3997 -4852.836 4367.756 9998 33400 -4855.30174235
390216186 -29.84875 -3.58076 -4849.52 4203.292 9998 33400 -4869.79255399
390216187 -29.66097 -3.72273 -4892.876 3996.139 9998 33400 -4893.86700638
390216188 -29.50625 -3.87287 -4921.448 3993.852 -1 33400 -4949.056
390216189 -29.53126 -3.68267 -4906.1 4200.353 9998 33400 -4910.96271727
390216190 -29.73708 -3.28317 -4901.067 4383.504 9998 33400 -4908.67284774
390216191 -30.16472 -2.67234 -4859.482 4137.409 9998 33400 -4859.09431982
390216192 -30.51303 -1.88482 -4850.662 2984.872 9998 33400 -4830.83393255
390216193 -30.32652 -1.6672 -4955.371 2507.976 9998 33400 -4851.40154385
390216194 -30.11548 -2.15712 -4886.629 3576.221 9998 33400 -4874.56688609
390216195 -30.08595 -2.81946 -4866.574 4395.637 9998 33400 -4867.94864191
390216196 -29.9562 -3.10403 -4884.451 4486.067 9998 33400 -4879.06388107
390216197 -29.88646 -3.08925 -4899.91 4540.148 9998 33400 -4887.79644988
390216198 -29.92062 -2.87218 -4876.489 4371.315 9998 33400 -4880.94009501
390216199 -29.81626 -2.68939 -4854.523 4241.211 9998 33400 -4876.0471095
3902161100 -29.60208 -2.6518 -4863.956 4135.778 9998 33400 -4877
3902161101 -29.44451 -2.77795 -4885.244 4339.788 -1 33400 -4891.0583219
3902161102 -29.37983 -2.93334 -4899.042 4358.343 9998 33400 -4910.47754342
3902161104 -29.05879 -2.5642 -4812.517 3921.296 9998 33400 -4839.56868541
3902161105 -28.50876 -2.19564 -5001.81 3684.183 9998 33400 -5024.37840653
3902161106 -28.04104 -2.15469 -5044.758 3477.289 9998 33400 -5030.63680463
3902161107 -27.60366 -2.26602 -5056.219 3764.242 9998 33400 -4982.75127565
3902161108 -27.34042 -2.27939 -5105.565 3987.181 9998 33400 -4903.54425318
3902161109 -27.08748 -2.18751 -5129.074 3737.32 -1 33400 -5143.75913026
3902161110 -26.93758 -2.25012 -5111.783 3823.536 -1 33400 -5121.60557665
3902161111 -26.96065 -2.22769 -5126.644 3774.811 9998 33400 -5113.47845769
3902161112 -27.13716 -2.01785 -4944.766 3178.927 9998 33400 -4946.21691317
3902161113 -27.00653 -1.84116 -5118.791 2787.907 9998 33400 -5167.57065207
3902161114 -26.85853 -1.86836 -5117.915 2702.682 -1 33400 -5135.58848953
3902161115 -26.89017 -1.9277 -5110.435 2836.596 -1 33400 -5124.07055488
3902161116 -26.91247 -1.91535 -5108.395 3070.159 -1 33400 -5125.3582988
3902161117 -26.89726 -1.91379 -5109.075 3044.744 -1 33400 -5127.35087542
3902161120 -26.40778 -1.42769 -4732.594 1354.797 9998 33400 -4617.71874819
3902161121 -26.65947 -1.48434 -4916.203 1541.417 -1 33400 -4937.01467645
3902161122 -26.6676 -1.47546 -4826.458 1472.153 -1 33400 -4900.70911208
3902161123 -26.3449 -1.3728 -4577.168 1039.952 9998 33400 -4535.09633199
3902161125 -26.61125 -1.43125 -4563.148 1313.799 9998 33400 -4591.976
3902161126 -26.19435 -1.32473 -4616.012 915.4418 9998 33400 -4561.38827348
3902161128 -24.7953 -1.55874 -4655.815 1490.062 9998 33400 -4608.69753047
3902161130 -24.71766 -1.59912 -4768.974 1730.73 9998 33400 -4480.90635823
3902161132 -25.64807 -1.17358 -4959.95 565.0317 9998 33400 -4120.68831551
3902161133 -25.88024 -1.17695 -4912.806 635.2977 -1 33400 -4936.90833304
3902161134 -25.85199 -1.1703 -4918.542 595.3522 9998 33400 -4934.33669302
3902161135 -25.77598 -1.17834 -4948.967 601.4068 9998 33400 -4719.74288207
3902161136 -25.67367 -1.1689 -4960.242 593.114 9998 33400 -4238.41048167
3902161137 -25.35581 -1.15183 -4793.203 571.095 9998 33400 -4578.06360606
3902161138 -24.74982 -1.17357 -4762.367 561.2556 9998 33400 -4405.7874079
3902161140 -24.60168 -1.24389 -4512.517 531.6826 9998 33400 -4764.89250692
3902161141 -24.68676 -1.23226 -4818.002 581.2424 9998 33400 -4659.89418127
3902161149 -24.01803 -1.57559 -4499.07 1647.384 9998 33400 -4195.15616108
3902161151 -24.43988 -1.48553 -4610.265 1270.171 -1 33400 -4551.8880695
3902161152 -25.01349 -1.47859 -4700.29 1330.899 -1 33400 -4731.85525596
3902161153 -25.29487 -1.35662 -4868.372 936.9976 -1 33400 -4883.55818106
3902161154 -25.79217 -1.29922 -4573.568 719.2899 9998 33400 -4501.19394889
3902161156 -26.39128 -1.23837 -4117.47 670.7542 9998 33400 -4191.49605157
3902161159 -26.0986 -1.41459 -4811.774 1188.4 -1 33400 -4800.52005489
3902161160 -25.68221 -1.29354 -4643.558 787.0698 9998 33400 -4675.12648852
3902161163 -25.73093 -0.90086 -2999.407 1437.402 9998 33400 -3246.6505615
3902161165 -26.1167 -0.29369 -3712.646 2590.655 -1 33400 -3746.70382999
3902161166 -26.57593 -0.2614 -3637.476 2328.485 9998 33400 -3780.40721625
3902161168 -27.21172 -0.08499 -3634.836 2665.63 9998 33400 -3754.16300664
3902161169 -27.67332 0.06253 -3673.842 2198.647 9998 33400 -3648.63941115
3902161172 -28.24818 0.19602 -4029.565 2243.674 9998 33400 -3896.87242672
3902161174 -28.4535 0.15517 -4073.965 2322.239 9998 33400 -4097.94107655
3902161175 -28.55627 -0.01902 -4005.36 2518.587 9998 33400 -4036.22037882
3902161176 -28.39597 -0.18534 -3979.298 2629.355 9998 33400 -3891.6391587
3902161177 -28.13556 -0.18823 -4107.822 2762.399 9998 33400 -3672.6598494
3902161178 -27.79752 -0.21231 -3638.453 2491.928 9998 33400 -3586.26787939
39021629 -34.92955 0.20592 -4537.75 1934.62 -1 33400 -4544.94646531
390216210 -34.97287 0.17707 -4538.041 2018.778 -1 33400 -4544.02000749
390216211 -35.0117 0.14079 -4538.431 2096.689 -1 33400 -4546.79805753
390216212 -35.45302 -0.20727 -4527.232 2391.74 -1 33400 -4529.17978712
390216213 -35.5605 -0.26519 -4524.214 2399.09 9998 33400 -4527.72195451
390216214 -35.47624 -0.1718 -4528.011 2413.202 9998 33400 -4527.6360759
390216215 -35.31727 -0.05252 -4529.862 2434.654 -1 33400 -4531.97311375
390216216 -35.47809 0.14615 -4532.296 2124.853 9998 33400 -4544.87785749
390216217 -35.78406 0.26802 -4526.843 2003.784 9998 33400 -4615.17500183
390216218 -36.03923 0.42248 -4337.555 1545.032 -1 33400 -4384.4653664
390216219 -36.09772 0.14402 -4525.675 2354.148 9998 33400 -4548.40608457
390216220 -36.09131 -0.07009 -4525.675 2501.297 9998 33400 -4529.4201687
390216221 -36.05233 -0.14199 -4526.064 2490.678 -1 33400 -4527.29172655
390216222 -36.02702 0.08529 -4526.648 2317.186 -1 33400 -4507.00012791
390216223 -36.21229 0.22489 -4526.843 2178.144 9998 33400 -4556.2694184
390216224 -36.25194 0.09773 -4524.896 2387.943 -1 33400 -4528.99932936
390216225 -36.35346 -0.13327 -4522.363 2424.763 9998 33400 -4513.85791867
390216226 -36.47756 -0.52345 -4488.275 1808.461 -1 33400 -4465.12731554
390216227 -36.31464 -0.76817 -4474.15 1179.307 9998 33400 -4455.20629046
390216228 -36.06704 -0.9776 -4353.923 782.9766 9998 33400 -4414.55951094
390216229 -35.94509 -1.24624 -4422.418 1215.446 -1 33400 -4435.56947156
390216230 -35.61979 -1.34171 -4406.633 1306.757 -1 33400 -4411.70297257
390216231 -35.52615 -1.18859 -4431.09 893.1103 9998 33400 -4434.90616363
390216232 -35.43809 -1.16222 -4428.556 764.1224 9998 33400 -4434.16553524
390216233 -35.15375 -1.04562 -4413.75 665.3312 -1 33400 -4422.59507086
390216234 -35.15454 -0.92835 -4415.505 937.7164 -1 33400 -4410.25781172
390216235 -35.45093 -0.90662 -4467.234 929.2174 9998 33400 -4487.60499727
390216236 -35.88298 -0.71459 -4460.514 1423.4 -1 33400 -4460.9290017
390216237 -36.15241 -0.61801 -4482.529 1665.989 -1 33400 -4465.8992499
390216238 -36.34348 -0.591 -4487.107 1641.46 9998 33400 -4480.66474252
390216239 -36.48078 -0.65086 -4478.243 1484.438 9998 33400 -4479.77545546
390216240 -36.52128 -0.77917 -4467.333 1082.191 9998 33400 -4458.80233482
390216241 -36.33929 -0.97838 -4386.081 863.365 9998 33400 -4449.74998101
390216242 -35.75675 -1.10298 -4341.738 774.7473 9998 33400 -4371.1968224
390216243 -35.31823 -1.15711 -4418.425 739.7335 9998 33400 -4398.09024843
390216244 -34.93564 -1.49555 -4252.442 1580.2 9998 33400 -4210.76145787
390216245 -34.67352 -2.21121 -4067.689 3246.594 9998 33400 -4094.44201922
390216246 -34.91685 -2.25891 -3983.657 3355.784 9998 33400 -3995.37519632
390216247 -35.06006 -2.2881 -3942.46 3403.709 -1 33400 -3955.08061183
390216248 -35.01718 -2.33501 -3931.622 3547.737 9998 33400 -3948.5322609
390216249 -34.89795 -2.29822 -3977.312 3514.445 9998 33400 -3987.91916965
390216250 -34.64827 -2.21863 -4074.227 3198.965 9998 33400 -4102.8591261
390216251 -34.34988 -2.17377 -4151.103 3239.484 9998 33400 -4181.15513125
390216252 -34.10576 -2.15319 -4181.145 3156.712 9998 33400 -4176.55684296
390216253 -33.95392 -2.00828 -4267.639 3083.654 9998 33400 -4276.144
390216256 -33.41949 -1.67997 -4441.893 2116.474 -1 33400 -4455.15877527
390216260 -33.0728 -1.52751 -4521.178 1689.973 9998 33400 -4519.9785413
390216262 -33.13565 -1.66258 -4508.223 2211.117 9998 33400 -4495.4808
390216263 -33.18251 -1.97548 -4399.701 2937.175 9998 33400 -4401.97448257
390216264 -33.15885 -2.22288 -4363.542 3376.804 -1 33400 -4367.03911159
390216265 -33.02101 -2.3241 -4353.891 3651.719 9998 33400 -4335.1296777
390216266 -32.96016 -2.38079 -4341.61 3930.178 9998 33400 -4329.14831979
390216267 -32.98428 -2.25958 -4376.112 3652.781 9998 33400 -4363.15740207
390216268 -32.95991 -1.9831 -4470.231 3149.699 9998 33400 -4459.75515539
390216269 -33.09012 -1.81229 -4485.138 2563.802 9998 33400 -4460.41844116
390216270 -33.22948 -1.73014 -4481.731 2450.309 9998 33400 -4468.80512878
390216271 -33.24452 -1.64077 -4489.232 2095.344 -1 33400 -4506.76441078
390216272 -33.18541 -1.67717 -4497.315 2181.843 9998 33400 -4491.96895661
390216273 -33.08791 -1.35086 -4541.923 1043.95 9998 33400 -4515.45215959
390216274 -32.98529 -1.18525 -4316.299 420.5795 9998 33400 -4380.92113063
390216275 -32.88554 -1.22804 -4382.471 589.1149 9998 33400 -4456.14119588
390216276 -32.75214 -1.49352 -4582.229 1681.124 9998 33400 -4583.99292508
390216277 -32.62784 -1.56641 -4607.928 1934.129 9998 33400 -4603.79560071
390216278 -32.54804 -1.47021 -4621.751 1595.527 9998 33400 -4529.94904945
390216279 -32.32727 -1.25455 -4342.809 743.8438 9998 33400 -4228.72571577
390216280 -32.10375 -1.23632 -4186.139 747.8196 9998 33400 -4120.01081189
390216281 -31.89808 -1.32536 -3884.579 1075.794 9998 33400 -4043.90627995
390216284 -31.10578 -1.39607 -4817.999 1560.099 9998 33400 -4605.8725581
390216285 -30.84166 -1.67033 -4870.698 2484.535 9998 33400 -4880.88800015
390216286 -30.86603 -2.26814 -4681.584 3591.144 9998 33400 -4651.05230224
390216288 -30.28214 -2.17426 -4878.364 3590.731 9998 33400 -4856.71207384
390216289 -29.66318 -2.07988 -4925.518 3482.107 9998 33400 -4918.40403634
390216290 -29.09055 -1.85038 -4996.768 2873.585 9998 33400 -4850.58148712
390216292 -28.6232 -1.5168 -5031.952 1923.058 9998 33400 -5006.36966255
390216293 -28.21137 -1.4781 -5044.681 1713.092 9998 33400 -5174.82356882
390216294 -27.77577 -1.54391 -4974.715 1791.799 9998 33400 -5118.70514384
390216295 -27.39057 -1.70665 -5103.836 2512.435 9998 33400 -5105.06150797
390216296 -27.05075 -1.68552 -4877.893 2151.153 9998 33400 -4950.34547754
390216297 -26.81423 -1.75745 -5124.523 2504.619 -1 33400 -5135.96267869
390216298 -26.81401 -1.66689 -5117.629 2085.97 -1 33400 -5127.36339419
390216299 -26.86841 -1.45561 -4636.255 1386.442 9998 33400 -4665.36368693
3902162103 -28.83639 -1.18845 -3653.501 669.447 9998 33400 -3452.7403381
3902162108 -29.93051 -1.20321 -4430.895 943.2237 9998 33400 -4390.78434539
3902162109 -29.83117 -0.93545 -3608.041 644.2486 9998 33400 -3874.98365644
3902162111 -29.8879 -0.86374 -3919.055 792.9776 9998 33400 -3871.60655125
3902162115 -30.41425 -0.34648 -4454.284 2260.833 9998 33400 -4431.273856
3902162118 -29.27247 0.00594 -3868.084 2209.753 -1 33400 -3836.8444987
3902162120 -28.96424 -0.05667 -3787.692 2225.299 9998 33400 -3970.53443711
3902162121 -29.09246 -0.0653 -4183.808 2705.882 9998 33400 -4033.02694085
3902162122 -28.97822 -0.07859 -3819.735 2342.618 9998 33400 -4044.95285513
3902162123 -29.48052 -0.15204 -3942.103 2280.273 9998 33400 -4088.29948889
3902162124 -29.97798 -0.13948 -3967.584 2358.625 9998 33400 -3879.92072366
3902162125 -30.4559 -0.13152 -4047.424 2529.103 9998 33400 -4177.47346037
3902162131 -30.65144 -0.14907 -3899.336 2215.544 9998 33400 -3940.49535844
3902162133 -30.18898 -0.26819 -4378.973 2531.849 9998 33400 -4195.34197952
3902162134 -30.52558 -0.16386 -4161.278 2377.48 -1 33400 -4164.9900197
3902162135 -30.63024 -0.11565 -3817.586 2220.699 9998 33400 -3671.55278834
3902162138 -30.84294 -0.09802 -3964.46 2465.709 -1 33400 -4018.9827545
3902162139 -30.86744 0.09875 -3742.159 2083.035 -1 33400 -3841.48036318
3902162141 -31.2755 -0.03543 -4244.462 2453.083 9998 33400 -4250.42416357
3902162142 -31.23698 -0.07411 -3575.875 2271.859 9998 33400 -4160.29856753
3902162144 -30.97231 -0.01881 -4304.125 2472.669 -1 33400 -4240.14203286
3902162145 -31.00876 0.07614 -4250.117 2475.236 -1 33400 -4148.39005906
3902162146 -31.18137 0.12242 -3575.092 1914.768 -1 33400 -3789.35396149
3902162148 -31.68863 0.01018 -4180.297 2414.665 -1 33400 -4189.34720216
3902162149 -31.92527 0.10485 -4050.449 2235.06 -1 33400 -4067.81767228
3902162152 -32.45396 0.1995 -4253.237 2022.274 -1 33400 -4197.56699557
3902162154 -32.41012 0.05314 -4578.254 2376.923 9998 33400 -4516.84899391
3902162155 -32.22249 -0.16321 -4475.519 2529.051 9998 33400 -4424.87812176
3902162156 -32.22769 -0.12973 -4433.438 2496.376 9998 33400 -4359.55670752
3902162157 -32.32412 0.10059 -4532.784 2341.769 9998 33400 -4438.58909783
3902162158 -32.46874 0.1257 -4213.845 2075.627 9998 33400 -4418.64925313
3902162159 -32.39999 0.17383 -4571.536 2275.166 9998 33400 -4346.36987554
3902162161 -32.9253 0.3866 -4480.68 1437.17 9998 33400 -4463.70829684
3902162165 -33.29831 0.37853 -4377.608 1306.524 9998 33400 -4031.63357023
3902162169 -34.17093 0.30334 -4547.583 1545.297 -1 33400 -4557.65931134
3902162170 -34.27188 0.35547 -4550.212 1409.284 -1 33400 -4560.91311039
390216312 -38.42527 0.47829 -4468.991 1885.596 -1 33400 -4459.34211219
390216313 -38.4594 0.46395 -4469.673 1926.074 9998 33400 -4406.77612381
390216318 -38.88788 0.30665 -4346.425 1340.471 9998 33400 -4316.22688368
390216319 -38.94568 0.31419 -4330.734 1260.917 -1 33400 -4344.25735831
390216320 -39.08241 0.25182 -4301.883 1026.111 -1 33400 -4306.56652517
390216321 -38.97378 0.04391 -4313.775 752.7261 -1 33400 -4320.22740796
390216322 -38.8521 -0.30263 -4322.839 907.3669 -1 33400 -4331.36874255
390216323 -38.87549 -0.65371 -4287.941 3268.251 -1 33400 -4287.01505269
390216324 -38.45263 -0.97809 -4182.827 4215.944 -1 33400 -4191.83564252
390216325 -37.40423 -1.33059 -4194.719 3121.634 -1 33400 -4179.12017524
390216326 -36.55376 -1.61717 -4269.793 3230.716 -1 33400 -4269.62621192
390216327 -36.53248 -1.43317 -4390.944 2394.717 9998 33400 -4394.29132114
390216328 -35.8066 -1.51669 -4259.461 1943.964 9998 33400 -4268.01137893
390216329 -35.00119 -1.49504 -4200.763 1809.42 -1 33400 -4226.99046081
390216330 -34.93313 -1.7138 -4133.85 2297.132 9998 33400 -4112.14861483
390216331 -35.0561 -2.43847 -3891.682 3644.216 9998 33400 -3910.32117221
390216332 -35.27982 -2.85905 -3803.86 5031.394 -1 33400 -3812.20692552
390216335 -34.63333 -3.97984 -3490.2 5455.879 -1 33400 -3522.26987685
390216340 -33.9434 -5.72283 -4268.319 2723.681 9998 33400 -4257.34393374
390216342 -32.60152 -4.94335 -4519.947 2737.412 -1 33400 -4515.84830942
390216343 -32.04461 -5.26513 -4646.381 2103.945 -1 33400 -4660.14513905
390216344 -31.92978 -5.50138 -4728.975 1528.229 -1 33400 -4719.15354746
390216345 -32.02328 -5.59449 -4711.357 1322.689 9998 33400 -4718.63855409
390216346 -32.22248 -5.68686 -4713.198 1128.018 -1 33400 -4717.29636292
390216347 -32.61811 -5.63599 -4621.338 1413.644 9998 33400 -4598.84501451
390216348 -32.94627 -5.47051 -4584.556 2010.42 9998 33400 -4592.13102999
390216349 -32.90149 -5.12012 -4550.119 2384.846 9998 33400 -4551.10645485
390216350 -32.42947 -5.07956 -4545.352 2543.229 9998 33400 -4549.25888213
390216351 -31.69234 -5.37701 -4704.662 1923.67 -1 33400 -4707.97343019
390216353 -31.21436 -5.74497 -4966.793 1267.095 -1 33400 -4962.36699044
390216354 -31.23595 -5.87367 -4978.93 1134.777 9998 33400 -4983.99272242
390216355 -31.18022 -6.08392 -5018.167 1008.028 9998 33400 -5007.3152761
390216356 -31.01679 -6.06291 -5055.574 1133.751 9998 33400 -5051.83147868
390216357 -30.94485 -6.01822 -5075.493 1182.462 9998 33400 -5066.69287097
390216358 -30.90902 -6.2108 -5131.515 1190.795 -1 33400 -5079.68739269
390216359 -30.85566 -6.47596 -5180.332 1281.116 9998 33400 -5197.4764858
390216360 -30.78271 -6.59636 -5212.939 1395.104 9998 33400 -5209.43160772
390216361 -30.65555 -6.5296 -5236.147 1452.196 9998 33400 -5235.0963081
390216362 -30.70383 -6.32495 -5188.891 1344.854 9998 33400 -5185
390216363 -30.72018 -6.2927 -5179.379 1329.592 9998 33400 -5184.16691614
390216364 -30.75818 -6.43945 -5199.268 1332.091 9998 33400 -5220.36835945
390216365 -30.78205 -6.64551 -5221.962 1395.393 9998 33400 -5211.89436809
390216366 -30.78295 -6.66617 -5226.911 1338.699 9998 33400 -5215.02350379
390216367 -30.69758 -6.60938 -5228.081 1415.236 9998 33400 -5228.64991263
390216368 -30.6329 -6.44332 -5220.722 1385.306 9998 33400 -5228.93464143
390216369 -30.59583 -6.31074 -5210.057 1395.725 -1 33400 -5127.68791963
390216370 -30.5399 -6.20592 -5202.108 1604.35 9998 33400 -5152.37008801
390216371 -30.44431 -6.08127 -5184.645 1565.735 9998 33400 -5158.13283632
390216372 -30.43813 -6.09034 -5189.401 1518.037 9998 33400 -5153.40814597
390216373 -30.56343 -6.14734 -5188.133 1481.523 9998 33400 -5178.28015968
390216374 -30.80595 -6.13014 -5139.682 1245.219 9998 33400 -5144.55909884
390216375 -30.96959 -6.0367 -5067.525 1159.383 9998 33400 -5067.06059814
390216376 -31.10623 -6.32047 -5069.926 1041.918 9998 33400 -5071.41533472
390216377 -31.15567 -6.55879 -5109.918 1082.75 9998 33400 -5109.02379787
390216378 -31.07352 -6.56143 -5128.856 1151.532 9998 33400 -5128.09877152
390216379 -30.87437 -6.44674 -5163.925 1261.265 9998 33400 -5167.5777266
390216380 -30.68521 -6.52835 -5226.829 1455.825 9998 33400 -5231.03446821
390216381 -30.53793 -6.7045 -5282.135 1577.421 -1 33400 -5299.59400129
390216382 -30.46341 -6.62345 -5300.292 1547.745 -1 33400 -5334.90515192
390216383 -30.38389 -6.46351 -5256.732 1461.548 9998 33400 -5252.08694282
390216384 -30.36076 -6.48809 -5251.683 1621.378 -1 33400 -5242.10907604
390216385 -30.41455 -6.65952 -5322.023 1644.352 -1 33400 -5317.92945466
390216386 -30.46268 -6.94098 -5352.749 1698.052 9998 33400 -5310.4863993
390216387 -30.39806 -7.15517 -5384.543 1877.861 9998 33400 -5353.4501441
390216388 -30.3325 -7.11297 -5387.264 1857.071 9998 33400 -5343.81184776
390216389 -30.38086 -6.75955 -5350.053 1625.497 9998 33400 -5323.94648279
390216390 -30.40948 -6.36407 -5238.01 1540.875 9998 33400 -5172.4365931
390216391 -30.37678 -6.0879 -5183.188 1625.527 9998 33400 -5151.88579398
390216392 -30.32461 -6.12076 -5188.912 1644.8 9998 33400 -5145.26456305
390216393 -30.30304 -6.36183 -5138.2 1538.978 9998 33400 -5169.60085392
390216394 -30.186 -6.62509 -5027.537 1535.06 -1 33400 -5002.60138387
390216396 -29.98528 -6.86575 -5078.999 1560.409 -1 33400 -5177.44265944
390216397 -29.95506 -6.96911 -5412.986 1814.064 -1 33400 -5428.48679446
390216398 -29.98511 -7.08381 -5419.181 1850.871 -1 33400 -5435.0321441
390216399 -30.02772 -7.01368 -5414.048 1764.367 -1 33400 -5384.52683301
3902163100 -30.12547 -7.15476 -5412.091 1908.314 -1 33400 -5415.03258616
3902163101 -30.24204 -7.33891 -5410.904 1967.965 -1 33400 -5388.28992525
3902163102 -30.24869 -7.53618 -5414.565 2065.125 -1 33400 -5406.13557561
3902163103 -30.23779 -7.52017 -5414.664 2022.054 -1 33400 -5413.22831056
3902163104 -30.23246 -7.31756 -5410.907 1958.698 -1 33400 -5380.42213811
3902163105 -30.26245 -7.09778 -5395.706 1853.686 -1 33400 -5379.18700563
3902163106 -30.31006 -7.00651 -5384.852 1793.007 9998 33400 -5355.26161238
3902163107 -30.36132 -6.97849 -5372.147 1737.618 9998 33400 -5333.21135171
3902163108 -30.32304 -7.00023 -5380.778 1818.653 9998 33400 -5349.54904147
3902163109 -30.36423 -7.21546 -5392.102 1880.043 9998 33400 -5384.18072118
3902163110 -30.46738 -7.66488 -5399.028 2010.868 -1 33400 -5399.28896457
3902163111 -30.71218 -8.07078 -5386.364 2140.965 -1 33400 -5400.73050101
3902163112 -30.93567 -8.28376 -5377.604 2204.412 9998 33400 -5373.9873825
3902163113 -30.92274 -8.44835 -5375.738 2269.092 9998 33400 -5390.15177344
3902163114 -30.71956 -8.67225 -5369.108 2096.25 -1 33400 -5377.17016508
3902163115 -30.51378 -8.93613 -5340.74 1602.559 -1 33400 -5362.75773085
3902163116 -30.25606 -8.98371 -5346.166 1505.774 -1 33400 -5370.42872164
3902163117 -30.03459 -9.07639 -5369.145 1423.829 -1 33400 -5454.26105826
3902163118 -30.1812 -9.41747 -5349.106 1280.771 9998 33400 -5347.24008069
3902163119 -30.39233 -9.55196 -5327.644 1192.68 -1 33400 -5338.6126619
3902163120 -30.61177 -9.69705 -5299.676 1129.103 9998 33400 -5139.39747053
3902163122 -30.88271 -10.0762 -5316.497 1294.195 9998 33400 -5228.68778591
3902163123 -31.2391 -9.77992 -5252.207 1227.38 -1 33400 -5265.85605249
3902163124 -31.5814 -9.06155 -5089.401 1390.018 -1 33400 -5087.0241286
3902163125 -32.15993 -8.54938 -5028.663 1784.064 -1 33400 -4962.23794163
3902163126 -32.46436 -8.0461 -4805.652 1556.674 9998 33400 -4865.19672121
3902163127 -32.26796 -8.16733 -4919.779 1815.542 -1 33400 -4910.41187341
3902163128 -32.56073 -8.45857 -4895.829 1670.36 -1 33400 -4788.84153824
3902163129 -32.75025 -8.89851 -4931.831 1396.209 -1 33400 -4932.88698181
3902163130 -32.72426 -9.78509 -4915.568 1023.011 9998 33400 -4903.6776
3902163131 -32.18889 -9.39951 -4995.897 1196.08 9998 33400 -4986.13124825
3902163132 -32.75583 -9.05423 -4863.667 1220.302 -1 33400 -4877.66581988
3902163133 -32.81968 -8.89648 -4849.688 1371.632 -1 33400 -4901.06415648
3902163134 -33.33148 -9.04926 -4612.6 1300.428 -1 33400 -4625.91240709
3902163135 -33.71126 -9.06695 -4518.656 1314.491 -1 33400 -4552.12990014
3902163136 -34.15961 -9.4563 -4529.12 1890.992 -1 33400 -4062.90960764
3902163139 -33.00573 -10.33863 -4843.06 1329.014 9998 33400 -4865.1697909
3902163140 -33.71251 -10.79036 -4674.919 1351.153 -1 33400 -4631.63568286
3902163141 -33.91679 -11.26108 -4563.705 1551.192 9998 33400 -4667.80778017
3902163143 -33.83186 -10.66939 -4608.182 1179.642 -1 33400 -4644.2464
3902163144 -33.51207 -10.53601 -4739.556 1413.151 -1 33400 -4718.54971732
3902163145 -34.64382 -10.16273 -4317.646 1391.861 -1 33400 -4289.34986175
3902163148 -33.28963 -9.45613 -4675.507 1130.639 9998 33400 -4681.93117652
3902163149 -33.0868 -8.95199 -4860.959 1520.717 9998 33400 -4790.13674158
3902163150 -32.88215 -9.75651 -4889.23 1091.035 9998 33400 -4870.02342945
3902163151 -33.44881 -10.39599 -4811.06 1268.023 -1 33400 -4764.53043713
3902163152 -34.00511 -10.59633 -4598.267 1350.88 -1 33400 -4601.53326992
3902163153 -34.66789 -10.66731 -4219.518 992.6998 -1 33400 -4243.6007688
3902163154 -34.91515 -10.43142 -4014.23 1724.791 -1 33400 -4000.65501052
3902163155 -35.03998 -10.98011 -3966.824 1069.246 -1 33400 -4009.61341409
3902163156 -35.50069 -11.2518 -3804.416 668.4651 -1 33400 -3821.50683245
3902163157 -35.68063 -11.29079 -3581.213 570.7474 -1 33400 -3596.79394765
3902163158 -35.70194 -11.43927 -3826.365 623.3169 -1 33400 -3787.23081372
3902163160 -34.65902 -10.59793 -4239.025 813.8901 -1 33400 -4241.5931239
3902163161 -34.35572 -10.45311 -4425.265 1136.413 9998 33400 -4426.28101556
3902163163 -34.41754 -11.6719 -4508.146 1326.707 -1 33400 -4506.38939006
3902163164 -34.61877 -12.21715 -4424.403 458.2845 -1 33400 -4416.97467098
3902163165 -34.45065 -12.62374 -4449.071 704.7239 -1 33400 -4426.98413359
3902163167 -34.35463 -11.69903 -4580.959 1354.214 -1 33400 -4535.72556211
3902163169 -34.47281 -11.2479 -4577.14 1677.705 -1 33400 -4652.73566573
3902163170 -34.60418 -10.93736 -4328.45 1485.083 9998 33400 -4340.76607846
3902163171 -34.97056 -11.04098 -4079.323 1263.777 -1 33400 -4129.65969144
3902163172 -36.08376 -11.97603 -3806.366 803.2211 -1 33400 -3712.03768133
3902163176 -38.32827 -13.58537 -2068.873 3728.255 -1 33400 -2402.3134645
3902163177 -37.03786 -11.66423 -1815.07 9094.13 -1 33400 -1783.91063891
3902163178 -35.31802 -9.94671 -1975.792 13649 -1 33400 -1897.70607951
3902163183 -36.02116 -4.54036 -2335.109 5376.272 -1 33400 -2368.49520148
3902163184 -36.27719 -4.45665 -2087.33 4276.179 -1 33400 -2175.70604612
3902163185 -36.54416 -4.49272 -1703.774 5075.525 -1 33400 -1588.5342026
390220013 -20.04857 -9.95764 -4248.082 423.9055 -1 33400 -4234.58239889
390220014 -20.03678 -9.96796 -4369.61 435.5396 -1 33400 -4338.01302438
390220017 -20.18748 -10.09108 -4660.237 560.2686 9998 33400 -4411.31121992
390220021 -20.16413 -10.39313 -4352.013 659.9615 9998 33400 -4477.46568486
390220116 -25.02339 -5.86841 -5364.314 1267.819 -1 33400 -5379.40482749
390220117 -25.01988 -5.85936 -5377.315 1251.726 -1 33400 -5413.34437012
390220118 -25.01156 -5.8624 -5544.502 1319.598 -1 33400 -5544.09193323
390220119 -25.0877 -5.86733 -5553.518 1337.236 -1 33400 -5606.02113459
390220120 -25.2278 -5.92511 -5656.921 1340.472 -1 33400 -5547.34191028
390220121 -25.3654 -6.00826 -5483.6 1219.308 -1 33400 -5473.10647675
390220122 -25.39871 -6.03579 -5792.618 1364.667 9998 33400 -5708.78078049
390220123 -25.39155 -5.98213 -5558.449 1253.67 -1 33400 -5582.8466256
390220124 -25.36576 -5.87596 -5414.563 1201.006 -1 33400 -5358.74736016
390220127 -25.30117 -5.86547 -5664.485 1331.565 -1 33400 -5660.63447114
390220128 -25.29062 -5.85277 -5738.791 1362.007 9998 33400 -5699.71151884
390220129 -25.24231 -5.86916 -5736.367 1343.947 9998 33400 -5688.08296446
390220130 -25.20394 -5.95986 -5725.992 1316.264 -1 33400 -5697.04850768
390220131 -25.17821 -6.02683 -5693.339 1306.618 -1 33400 -5686.58189465
390220132 -25.2042 -6.07498 -5741.381 1338.56 -1 33400 -5641.7258502
390220133 -25.24398 -6.10031 -5809.266 1401.672 9998 33400 -5817.83386347
390220134 -25.313 -6.25965 -5541.357 1345.413 9998 33400 -5734.10005372
390220135 -25.4634 -6.48332 -5619.649 1545.474 9998 33400 -5587.02136821
390220136 -25.49795 -6.63731 -5727.851 1725.568 9998 33400 -5696.83993599
390220137 -25.48619 -6.61778 -5724.852 1705.438 9998 33400 -5669.38118726
390220138 -25.44119 -6.53373 -5772.126 1662.204 9998 33400 -5614.73988141
390220139 -25.35406 -6.42568 -5787.925 1602.649 9998 33400 -5686.56772592
390220140 -25.22641 -6.35448 -5773.31 1522.474 9998 33400 -5701.40321934
390220141 -25.08693 -6.361 -5828.602 1597.351 9998 33400 -5672.98428391
390220142 -24.95765 -6.38595 -5789.479 1587.286 -1 33400 -5810.41275149
390220143 -24.84268 -6.46814 -5574.486 1588.921 9998 33400 -5679.96726412
390220144 -24.57124 -6.40164 -5482.878 1411.998 9998 33400 -5548.22195959
390220145 -24.51568 -6.37376 -5718.875 1516.609 9998 33400 -5677.22997176
390220146 -24.45173 -6.35378 -5501.112 1418.726 -1 33400 -5424.73781405
390220147 -24.41831 -6.35376 -5295.178 1326.27 -1 33400 -5361.98876264
390220148 -24.20958 -6.31935 -5196.756 1351.624 -1 33400 -5295.99510482
390220149 -24.01215 -6.26258 -5171.324 1529.557 -1 33400 -5086.99005659
390220151 -23.3569 -5.97763 -5745.266 1388.96 -1 33400 -5743.48801498
390220152 -23.43569 -6.00809 -5850.426 1494.677 9998 33400 -5777.47008045
390220156 -23.69773 -6.31987 -4492.958 1308.378 -1 33400 -4581.49268467
390220159 -24.22162 -6.57291 -5502.93 1646.941 -1 33400 -5531.82147484
390220160 -24.1991 -6.41975 -5445.542 1485.576 -1 33400 -5442.9989188
390220161 -24.10553 -6.27999 -5041.368 1338.512 -1 33400 -5072.84472001
390220166 -23.67569 -6.31857 -4515.258 1350.309 -1 33400 -4660.77471979
390220170 -23.52433 -5.89876 -5753.798 1371.561 -1 33400 -5768.59386619
390220173 -23.57132 -5.89008 -5273.486 1253.68 -1 33400 -5308.3209307
390220174 -23.59675 -5.90285 -5461.696 1316.043 -1 33400 -5479.25664393
390220175 -23.60048 -5.86089 -5488.948 1310.553 -1 33400 -5420.79040869
390220176 -23.48752 -5.74598 -5356.08 1243.876 -1 33400 -5391.34860502
390220177 -23.37322 -5.64449 -5440.579 1403.781 -1 33400 -5520.49082357
390220178 -23.24913 -5.55584 -5259.25 1378.52 -1 33400 -5266.51534581
390220179 -23.05778 -5.511 -5377.835 1374.772 -1 33400 -5332.85064495
390220180 -22.99084 -5.48005 -5045.039 1235.692 -1 33400 -5056.40169995
390220181 -22.98445 -5.4659 -5100.702 1290.926 -1 33400 -5097.0311321
390220183 -22.49427 -5.37048 -5467.178 1245.57 -1 33400 -5461.46693391
390220184 -22.52708 -5.32489 -5343.41 1295.232 9998 33400 -5457.42249521
390220185 -22.56404 -5.25572 -5124.321 1254.43 9998 33400 -5360.68683657
390220186 -22.54008 -5.08667 -4963.935 1465.869 9998 33400 -5217.13582039
390220188 -22.46912 -5.15744 -4851.26 1367.437 9998 33400 -5237.27235961
390220190 -22.17974 -5.63728 -5039.389 1113.992 9998 33400 -5077.5537581
390220192 -21.90298 -5.6122 -5103.117 1061.368 9998 33400 -5122.70429577
390220193 -21.83598 -5.46994 -5205.771 1136.482 9998 33400 -5156.93913798
390220194 -21.83655 -5.45259 -5053.007 1039.686 9998 33400 -5109.83233113
390220195 -21.78616 -5.30387 -4942.048 1104.999 9998 33400 -5322.58319885
390220196 -21.71908 -5.31883 -5157.528 1145.675 9998 33400 -5263.03238071
390220198 -22.0989 -5.17896 -5314.797 1267.773 -1 33400 -5315.8599228
3902201100 -22.33375 -5.08212 -4838.334 1446.201 9998 33400 -5001.69107073
3902201103 -22.53084 -5.18031 -5153.171 1471.826 9998 33400 -5285.38292131
3902201104 -22.42807 -5.16386 -5301.504 1505.612 9998 33400 -5265.54138016
3902201111 -22.36952 -5.03916 -5262.306 1526.416 9998 33400 -5320.11326645
3902201113 -22.50705 -5.2405 -4938.36 1296.895 9998 33400 -5255.31097505
3902201115 -22.69992 -5.47933 -5456.5 1210.632 9998 33400 -5468.88753537
3902201117 -22.91898 -5.75486 -5256.125 1068.192 9998 33400 -5481.52592722
3902201128 -22.68761 -5.53746 -5036.095 1052.315 9998 33400 -5164.32564818
3902201130 -22.51636 -5.89534 -4991.755 1139.204 9998 33400 -5094.69442427
3902201131 -22.51943 -6.0904 -4701.098 1211.795 9998 33400 -4900.38024014
3902201132 -22.55908 -6.28298 -4792.521 1521.592 9998 33400 -4785.90903894
3902201133 -22.56854 -6.34077 -4695.529 1490.106 9998 33400 -4963.14482311
3902201135 -22.31244 -6.20106 -5151.716 1554.747 9998 33400 -5037.60349658
3902201136 -22.03683 -5.98414 -5088.026 1209.759 -1 33400 -5089.12080986
3902201137 -21.9813 -5.93327 -5220.095 1195.57 -1 33400 -5224.56819755
3902201138 -21.9653 -5.96981 -5136.396 1215.859 -1 33400 -5210.2298184
3902201139 -21.99102 -6.03407 -5222.123 1315.11 9998 33400 -5188.55457704
3902201140 -21.9931 -6.08533 -5235.805 1298.407 9998 33400 -5250.02080028
3902201141 -22.03199 -6.09371 -5099.865 1285.797 9998 33400 -5215.69720839
3902201142 -22.04341 -6.06319 -5174.646 1285.634 9998 33400 -5130.61561855
3902201143 -22.1012 -5.95632 -4915.26 1117.339 9998 33400 -5096.7262265
3902201144 -22.15772 -5.98493 -5027.115 1261.403 -1 33400 -4998.37077843
3902201145 -22.11825 -5.94589 -4955.598 1216.419 9998 33400 -5079.11095447
3902201146 -22.02204 -6.0519 -4999.029 1296.299 9998 33400 -5131.21582286
3902201148 -21.90329 -6.08084 -4631.52 1305.929 9998 33400 -4976.84454278
3902201149 -21.8917 -5.90686 -4839.042 1166.007 9998 33400 -4934.45313415
3902201150 -21.84448 -5.58465 -5271.09 1136.473 9998 33400 -5240.24445102
3902201151 -21.8873 -5.50901 -5059.317 1012.984 9998 33400 -4993.43704571
3902201153 -22.07259 -5.9639 -5087.445 1238.301 9998 33400 -5172.31075901
3902201155 -22.21966 -6.33063 -3964.303 1348.065 -1 33400 -4108.5243604
3902201158 -21.68819 -6.03547 -5083.262 1347.587 -1 33400 -5114.18811404
3902201159 -21.42417 -5.989 -4991.26 1231.246 9998 33400 -4991.07357992
3902201160 -21.16877 -5.93639 -4949.67 1235.734 9998 33400 -4963.31076882
3902201161 -20.97212 -5.81889 -4924.312 1197.642 9998 33400 -5026.64986317
3902201162 -20.79834 -5.89965 -5061.516 1328.979 9998 33400 -4910.6527784
3902201163 -20.59365 -6.21379 -4951.588 1428.21 9998 33400 -4905.00018755
3902201166 -20.36905 -5.98527 -5077.147 1500.5 9998 33400 -4952.04537753
3902201167 -20.45656 -5.59865 -5009.954 1431.825 9998 33400 -4909.43572107
3902201169 -20.41032 -5.44375 -5149.36 1475.44 9998 33400 -5032.74453712
3902201170 -20.27637 -5.50225 -5156.736 1496.292 9998 33400 -4936.12711417
3902201173 -20.1084 -6.01385 -4763.464 1352.046 9998 33400 -4819.06447705
3902201175 -19.86343 -6.1944 -4955.769 1544.828 9998 33400 -4970.09241523
3902201177 -19.74364 -6.52911 -4783.744 1406.923 9998 33400 -4809.65324906
3902201180 -19.76135 -6.65219 -4496.335 1438.002 9998 33400 -3875.94855472
3902201182 -19.32816 -6.68494 -4969.325 1687.013 9998 33400 -4773.95436065
3902201183 -18.94866 -6.67776 -4802.305 1659.094 9998 33400 -4755.95071357
3902201184 -18.83986 -6.61589 -4808.341 1562.402 9998 33400 -4616.26395757
390220215 -29.15127 -24.05669 -5437.736 266.8629 9998 33400 -5423.05434729
390220216 -29.0838 -24.03662 -5399.656 273.1324 9998 33400 -5415.583879
390220217 -29.02882 -24.01163 -5464.981 290.5703 9998 33400 -5448.16714929
390220218 -28.94994 -24.02095 -5470.113 296.0412 9998 33400 -5458.79579097
390220219 -28.99931 -24.10522 -5467.464 303.5093 9998 33400 -5387.82872758
390220220 -29.13568 -24.29542 -5454.604 311.9659 -1 33400 -5447.49295647
390220221 -29.31925 -24.42129 -5453.199 280.2815 -1 33400 -5426.07219474
390220222 -29.52265 -24.40856 -5221.41 243.8874 9998 33400 -5303.4421872
390220224 -29.9915 -24.34905 -5405.354 260.5498 9998 33400 -5312.90351744
390220225 -30.22645 -24.36078 -5409.518 291.1009 -1 33400 -5447.04314995
390220226 -30.38445 -24.40901 -5388.081 311.0879 9998 33400 -5428.06494417
390220227 -30.51631 -24.42646 -5395.828 320.0812 9998 33400 -5439.53409642
390220228 -30.70673 -24.43226 -5380.608 296.6681 9998 33400 -5391.06678205
390220229 -30.81859 -24.40303 -5353.576 276.8359 9998 33400 -5310.85957673
390220230 -30.84208 -24.37376 -5294.156 263.4142 9998 33400 -5294.20658634
390220231 -30.78023 -24.35963 -5356.791 288.0482 9998 33400 -5301.13844843
390220232 -30.72539 -24.25268 -5080.101 263.1569 9998 33400 -5294.01848423
390220233 -30.69466 -24.01534 -5247.06 246.0168 9998 33400 -5235.8921337
390220234 -30.67009 -23.73357 -5226.695 273.9692 9998 33400 -5209.53498872
390220235 -30.67684 -23.48567 -5200.98 402.8884 -1 33400 -5257.99753088
390220236 -30.61512 -23.42609 -5225.251 454.3466 9998 33400 -5252.76471984
390220237 -30.6525 -23.64383 -5218.385 318.1411 9998 33400 -5236.51839387
390220238 -30.749 -23.93472 -5236.905 249.1726 9998 33400 -5246.99587529
390220239 -30.86601 -24.05774 -5235.6 272.834 9998 33400 -5202.26831985
390220240 -30.96871 -24.12071 -5251.871 265.1775 9998 33400 -5251.89350403
390220241 -30.85846 -24.08411 -5262.455 274.1845 9998 33400 -5213.33866743
390220242 -30.81088 -23.9769 -5240.284 262.5033 -1 33400 -5249.70482688
390220243 -30.80304 -23.80721 -5216.775 272.1579 9998 33400 -5221.44390848
390220244 -30.78842 -23.62328 -5186.962 339.1501 9998 33400 -5210.6554552
390220245 -30.83518 -23.4971 -5165.565 416.0412 9998 33400 -5183.04057149
390220246 -30.83516 -23.36729 -5185.888 483.2958 9998 33400 -5199.82587355
390220247 -30.86534 -23.47881 -5158.683 419.7067 9998 33400 -5170.13460899
390220248 -31.05764 -23.57092 -5124.69 350.7095 -1 33400 -5144
390220249 -31.10786 -23.6254 -5121.08 333.3653 9998 33400 -5148.18089001
390220250 -31.22796 -23.60425 -5111.092 323.5665 -1 33400 -5134.71078986
390220251 -31.25724 -23.62023 -5181.531 342.1761 -1 33400 -5178.12518797
390220252 -31.17554 -23.57499 -5106.734 341.8285 9998 33400 -5109.66420204
390220253 -31.26472 -23.53586 -5094.326 355.3783 -1 33400 -5127.21809871
390220254 -31.31556 -23.24736 -5048.222 371.9333 9998 33400 -5073.25112629
390220255 -31.41601 -22.86192 -4894.432 357.8571 9998 33400 -4911.31235875
390220256 -31.49769 -22.64479 -4799.766 454.6034 9998 33400 -4845.38730613
390220257 -31.4315 -22.60498 -4807.359 485.313 9998 33400 -4872.81851687
390220258 -31.29388 -22.64351 -4883.33 476.9162 9998 33400 -4948.88
390220259 -31.31526 -22.71029 -4905.846 446.9387 9998 33400 -4951.64322038
390220260 -31.18428 -22.88263 -4997.761 425.7866 9998 33400 -5028.52873178
390220261 -31.122 -23.05927 -5004.305 431.4945 9998 33400 -5046.81560654
390220262 -31.30059 -23.32965 -5120.502 379.397 9998 33400 -5107.79686719
390220263 -31.39534 -23.56148 -5182.132 347.3736 -1 33400 -5187.51901558
390220264 -31.30296 -23.61353 -5170.473 342.7837 -1 33400 -5184.0527381
390220265 -31.2237 -23.55937 -5095.773 339.5334 9998 33400 -5112.04907251
390220266 -31.17079 -23.58588 -5108.187 339.3624 -1 33400 -5107.0440779
390220267 -31.13313 -23.502 -5116.271 379.6476 9998 33400 -5145.89227281
390220268 -31.03439 -23.50503 -5135.387 402.1168 -1 33400 -5143.05862598
390220269 -30.86753 -23.54034 -5169.237 392.3834 9998 33400 -5182.5625113
390220270 -30.79741 -23.69773 -5195.473 297.1458 9998 33400 -5211.02474782
390220271 -30.79465 -23.77527 -5216.205 278.4033 9998 33400 -5214.83935284
390220272 -30.51541 -23.86936 -5266.508 236.2288 9998 33400 -5325.26945482
390220273 -30.16683 -23.78804 -5299.702 277.4359 9998 33400 -5298.73396745
390220274 -30.10433 -23.66422 -5326.992 357.6597 9998 33400 -5330.53157707
390220275 -30.22024 -23.67548 -5328.539 330.0509 9998 33400 -5308.03077337
390220276 -30.34121 -23.72396 -5281.883 298.9451 9998 33400 -5293.6096
390220277 -30.40032 -23.78029 -5264.698 256.0509 9998 33400 -5308.45365533
390220278 -30.4039 -23.87479 -5277.076 230.7961 9998 33400 -5297.25570815
390220279 -30.43513 -24.05119 -5266.928 243.3869 9998 33400 -5301.88922982
390220280 -30.49858 -24.17226 -5284.824 269.6736 9998 33400 -5296.80044966
390220281 -30.53006 -24.18544 -5286.467 266.5561 9998 33400 -5286.85106519
390220282 -30.50249 -24.13948 -5279.017 259.3713 9998 33400 -5294.85118964
390220283 -30.53727 -24.18627 -5291.801 270.7844 9998 33400 -5289.07430462
390220284 -30.57841 -24.16669 -5291.128 269.4668 9998 33400 -5314.98920168
390220285 -30.64625 -24.15251 -5299.182 271.0598 9998 33400 -5308.98473978
390220286 -30.74312 -24.20673 -5312.057 274.756 9998 33400 -5298.76101151
390220287 -30.83444 -24.26039 -5344.226 277.7777 9998 33400 -5286.43933665
390220288 -30.8587 -24.26741 -5344.223 276.8282 9998 33400 -5278.2179679
390220289 -30.87179 -24.29488 -5315.71 267.152 9998 33400 -5271.41987858
390220290 -30.93719 -24.35596 -5270.696 243.9491 9998 33400 -5236.06095603
390220291 -30.9379 -24.39733 -5333.414 250.2027 9998 33400 -5287.53595732
390220292 -30.90306 -24.43849 -5369.169 265.2455 9998 33400 -5352.66451206
390220293 -30.95098 -24.50435 -5331.628 247.054 9998 33400 -5359.45127349
390220294 -31.06259 -24.58182 -5322.002 217.0051 9998 33400 -5356.08059971
390220295 -31.18653 -24.64099 -5304.044 218.6367 9998 33400 -5278.81781528
390220296 -31.32437 -24.64196 -5248.675 220.4581 9998 33400 -5273.11305831
390220297 -31.56821 -24.54043 -5272.374 175.9474 9998 33400 -5257.58294112
390220298 -31.69958 -24.30477 -5186.624 184.4581 9998 33400 -5171.16613172
390220299 -31.62 -24.15876 -5124.872 182.1955 9998 33400 -5123.68163324
3902202100 -31.82328 -24.18585 -5136.215 195.5794 9998 33400 -5106.13958531
3902202102 -32.23766 -23.9375 -5022.358 318.3199 9998 33400 -5016.56670934
3902202103 -32.01116 -23.74937 -5016.112 309.2591 9998 33400 -5008.68454068
3902202104 -31.54301 -23.98708 -5148.706 239.2875 9998 33400 -5119.66879614
3902202105 -31.14615 -23.52959 -5115.775 375.8586 9998 33400 -5147.69717689
3902202106 -31.318 -23.02684 -4947.897 359.2737 9998 33400 -4955.39906373
3902202107 -31.23031 -22.80955 -4964.575 425.666 9998 33400 -5006.47726404
3902202108 -30.98047 -22.95252 -5072.685 461.1958 9998 33400 -5132.3744
3902202109 -30.72578 -23.1279 -5150.75 502.2792 9998 33400 -5225.39623812
3902202110 -30.44846 -23.17054 -5211.567 492.9848 9998 33400 -5228.58469689
3902202111 -30.3082 -23.09189 -5222.943 488.8243 9998 33400 -5243.8652421
3902202112 -30.23511 -22.99595 -5231.998 497.4675 9998 33400 -5224.40469956
3902202113 -30.24328 -22.89834 -5226.6 506.8316 9998 33400 -5254.83188328
3902202114 -30.48048 -22.73806 -5223.163 535.0423 9998 33400 -5205.75948508
3902202115 -30.64637 -22.69183 -5183.306 510.5166 9998 33400 -5157.43731943
3902202116 -30.77331 -22.8747 -5156.077 470.1544 9998 33400 -5177.33122082
3902202117 -30.65166 -23.43038 -5213.804 457.5854 9998 33400 -5255.74082737
3902202118 -30.35259 -23.61808 -5263.203 343.548 9998 33400 -5288.87751922
3902202119 -29.99397 -23.36185 -5309.939 479.1846 9998 33400 -5394.53250281
3902202120 -29.88137 -23.02577 -5286.979 483.6683 9998 33400 -5257.04594998
3902202121 -29.9595 -22.78638 -5252.439 557.8299 9998 33400 -5291.64289716
3902202122 -30.08363 -22.63254 -5235.906 651.381 9998 33400 -5253.70893036
3902202123 -30.27615 -22.5412 -5220.708 679.6248 9998 33400 -5204.10050418
3902202124 -30.32937 -22.51527 -5212.083 654.7764 9998 33400 -5191.49650119
3902202125 -30.40834 -22.52109 -5208.2 637.1871 9998 33400 -5177.97274932
3902202126 -30.51621 -22.38889 -5127.322 628.9862 9998 33400 -5121.00580865
3902202127 -30.4736 -22.29539 -5097.364 664.3405 -1 33400 -5110.22131311
3902202128 -30.42932 -22.18387 -5051.098 681.0807 9998 33400 -5092.79799161
3902202129 -30.26727 -22.08292 -5063.362 760.8658 9998 33400 -5135.51420364
3902202130 -30.08271 -21.94558 -5071.854 788.3312 9998 33400 -5173.09567285
3902202131 -29.92869 -21.83391 -5140.412 756.3872 9998 33400 -5187.29248198
3902202132 -29.87002 -21.87108 -5181.835 815.6629 9998 33400 -5196.36685814
3902202133 -29.86655 -22.09643 -5176.618 921.637 -1 33400 -5203.96567896
3902202134 -29.81208 -22.48838 -5243.327 834.3171 9998 33400 -5324.47022067
3902202135 -29.90405 -22.94619 -5258.591 500.4199 -1 33400 -5254.47117067
3902202136 -30.1945 -23.15868 -5256.771 479.9233 9998 33400 -5250.78312038
3902202137 -30.53177 -23.41559 -5233.598 445.3849 9998 33400 -5255.97037422
3902202138 -30.57318 -23.78605 -5243.36 263.662 9998 33400 -5272.22369113
3902202139 -30.31163 -23.86138 -5295.603 243.2294 9998 33400 -5298.83180899
3902202140 -30.18555 -23.58001 -5299 400.8644 9998 33400 -5326.28310323
3902202141 -30.15656 -23.24234 -5275.944 462.9405 9998 33400 -5288.6503384
3902202142 -30.16999 -23.06323 -5236.437 470.6282 9998 33400 -5243.3776
3902202143 -30.2318 -22.8938 -5227.473 499.6219 9998 33400 -5256.03210289
3902202144 -30.27543 -22.96303 -5238.896 503.8706 9998 33400 -5234.3728
3902202145 -30.21055 -23.24286 -5261.009 487.9647 9998 33400 -5271.13296032
3902202146 -30.04495 -23.70433 -5311.853 348.4815 9998 33400 -5325.15100143
3902202147 -29.90814 -24.12084 -5377.817 251.3676 9998 33400 -5378.84027954
3902202148 -29.67569 -24.29641 -5394.907 267.6399 9998 33400 -5406.14804495
3902202149 -29.53409 -24.33318 -5420.188 261.8857 -1 33400 -5425.28258857
3902202150 -29.39273 -24.43205 -5449.997 291.8978 -1 33400 -5442.56995704
3902202151 -29.25265 -24.6169 -5481.319 405.1823 9998 33400 -5489.31431927
3902202152 -29.14007 -24.86541 -5499.34 459.7989 9998 33400 -5497.38571862
3902202153 -29.23378 -24.99713 -4892.747 450.3439 9998 33400 -5041.98051531
3902202159 -30.54988 -25.30275 -5165.404 571.5915 -1 33400 -5160.51431045
3902202161 -30.94689 -25.42342 -5225.303 593.7568 9998 33400 -5219.20582037
3902202162 -31.03622 -25.38753 -5433.546 620.6292 9998 33400 -5369.39096153
3902202163 -31.07256 -25.38032 -5459.129 584.1807 -1 33400 -5441.58927345
3902202164 -31.14333 -25.37596 -5278.076 538.3957 -1 33400 -5294.04363194
3902202165 -31.37741 -25.3516 -5164.513 522.6334 9998 33400 -5189.10897362
3902202166 -31.85542 -25.22532 -5098.97 468.407 9998 33400 -5121.65973794
3902202167 -32.4769 -24.80182 -4968.757 192.892 9998 33400 -4950.29567683
3902202168 -32.48099 -24.21922 -4977.115 219.6251 -1 33400 -4972.05660089
3902202169 -31.95619 -24.02151 -5086.588 244.206 -1 33400 -5081.75422427
3902202170 -31.56767 -24.53615 -5291.963 179.7396 9998 33400 -5259.9355138
3902202171 -31.6406 -24.90131 -5230.346 285.9452 9998 33400 -5239.91147806
3902202172 -31.79615 -24.64964 -5069.479 139.2261 9998 33400 -5161.38680029
3902202173 -31.38204 -24.32291 -5252.574 203.6105 9998 33400 -5210.93542987
3902202174 -31.11248 -24.28232 -5189.639 227.5062 9998 33400 -5298.26442475
3902202175 -30.97521 -24.1502 -5289.68 281.6681 9998 33400 -5263.59747658
3902202176 -30.72927 -23.93591 -5241.948 254.975 9998 33400 -5249.98869628
390220316 -24.88566 -14.24536 -5539.063 1445.966 9998 33400 -5558.58065209
390220317 -24.8918 -14.30545 -5269.558 1317.556 9998 33400 -5570.08043451
390220318 -24.87647 -14.35409 -5306.221 1336.346 9998 33400 -5463.46578442
390220320 -25.01374 -14.4506 -5670.879 1532.245 9998 33400 -5644.76774243
390220322 -25.08172 -14.45482 -5186.547 1374.601 9998 33400 -5265.51527295
390220325 -25.19007 -14.69294 -5494.754 1434.27 9998 33400 -5323.18121541
390220326 -25.1302 -14.75517 -5293.319 1330.461 9998 33400 -5353.02699749
390220327 -25.12059 -14.87181 -5442.166 1361.217 9998 33400 -5215.59461982
390220328 -25.11603 -14.9945 -5251.152 1262.757 9998 33400 -5160.74125569
390220329 -25.14438 -15.12307 -5291.096 1302.068 9998 33400 -5236.23241697
390220331 -25.18227 -15.29646 -5802.736 1464.004 9998 33400 -5535.29912079
390220333 -25.2063 -15.45862 -5701.802 1489.889 9998 33400 -5297.25623785
390220334 -25.15459 -15.56443 -5374.986 1327.756 9998 33400 -5380.15371425
390220337 -25.21232 -15.24771 -5733.622 1397.248 9998 33400 -5726.20088743
390220338 -25.31556 -15.32584 -5853.35 1504.742 9998 33400 -5736.67635747
390220339 -25.43092 -15.30419 -5465.228 1311.444 9998 33400 -5466.42083243
390220340 -25.52038 -15.21393 -5483.282 1284.338 9998 33400 -5495.88991856
390220341 -25.54273 -15.16284 -5272.749 1157.987 9998 33400 -5336.63432862
390220343 -25.8582 -15.3612 -5225.444 1281.255 9998 33400 -5287.19613581
390220344 -25.87104 -15.47993 -5185.526 1468.041 -1 33400 -4979.50266385
390220346 -26.1022 -15.63223 -4640.625 1378.586 9998 33400 -4899.04708817
390220348 -26.41591 -15.59309 -4635.282 1166.512 9998 33400 -5341.30890028
390220352 -26.91469 -15.28162 -5678.024 1236.431 9998 33400 -5810.81479446
390220353 -27.08131 -15.3373 -5881.508 1231.695 9998 33400 -5819.87681008
390220354 -27.28784 -15.40827 -5234.263 953.4783 9998 33400 -5295.69915802
390220355 -27.33245 -15.48081 -5191.446 1081.027 9998 33400 -5189.43407152
390220357 -27.52014 -15.6893 -5544.607 1112.12 9998 33400 -5412.4992478
390220358 -27.34924 -15.58104 -5465.932 1130.824 9998 33400 -5213.1441269
390220359 -27.34352 -15.49949 -5179.212 1010.487 -1 33400 -5185.64238123
390220361 -27.24669 -15.18337 -5294.865 1080.567 9998 33400 -5125.25588602
390220362 -27.15087 -14.97016 -5412.569 1109.719 9998 33400 -5451.51549094
390220363 -27.07199 -14.89046 -4998.357 1049.407 9998 33400 -5205.6766517
390220364 -27.08436 -14.87553 -4874.858 1141.156 9998 33400 -5094.15928688
390220368 -27.10766 -15.17174 -5621.871 1127.841 9998 33400 -5537.74833846
390220369 -27.12102 -15.15797 -5627.881 1117.62 -1 33400 -5486.0316295
390220370 -27.04025 -15.11875 -5442.201 1119.231 9998 33400 -5301.003648
390220371 -27.04934 -15.04503 -5379.19 1202.148 9998 33400 -5287.71014315
390220373 -27.25606 -14.92868 -5572.52 1169.256 9998 33400 -5473.79820412
390220374 -27.39011 -14.83994 -5208.198 1024.031 -1 33400 -5258.45922339
390220376 -27.55208 -14.8437 -5153.452 1031.182 9998 33400 -5254.12282588
390220377 -27.58779 -14.80984 -5278.074 1092.789 9998 33400 -5260.2260006
390220378 -27.68604 -14.81802 -5210.921 1041.491 9998 33400 -5208.04933835
390220379 -27.72976 -14.87955 -5343.636 1029.7 9998 33400 -5266.5791937
390220380 -27.70372 -15.02483 -5417.209 970.967 9998 33400 -5467.32134461
390220381 -27.57968 -15.18488 -5271.773 888.5396 9998 33400 -5411.84085929
390220383 -27.29522 -15.35971 -5644.49 1059.124 9998 33400 -5479.03698547
390220385 -27.0374 -15.26706 -5675.51 1167.562 9998 33400 -5698.80777665
390220386 -26.88453 -15.20661 -5614.692 1206.877 9998 33400 -5652.19733878
390220387 -26.71783 -15.19501 -5416.682 1187.558 9998 33400 -5418.73439518
390220390 -26.71635 -15.06788 -5051.737 1092.892 9998 33400 -5076.05075325
390220395 -27.14996 -14.99088 -5419.836 1141.637 9998 33400 -5449.0948226
390220396 -27.09498 -14.91816 -5189.544 1118.544 9998 33400 -5310.15502181
390220397 -27.04674 -14.83991 -4814.305 1109.683 9998 33400 -5030.42822422
3902203100 -27.04796 -14.61975 -5439.028 1262.025 -1 33400 -5448.29360382
3902203102 -26.96728 -14.43663 -5269.235 1283.322 9998 33400 -5232.90553158
3902203107 -26.67595 -14.57026 -5524.833 1250.748 9998 33400 -5410.73710067
3902203108 -26.58207 -14.5276 -5808.07 1370.754 9998 33400 -5689.36079213
3902203109 -26.47423 -14.57521 -5228.836 1129.975 9998 33400 -5454.06256804
3902203110 -26.45849 -14.6758 -5511.043 1405.516 9998 33400 -5554.82300131
3902203113 -26.23051 -14.469 -5448.567 1250.189 9998 33400 -5442.64257792
3902203114 -26.24039 -14.38163 -5438.407 1169.879 9998 33400 -5442.36150522
3902203116 -26.26193 -14.10943 -5327.135 1135.156 -1 33400 -5307.1359946
3902203119 -26.06554 -13.99668 -5566.646 1128.866 9998 33400 -5316.94468157
3902203125 -25.16326 -13.95143 -5383.721 1169.074 9998 33400 -5662.02945118
3902203126 -25.13734 -13.97866 -5868.223 1441.04 9998 33400 -5791.01179981
3902203127 -25.11915 -14.01505 -5847.793 1442.529 9998 33400 -5766.42615406
3902203128 -25.1036 -14.02704 -5742.265 1396.565 9998 33400 -5732.41202259
3902203129 -25.18679 -14.0472 -5618.28 1321.262 9998 33400 -5421.62170587
3902203131 -25.35531 -14.07603 -5403.185 1204.051 9998 33400 -5454.49752719
3902203135 -25.58048 -14.07903 -5663.223 1254.807 9998 33400 -5601.24389394
3902203136 -25.6211 -14.02879 -5491.426 1157.481 -1 33400 -5557.70229326
3902203137 -25.6368 -13.94894 -5663.544 1182.37 9998 33400 -5350.75667827
3902203138 -25.57455 -13.78476 -5441.07 1155.056 9998 33400 -5371.92629049
3902203145 -26.19453 -13.94955 -5282.059 1047.059 9998 33400 -5383.23618108
3902203146 -26.17381 -13.9579 -5540.586 1149.6 9998 33400 -5409.8760065
3902203147 -26.16976 -14.0752 -5506.44 1158.556 9998 33400 -5346.37018988
3902203148 -26.10485 -14.09271 -5356.142 1159.564 9998 33400 -5407.74630195
3902203150 -26.01805 -14.07296 -5851.359 1292.881 9998 33400 -5502.53440092
3902203152 -25.91966 -13.8791 -5200.364 1039.952 9998 33400 -5182.06861642
3902203157 -26.0496 -14.12838 -5706.699 1258.933 9998 33400 -5513.21210287
3902203158 -26.05284 -14.2362 -5213.191 1048.954 9998 33400 -5346.85526646
3902203160 -25.97102 -14.2572 -5409.154 1265.014 9998 33400 -5395.23188569
3902203162 -25.87913 -14.32705 -5657.252 1340.901 9998 33400 -5584.57528628
3902203163 -25.77569 -14.32154 -5670.33 1379.743 9998 33400 -5542.83783776
3902203164 -25.70924 -14.31107 -5497.755 1282.997 9998 33400 -5410.40035009
3902203165 -25.61306 -14.29429 -5087.167 1128.754 9998 33400 -5236.70512745
3902203166 -25.47499 -14.27727 -5450.552 1348.093 9998 33400 -5297.88509886
3902203168 -25.33918 -14.31346 -5657.546 1388.684 9998 33400 -5547.25779121
3902203169 -25.32521 -14.29102 -5440.271 1281.635 9998 33400 -5572.24697005
3902203170 -25.18933 -14.32433 -5592.729 1375.751 9998 33400 -5618.08023187
3902203171 -25.13538 -14.43742 -5754.071 1518.359 9998 33400 -5375.74868415
3902203175 -25.05155 -14.56576 -5259.309 1417.852 -1 33400 -5280.11988567
3902203178 -25.1532 -14.98131 -5266.389 1247.857 9998 33400 -5230.16361569
3902203179 -25.13263 -15.14866 -5378.195 1292.871 9998 33400 -5263.26480503
39022046 -35.13216 -17.97665 -3457.438 1493.245 9998 33400 -4092.61866114
39022047 -35.19984 -17.85973 -3457.166 1601.083 -1 33400 -4119.15223079
39022048 -35.31861 -17.7824 -3454.442 2057.296 9998 33400 -4148.9367448
39022049 -35.42388 -17.78281 -3455.811 2742.687 9998 33400 -4115.55422613
390220410 -35.49458 -17.82191 -4023.379 1655.499 -1 33400 -4037.92648345
390220411 -35.52529 -17.88528 -3993.318 1554.838 -1 33400 -4012.97193872
390220412 -35.54237 -17.95828 -4049.198 1387.775 -1 33400 -4030.64333688
390220413 -35.15296 -18.83792 -4105.659 623.4274 9998 33400 -4091.60095573
390220414 -34.76824 -19.16308 -4143.706 449.6845 -1 33400 -4156.17012575
390220415 -34.88334 -19.34066 -4133.621 504.9788 -1 33400 -4136.77475403
390220416 -33.93941 -19.1672 -4239.807 420.8271 9998 33400 -4224.03859884
390220417 -33.68782 -18.42924 -4363.029 528.9393 9998 33400 -4337.90893774
390220418 -33.81098 -18.11061 -4396.316 631.2488 9998 33400 -4392.18541939
390220419 -34.40566 -18.04876 -4277.392 562.4626 -1 33400 -4300.84422317
390220420 -34.65956 -18.33242 -4229.285 543.1392 -1 33400 -4233.06488769
390220421 -34.00636 -18.62195 -4333.177 448.499 9998 33400 -4234.36971618
390220422 -33.92556 -18.40676 -4345.892 476.8319 -1 33400 -4303.52241909
390220423 -33.78484 -18.35501 -4367.722 519.7993 9998 33400 -4354.19488814
390220424 -33.45637 -18.85054 -4277.3 410.2016 9998 33400 -4277.90904771
390220425 -33.53997 -19.01471 -4242.085 386.5923 9998 33400 -4240.88685952
390220426 -33.67149 -19.1853 -4220.703 366.2358 9998 33400 -4226.32233289
390220427 -33.80008 -19.39914 -4113.231 379.1692 9998 33400 -4156.44860594
390220428 -34.81441 -19.00338 -4189.363 506.8612 -1 33400 -4174.87607349
390220429 -33.96952 -19.61999 -4168.258 415.5557 9998 33400 -4164.81139633
390220430 -33.56957 -19.38172 -4140.242 253.7992 -1 33400 -4169.22462529
390220431 -33.11595 -21.10879 -4324.459 288.7753 9998 33400 -4318.32093991
390220434 -32.96996 -23.70783 -4819.347 338.3546 -1 33400 -4826.95141128
390220435 -33.28696 -23.62236 -4653.251 248.8139 -1 33400 -4653.71199352
390220436 -33.69158 -23.09491 -4380.774 260.1797 -1 33400 -4395.15441769
390220437 -34.54231 -22.82355 -4306.26 697.8558 9998 33400 -4311.24264306
390220438 -34.36264 -23.02215 -4258.573 347.8584 -1 33400 -4274.58663366
390220439 -34.92736 -22.52898 -4333.807 1411.19 -1 33400 -4348.77003497
390220440 -34.39727 -22.82915 -4318.725 684.6247 -1 33400 -4337.62199225
390220441 -34.31509 -22.76378 -4372.107 885.3657 -1 33400 -4376.16439592
390220442 -34.33322 -22.51439 -4467.093 1564.952 9998 33400 -4487.66840614
390220443 -34.45167 -21.961 -4531.385 1776.419 -1 33400 -4539.27904121
390220444 -34.38426 -21.46799 -4484.522 672.1316 -1 33400 -4522.00211219
390220445 -33.67891 -21.28797 -4338.533 1143.434 -1 33400 -4348.21702386
390220446 -32.86868 -21.50557 -4397.582 822.4238 9998 33400 -4377.86441149
390220447 -32.26816 -22.21635 -4533.646 583.9367 9998 33400 -4521.11849135
390220448 -32.2529 -22.86129 -4585.017 258.9493 9998 33400 -4656.28936177
390220451 -32.49329 -22.31487 -4523.303 540.66 9998 33400 -4540.11381901
390220452 -32.52321 -22.25389 -4519.039 581.9157 9998 33400 -4507.93316173
390220453 -32.56556 -22.29005 -4523.213 589.8609 -1 33400 -4507.92827049
390220454 -32.42793 -22.47319 -4526.565 470.2556 9998 33400 -4589.86617988
390220455 -32.41654 -22.53635 -4537.151 433.38 9998 33400 -4543.19573147
390220456 -32.49641 -22.36135 -4525.819 519.8637 9998 33400 -4553.34647991
390220457 -32.62967 -22.15005 -4510.409 642.2939 9998 33400 -4472.65916632
390220458 -32.85679 -21.96001 -4477.667 865.6791 -1 33400 -4486.88228728
390220459 -33.10994 -21.58349 -4377.308 934.045 9998 33400 -4380.29102271
390220460 -33.72407 -21.51235 -4416.955 599.3355 -1 33400 -4412.76896215
390220461 -33.91228 -21.90745 -4504.835 1480.413 -1 33400 -4517.46987511
390220462 -33.76562 -21.93369 -4499.669 1407.496 9998 33400 -4533.82129411
390220463 -33.88454 -22.03277 -4513.654 1592.461 -1 33400 -4516.88360381
390220464 -33.8028 -22.00607 -4509.38 1544.287 -1 33400 -4517.00001093
390220465 -33.82299 -22.10516 -4513.633 1611.98 9998 33400 -4510.13245054
390220466 -34.10801 -22.06737 -4528.143 1704.873 -1 33400 -4531.7721229
390220467 -33.86427 -21.7472 -4480.161 1045.931 9998 33400 -4455.60819973
390220468 -33.5591 -21.86719 -4471.173 1394.927 9998 33400 -4488.86408387
390220469 -33.08883 -21.8826 -4460.462 1046.962 -1 33400 -4465.90459148
390220470 -32.69762 -21.69825 -4424.983 764.3307 -1 33400 -4429.92047411
390220471 -32.26516 -21.46255 -4413.561 563.3792 9998 33400 -4376.50620693
390220472 -32.15602 -21.15949 -4418.707 472.2723 -1 33400 -4425.69389544
390220474 -31.90194 -20.90249 -3561.354 120.5854 -1 33400 -3659.10316686
390220477 -32.14546 -21.22705 -4428.035 488.7159 9998 33400 -4344.3727807
390220478 -32.21989 -21.35488 -4137.898 487.0224 -1 33400 -4082.16959346
390220481 -32.18956 -21.23732 -4428.908 510.892 -1 33400 -4445.72108477
390220482 -32.34935 -21.16456 -4396.604 577.9607 9998 33400 -4399.95864756
390220483 -32.8486 -21.88656 -4457.638 881.3287 -1 33400 -4468.19350753
390220484 -33.40229 -22.17818 -4498.139 1278.797 -1 33400 -4503.2620011
390220485 -33.75002 -21.93878 -4498.11 1457.735 9998 33400 -4542.1958208
390220486 -33.40193 -21.2571 -4298.511 418.4236 9998 33400 -4320.8589867
390220487 -32.59192 -21.22229 -4413.53 711.9998 9998 33400 -4406.18818961
390220488 -31.95343 -21.95146 -4555.128 755.1982 9998 33400 -4539.67130718
390220489 -31.81318 -22.11291 -4573.566 685.6833 9998 33400 -4570.29072615
390220490 -31.66341 -22.27027 -4567.683 621.16 9998 33400 -4601.05458011
390220491 -31.57813 -22.20278 -4593.968 652.664 9998 33400 -4614.7980089
390220492 -31.55085 -22.17262 -4607.498 688.5043 -1 33400 -4619.6616799
390220493 -31.50601 -22.18331 -4609.732 679.6055 9998 33400 -4647.60665735
390220494 -31.611 -22.2022 -4587.938 660.1849 9998 33400 -4603.83510747
390220495 -31.8637 -22.2749 -4559.022 565.8702 9998 33400 -4577.50821914
390220496 -32.00298 -22.40464 -4567.156 479.9332 9998 33400 -4618.04662269
390220497 -32.07077 -22.5116 -4619.264 456.2715 9998 33400 -4667.68402385
390220498 -32.0009 -22.54966 -4691.02 444.5889 -1 33400 -4724.54191448
390220499 -31.83476 -22.36515 -4565.611 504.9617 9998 33400 -4595.13078671
3902204100 -31.74447 -22.23265 -4573.531 617.1426 9998 33400 -4582.91761842
3902204101 -31.93041 -22.37198 -4553.546 516.2985 9998 33400 -4604.67319785
3902204102 -32.50376 -22.62623 -4544.325 357.7056 -1 33400 -4564.38878569
3902204103 -32.41577 -22.67756 -4573.398 330.6819 -1 33400 -4586.65330771
3902204104 -32.16909 -22.74509 -4696.697 343.4799 -1 33400 -4700.60087016
3902204105 -31.95587 -22.66812 -4723.554 414.5714 9998 33400 -4717.99794868
3902204106 -31.73977 -22.44342 -4603.332 492.1703 9998 33400 -4659.66971173
3902204107 -31.52166 -21.84808 -4640.956 783.1238 9998 33400 -4648.33852187
3902204108 -31.41445 -21.31888 -4558.035 856.2465 9998 33400 -4569.06067558
3902204109 -31.24232 -21.15417 -4592.814 870.2966 9998 33400 -4611.22545468
3902204110 -31.15471 -20.83941 -4598.254 884.4429 -1 33400 -4589.75387297
3902204112 -31.25026 -20.7022 -4569.787 923.1177 -1 33400 -4576.05638592
3902204116 -31.40262 -20.33481 -4255.204 925.418 -1 33400 -4251.31225112
3902204117 -31.76378 -20.96529 -4029.379 542.4541 -1 33400 -4095.3044721
3902204119 -31.91645 -21.30873 -4399.389 551.4824 -1 33400 -4394.2144
3902204120 -31.73111 -21.19255 -4451.797 653.9813 -1 33400 -4481.98918563
3902204121 -31.61333 -21.21534 -4474.275 711.8978 -1 33400 -4477.22803001
3902204122 -31.60934 -21.12176 -4518.682 714.0831 9998 33400 -4578.87710381
3902204123 -31.50545 -21.08239 -4549.832 817.0898 9998 33400 -4565.5344
3902204124 -31.41912 -21.08605 -4566.664 843.636 9998 33400 -4555.95605114
3902204125 -31.37439 -20.94388 -4562.13 864.0546 -1 33400 -4560.0297641
3902204126 -31.48145 -20.91519 -4377.685 920.4648 -1 33400 -4437.54663569
3902204127 -31.28068 -20.62415 -4510.937 966.6656 -1 33400 -4470.16049709
3902204128 -31.52653 -20.59175 -4130.001 1347.174 -1 33400 -4147.18969183
3902204129 -31.61695 -20.42236 -4223.903 1623.617 -1 33400 -4221.04330324
3902204130 -31.43334 -20.57106 -4325.771 1284.531 -1 33400 -4298.06528513
3902204131 -31.48187 -21.2381 -4507.458 830.3451 -1 33400 -4533.41416561
3902204132 -32.44696 -21.36315 -4413.88 589.0938 -1 33400 -4415.65988247
3902204133 -32.73311 -20.49656 -4211.412 973.7648 -1 33400 -4205.09431304
3902204134 -32.71046 -20.83781 -4276.41 877.2794 -1 33400 -4274.59232325
3902204135 -32.68543 -21.79835 -4456.592 809.9489 -1 33400 -4457.13897852
3902204136 -33.41272 -22.50347 -4568.976 1019.394 9998 33400 -4649.95781782
3902204137 -34.22733 -22.50683 -4473.713 1484.015 -1 33400 -4496.2272042
3902204138 -35.14803 -22.39121 -4364.91 1516.896 -1 33400 -4368.54687797
3902204139 -35.51231 -21.99238 -4471.721 1774.83 9998 33400 -4446.9732988
3902204140 -35.21842 -21.30872 -4372.709 499.8346 -1 33400 -4368.58031521
3902204141 -35.13668 -21.24776 -4380.419 988.5303 -1 33400 -4377.64934015
3902204142 -34.90886 -21.5337 -4435.933 234.9229 -1 33400 -4433.21436144
3902204143 -34.88765 -22.43059 -4365.094 1597.572 -1 33400 -4392.23123102
3902204144 -35.41324 -22.66711 -4234.317 917.5758 9998 33400 -4235.56329304
3902204145 -36.04664 -22.62254 -4154.522 871.0964 -1 33400 -4168.35277257
3902204146 -35.93498 -22.40336 -4229.421 1346.657 -1 33400 -4246.07944112
3902204147 -36.35716 -22.44108 -4101.154 970.677 -1 33400 -4111.43686303
3902204148 -36.05901 -22.69746 -4162.005 764.8902 -1 33400 -4176.42963888
3902204149 -36.0708 -23.07914 -4139.095 402.2894 9998 33400 -4116.06661214
3902204150 -36.22492 -23.19302 -4127.756 439.9863 9998 33400 -4120.07441968
3902204151 -36.13037 -23.00378 -4131.318 437.398 9998 33400 -4118.13351404
3902204152 -36.12596 -22.75003 -4150.783 643.854 9998 33400 -4134.35471377
3902204153 -35.9328 -22.87236 -4160.496 515.8273 9998 33400 -4165.58658804
3902204154 -35.43392 -22.98676 -4188.92 443.5456 9998 33400 -4208.67239228
3902204155 -34.96129 -23.35596 -4208.207 165.5508 9998 33400 -4211.29850811
3902204156 -34.71844 -23.68892 -4260.623 103.013 9998 33400 -4251.86708638
3902204157 -34.40274 -23.69404 -4358.204 143.6305 -1 33400 -4360.26282473
3902204158 -34.32916 -23.36657 -4262.761 143.4019 9998 33400 -4238.85046025
3902204159 -34.66446 -23.01653 -4248.443 368.7278 -1 33400 -4256.99317004
3902204160 -34.90051 -22.66836 -4289.843 1042.552 9998 33400 -4321.84850961
3902204161 -35.08367 -22.3711 -4361.313 1681.975 -1 33400 -4371.73487975
3902204162 -35.002 -22.31609 -4424.808 1862.255 -1 33400 -4434.37004734
3902204163 -35.03581 -22.36459 -4409.316 1664.486 -1 33400 -4432.62571359
3902204164 -34.86898 -22.00847 -4528.257 1950.274 -1 33400 -4538.82553266
3902204165 -34.42693 -21.90525 -4527.314 1604.044 -1 33400 -4528.89109718
3902204166 -34.75097 -21.98785 -4521.355 1892.914 -1 33400 -4547.14202319
3902204168 -34.79661 -22.40596 -4402.391 1665.555 -1 33400 -4419.20413312
3902204169 -35.12372 -22.45656 -4327.887 1462.997 -1 33400 -4351.45241019
3902204170 -35.30968 -22.74418 -4229.034 823.1227 -1 33400 -4230.98472692
3902204171 -35.09234 -22.86168 -4224.227 644.39 -1 33400 -4248.89514589
3902204172 -34.82884 -23.11647 -4230.489 306.2216 9998 33400 -4241.32485011
3902204173 -34.4878 -22.9992 -4254.195 367.5324 -1 33400 -4279.53808269
3902204174 -34.30303 -23.45609 -4310.656 131.1393 9998 33400 -4371.0928361
3902204175 -34.32337 -23.63986 -4365.328 136.6048 -1 33400 -4353.66932481
3902204176 -34.43604 -23.64136 -4340.596 134.0725 -1 33400 -4354.18562295
3902204177 -34.8054 -23.64976 -4201.206 88.9721 9998 33400 -4211.27277501
3902204178 -35.06613 -23.62878 -4175.488 100.9882 9998 33400 -4173.66200449
3902204179 -35.0962 -23.47671 -4180.5 139.3006 9998 33400 -4165.15921035
3902204180 -35.09131 -23.58734 -4169.944 102.6133 9998 33400 -4162.99002927
3902204181 -34.72495 -23.5918 -4224.118 108.6226 9998 33400 -4216.05379725
3902204182 -34.31489 -23.70962 -4358.979 147.9386 9998 33400 -4380.28365634
3902204183 -34.29467 -23.00433 -4292.768 359.696 9998 33400 -4291.31278204
3902204184 -35.15879 -23.24958 -4211.355 220.746 9998 33400 -4233.61118836
3902204185 -35.09881 -22.97252 -4216.792 480.9781 -1 33400 -4231.98690048
3902204186 -35.33725 -23.20277 -4192.952 253.5387 9998 33400 -4197.24712605
3902204187 -35.98901 -23.33321 -4143.703 336.7397 9998 33400 -4154.39577804
3902204188 -36.29992 -23.06742 -4111.708 475.8557 9998 33400 -4106.99520708
390220515 -20.10757 -14.97618 -4153.474 1042.061 9998 33400 -4347.39150117
390220516 -20.11361 -14.97051 -4275.129 1124.239 9998 33400 -4369.51204404
390220517 -20.12156 -14.97396 -4317.03 1109.461 9998 33400 -4346.86362218
390220518 -20.14298 -14.98109 -4440.833 1227.559 9998 33400 -4354.14892829
390220524 -20.30949 -14.34909 -4531.898 677.3264 9998 33400 -4859.29658466
390220525 -20.30252 -14.24191 -4880.246 671.4619 9998 33400 -4910.76730837
390220526 -20.25151 -14.2448 -4870.331 700.8025 9998 33400 -4873.95549282
390220527 -20.25181 -14.26158 -4906.872 672.7391 9998 33400 -4889.19073935
390220528 -20.20763 -14.29102 -4883.928 916.4786 9998 33400 -4772.84674983
390220529 -20.17687 -14.33616 -4508.83 975.6783 9998 33400 -4629.22470461
390220614 -21.02344 -5.16222 -4750.404 1333.288 9998 33400 -4764.13466124
390220615 -20.98729 -5.16217 -4949.933 1358.29 9998 33400 -4828.63692884
390220618 -20.20478 -4.94246 -5322.096 1782.726 9998 33400 -5168.35053074
390220619 -20.18514 -4.95419 -5370.413 1787.808 9998 33400 -5192.18559406
390220620 -20.23564 -4.91271 -4987.953 1591.34 -1 33400 -4962.707037
390220621 -20.35344 -4.94937 -5284.539 1832.654 9998 33400 -5195.99832925
390220623 -20.52541 -5.09634 -4633.353 1536.077 -1 33400 -4672.72352238
390220625 -20.57298 -5.31645 -4968.095 1366.934 -1 33400 -4969.11500495
390220628 -20.75991 -5.87085 -4863.937 1141.548 9998 33400 -4869.27781069
390220629 -20.69911 -5.94801 -4939.95 1212.125 9998 33400 -4859.90482759
390220631 -20.46599 -6.00622 -4670.551 1130.8 -1 33400 -4795.11295098
390220632 -20.49693 -6.2791 -5009.111 1384.839 -1 33400 -5049.14044301
390220633 -20.46006 -6.39898 -4980.434 1422.629 -1 33400 -5168.95428666
390220634 -20.42938 -6.56731 -5388.978 1565.536 -1 33400 -5355.13729684
390220635 -20.35306 -6.40047 -5128.777 1368.016 9998 33400 -4961.14679923
390220636 -20.40046 -6.16889 -5237.448 1360.912 9998 33400 -5118.39844997
390220637 -20.6197 -5.92969 -4892.125 1180.7 9998 33400 -4838.3509819
390220638 -20.7037 -5.76973 -4728.757 1126.28 9998 33400 -4766.04149043
390220639 -20.69431 -5.76198 -4768.058 1164.982 9998 33400 -4745.96250383
390220640 -20.58007 -5.70757 -4960.091 1310.953 9998 33400 -4853.95108884
390220644 -20.5372 -5.25326 -5127.138 1433.96 -1 33400 -5144.11910917
390220645 -20.55796 -5.20953 -4957.607 1397.649 -1 33400 -5024.42291538
390220646 -20.45645 -5.16302 -5105.875 1632.64 9998 33400 -4880.57824225
390220647 -20.19588 -5.11951 -4713.244 1549.92 9998 33400 -4662.81294913
390220649 -19.87371 -5.20568 -4912.119 1512.515 9998 33400 -4757.38547604
390220650 -19.86155 -5.23589 -4930.682 1505.553 9998 33400 -4811.52465602
390220651 -19.88851 -5.31546 -4883.138 1460.771 9998 33400 -4826.82311192
390220652 -19.87649 -5.38766 -4774.997 1375.963 9998 33400 -4732.52603846
390220655 -19.16474 -5.6893 -4485.805 1174.777 9998 33400 -4442.53798363
390220656 -19.05061 -5.65409 -4591.355 1312.147 9998 33400 -4338.42013355
390220657 -18.9942 -5.57576 -4465.848 1260.799 -1 33400 -4467.58447714
390220658 -19.05411 -5.42694 -4543.572 1292.692 9998 33400 -4531.29015065
390220659 -19.15303 -5.23851 -4448.926 1284.822 9998 33400 -4640.14611161
390220660 -19.25266 -5.08388 -4512.828 1435.572 9998 33400 -4140.23212769
390220662 -19.4444 -5.10751 -4732.314 1443.418 9998 33400 -4696.41781118
390220663 -19.44175 -5.34984 -4744.456 1321.751 9998 33400 -4642.48214996
390220664 -19.3199 -5.4582 -4737.733 1340.384 9998 33400 -4630.41862369
390220665 -19.38985 -5.57437 -4665.431 1309.014 9998 33400 -4551.76745747
390220667 -19.42764 -5.63249 -4819.131 1317.504 9998 33400 -4674.27021499
390220668 -19.46116 -5.69545 -4832.448 1385.647 9998 33400 -4740.55578781
390220669 -19.51346 -5.79179 -4688.572 1314.774 9998 33400 -4639.44022789
390220671 -19.66773 -6.21795 -4806.046 1387.489 9998 33400 -4810.21179793
390220672 -19.5991 -6.44631 -4719.453 1385.398 9998 33400 -4699.3235834
390220673 -19.41923 -6.39433 -4521.678 1246.97 9998 33400 -4481.50875112
390220674 -19.31906 -5.98572 -4583.93 1372.622 9998 33400 -4651.8411598
390220675 -19.34733 -5.67239 -4528.07 1277.577 9998 33400 -4489.09705812
390220676 -19.37767 -5.51673 -4582.8 1343.349 9998 33400 -4538.99465265
390220678 -19.27767 -5.38962 -4668.366 1373.701 9998 33400 -4677.20532108
390220679 -19.1851 -5.33404 -4601.797 1259.349 9998 33400 -4627.180999
390220680 -19.11147 -5.35491 -4703.788 1397.35 9998 33400 -4623.31417981
390220681 -19.10293 -5.35062 -4668.077 1361.646 9998 33400 -4639.20589054
390220682 -19.07641 -5.33167 -4732.102 1355.43 9998 33400 -4686.81410205
390220683 -18.98398 -5.33503 -4549.518 1238.644 9998 33400 -4563.01836703
390220684 -18.92735 -5.40295 -4507.253 1205.409 9998 33400 -4538.69427942
390220685 -18.9825 -5.44318 -4549.121 1231.608 9998 33400 -4606.86002394
390220686 -19.05459 -5.39381 -4583.784 1264.685 -1 33400 -4616.44847951
390220687 -19.15809 -5.34017 -4589.142 1297.882 9998 33400 -4611.6807928
390220689 -19.45153 -5.34582 -4587.486 1322.628 9998 33400 -4651.84805344
390220690 -19.59372 -5.45309 -4576.575 1247.952 9998 33400 -4570.51677588
390220692 -19.76455 -5.76819 -4825.149 1330.187 9998 33400 -4816.51713311
390220694 -20.19992 -5.72794 -5105.631 1428.447 9998 33400 -4975.42877081
390220695 -20.14643 -6.21049 -4688.826 1230.789 9998 33400 -4849.39863058
390220698 -20.29928 -6.32137 -5041.268 1377.921 9998 33400 -4760.50727874
390220699 -20.29818 -6.13341 -5004.753 1445.399 9998 33400 -4954.44158436
3902206100 -20.35184 -6.28589 -5097.224 1412.799 9998 33400 -4984.6526355
3902206102 -20.36529 -6.61148 -5027.636 1585.617 -1 33400 -4975.55396357
3902206103 -20.12869 -6.80285 -5139.416 1587.513 9998 33400 -4569.38710533
3902206104 -20.09989 -6.84659 -4949.773 1692.918 9998 33400 -4821.68944148
3902206108 -19.77433 -6.23947 -4759.163 1258.206 9998 33400 -4756.58871692
3902206110 -20.04926 -5.92423 -4977.37 1308.299 9998 33400 -4972.87991359
3902206112 -20.05555 -5.94782 -4986.793 1356.903 9998 33400 -4951.88915956
3902206114 -19.91578 -6.22235 -4918.346 1355.846 9998 33400 -4921.61236173
3902206116 -19.81596 -6.57812 -5027.445 1432.776 9998 33400 -4675.935023
3902206118 -19.88238 -6.57717 -5240.802 1534.759 9998 33400 -4929.67140293
3902206119 -20.05817 -6.52906 -4935.033 1430.703 9998 33400 -4950.35922625
3902206120 -19.8425 -6.49881 -4764.002 1293.997 9998 33400 -4971.81298447
3902206121 -19.98696 -6.28321 -4857.092 1303.159 9998 33400 -4839.31286392
3902206122 -19.85994 -6.36151 -5067.104 1479.559 9998 33400 -4921.4373299
3902206125 -19.71794 -6.61479 -4460.109 1468.116 9998 33400 -4283.60835143
3902206127 -19.54705 -6.64858 -4493.414 1316.583 9998 33400 -4644.47203297
3902206129 -19.49917 -6.92637 -4681.556 1458.391 9998 33400 -4882.37310956
3902206131 -19.60068 -6.86196 -4976.692 1616.863 9998 33400 -4555.60486589
3902206132 -19.59686 -6.70139 -4614.331 1346.989 9998 33400 -4840.18910631
3902206136 -19.71089 -6.52235 -5355.804 1539.933 9998 33400 -4887.85895567
3902206137 -19.97865 -6.62077 -5043.957 1567.688 9998 33400 -4923.22149053
3902206138 -20.06998 -6.64201 -5247.783 1611.623 9998 33400 -4918.24135138
3902206139 -20.21192 -6.40234 -5009.293 1405.864 9998 33400 -4754.60529729
3902206140 -20.0714 -6.20317 -5053.325 1346.362 9998 33400 -4938.12677371
3902206141 -19.98008 -6.03646 -5091.227 1444.576 9998 33400 -5013.31291093
3902206142 -20.00408 -5.93898 -4980.964 1346.155 9998 33400 -4953.56110764
3902206145 -19.95477 -6.08192 -5010.686 1400.904 9998 33400 -4985.01603428
3902206146 -19.71329 -6.0061 -4801.009 1310.215 9998 33400 -4728.88900832
3902206148 -19.21066 -5.80571 -4453.167 1234.663 9998 33400 -4482.22351499
3902206149 -19.08672 -5.76469 -4476.157 1328.42 9998 33400 -4432.94531197
3902206150 -18.75827 -5.63013 -4582.985 1283.27 9998 33400 -4490.42623701
3902206152 -18.51391 -5.55205 -4332.469 1182.104 9998 33400 -4357.35519633
3902206153 -18.51253 -5.57672 -4339.29 1196.073 9998 33400 -4339.21855457
3902206154 -18.51264 -5.77532 -4410.502 1231.374 9998 33400 -4324.80310484
3902206155 -18.40399 -5.88814 -4536.622 1234.089 9998 33400 -4542.33788922
3902206156 -18.30407 -5.79902 -4458.135 1120.884 9998 33400 -4556.60158588
3902206157 -18.36116 -5.43668 -4174.053 1065.331 9998 33400 -4318.31855917
3902206160 -18.13075 -4.68527 -4598.438 1931.255 9998 33400 -4546.33264771
3902206161 -17.8433 -4.82777 -4216.028 1508.861 9998 33400 -4471.73198721
3902206162 -17.78889 -5.05403 -4274.705 1378.738 9998 33400 -4326.7042589
3902206164 -17.61175 -5.34409 -4118.072 1126.307 9998 33400 -3997.6543186
3902206165 -17.51779 -5.34493 -4043.628 1163.265 9998 33400 -4125.50963505
3902206166 -17.50513 -5.49637 -4259.953 1119.734 9998 33400 -4094.41626029
3902206167 -17.53779 -5.56007 -4215.684 1099.925 9998 33400 -4098.69272112
3902206168 -17.56298 -5.59445 -4218.997 1097.15 9998 33400 -4096.2911759
3902206169 -17.59558 -5.69151 -4149.164 1030.937 9998 33400 -4063.99508573
3902206171 -17.78592 -5.54633 -4212.37 1063.277 9998 33400 -4067.30639596
3902206172 -17.90015 -5.34574 -4252.36 1198.543 9998 33400 -4172.70767063
3902206175 -18.47535 -5.50691 -4478.515 1200.112 9998 33400 -4431.45878583
3902206176 -18.61476 -5.41415 -4368.244 1177.957 9998 33400 -4439.24247614
3902206177 -18.63886 -5.29833 -4578.437 1345.313 9998 33400 -4450.35450327
390220715 -25.40237 -25.61011 -5046.618 783.2191 9998 33400 -5102.86377845
390220716 -25.4033 -25.57732 -4961.687 746.2462 9998 33400 -5141.80433549
390220718 -25.27397 -25.54319 -4872.354 692.5266 -1 33400 -4828.24987892
390220721 -25.04885 -26.07523 -4576.31 683.1577 -1 33400 -4751.69256427
390220722 -24.84409 -26.22824 -4796.436 611.324 -1 33400 -4913.04642423
390220723 -24.59506 -26.44212 -5064.364 482.8833 9998 33400 -4870.69182731
390220724 -24.4428 -26.52611 -4814.791 445.7166 9998 33400 -4581.49055135
390220725 -24.33475 -26.54811 -4741.811 440.8006 9998 33400 -4620.50143498
390220726 -24.13211 -26.58534 -4695.146 390.4153 9998 33400 -4792.57441695
390220727 -24.1189 -26.652 -4591.288 322.1956 9998 33400 -4868.1545423
390220728 -24.07536 -26.66881 -4348.718 334.0782 9998 33400 -4748.94950456
390220731 -23.77306 -27.00782 -4749.423 126.9198 9998 33400 -4882.1101224
390220732 -23.70985 -27.00895 -4734.458 154.0868 9998 33400 -4774.1417771
390220734 -23.43938 -26.93037 -4999.833 234.3019 -1 33400 -5006.17491796
390220735 -23.36869 -26.96795 -4944.289 213.3642 9998 33400 -4891.7915362
390220736 -23.27881 -27.02149 -4590.773 186.079 -1 33400 -4754.17427953
390220737 -23.17888 -27.06582 -4553.706 199.1227 -1 33400 -4564.96017517
390220739 -23.01125 -27.25756 -4736.896 240.4314 9998 33400 -4705.68956717
390220742 -22.96433 -27.66604 -4535.02 357.0098 9998 33400 -4587.26388863
390220743 -22.90524 -27.61542 -4462.663 351.0405 9998 33400 -4469.36569045
390220744 -22.91782 -27.54154 -4418.316 324.2093 9998 33400 -4496.97029013
390220745 -22.9262 -27.51897 -4432.336 336.5577 9998 33400 -4503.44372165
390220746 -22.99263 -27.50936 -4631.928 356.9009 -1 33400 -4648.63923253
390220747 -23.08296 -27.5058 -4710.18 328.1743 -1 33400 -4761.96374794
390220748 -23.16034 -27.49463 -4321.678 261.4914 9998 33400 -4460.11732667
390220749 -23.23552 -27.50423 -4320.994 263.4991 9998 33400 -4347.63404849
390220750 -23.23667 -27.43545 -4399.569 231.6356 9998 33400 -4758.67745733
390220754 -23.3286 -27.13539 -4477.709 152.191 -1 33400 -4463.71072229
390220757 -23.32532 -26.79344 -4928.72 296.7688 9998 33400 -4934.53831122
390220758 -23.33225 -26.80241 -4942.213 323.0189 9998 33400 -4964.96836266
390220760 -23.29603 -26.77643 -4572.476 333.7606 9998 33400 -4741.87085273
390220761 -23.32578 -26.78306 -4887.064 360.9754 9998 33400 -4850.4538639
390220762 -23.36236 -26.75131 -4794.406 361.0772 9998 33400 -4725.1255399
390220763 -23.37745 -26.73695 -4598.746 357.4685 9998 33400 -4715.56632265
390220764 -23.30123 -26.71211 -4616.647 381.6333 9998 33400 -4552.44921174
390220766 -23.18054 -26.82816 -4884.62 294.3093 -1 33400 -5088.22704856
390220767 -23.24162 -26.90657 -5179.544 259.4023 -1 33400 -5250.50445516
390220768 -23.50771 -26.92176 -5111.245 227.3066 -1 33400 -4987.99650611
390220770 -23.44066 -26.84497 -5166.085 279.9282 -1 33400 -5189.9328964
390220771 -23.4147 -26.83712 -5099.052 283.9828 -1 33400 -5219.19319649
390220772 -23.36688 -26.83711 -5100.216 287.0087 -1 33400 -5079.3383426
390220774 -23.26865 -26.87209 -5382.378 303.6092 -1 33400 -5415.70850518
390220775 -23.21307 -26.87838 -5375.689 287.3463 -1 33400 -5386.81062774
390220776 -23.30825 -26.86268 -5372.594 286.9299 -1 33400 -5415.45863855
390220777 -23.51448 -26.77464 -4911.151 314.0134 9998 33400 -4897.03906776
390220778 -23.58492 -26.73666 -4676.916 345.9806 9998 33400 -4663.34494107
390220780 -23.45544 -26.70548 -4726.498 386.8297 9998 33400 -4732.56745533
390220782 -23.23239 -26.7318 -4543.119 382.1331 9998 33400 -4523.93102761
390220783 -23.1489 -26.68988 -4645.628 404.6003 9998 33400 -4678.65086578
390220785 -22.752 -26.54118 -4635.762 422.6926 -1 33400 -4242.2056992
390220786 -22.51394 -26.6556 -4605.095 424.8894 9998 33400 -4681.02731207
390220787 -22.46684 -26.65422 -4641.85 430.131 9998 33400 -4591.88181268
390220788 -22.50357 -26.66514 -4613.649 416.6846 9998 33400 -4692.28429986
390220791 -22.5017 -26.69592 -4632.89 377.2106 9998 33400 -4790.44080513
390220792 -22.32108 -26.61753 -4761.319 471.4547 9998 33400 -4568.75892336
3902207101 -23.94407 -26.24111 -4246.708 633.0258 -1 33400 -4260.43904267
3902207106 -24.699 -26.72253 -4598.362 199.2208 -1 33400 -4983.4343308
3902207109 -24.49467 -26.94025 -5238.689 114.1761 -1 33400 -5228.19300795
3902207110 -24.3925 -26.94954 -5076.498 105.3527 -1 33400 -5132.02068018
3902207112 -23.99004 -26.8029 -4941.922 198.8723 9998 33400 -4939.79663527
3902207113 -23.81972 -26.78187 -4788.468 268.2755 9998 33400 -4755.70162844
3902207114 -23.6768 -26.6881 -4689.764 383.0988 9998 33400 -4632.97780825
3902207115 -23.59707 -26.61978 -4744.701 476.2598 9998 33400 -4743.17509575
3902207116 -23.46242 -26.51881 -4881.526 542.1085 -1 33400 -4778.75582555
3902207118 -23.19328 -26.33246 -5083.812 627.4695 9998 33400 -5066.27129783
3902207119 -23.00069 -26.37243 -5555.403 723.3958 9998 33400 -5568.72989102
3902207120 -22.84966 -26.42217 -4830.08 556.4563 9998 33400 -5080.56749319
3902207121 -22.92236 -26.47097 -4681.188 565.4059 9998 33400 -4711.42287756
3902207122 -22.90582 -26.54337 -4280.699 450.6192 9998 33400 -4505.32483747
3902207123 -22.93245 -26.6359 -4992.662 444.9945 -1 33400 -5051.077305
3902207124 -22.91683 -26.72108 -4477.75 336.4024 -1 33400 -4472.33911185
3902207125 -22.85332 -26.79294 -4399.294 292.6494 9998 33400 -4758.92941994
3902207126 -22.92414 -26.81745 -4666.681 265.5303 -1 33400 -4668.94746824
3902207127 -22.87254 -26.84259 -5040.923 271.5298 -1 33400 -4810.25546004
3902207128 -22.93009 -26.91202 -5125.607 269.4856 -1 33400 -5130.00532863
3902207129 -22.9147 -26.92897 -5060.785 274.779 -1 33400 -5025.48104354
3902207130 -22.96202 -26.91492 -5093.395 283.0181 -1 33400 -5097.22169188
3902207131 -23.02387 -26.88067 -5199.728 302.4648 -1 33400 -5265.98962443
3902207132 -23.02324 -26.83695 -4775.04 265.435 -1 33400 -4842.71909932
3902207133 -23.07698 -26.92121 -5204.271 269.9409 -1 33400 -5188.14741319
3902207134 -23.16554 -26.83554 -5237.469 324.8536 -1 33400 -5358.89627797
3902207135 -23.35041 -26.84304 -5110.886 284.6193 -1 33400 -5087.92592121
3902207136 -23.65598 -26.88754 -5253.254 225.828 -1 33400 -5299.13421301
3902207138 -24.03186 -27.02646 -4740.865 72.28082 9998 33400 -4761.29282793
3902207139 -24.12022 -27.04021 -4504.106 69.43829 9998 33400 -4562.67903808
3902207140 -24.07597 -27.06554 -4427.817 67.5671 9998 33400 -4549.38566924
3902207142 -24.44052 -27.06597 -4518.3 73.51302 -1 33400 -4595.38699021
3902207143 -24.53884 -27.04986 -4713.645 92.83315 9998 33400 -4788.23245646
3902207144 -24.70862 -27.15128 -4399.566 117.9659 9998 33400 -4508.76432552
3902207145 -24.8395 -27.22692 -4880.493 161.2242 9998 33400 -4933.51367347
3902207147 -24.98855 -27.48222 -5103.948 211.2967 -1 33400 -5113.17377128
3902207148 -25.03709 -27.49712 -4741.669 203.3821 -1 33400 -4623.92081125
3902207149 -25.10964 -27.52834 -4163.116 155.7087 9998 33400 -4456.34964547
3902207151 -25.33683 -27.68285 -4719.349 132.8087 9998 33400 -4686.63390853
3902207154 -25.38815 -27.60688 -4492.629 95.65522 9998 33400 -4489.17014143
3902207155 -25.40748 -27.54777 -4651.261 86.04993 9998 33400 -4534.06733579
3902207157 -25.63877 -27.30448 -4937.854 90.03065 -1 33400 -4954.12138944
3902207159 -25.72796 -27.20645 -4800.655 102.4625 9998 33400 -4678.54251282
3902207160 -25.79883 -27.203 -4581.667 120.1779 9998 33400 -4608.12522803
3902207161 -25.95169 -27.19472 -4696.391 193.7411 9998 33400 -4712.5329919
3902207162 -26.09204 -27.24049 -4744.968 226.0858 9998 33400 -4756.24032341
3902207166 -26.47726 -27.65078 -5107.957 120.2514 -1 33400 -5096.35135195
3902207167 -26.90004 -27.59622 -5094.202 138.4968 9998 33400 -4866.79730917
3902207169 -27.09199 -27.60804 -5080.71 125.167 9998 33400 -5297.95048044
3902207171 -27.73423 -27.54347 -4301.217 74.9705 9998 33400 -4386.24832485
3902207172 -27.8262 -27.53051 -4467.263 70.9669 9998 33400 -4452.39055728
3902207173 -27.81262 -27.55653 -4651.646 88.47421 9998 33400 -4624.47864978
3902207176 -27.7609 -27.19281 -4842.334 39.68279 -1 33400 -4811.55699156
3902207177 -27.74507 -27.20464 -4877.393 35.34239 -1 33400 -4839.2094478
3902207178 -27.85099 -27.24828 -4576.983 52.48849 -1 33400 -4611.87162829
3902207179 -27.96896 -27.25789 -4772.849 99.54152 -1 33400 -4763.88757718
390221716 -41.96298 -34.21679 -4626.594 1028.333 -1 33400 -4633.48847992
390221717 -41.99964 -34.25345 -4633.09 1053.347 9998 33400 -4643.18034123
390221718 -42.05143 -34.28547 -4631.814 1071.701 9998 33400 -4640.14598156
390221719 -42.71451 -34.58884 -4706.595 1705.718 9998 33400 -4718.80454812
390221720 -43.92014 -34.61659 -4774.858 1647.054 9998 33400 -4773.77838237
390221721 -45.82802 -34.68281 -4778.423 1400.156 9998 33400 -4838.5787921
390221722 -47.25387 -35.97249 -4877.675 626.9852 -1 33400 -4875.96611938
390221723 -46.70892 -36.97098 -5067.849 664.8558 9998 33400 -5050.45188189
390221724 -46.44465 -37.37998 -5107.607 653.0377 9998 33400 -5133.4915672
390221725 -46.40211 -37.6215 -5133.766 882.8353 9998 33400 -5176.35363886
390221726 -46.62948 -38.24131 -5182.323 2026.27 9998 33400 -5170.1490899
390221727 -47.37552 -38.91468 -5230.354 3418.968 9998 33400 -5225.91579481
390221728 -47.31915 -38.96939 -5226.937 3715.701 9998 33400 -5225.0921865
390221729 -47.28713 -39.15523 -5234.018 4319.192 9998 33400 -5223.4758993
390221730 -46.85046 -39.09962 -5212.054 4101.743 -1 33400 -5243.20281209
390221731 -45.99348 -38.61875 -5185.539 3204.013 9998 33400 -5186.00196347
390221732 -45.53982 -39.05084 -5177.295 5178.607 9998 33400 -5179.07344259
390221733 -45.00489 -39.40563 -5153.195 6217.723 -1 33400 -5170.83370891
390221734 -44.32379 -39.42605 -5129.153 5719.686 9998 33400 -5138.98223651
390221735 -43.51709 -39.0587 -5120.892 5409.504 9998 33400 -5112.65908328
390221736 -42.78026 -38.85366 -5099.76 4981.829 -1 33400 -5116.3179252
390221737 -41.64721 -39.68244 -5136.302 6181.303 9998 33400 -5126.20850509
390221738 -40.78684 -40.09204 -5167.409 6748.963 -1 33400 -5182.41351808
390221739 -39.51673 -40.16152 -5204.869 5671.877 9998 33400 -5172.7700571
390221740 -38.71359 -40.50352 -5176.128 4632.662 9998 33400 -5171.66194102
390221741 -38.77102 -40.41271 -5160.96 4362.624 -1 33400 -5188.52098908
390221742 -39.25051 -40.25094 -5178.767 4864.253 9998 33400 -5185.96472492
390221743 -40.29263 -40.61691 -5197.872 5639.1 9998 33400 -5199.45131094
390221744 -41.10094 -41.42132 -5165.91 2157.945 9998 33400 -5150.01306138
390221745 -41.02301 -41.702 -5197.938 1564.984 9998 33400 -5226.15822127
390221746 -41.02192 -41.97307 -5176.596 1152.691 -1 33400 -5217.92922288
390221747 -41.96918 -41.85703 -5195.249 674.9822 9998 33400 -5149.91044343
390221748 -43.12939 -41.39322 -5168.055 352.4659 9998 33400 -5163.94445178
390221749 -43.672 -40.39501 -5143.916 3354.811 9998 33400 -5135.30630026
390221750 -43.96086 -39.48835 -5117.785 5625.487 -1 33400 -5128.83722337
390221751 -44.31147 -39.81076 -5110.756 5336.874 9998 33400 -5132.07696272
390221752 -45.05112 -40.13389 -5120.102 4207.608 9998 33400 -5149.98848531
390221753 -45.11404 -40.36574 -5110.207 3439.432 9998 33400 -5122
390221754 -44.83347 -40.42341 -5094.382 3271.077 9998 33400 -5110.00617938
390221755 -43.95424 -39.54669 -5115.723 5838.081 9998 33400 -5130.11995865
390221756 -42.35829 -38.57915 -5096.203 3637.157 9998 33400 -5116.51091756
390221758 -40.24692 -39.6282 -5124.698 6046.271 9998 33400 -5131.57414458
390221759 -39.61012 -38.69118 -5089.172 2784.825 9998 33400 -5082.07289273
390221760 -39.70481 -38.48394 -5036.915 1701.921 9998 33400 -5036.64897199
390221761 -39.37221 -38.13626 -4963.855 810.6042 9998 33400 -5003.99187189
390221762 -39.73213 -37.92544 -5021.944 1000.659 9998 33400 -5008.25735379
390221763 -41.06386 -37.66173 -5027.104 870.5132 9998 33400 -5056.20872365
390221764 -42.31508 -36.99515 -4993.653 1218.274 9998 33400 -5031.12505861
390221765 -43.09516 -36.49675 -4970.593 568.0164 -1 33400 -4980.4054408
390221766 -43.21165 -35.94139 -4936.589 867.7823 -1 33400 -4957.14015934
390221767 -43.06708 -35.73072 -4919.118 914.453 -1 33400 -4933.16023494
390221768 -42.9134 -35.90639 -4934.082 845.9269 -1 33400 -4939.82433749
390221769 -42.83741 -36.29163 -4964.765 238.6253 9998 33400 -4966.929735
390221770 -42.42975 -36.3679 -4962.21 212.7075 9998 33400 -5018.45014746
390221771 -41.1518 -36.18966 -4909.508 1206.777 9998 33400 -4898.99739289
390221772 -39.89494 -35.88579 -4826.173 898.0138 9998 33400 -4826.20876647
390221773 -39.53133 -35.93906 -4805.183 677.9152 -1 33400 -4699.87303342
390221774 -40.23128 -35.28689 -4566.016 436.0227 9998 33400 -4639.26633441
390221775 -39.43511 -36.03583 -4792.618 663.9426 -1 33400 -4719.35508603
390221776 -39.14596 -36.48391 -4843.003 53.43402 -1 33400 -4822.07278405
390221777 -38.89498 -36.83944 -4894.187 684.7321 -1 33400 -4913.9712596
390221778 -39.02246 -36.52146 -4779.89 172.9416 -1 33400 -4859.91223154
390221779 -39.65264 -35.70914 -4827.509 554.3992 9998 33400 -4845.4693176
390221780 -39.91564 -35.24232 -4828.58 400.293 9998 33400 -4846.71191645
390221781 -39.89273 -34.8444 -4839.328 599.7117 -1 33400 -4844.37433788
390221782 -39.62875 -34.55312 -4852.554 197.2241 9998 33400 -4855.64704901
390221783 -39.55956 -34.31172 -4913.318 188.6265 9998 33400 -4844.81064577
390221784 -39.53948 -33.86153 -4816.047 1100.862 9998 33400 -4798.94751655
390221785 -39.63839 -33.54195 -4752.669 941.7766 9998 33400 -4798.00872889
390221786 -39.48108 -33.6644 -4860.787 1269.103 9998 33400 -4800.02016758
390221787 -39.30774 -34.31724 -4855.371 555.3127 9998 33400 -4857.6376
390221788 -38.73349 -34.56371 -4853.424 828.7903 9998 33400 -4837.52529508
390221789 -38.08522 -34.63792 -4696.28 766.5945 9998 33400 -4727.92527884
390221790 -38.03036 -34.57619 -4663.081 768.5308 9998 33400 -4666.11271818
390221791 -37.96409 -34.59226 -4700.085 720.9023 9998 33400 -4686.0467817
390221792 -38.02563 -34.64484 -4702.687 744.7432 9998 33400 -4735.56511705
390221793 -38.29696 -34.38786 -4619.627 921.5182 9998 33400 -4679.80270586
390221794 -38.24073 -34.08911 -4620.038 941.4315 9998 33400 -4573.36194188
390221795 -37.83124 -34.23372 -4552.143 760.9448 -1 33400 -4558.07819129
390221796 -37.24963 -34.73113 -4592.282 568.1301 9998 33400 -4602.2985611
390221797 -37.05521 -34.55162 -4456.159 278.9895 9998 33400 -4467.41624687
390221798 -37.03812 -34.57444 -4471.805 374.5927 9998 33400 -4493.17292862
390221799 -36.93959 -34.32838 -4674.643 162.3128 9998 33400 -4645.69302324
3902217100 -36.59882 -34.32359 -4685.526 182.196 9998 33400 -4695.71946242
3902217101 -36.22601 -34.69756 -4676.244 497.7787 -1 33400 -4690.48573787
3902217102 -36.13168 -34.89185 -4699.867 555.6673 -1 33400 -4715.50677961
3902217103 -36.08945 -35.27396 -4689.221 660.1296 -1 33400 -4705.94221714
3902217104 -36.36992 -35.31917 -4496.698 403.1188 9998 33400 -4533.72106306
3902217105 -36.11398 -35.83553 -4643.044 989.0366 9998 33400 -4668.03778911
3902217106 -36.01834 -36.17551 -4757.218 960.6797 9998 33400 -4719.92533661
3902217107 -35.86185 -36.36024 -4773.259 853.7306 9998 33400 -4821.09920592
3902217108 -35.4139 -36.31877 -4729.678 533.7673 9998 33400 -4753.69988666
3902217109 -35.32785 -36.32288 -4721.519 490.5591 -1 33400 -4735.53205679
3902217110 -35.28743 -36.33018 -4706.95 491.9975 9998 33400 -4717.69862404
3902217111 -35.43242 -36.23181 -4798.07 652.397 9998 33400 -4769.25485713
3902217112 -35.36718 -36.1054 -4728.408 702.7932 9998 33400 -4756.83961092
3902217113 -35.30394 -36.3257 -4712.487 484.9176 9998 33400 -4730.28280593
3902217114 -35.48818 -36.10912 -4807.149 805.1124 -1 33400 -4815.908762
3902217115 -35.67951 -35.62156 -4644.102 847.818 9998 33400 -4669.19277495
3902217116 -36.22769 -35.23234 -4670.782 678.64 9998 33400 -4670.98717489
3902217117 -36.89263 -34.52348 -4643.185 379.1206 -1 33400 -4644.12290062
3902217118 -37.08603 -33.93017 -4663.63 627.9091 9998 33400 -4642.73462164
3902217119 -37.01439 -33.54628 -4618.598 659.3372 9998 33400 -4621.13889975
3902217120 -36.71449 -33.54209 -4658.149 932.0803 -1 33400 -4677.30904914
3902217121 -36.34333 -33.99892 -4592.765 887.3168 9998 33400 -4627.19657927
3902217122 -36.02242 -34.55642 -4662.408 299.2199 9998 33400 -4651.71584099
3902217123 -36.1052 -34.95137 -4708.487 595.321 9998 33400 -4695.81102042
3902217124 -36.35624 -34.94311 -4676.63 803.5495 9998 33400 -4685.29853811
3902217125 -36.52153 -34.74919 -4648.633 826.4594 9998 33400 -4701.50194543
3902217126 -36.93676 -34.73356 -4459.493 678.7828 9998 33400 -4459.16166213
3902217127 -36.75902 -35.42017 -4615.133 565.2073 9998 33400 -4637.81938537
3902217128 -35.9771 -35.71322 -4648.243 828.9937 9998 33400 -4651.22170906
3902217129 -35.72986 -35.34453 -4719.787 584.5518 9998 33400 -4743.19605843
3902217130 -35.71617 -34.98652 -4622.304 67.86299 9998 33400 -4675.50723782
3902217131 -35.36619 -35.02476 -4601.105 260.1152 9998 33400 -4626.67362426
3902217132 -34.89232 -35.49124 -4486.617 953.6045 9998 33400 -4495.90907372
3902217133 -34.57323 -35.50323 -4440.525 1050.016 9998 33400 -4382.75324861
390221812 -20.17453 -25.06561 -4469.334 276.7467 9998 33400 -4755.44607923
390221814 -20.2035 -25.04128 -4329.173 261.4879 9998 33400 -4709.80808307
390221816 -20.30651 -25.07958 -4969.242 330.3889 9998 33400 -4877.95755645
390221817 -20.33209 -24.96408 -5008.409 334.619 9998 33400 -4997.143121
390221818 -20.42808 -24.82583 -4431.552 333.9876 -1 33400 -4413.62289667
390221820 -20.558 -24.67077 -4651.068 396.4056 9998 33400 -4646.28319279
390221822 -20.59419 -24.3477 -4548.662 367.2661 -1 33400 -4595.61914958
390221823 -20.67705 -24.27179 -4597.905 378.5174 9998 33400 -4618.35581301
390221825 -20.63492 -24.28039 -4605.197 397.4382 -1 33400 -4476.93820407
390221826 -20.60673 -24.28302 -4565.317 414.7231 -1 33400 -4581.67877196
390221827 -20.43412 -24.37428 -4611.975 397.4574 9998 33400 -4906.01387147
390221828 -20.28802 -24.40901 -4863.417 430.3447 9998 33400 -5020.90730449
390221829 -20.27646 -24.35091 -4597.879 377.1295 9998 33400 -4771.13434861
390221830 -20.33479 -24.3268 -4686.959 387.0969 9998 33400 -4844.51942582
390221831 -20.35213 -24.2977 -4565.604 403.1005 9998 33400 -4734.32423046
390221832 -20.39517 -24.32932 -4771.623 415.525 9998 33400 -4757.70055202
390221833 -20.39616 -24.33501 -4771.913 418.9841 9998 33400 -4787.46297214
390221834 -20.36291 -24.39444 -4787.636 407.2747 9998 33400 -5095.42744116
390221835 -20.36601 -24.50233 -4858.82 406.6046 9998 33400 -4902.73451769
390221836 -20.4357 -24.62943 -4461.394 420.2372 9998 33400 -4462.47905206
390221837 -20.3913 -24.81403 -4332.163 353.0222 -1 33400 -4462.28849518
390221838 -20.22956 -24.9221 -4387.721 252.068 9998 33400 -4605.17317348
390221839 -20.17116 -25.04335 -4484.424 276.3903 9998 33400 -4712.36373035
390221841 -19.9109 -25.16673 -4984.261 261.8936 9998 33400 -4964.94611876
390221842 -19.80603 -25.21572 -4775.699 232.8538 9998 33400 -4778.58237675
390221844 -19.59824 -25.31219 -4720.658 285.8645 9998 33400 -4515.97806319
390221845 -19.41909 -25.34366 -4267.047 294.2986 9998 33400 -4074.69790685
390221847 -19.24677 -25.32349 -3813.023 300.2833 9998 33400 -3516.65163728
390221851 -19.26182 -25.0348 -4321.19 226.5951 9998 33400 -4554.69591005
390221852 -19.24418 -24.97032 -4013.49 256.3229 9998 33400 -4511.66645143
390221864 -19.37451 -24.75687 -4573.337 203.0769 9998 33400 -4911.08858687
390221865 -19.33466 -24.83594 -4696.126 238.9855 -1 33400 -4766.08156435
390221870 -18.53432 -24.98993 -4228.874 359.182 -1 33400 -4234.53258863
390221873 -18.47928 -25.02556 -4521.597 330.9347 -1 33400 -4510.04820275
390221874 -18.41168 -25.02563 -4762.45 366.0134 -1 33400 -4894.04379399
390221875 -18.51359 -25.09841 -4782.736 433.2397 -1 33400 -4722.06332142
390221876 -18.52103 -25.17427 -4709.915 440.9486 -1 33400 -4727.28410908
390221877 -18.57706 -25.18946 -4884.229 520.8403 9998 33400 -4590.67431469
390221878 -18.58079 -25.22704 -4605.183 517.0959 9998 33400 -4485.4813555
390221879 -18.60587 -25.31945 -4468.378 536.5721 9998 33400 -4343.21006888
390221880 -18.61227 -25.37677 -4242.2 545.8716 9998 33400 -4318.1838626
390221881 -18.6623 -25.43566 -4657.429 615.711 9998 33400 -4323.3500273
390221882 -18.62504 -25.43612 -4658.011 636.2713 -1 33400 -4296.3455277
390221883 -18.54703 -25.3814 -4734.437 607.8179 9998 33400 -4582.90968843
390221884 -18.34874 -25.27941 -4424.208 524.7513 9998 33400 -4344.58812781
390221885 -18.19235 -25.23998 -4363.09 537.2889 9998 33400 -4213.80815653
390221887 -18.00383 -25.26131 -4089.547 464.0323 9998 33400 -4193.93022068
390221889 -17.95168 -25.40754 -3843.349 555.0839 9998 33400 -3885.3565834
390221891 -17.91276 -25.54654 -4302.921 598.5339 9998 33400 -4374.76090637
390221892 -17.85162 -25.58969 -4292.683 639.5552 9998 33400 -4234.54791997
390221894 -17.92908 -25.65835 -4341.444 762.4784 9998 33400 -4193.95507068
390221895 -17.93616 -25.66674 -4413.38 800.7805 9998 33400 -4187.20055386
390221896 -17.97817 -25.71053 -3875.952 677.4402 9998 33400 -4155.95554121
390221897 -18.06975 -25.89964 -4186.028 915.8835 9998 33400 -4247.68230814
390221898 -18.01698 -25.91152 -4131.263 876.852 9998 33400 -4058.54693868
390221899 -18.07044 -26.04734 -4141.845 891.2311 9998 33400 -4148.27418374
3902218100 -18.01094 -26.04121 -4136.682 847.4738 9998 33400 -4147.01954237
3902218101 -18.09316 -26.08139 -4218.218 884.1684 9998 33400 -4152.48337085
3902218102 -18.11177 -26.16454 -4282.279 918.7755 9998 33400 -4053.31655006
3902218103 -18.09628 -26.22197 -4049.006 852.7337 9998 33400 -3963.94328424
3902218104 -18.03532 -26.19168 -3902.449 817.4525 9998 33400 -3936.87185
3902218105 -18.0684 -26.16189 -4047.464 869.6605 9998 33400 -4016.13823279
3902218107 -18.14951 -26.13722 -4290.565 897.6027 9998 33400 -4104.19221691
3902218108 -18.20368 -26.1577 -4003.398 778.3497 9998 33400 -4099.99883435
3902218109 -18.30495 -26.22023 -4279.924 829.2947 9998 33400 -4278.21345256
3902218110 -18.34751 -26.27603 -4089.443 763.1488 -1 33400 -4050.32957863
3902218111 -18.38514 -26.29337 -3988.635 760.0669 -1 33400 -4057.56740147
3902218115 -18.52728 -26.1953 -4152.128 751.1216 9998 33400 -4147.84307267
3902218116 -18.59126 -26.28097 -4036.706 669.9529 9998 33400 -4124.0455866
3902218117 -18.65917 -26.37728 -3826.394 630.883 9998 33400 -3786.36635023
3902218122 -19.38733 -26.15788 -4081.973 658.114 9998 33400 -4116.40775401
3902218123 -19.49232 -26.11733 -4235.545 676.6837 9998 33400 -4240.00049081
3902218124 -19.46549 -25.99553 -4588.785 683.8398 9998 33400 -4524.45720577
3902218125 -19.41857 -25.99376 -4400.623 692.4993 9998 33400 -4353.13353771
3902218126 -19.37903 -26.04756 -4049.74 639.5485 9998 33400 -4071.00982169
3902218127 -19.38598 -26.13325 -4013.643 692.0298 9998 33400 -3996.25303143
3902218129 -19.37288 -26.28687 -4354.389 726.8284 9998 33400 -4292.4924771
3902218130 -19.3234 -26.4003 -4094.083 663.4484 9998 33400 -4040.17770827
3902218133 -19.21977 -26.67642 -4298.77 568.0765 9998 33400 -4391.22212374
3902218136 -19.24125 -26.77066 -4160.234 627.1269 9998 33400 -4167.58519992
3902218137 -19.21681 -26.76716 -3687.779 486.1779 9998 33400 -4151.0846774
3902218138 -19.20604 -26.77484 -3547.622 453.108 9998 33400 -4174.11220512
3902218139 -19.13775 -26.74277 -4132.279 566.8638 9998 33400 -4259.39382001
3902218140 -19.08422 -26.72366 -4273.437 565.7568 9998 33400 -4133.36779431
3902218143 -18.46329 -26.92378 -4307.356 459.8969 9998 33400 -4292.24622531
3902218145 -18.33486 -26.96168 -4228.171 508.6218 9998 33400 -4312.33027652
3902218146 -18.36945 -26.99783 -4119.435 503.4715 9998 33400 -4249.12289869
3902218147 -18.46528 -27.01075 -4091.462 496.1398 9998 33400 -4218.57525954
3902218148 -18.56965 -27.03753 -4253.081 539.9645 9998 33400 -4239.19831312
3902218149 -18.67787 -27.05677 -4249.276 529.8237 9998 33400 -4193.80764246
3902218150 -18.75099 -27.02702 -4067.676 497.3818 9998 33400 -4185.78405668
3902218151 -18.78426 -27.02807 -4292.814 522.5002 9998 33400 -4211.88573356
3902218152 -18.8183 -26.95665 -4313.967 516.3853 9998 33400 -4249.36469316
3902218153 -18.83396 -26.95748 -4338.987 501.8473 9998 33400 -4273.38523269
3902218155 -18.73064 -26.88845 -4473.414 542.5276 9998 33400 -4453.43142727
3902218157 -18.57101 -26.97553 -4317.271 469.3851 9998 33400 -4330.48042528
3902218158 -18.49698 -27.02326 -4128.197 481.0201 9998 33400 -4206.44079861
3902218159 -18.50217 -27.09723 -3909.698 496.2886 9998 33400 -3974.92445196
3902218160 -18.472 -27.19276 -3970.819 490.5718 9998 33400 -4069.00693627
3902218162 -18.52742 -27.2836 -4224.077 423.5913 9998 33400 -4177.61500172
3902218163 -18.54719 -27.27698 -4227.876 434.7876 9998 33400 -4176.98588465
3902218164 -18.52841 -27.23332 -4297.714 477.8951 9998 33400 -4125.18535178
3902218165 -18.4686 -27.17162 -3779.719 413.6708 9998 33400 -4005.06686678
3902218167 -18.36176 -27.24021 -4164.181 457.7446 9998 33400 -4199.01645144
3902218168 -18.37168 -27.25071 -4242.689 473.1044 9998 33400 -4211.22177442
3902218169 -18.34842 -27.2947 -4077.146 411.7762 9998 33400 -4220.14958944
3902218170 -18.41722 -27.31178 -4091.857 423.5947 9998 33400 -4104.49101613
3902218171 -18.45026 -27.38852 -4087.74 363.2107 9998 33400 -4087.49815283
3902218174 -18.58044 -27.54285 -4322.635 273.3759 9998 33400 -4271.30429467
3902218175 -18.68572 -27.56802 -4405.072 282.7312 9998 33400 -4285.61677303
3902218176 -18.69451 -27.51998 -4201.598 261.2838 9998 33400 -4271.55515831
3902218177 -18.71778 -27.46113 -4119.195 280.5927 9998 33400 -4152.91565083
3902218178 -18.66614 -27.46113 -4168.788 302.683 9998 33400 -4126.92379009
3902218179 -18.62244 -27.42924 -3971.625 291.8173 9998 33400 -4015.41440525
390221911 -46.52816 -44.25798 -5072.05 2726.449 -1 33400 -5064.56177017
390221912 -46.85933 -44.25493 -5014.782 2530.98 -1 33400 -5040.15398749
390221913 -47.17228 -44.25156 -4972.816 2243.253 -1 33400 -5011.64555244
390221914 -47.41161 -44.26058 -4975.525 2041.487 -1 33400 -4992.920628
390221915 -47.35378 -44.60288 -5182.993 1699.75 -1 33400 -5212.85518893
390221916 -46.47617 -45.35413 -5244.696 2191.171 9998 33400 -5208.66873305
390221917 -45.64768 -46.11528 -5380.39 3459.242 9998 33400 -5360.23246373
390221918 -44.10889 -46.27621 -5267.674 2387.022 9998 33400 -5229.18338329
390221919 -42.79668 -45.68501 -5341.031 2570.473 9998 33400 -5322.15902827
390221920 -40.79005 -45.82529 -5467.3 2355.013 9998 33400 -5447.55657518
390221921 -39.66556 -46.9035 -5393.543 2474.04 9998 33400 -5395.63864251
390221923 -38.49651 -47.94332 -5862.619 10087.02 9998 33400 -5867.37732708
390221924 -37.90052 -46.95449 -5828.107 4057.312 9998 33400 -5824.56617429
390221927 -37.27081 -46.59816 -5673.376 3750.676 9998 33400 -5668.55811719
390221928 -36.57471 -45.69468 -5403.915 3359.479 9998 33400 -5472.11762063
390221929 -36.30064 -45.43598 -5505.115 4120.04 9998 33400 -5511.10235708
390221930 -36.97675 -44.30106 -5360.874 3746.02 9998 33400 -5371.73099627
390221931 -37.97025 -43.63287 -5317.264 4446.292 9998 33400 -5327.3280176
390221932 -38.56075 -42.71929 -5133.327 2346.541 9998 33400 -5243.8704
390221933 -39.35636 -42.9306 -5141.171 2465.208 9998 33400 -5174.14177296
390221934 -40.01578 -43.40477 -5151.506 2963.879 9998 33400 -5223.21954903
390221935 -40.46665 -43.3045 -5165.598 2470.855 9998 33400 -5155.94158965
390221936 -41.54372 -42.90157 -5152.81 1798.886 9998 33400 -5167.92031463
390221937 -42.48977 -42.41279 -5154.688 1086.219 9998 33400 -5197.12998445
390221938 -43.22422 -41.76305 -5130.581 331.7907 9998 33400 -5182.39072175
390221939 -43.38189 -40.86136 -5160.071 1733.575 9998 33400 -5155.11024305
390221940 -43.74259 -40.40584 -5137.031 3161.482 9998 33400 -5137.00503928
390221941 -44.58342 -40.49028 -5087.277 2885.428 9998 33400 -5098.90074196
390221942 -45.94853 -40.68532 -5130.214 1688.181 9998 33400 -5136.16948103
390221943 -46.79138 -40.65416 -5188.36 1743.214 9998 33400 -5199.38577948
390221944 -47.26443 -40.34614 -5236.747 2797.78 9998 33400 -5265.57316426
390221945 -47.20621 -40.28428 -5230.77 3047.036 9998 33400 -5242.08172791
390221946 -46.0948 -40.02538 -5173.544 4523.738 9998 33400 -5186.05808536
390221947 -44.99 -39.97091 -5121.922 4287.45 -1 33400 -5135.921164
390221948 -44.88398 -40.2573 -5104.83 3443.087 9998 33400 -5130.54775244
390221949 -44.83541 -40.52516 -5089.199 2721.968 9998 33400 -5098.06818541
390221950 -45.23479 -41.07588 -5108.713 1450.544 9998 33400 -5094.65986748
390221951 -46.33215 -41.67029 -5066.57 322.6557 9998 33400 -5104.93752441
390221952 -46.4836 -42.75934 -5168.473 1130.8 9998 33400 -5152.1356257
390221953 -47.76287 -43.75174 -5233.175 2779.999 -1 33400 -5251.15677472
390221954 -47.70805 -45.11931 -5303.663 2410.144 -1 33400 -5301.52428801
390221955 -46.021 -45.73183 -5200.656 2427.12 9998 33400 -5203.23516773
390221956 -45.97746 -45.6794 -5174.345 2276.902 9998 33400 -5151.23045675
390221957 -45.2073 -45.84854 -5251.04 1464.13 9998 33400 -5243.15150673
390221958 -44.91776 -46.13808 -5272.388 2344.833 9998 33400 -5274.55996631
390221962 -37.9536 -46.55576 -5605.757 4810.148 9998 33400 -5628.97225185
390221963 -36.17612 -45.86205 -5501.418 4047.501 9998 33400 -5535.93029004
390221964 -36.28866 -44.62982 -5353.55 3429.651 9998 33400 -5386.79841099
390221965 -35.62453 -43.97199 -5206.827 2708.145 9998 33400 -5234.68408674
390221966 -35.41579 -43.56447 -5174.385 2618.656 9998 33400 -5221.95859192
390221967 -35.51435 -43.19761 -5180.371 2717.93 9998 33400 -5191.03003826
390221968 -36.34202 -43.6317 -5227.229 480.6842 9998 33400 -5243.99357631
390221969 -37.25676 -44.05588 -5298.181 4093.201 9998 33400 -5347.82353555
390221970 -38.58717 -43.505 -5211.7 4825.925 9998 33400 -5224.53341
390221971 -37.99027 -43.01744 -5227.332 2212.088 9998 33400 -5258.32996803
390221972 -37.02165 -42.88796 -5231.848 1987.573 9998 33400 -5218.40478798
390221973 -36.69133 -41.99924 -5247.77 4280.598 9998 33400 -5253.08363064
390221974 -34.75015 -42.26983 -4966.936 4207.185 9998 33400 -4942.83611178
390221975 -33.72053 -41.4455 -5015.012 2243.67 9998 33400 -4993.03386021
390221976 -33.96006 -40.59092 -4770.865 3036.216 9998 33400 -4790.99493049
390221978 -36.27165 -38.93641 -4777.307 2382.773 9998 33400 -4878.17735617
390221980 -36.67606 -40.22207 -5132.078 2864.757 9998 33400 -5052.25791946
390221981 -36.37893 -40.58542 -5095.277 3274.876 9998 33400 -5039.94651569
390221982 -36.35042 -40.68297 -5064.023 3377.655 9998 33400 -5103.53124348
390221983 -35.60271 -41.69189 -5118.211 3294.452 9998 33400 -5113.82290101
390221984 -34.90166 -42.5786 -5083.009 4640.79 9998 33400 -5091.37763374
390221985 -34.63916 -42.07507 -4946.954 4488.642 9998 33400 -4940.31901349
390221986 -35.37303 -41.53138 -4990.736 2515.016 9998 33400 -5022.00015436
390221987 -35.03237 -41.24371 -5038.175 3407.034 9998 33400 -5025.99481157
390221988 -34.74824 -41.03229 -5062.408 3492.158 9998 33400 -5073.39985972
390221989 -34.8981 -40.79434 -5066.589 4097.957 9998 33400 -5014.11649413
390221990 -34.7369 -40.57711 -5069.306 3930.651 9998 33400 -4995.32205478
390221991 -34.58312 -41.08932 -5030.492 3088.256 9998 33400 -5062.00387332
390221992 -34.83929 -41.59066 -4856.781 2612.562 9998 33400 -4932.45781393
390221993 -34.69999 -41.40844 -5019.875 3231.598 9998 33400 -5004.55179538
390221994 -34.53516 -41.31251 -5045.704 3214.855 9998 33400 -5053.93587696
390221995 -34.42813 -41.02917 -5018.111 2685.137 9998 33400 -5029.41875603
390221996 -35.15428 -40.64088 -5098.352 4729.06 9998 33400 -4986.34606198
390221997 -35.27713 -40.79227 -5076.379 4713.469 9998 33400 -5017.95468469
390221998 -34.79406 -40.49004 -5087.568 4134.833 9998 33400 -5025.8884674
390221999 -34.90088 -39.89877 -4855.203 2824.348 9998 33400 -5053.9857763
3902219100 -35.92542 -39.04079 -4917.961 2411.164 9998 33400 -4923.5076503
3902219101 -37.01368 -38.87922 -5031.695 1898.104 9998 33400 -4806.61208673
3902219103 -37.77462 -39.72246 -5203.235 2850.332 9998 33400 -5225.53527871
3902219104 -37.30551 -39.98108 -5172.596 2833.807 9998 33400 -5067.89408827
3902219105 -36.23153 -40.82358 -5058.046 3239.235 9998 33400 -5123.2622889
3902219106 -35.02612 -41.72484 -4858.468 2255.735 9998 33400 -4899.80166782
3902219107 -34.6417 -41.92044 -4943.049 3692.585 9998 33400 -4935.5840116
3902219108 -34.83927 -41.75802 -4904.137 2855.232 9998 33400 -4914.49769051
3902219109 -34.65186 -41.97151 -4958.733 4121.063 9998 33400 -4955.29079266
3902219110 -34.45928 -42.2039 -4910.92 4735.128 9998 33400 -4918.10895902
3902219111 -34.93785 -42.28241 -5090.803 4669.946 9998 33400 -5000.01622743
3902219112 -35.40544 -42.66373 -5175.202 4431.383 9998 33400 -5153.99494051
3902219113 -35.91563 -42.60092 -5203.224 3958.586 9998 33400 -5183.72466362
3902219114 -35.09795 -42.59718 -5144.816 4308.021 9998 33400 -5113.95296543
3902219115 -33.76814 -43.0147 -5008.474 1840.776 9998 33400 -4978.27818305
3902219116 -33.93114 -42.02214 -4869.102 4785.644 9998 33400 -4969.07830973
3902219117 -33.83793 -41.72959 -4797.053 3372.015 9998 33400 -4912.83709368
3902219118 -34.21282 -41.57893 -4884.917 3159.492 9998 33400 -4916.62174241
3902219119 -35.12658 -41.24767 -4962.65 2872.386 9998 33400 -5022.04008633
3902219120 -35.65974 -41.02544 -4858.681 3178.141 9998 33400 -4876.94980995
3902219122 -36.16996 -41.01835 -5079.279 3556.358 9998 33400 -5105.31727175
3902219123 -34.98795 -41.93842 -4925.683 3138.479 9998 33400 -4926.82113329
3902219124 -34.18185 -43.12135 -5068.996 3249.162 9998 33400 -5031.05428432
3902219125 -33.83175 -43.07818 -4955.708 1953.429 9998 33400 -4996.48671213
3902219126 -33.46736 -41.6362 -4961.989 3141.518 9998 33400 -4976.2619311
3902219127 -33.77188 -40.86215 -5060.936 2548.76 9998 33400 -4990.28920198
3902219128 -33.12224 -39.95573 -4945.196 5410.516 9998 33400 -5055.27708048
3902219129 -33.15156 -39.55726 -5084.315 4446.006 9998 33400 -5096.84383802
3902219130 -33.42296 -39.27078 -5218.754 4029.2 9998 33400 -5088.64553449
3902219131 -33.31935 -39.22809 -4885.962 3130.703 9998 33400 -4877.50900966
3902219133 -33.34578 -39.73513 -5110.402 5583.593 9998 33400 -5099.32500318
3902219134 -33.36915 -39.71527 -5068.831 5390.52 9998 33400 -5091.29672824
3902219135 -33.44303 -39.40574 -5323.872 4847.216 9998 33400 -5209.74502324
3902219136 -33.34795 -39.17491 -4759.344 2839.998 9998 33400 -4867.0602726
390227351 -19.63337 -11.7013 -4843.609 1138.1 9998 33400 -4802.37240159
390227352 -19.62234 -11.72031 -4752.686 1107.451 9998 33400 -4782.03311415
390227375 -19.70192 -11.43508 -4391.705 1062.611 9998 33400 -4677.12509502
390227377 -20.00149 -11.20637 -4823.86 1126.805 -1 33400 -4839.8215268
390227379 -20.16761 -10.9627 -4930.735 1015.173 9998 33400 -4920.47496041
390227380 -20.1805 -10.91101 -4647.656 881.7585 9998 33400 -4788.85030372
390227381 -20.21286 -10.8536 -4647.373 934.2236 9998 33400 -4661.65679688
390227382 -20.2503 -10.86233 -4594.819 974.5691 9998 33400 -4712.75642948
390227383 -20.22832 -10.99414 -4593.532 997.8014 9998 33400 -4827.49510733
390227384 -20.12152 -11.13235 -4923.319 1157.096 9998 33400 -4754.70922018
390227386 -19.81206 -11.31272 -4560.289 1062.351 -1 33400 -4591.08590771
390227387 -19.66852 -11.37011 -4586.27 1163.276 -1 33400 -4547.56341951
390227388 -19.61638 -11.27851 -4582.683 1106.491 9998 33400 -4546.5738204
390227390 -19.5646 -10.8722 -4302.147 949.4938 9998 33400 -4573.99987251
390227392 -19.50843 -11.17412 -4766.783 1125.656 9998 33400 -4585.11916655
390227393 -19.39599 -11.34234 -4821.504 1226.576 9998 33400 -4727.62296034
390227394 -19.27557 -11.52848 -4534.457 1132.47 9998 33400 -4449.23507791
3902273110 -19.06062 -11.71552 -4555.843 1097.229 9998 33400 -4448.88298029
3902273111 -19.01341 -11.72284 -4453.217 1016.394 9998 33400 -4387.0207356
3902273112 -19.00224 -11.70895 -4289.74 944.7603 -1 33400 -4188.39909047
3902273114 -19.08628 -11.8028 -4389.404 954.4492 9998 33400 -4493.3413929
3902273115 -19.17956 -11.89866 -4502.85 1018.974 -1 33400 -4440.68084198
3902273118 -19.43612 -12.36259 -4660.74 1193.163 -1 33400 -4635.19175
3902273120 -19.42318 -12.48072 -4763.344 1215.818 9998 33400 -4885.07393184
3902273121 -19.39804 -12.45652 -4832.971 1202.299 9998 33400 -4824.71346109
3902273122 -19.31769 -12.42204 -4563.898 1124.054 9998 33400 -4592.33993815
3902273125 -19.26928 -12.15077 -4243.762 1038.264 9998 33400 -4267.42845717
3902273126 -19.17646 -12.1897 -3797.741 980.7101 9998 33400 -4186.64643534
3902273129 -18.69069 -12.58011 -4669.652 1412.333 9998 33400 -4479.46718037
3902273131 -18.33347 -12.37768 -4491.571 1278.716 9998 33400 -4506.8324284
3902273132 -18.4766 -12.44389 -4737.771 1400.713 9998 33400 -4644.40226922
3902273133 -18.57338 -12.49246 -4813.033 1397.842 9998 33400 -4600.44136545
3902273134 -18.77864 -12.59009 -4808.736 1438.402 9998 33400 -4561.86197586
3902273135 -18.77733 -12.5909 -4821.182 1436.977 9998 33400 -4563.24262969
3902273139 -19.41152 -12.79878 -4663.482 1277.21 9998 33400 -4580.59653887
3902273140 -19.57128 -12.87952 -4535.781 1382.623 9998 33400 -4467.41471315
3902273144 -19.61184 -12.72784 -4824.364 1338.695 9998 33400 -4350.11355696
3902273145 -19.75781 -12.60654 -4690.175 1166.513 -1 33400 -4701.41697148
3902273146 -19.83616 -12.51102 -4848.322 1254.957 -1 33400 -4891.15439693
3902273147 -19.95088 -12.45648 -4857.568 1208.673 9998 33400 -4751.56847526
3902273148 -20.035 -12.43443 -4825.975 1171.118 9998 33400 -4682.15449714
3902273150 -20.13236 -12.50723 -4828.101 1130.556 9998 33400 -4693.46071029
3902273151 -20.15904 -12.48959 -4643.884 1039.724 9998 33400 -4640.31628477
3902273152 -20.11934 -12.43594 -4868.167 1117.077 9998 33400 -4815.74078182
3902273153 -20.01775 -12.43911 -4787.566 1103.415 9998 33400 -4790.59563936
3902273155 -20.01322 -12.62894 -4867.547 1274.349 9998 33400 -4770.20054431
3902273156 -20.1213 -12.65436 -4964.924 1302.561 -1 33400 -4984.46580161
3902273157 -19.99958 -12.68227 -5004.656 1346.426 9998 33400 -5006.73776365
3902273158 -19.8602 -12.64209 -4949.768 1267.775 -1 33400 -4988.84622633
3902273159 -19.76938 -12.59 -4778.495 1235.791 -1 33400 -4922.84612898
3902273160 -19.74958 -12.60468 -4733.56 1308.477 -1 33400 -4686.02160878
3902273161 -19.76716 -12.64511 -4723.63 1284.311 -1 33400 -4872.95649731
3902273162 -19.79742 -12.71577 -4988.522 1396.015 -1 33400 -5017.67927573
3902273163 -19.86116 -12.79628 -5004.536 1351.785 -1 33400 -5073.42294153
3902273164 -20.06825 -12.77543 -4759.787 1218.115 -1 33400 -4568.44219666
3902273166 -20.26063 -12.89855 -4836.096 1228.324 9998 33400 -4775.57164385
3902273168 -20.4361 -12.94507 -4807.696 1289.524 9998 33400 -4708.72717345
3902273169 -20.52639 -13.01005 -4707.318 1247.695 9998 33400 -4551.84555243
3902273170 -20.61379 -13.12354 -4697.569 1239.352 -1 33400 -4692.11937161
3902273171 -20.68063 -13.21979 -4781.777 1194.729 -1 33400 -5081.20158916
3902273172 -20.65825 -13.28789 -5259.598 1308.404 9998 33400 -5195.04290165
3902273173 -20.55223 -13.39224 -4954.379 1232.961 9998 33400 -4766.79819676
3902273174 -20.41529 -13.39165 -4882.269 1339.739 9998 33400 -4932.50579906
3902273176 -20.50103 -13.05011 -4774.81 1137.674 9998 33400 -4533.23488462
3902273177 -20.63337 -13.00216 -4752.548 1218.395 9998 33400 -4584.98896188
3902273179 -21.05418 -12.68035 -5052.061 1225.278 9998 33400 -4915.53916508
3902273181 -21.33285 -12.50548 -5064.917 1230.217 9998 33400 -5091.15742894
3902273182 -21.35478 -12.42182 -4898.886 1218.015 9998 33400 -5055.98655483
3902273183 -21.51533 -12.41463 -4913.077 1265.989 9998 33400 -5104.56590602
3902273185 -21.73098 -12.57922 -5003.705 1174.649 -1 33400 -4989.01159288
3902273186 -21.796 -12.61343 -4806.593 1164.684 9998 33400 -5016.54172957
3902273188 -21.44379 -12.95198 -5305.468 1111.561 9998 33400 -5398.67752966
3902273189 -21.06263 -12.76021 -5040.583 1131.729 9998 33400 -5110.13729955
3902273190 -21.21995 -12.51908 -4815.945 1159.606 9998 33400 -4979.50664357
3902273191 -21.29389 -12.27984 -5201.479 1383.082 9998 33400 -5101.23863754
3902273192 -21.32066 -12.10754 -5205.589 1289.838 9998 33400 -5092.03346214
3902273193 -21.50359 -12.04807 -4855.019 1156.409 9998 33400 -4945.90942499
3902273195 -21.58455 -12.13155 -5062.366 1250.279 9998 33400 -5180.11289248
3902273196 -21.68415 -12.06753 -5176.767 1356.389 9998 33400 -5105.96930923
3902273197 -21.64709 -12.11561 -5048.189 1257.767 9998 33400 -5126.39158321
3902273198 -21.62018 -11.85978 -5166.807 1324.995 -1 33400 -5132.73207117
3902273200 -21.58782 -11.85323 -5190.593 1401.585 -1 33400 -5196.92402883
3902273201 -21.64148 -11.92526 -4862.915 1216.814 9998 33400 -4971.13631027
3902273202 -21.72648 -11.94771 -5039.77 1353.574 9998 33400 -5167.90344264
3902273203 -21.76724 -11.92061 -5180.969 1339.796 9998 33400 -5201.03565021
3902273204 -21.64299 -11.90426 -4968.758 1236.628 9998 33400 -5017.85857882
3902273205 -21.42549 -11.91896 -4902.381 1263.887 9998 33400 -4962.01459599
3902273206 -21.22386 -11.89226 -4977.02 1333.913 -1 33400 -5005.82683343
3902273207 -21.07356 -11.80152 -4986.073 1212.148 -1 33400 -5028.22388523
390227411 -20.15351 -16.0997 -4547.978 1118.88 -1 33400 -4560.1908516
390227412 -20.15777 -16.10908 -4594.202 1171.2 -1 33400 -4584.27709307
390227413 -20.14506 -16.11802 -4607.532 1141.629 -1 33400 -4595.18071605
390227414 -20.04322 -16.18436 -4459.858 1025.52 -1 33400 -4460.71673948
390227415 -19.7798 -16.224 -4413.985 963.7946 9998 33400 -4817.46496747
390227416 -19.50892 -16.21716 -5023.683 1102.008 9998 33400 -4827.58679172
390227417 -19.45596 -16.25932 -4892.322 1040.22 -1 33400 -4961.044304
390227418 -19.48918 -16.38343 -4643.081 930.8323 9998 33400 -4336.5602735
390227419 -19.53017 -16.63262 -4324.868 900.9435 9998 33400 -4382.4150968
390227420 -19.4883 -16.84998 -4165.771 915.4427 9998 33400 -4173.11081187
390227422 -19.40777 -17.23508 -4233.823 1093.606 9998 33400 -4205.72937072
390227424 -19.35004 -17.48477 -4438.142 1138.05 9998 33400 -4432.20160625
390227425 -19.34754 -17.52362 -4444.949 1201.639 -1 33400 -4454.03201736
390227426 -19.38592 -17.53249 -4347.072 1110.526 9998 33400 -4467.96321244
390227427 -19.41248 -17.54383 -4485.152 1109.01 9998 33400 -4469.63942788
390227428 -19.40403 -17.5792 -4394.786 1099.848 9998 33400 -4452.63874931
390227429 -19.36 -17.5183 -4436.771 1179.09 9998 33400 -4456.79839537
390227430 -19.32666 -17.40122 -4319.923 1121.73 -1 33400 -4341.96334479
390227432 -19.14576 -17.1629 -4330.108 1051.084 9998 33400 -4505.30730472
390227433 -19.03261 -17.10156 -4572.759 1078.12 9998 33400 -4313.78323047
390227434 -19.03915 -17.01481 -4386.053 1156.54 9998 33400 -4044.54180581
390227436 -18.99378 -17.12189 -4137.146 1056.337 9998 33400 -4204.21923693
390227437 -18.96312 -17.18779 -4504.609 1184.199 9998 33400 -4545.62688068
390227438 -18.95784 -17.29467 -4472.848 1089.189 9998 33400 -4280.79493014
390227439 -19.10203 -17.2757 -4085.431 1056.289 9998 33400 -4369.94254907
390227440 -19.14249 -17.38523 -4442.547 1248.348 -1 33400 -4419.8154212
390227441 -19.15675 -17.48005 -4372.506 1265.064 -1 33400 -4316.98825921
390227442 -19.19642 -17.61444 -4290.549 1104.88 9998 33400 -4185.29297799
390227443 -19.20679 -17.76241 -4330.946 1084.315 9998 33400 -4393.10035788
390227445 -19.36158 -18.06046 -4426.223 1019.734 9998 33400 -4626.06704698
390227446 -19.33849 -18.1604 -4267.135 911.2217 9998 33400 -4429.23760459
390227447 -19.21548 -18.21304 -4249.681 1010.642 -1 33400 -4286.89285968
390227448 -19.19103 -18.16937 -4289.349 1014.193 -1 33400 -4347.2191525
390227449 -19.33037 -18.07822 -4671.659 1077.021 9998 33400 -4638.50622452
390227450 -19.5823 -17.99905 -4376.768 943.4606 9998 33400 -4753.96693925
390227451 -19.85068 -17.93223 -4475.811 934.1373 9998 33400 -4917.27170036
390227452 -19.89611 -17.90123 -4582.393 960.4169 9998 33400 -4901.04513402
390227453 -19.99353 -17.7522 -4824.4 1059.954 9998 33400 -4956.19303932
390227455 -20.00696 -17.51756 -4700.296 1021.723 9998 33400 -4514.25940351
390227457 -19.71816 -17.38958 -4767.912 1226.498 9998 33400 -4649.43296907
390227458 -19.5209 -17.37193 -4638.857 1219.97 9998 33400 -4583.26317553
390227465 -19.4315 -16.7214 -4402.968 874.1158 9998 33400 -4475.46016916
390227466 -19.4181 -16.60219 -4557.109 920.9484 -1 33400 -4548.16310064
390227467 -19.47567 -16.55606 -4610.058 964.8353 9998 33400 -4529.68430017
390227468 -19.45244 -16.55173 -4569.578 936.8855 9998 33400 -4575.61113521
390227469 -19.40683 -16.52979 -4536.687 919.6666 -1 33400 -4533.48418914
390227470 -19.35043 -16.49159 -4480.723 916.1415 -1 33400 -4543.40312218
390227471 -19.33144 -16.45542 -4339.13 915.3448 9998 33400 -4362.27131687
390227472 -19.323 -16.45408 -4260.305 887.1867 9998 33400 -4296.46258404
390227473 -19.32669 -16.44365 -4320.72 940.7718 9998 33400 -4308.94321568
390227475 -19.40832 -16.44609 -4613.877 951.755 -1 33400 -4625.93581347
390227476 -19.44198 -16.41579 -4496.803 922.8154 -1 33400 -4485.83281248
390227477 -19.4967 -16.43856 -4450.26 888.7734 9998 33400 -4448.36659729
390227478 -19.57716 -16.46612 -4422.891 938.8735 9998 33400 -4476.11057309
390227479 -19.67166 -16.53062 -4180.657 823.748 9998 33400 -4181.71856312
390227481 -19.93617 -16.82997 -4477.627 858.8638 9998 33400 -4521.84887075
390227482 -20.05421 -16.98546 -4481.292 968.3074 9998 33400 -4531.44648822
390227483 -20.15354 -17.06214 -4804.063 1054.989 9998 33400 -4744.73162897
390227484 -20.23972 -17.12084 -4879.961 1044.141 9998 33400 -4844.15930516
390227485 -20.23996 -17.15339 -4919.599 1075.664 9998 33400 -4856.16647968
390227486 -20.20017 -17.14909 -4732.188 1023.934 9998 33400 -4880.04962463
390227488 -20.02588 -16.90646 -4702.683 1025.814 9998 33400 -4581.43698551
390227489 -20.03703 -16.8103 -4699.01 957.8024 9998 33400 -4569.52848303
390227490 -20.04558 -16.83628 -4620.987 943.6213 9998 33400 -4596.67088805
390227491 -20.11241 -16.80515 -4740.539 1004.058 9998 33400 -4601.78970528
390227492 -20.16419 -16.81353 -4675.666 941.2055 9998 33400 -4589.62083875
390227493 -20.21348 -16.8005 -4519.592 939.429 9998 33400 -4431.68435782
390227494 -20.22564 -16.84754 -4569.218 969.501 9998 33400 -4516.04142943
390227495 -20.19952 -16.8747 -4554.029 944.2402 9998 33400 -4595.26535727
390227496 -20.0696 -16.87346 -4527.848 909.0967 9998 33400 -4585.6372573
390227497 -20.11277 -16.84427 -4685.093 997.6964 9998 33400 -4642.67687843
390227498 -19.93122 -16.73617 -4616.729 895.0683 9998 33400 -4589.54040631
390227499 -19.88118 -16.59194 -4738.936 953.6942 9998 33400 -4901.13831939
3902274100 -19.81486 -16.42109 -4583.427 999.1356 9998 33400 -4472.62139495
3902274101 -19.69188 -16.42236 -4516.466 999.5388 9998 33400 -4535.97649973
3902274102 -19.62941 -16.54903 -4395.41 914.5367 9998 33400 -4309.72877852
3902274104 -19.83347 -16.77974 -4550.938 928.3896 9998 33400 -4564.64328121
3902274105 -19.97563 -16.87846 -4611.54 951.3595 9998 33400 -4596.0134428
3902274106 -20.14139 -16.90366 -4662.025 954.3707 9998 33400 -4662.97967003
3902274107 -20.19145 -16.95116 -4539.608 921.0142 9998 33400 -4569.10124044
3902274108 -20.36892 -16.90354 -4560.154 936.9651 9998 33400 -4605.7420551
3902274110 -20.68378 -16.96159 -4795.339 1069.414 9998 33400 -4818.56573396
3902274111 -20.75044 -16.97192 -4758.778 1050.393 9998 33400 -4663.91957507
3902274112 -20.85527 -16.96042 -4675.436 1005.467 9998 33400 -4498.23840002
3902274115 -20.96275 -17.15029 -4642.706 942.8639 9998 33400 -4851.21034949
3902274116 -20.89439 -17.31488 -4811.193 1103.719 9998 33400 -4787.19380572
3902274117 -20.84616 -17.41934 -4815.834 1082.687 9998 33400 -4833.76486057
3902274119 -20.81206 -17.49117 -4521.766 1122.836 9998 33400 -4653.83044289
3902274121 -20.83221 -17.36937 -4670.181 1033.801 9998 33400 -4715.72085128
3902274122 -20.74776 -17.31444 -4577.282 1047.729 9998 33400 -4565.29121115
3902274124 -20.56322 -17.32059 -4871.747 1133.639 9998 33400 -4782.52852573
3902274125 -20.50153 -17.37139 -4508.751 1021.579 9998 33400 -4754.50162044
3902274126 -20.49813 -17.38653 -4475.163 1005.589 9998 33400 -4694.41129925
3902274127 -20.48936 -17.42734 -4571.513 1051.456 9998 33400 -4616.4586465
3902274128 -20.50878 -17.43905 -4319.622 981.8586 9998 33400 -4511.52570924
3902274132 -20.7167 -17.36969 -4712.295 1088.154 9998 33400 -4655.81482918
3902274134 -20.81449 -17.39864 -4465.424 1072.083 9998 33400 -4682.18590469
3902274135 -20.84416 -17.3993 -4756.437 1113.611 9998 33400 -4807.35600919
3902274136 -20.75617 -17.50516 -4515.824 960.3209 9998 33400 -4586.1968764
3902274138 -20.55311 -17.82153 -4714.516 1070.258 9998 33400 -4826.73631805
3902274139 -20.29882 -17.99065 -4661.759 995.7195 9998 33400 -4871.08198315
390232112 -37.15755 -34.73843 -4545.919 591.6169 9998 33400 -4569.87300991
390232113 -37.15917 -34.81574 -4575.921 707.4247 -1 33400 -4578.10108351
390232114 -37.1561 -34.89992 -4627.293 806.5635 -1 33400 -4621.69361689
390232115 -36.75812 -35.19816 -4509.383 298.7769 9998 33400 -4546.54412892
390232116 -36.80995 -34.50405 -4687.008 370.173 -1 33400 -4681.40095636
390232117 -37.43481 -33.90635 -4579.681 594.3065 9998 33400 -4549.44464656
390232118 -37.60857 -33.52407 -4471.721 313.9703 -1 33400 -4470.09186209
390232120 -37.82778 -33.17491 -4500.54 445.9543 9998 33400 -4469.24932022
390232122 -38.39428 -33.11372 -4657.638 807.3485 9998 33400 -4512.29281115
390232123 -38.53022 -33.2583 -4313.353 434.9866 9998 33400 -4525.25288487
390232124 -38.75989 -33.68259 -4519.693 855.4208 9998 33400 -4488.52532684
390232125 -38.83713 -33.90724 -4607.767 1142.009 9998 33400 -4588.49632295
390232126 -38.76851 -34.01896 -4757.623 1147.877 -1 33400 -4756.78295214
390232127 -38.70868 -34.16856 -4773.779 1077.32 -1 33400 -4765.21696868
390232128 -38.54435 -34.26205 -4719.84 973.2673 9998 33400 -4753.53094745
390232129 -37.97121 -34.33657 -4598.754 759.6768 9998 33400 -4585.78790984
390232130 -37.52428 -34.46077 -4594.235 423.2477 9998 33400 -4590.27180978
390232131 -37.29283 -34.55381 -4555.419 120.0529 9998 33400 -4558.06794747
390232132 -37.18415 -34.69548 -4535.535 460.6093 9998 33400 -4581.71713261
390232133 -36.7994 -34.82162 -4492.517 750.76 -1 33400 -4480.36945663
390232134 -36.80066 -34.41907 -4685.488 128.4997 9998 33400 -4702.53912819
390232135 -37.04946 -34.01442 -4672.632 530.9764 9998 33400 -4650.6688
390232136 -37.37076 -33.73994 -4584.508 559.3722 9998 33400 -4542.60917385
390232137 -37.73282 -33.67472 -4412.825 561.0657 9998 33400 -4449.5278392
390232138 -37.75897 -33.93604 -4524.165 738.3721 9998 33400 -4525.99854601
390232139 -37.55395 -33.94513 -4440.053 596.7177 9998 33400 -4468.92418891
390232140 -37.61564 -33.93444 -4456.686 622.6544 9998 33400 -4510.23269572
390232141 -37.70041 -33.89995 -4496.373 688.0054 9998 33400 -4523.99691341
390232142 -37.69108 -34.09954 -4514.866 606.6975 9998 33400 -4531.99806378
390232143 -37.61931 -34.4856 -4636.301 523.9101 -1 33400 -4622.0475592
390232144 -37.45924 -34.63803 -4676.365 299.7176 9998 33400 -4692.30432983
390232145 -37.28686 -34.99106 -4663.885 825.2451 -1 33400 -4674.40315713
390232146 -37.2239 -35.27457 -4665.228 872.3339 9998 33400 -4689.58477425
390232147 -37.11292 -35.60786 -4724.535 1004.315 9998 33400 -4704.55470311
390232148 -37.30246 -35.92315 -4774.996 994.511 -1 33400 -4845.13156115
390232149 -37.85646 -36.31229 -4921.196 690.6928 9998 33400 -4946.11330603
390232150 -37.85371 -36.2592 -4890.458 630.2661 9998 33400 -4992.60204
390232151 -37.39732 -36.39609 -4935.228 910.5906 9998 33400 -4971.54675188
390232152 -36.97677 -36.80313 -4928.938 477.3445 9998 33400 -4976.33121617
390232153 -36.97069 -37.16203 -4935.185 366.662 -1 33400 -4947.99286824
390232154 -37.29031 -37.5915 -4828.066 1047.853 9998 33400 -4881.65326978
390232156 -37.71776 -39.65552 -5202.104 2667.661 9998 33400 -5191.2260479
390232157 -38.02015 -40.10236 -5195.209 3424.892 9998 33400 -5199.00952367
390232158 -38.38601 -40.14174 -5188.215 3657.964 -1 33400 -5212.24808965
390232159 -38.99946 -39.84376 -5166.071 3828.274 9998 33400 -5159.96038093
390232160 -39.32634 -39.33264 -5186.271 3720.432 9998 33400 -5179.08811686
390232161 -39.53158 -39.3673 -5178.115 3843.739 9998 33400 -5156.96931217
390232162 -39.69826 -39.26409 -5154.714 3735.091 9998 33400 -5165.94795579
390232163 -39.32592 -39.28594 -5181.642 3657.161 9998 33400 -5180
390232164 -38.49129 -39.5266 -5202.359 2994.78 9998 33400 -5210
390232165 -38.37556 -40.22226 -5164.537 3600.693 9998 33400 -5208.33868961
390232166 -38.92469 -41.13723 -5213.801 4145.415 9998 33400 -5214.59746471
390232167 -39.67864 -41.87 -5211.418 1436.015 9998 33400 -5205.75063373
390232168 -41.25583 -42.1026 -5198.327 1024.809 -1 33400 -5198.9102182
390232169 -42.62022 -42.6354 -5157.004 1518.8 -1 33400 -5162.18801629
390232170 -42.55734 -42.28295 -5160.949 847.6091 9998 33400 -5178
390232171 -42.17875 -41.00768 -5178.021 1730.091 9998 33400 -5175.18216669
390232172 -41.8173 -40.47365 -5144.072 3573.392 -1 33400 -5164.74593651
390232174 -42.39469 -39.70982 -5136.774 5065.766 9998 33400 -5049.62862843
390232175 -42.71839 -40.07828 -5116.252 4047.679 9998 33400 -5157.30375629
390232176 -43.94342 -40.61958 -5144.198 2415.59 9998 33400 -5126.93475468
390232177 -44.8759 -41.32825 -5099.389 1467.518 9998 33400 -5121.39550692
390232178 -45.54145 -41.22629 -5111.259 1537.603 9998 33400 -5109.62725844
390232179 -45.25803 -40.0851 -5130.785 4058.543 -1 33400 -5140.4650032
390232180 -44.47836 -39.61328 -5124.608 5493.229 -1 33400 -5138.9107263
390232181 -43.806 -39.50695 -5110.605 5206.516 9998 33400 -5133.65114069
390232182 -44.69725 -39.68273 -5130.682 5299.001 -1 33400 -5160.07630233
390232183 -43.45768 -39.88194 -5128.167 4508.276 -1 33400 -5130.68194336
390232184 -41.24456 -38.76623 -5078.669 2967.601 9998 33400 -5079.25254276
390232185 -39.5765 -39.37361 -5169.295 4128.076 9998 33400 -5154.00429259
390232186 -39.2914 -40.00772 -5142.255 4413.751 9998 33400 -5155.53484724
390232187 -38.71915 -38.55197 -5132.465 3542.013 9998 33400 -5133.94976563
390232188 -38.3894 -37.01638 -4825.692 1373.029 -1 33400 -4840.12750827
390232189 -39.19376 -36.86679 -4933.761 611.3076 -1 33400 -4960.37637749
390232190 -40.41806 -37.11144 -4977.306 1045.277 9998 33400 -4986.63609062
390232191 -41.74577 -36.82256 -4975.59 600.9531 9998 33400 -5026.6169355
390232192 -42.64115 -36.76221 -4983.184 865.2084 9998 33400 -5065.76819135
390232193 -43.20664 -36.59217 -4989.369 663.4295 -1 33400 -5000.9679231
390232194 -42.75443 -36.4098 -4970.631 130.644 -1 33400 -4997.30223098
390232195 -43.56896 -36.36544 -4964.733 808.3386 -1 33400 -4987.19203472
390232216 -46.22407 -34.01721 -4466.185 2356.784 9998 33400 -4500.60072258
390232217 -45.96028 -33.96652 -4427.499 2095.236 -1 33400 -4449.26618795
390232218 -45.72094 -33.93839 -4404.166 1900.179 9998 33400 -4397.94240513
390232219 -44.93998 -34.01069 -4506.149 1314.902 9998 33400 -4477.35776146
390232220 -44.56777 -34.06646 -4531.211 1187.157 9998 33400 -4497.78265785
390232221 -44.29812 -34.18208 -4592.984 1279.919 9998 33400 -4624.92061269
390232222 -44.19808 -34.34297 -4696.981 1380.707 9998 33400 -4720.75775051
390232224 -45.7707 -34.91801 -4782.987 872.1645 -1 33400 -4806.63970022
390232225 -46.84751 -34.63852 -4717.163 1766.208 9998 33400 -4689.63344831
390232226 -47.21396 -35.34375 -4826.596 915.0165 9998 33400 -4814.99048396
390232228 -46.58549 -36.77248 -5048.545 564.615 9998 33400 -5033.05880475
390232229 -46.80262 -36.75038 -5036.53 321.5842 9998 33400 -5018.03294449
390232230 -46.6414 -36.37148 -4980.639 383.0118 9998 33400 -5016.46052989
390232231 -46.34264 -36.56096 -5026.722 694.0331 9998 33400 -5012.04137278
390232232 -46.2947 -37.53478 -5133.223 577.2933 9998 33400 -5164.06404665
390232233 -46.1405 -38.8618 -5197.148 3543.638 9998 33400 -5208.11540701
390232234 -46.03735 -40.61844 -5145.265 1885.4 9998 33400 -5158.15059894
390232235 -46.79838 -41.74398 -5106.559 495.0456 9998 33400 -5095.11989521
390232236 -46.97249 -42.2389 -5235.356 514.9048 9998 33400 -5245.10807061
390232237 -47.77808 -43.09504 -5279.967 1211.855 9998 33400 -5269.81153993
390232238 -49.54834 -44.00547 -5273.231 611.2736 -1 33400 -5227.43777441
390232240 -46.57916 -45.63754 -5280.375 2447.951 9998 33400 -5274.57342694
390232241 -44.99523 -46.56696 -5378.522 4543.468 9998 33400 -5416.57391318
390232242 -43.43017 -45.92634 -5304.042 2827.896 9998 33400 -5300.01560728
390232243 -44.55246 -44.63564 -5069.258 1340.294 9998 33400 -5035.72694708
390232244 -45.52482 -43.67747 -5143.142 2865.029 9998 33400 -5124.81646195
390232245 -45.54283 -43.58943 -5137.663 2630.115 9998 33400 -5152.09072175
390232246 -45.74228 -44.16663 -5022.673 2108.048 9998 33400 -5018.0442745
390232247 -45.56924 -44.3582 -4978.194 1415.196 9998 33400 -5014.7194421
390232248 -45.79232 -44.45397 -4984.741 1172.65 9998 33400 -4990.46274338
390232249 -46.30737 -44.60171 -5100.083 1144.551 9998 33400 -5092.68797317
390232250 -45.99847 -45.16177 -5156.385 988.1595 9998 33400 -5167.50122815
390232251 -45.44108 -45.10132 -5059.352 720.6816 9998 33400 -5082.17312829
390232252 -44.65205 -44.79104 -4984.684 1100.983 9998 33400 -4897.75362446
390232254 -40.86212 -46.03799 -5483.149 2417.561 9998 33400 -5493.67055882
390232255 -40.33337 -46.83459 -5670.741 2802.471 9998 33400 -5669.13208847
390232256 -39.71485 -47.83892 -5653.214 8038.759 9998 33400 -5706.7511435
390232257 -39.63312 -47.65097 -5794.521 6014.436 9998 33400 -5744.27493023
390232258 -39.45071 -47.2093 -5765.014 3806.037 -1 33400 -5716.00776794
390232259 -38.76589 -47.32119 -5782.337 4837.153 9998 33400 -5850.12368911
390232260 -37.01713 -45.91631 -5341.498 3289.388 9998 33400 -5425.05804773
390232261 -37.45451 -44.16231 -5299.098 4694.415 9998 33400 -5389.82768376
390232262 -38.17569 -43.15448 -5249.149 3018.432 9998 33400 -5289.5752
390232263 -37.40142 -42.01313 -5233.527 3548.439 9998 33400 -5239.76750327
390232264 -35.77972 -41.79985 -5127.076 3664.419 9998 33400 -5155.1585008
390232265 -35.07457 -42.7091 -5109.305 4198.244 9998 33400 -5128.81656926
390232266 -34.4877 -43.45102 -5130.172 3295.151 9998 33400 -5119.2928
390232268 -35.54481 -45.29375 -5546.087 4882.685 9998 33400 -5557.79218557
390232269 -35.34342 -43.97414 -5219.027 2979.651 9998 33400 -5240.84260091
390232270 -34.49014 -44.83665 -5269.923 3811.885 9998 33400 -5414.58878857
390232272 -34.82291 -46.51128 -5650.812 3578.156 9998 33400 -5629.15764273
390232273 -34.65161 -46.99649 -5583.591 5476.096 9998 33400 -5577.14697891
390232274 -35.57195 -46.70301 -5753.307 1880.141 9998 33400 -5758.78743398
390232275 -35.89306 -46.15139 -5602.486 3446.83 9998 33400 -5588.78743837
390232276 -34.70171 -45.3087 -5229.906 2920.35 9998 33400 -5509.13270579
390232277 -35.72969 -45.21125 -5554.83 4706.825 9998 33400 -5540.05047608
390232278 -34.85853 -45.24931 -5327.311 3389.656 9998 33400 -5506.2670997
390232279 -33.70369 -46.33476 -5332.97 2475.414 9998 33400 -5308.883261
390232280 -32.07026 -47.32221 -5127.664 4397.784 9998 33400 -5187.28958133
390232281 -31.06115 -47.30935 -4949.512 4019.094 9998 33400 -5019.47751388
390232282 -30.39695 -47.0459 -4937.808 4599.324 9998 33400 -4920.0289075
390232283 -29.82768 -46.93287 -4942.221 4160.971 9998 33400 -4957.71183936
390232284 -30.34949 -47.11919 -5003.866 4461.828 9998 33400 -4955.64872104
390232285 -29.95825 -46.82406 -4941.592 4102.93 9998 33400 -4870.24162238
390232286 -29.29968 -46.84445 -4686.047 3282.836 9998 33400 -4852.70809758
390232287 -29.41282 -45.84288 -4873.013 2187.603 9998 33400 -4878.47728496
390232288 -28.73366 -45.89027 -4831.876 1648.918 9998 33400 -4772.88025503
390232289 -28.4387 -46.13635 -4766.589 2000.667 9998 33400 -4567.92316024
390232291 -28.47428 -46.0634 -4668.723 1764.986 9998 33400 -4542.15091848
390232293 -29.24335 -44.51472 -4676.766 2217.188 9998 33400 -4454.16167489
390232294 -29.72478 -44.41724 -4654.387 2316.958 9998 33400 -4491.85248438
390232295 -29.55953 -45.05851 -4724.276 2599.853 9998 33400 -4692.25394849
390232296 -28.3384 -45.64604 -4661.623 2100.869 9998 33400 -4707.67295396
390232297 -27.56073 -46.49921 -4692.018 2191.677 9998 33400 -4567.61473167
390232299 -27.91909 -47.28667 -4822.527 3013.834 9998 33400 -4801.95746968
390232310 -47.14333 -36.47918 -4949.356 220.902 9998 33400 -4940.47718395
390232311 -47.17778 -36.07095 -4876.468 474.9733 -1 33400 -4893.84414483
390232312 -47.15252 -35.73616 -4853.609 735.5223 -1 33400 -4868.98175005
390232313 -46.87688 -34.94116 -4786.473 486.4539 -1 33400 -4806.46035225
390232314 -46.73138 -34.99366 -4790.238 701.4528 -1 33400 -4801.0321353
390232315 -46.71835 -35.22575 -4816.355 922.7802 -1 33400 -4827.81262007
390232316 -46.1429 -35.57296 -4851.155 560.7687 -1 33400 -4864.00451936
390232317 -44.86599 -35.45257 -4843.538 593.3773 9998 33400 -4852
390232318 -43.41349 -35.38237 -4888.505 971.64 9998 33400 -4913.38693129
390232319 -42.26532 -36.19471 -4948.898 572.3663 9998 33400 -4901.11212559
390232320 -42.14933 -37.07281 -4998.371 1168.85 9998 33400 -5013.31447637
390232321 -42.76072 -37.85136 -5071.33 569.7742 9998 33400 -5065.92928864
390232322 -43.96261 -38.94667 -5132.283 4774.108 9998 33400 -5122.22572835
390232323 -45.49308 -38.94511 -5179.476 4627.653 9998 33400 -5179.28823178
390232324 -46.91436 -38.31977 -5186.841 1989.577 9998 33400 -5153.88912212
390232325 -47.65155 -38.26686 -5197.814 1695.631 9998 33400 -5207.56888359
390232326 -48.11504 -38.67948 -5263.108 2495.237 9998 33400 -5282.60272244
390232327 -47.79195 -39.22923 -5268.465 3945.02 9998 33400 -5272.82572121
390232328 -46.69606 -38.66993 -5199.176 2580.05 9998 33400 -5208.71343711
390232329 -45.97103 -37.8487 -5144.128 695.557 -1 33400 -5158.95236385
390232330 -45.09377 -37.0474 -5054.628 327.8752 -1 33400 -5092.21557441
390232331 -44.75473 -36.41484 -4971.987 352.0444 -1 33400 -5018.93060606
390232332 -45.10397 -35.84046 -4880.449 990.9718 9998 33400 -4910.88884083
390232333 -45.75812 -35.22788 -4767.031 797.6246 -1 33400 -4779.10078187
390232334 -46.30995 -34.89808 -4709.383 1225.159 -1 33400 -4714.00146489
390232335 -47.182 -34.94649 -4768.411 598.8775 -1 33400 -4799.2485195
390232336 -48.31965 -35.9489 -4768.965 1144.819 -1 33400 -4746.76969883
390232338 -45.12346 -39.32743 -5160.306 5758.756 9998 33400 -5169.9013926
390232339 -44.9238 -39.16421 -5156.409 5459.737 -1 33400 -5174.85401133
390232340 -44.32538 -39.3808 -5127.333 5299.413 9998 33400 -5140.04939992
390232341 -43.12763 -39.75393 -5134.137 4668.316 9998 33400 -5130.65206623
390232342 -43.95331 -40.29614 -5113.049 3330.944 9998 33400 -5125.72332814
390232343 -45.97268 -39.21805 -5190.491 4918.571 -1 33400 -5207.62480134
390232344 -44.99991 -39.64885 -5135.737 5184.313 9998 33400 -5187.81682266
390232345 -44.3478 -40.38264 -5103.512 3017.264 9998 33400 -5107.98875544
390232346 -43.23575 -39.99087 -5140.325 4034.61 -1 33400 -5134.80636178
390232347 -42.96042 -40.94837 -5161.386 1554.698 9998 33400 -5169.99959904
390232348 -43.84269 -41.44246 -5155.244 498.0918 9998 33400 -5170.42378661
390232349 -44.60935 -41.25518 -5105.625 1157.543 9998 33400 -5138
390232350 -44.42704 -40.88712 -5146.591 1376.666 9998 33400 -5129.99994648
390232351 -43.48256 -39.73854 -5108.947 4723.955 9998 33400 -5105.85015375
390232352 -42.05511 -38.512 -5088.381 2819.659 -1 33400 -5099.55236324
390232353 -40.16513 -39.87391 -5173.518 5772.686 9998 33400 -5155.1340076
390232354 -39.94792 -40.52369 -5193.266 5296.559 9998 33400 -5245.93080624
390232355 -38.77159 -39.98477 -5196.912 3538.632 9998 33400 -5189.00938374
390232356 -37.74233 -40.08503 -5122.838 3042.389 9998 33400 -5142.67851206
390232357 -36.99084 -40.62846 -5306.626 4052.004 9998 33400 -5249.87007356
390232358 -36.0162 -41.27581 -5132.747 3509.901 9998 33400 -5131.54163485
390232359 -34.92147 -41.78187 -4876.387 2482.635 9998 33400 -4916.22701835
390232410 -49.00637 -42.44052 -5670.815 2511.736 -1 33400 -5640.88093894
390232411 -49.19369 -42.61258 -5657.676 2574.202 -1 33400 -5680.98256981
390232412 -49.40251 -42.69891 -5672.13 2521.015 9998 33400 -5697.68453153
390232413 -49.67238 -43.02102 -5568.91 2712.717 9998 33400 -5598.19988846
390232415 -49.10033 -42.85196 -5555.265 2319.029 9998 33400 -5557.04308169
390232416 -48.61667 -43.37064 -5366.947 1776.796 9998 33400 -5364.05689158
390232418 -52.0343 -41.92398 -5616.367 7462.257 9998 33400 -5640.34175859
390232419 -50.05451 -40.8297 -5419.397 7345.634 9998 33400 -5462.2744742
390232421 -50.8883 -42.31135 -5678.324 2394.386 9998 33400 -5647.29641735
390232422 -50.96315 -42.84902 -5590.753 1283.655 9998 33400 -5620.77114158
390232423 -50.7056 -43.57608 -5378.651 2922.101 -1 33400 -5364.8751146
390232425 -50.86404 -44.77413 -5751.625 4769.05 9998 33400 -5735.00921856
390232556 -106.1244 -66.3843 -4790.588 3664.044 -1 33400 -4806.40322545
390232557 -106.05 -66.48215 -4771.966 3334.779 -1 33400 -4764.64607363
390232558 -106.0292 -66.5271 -4766.916 3379.365 -1 33400 -4744.49912577
390232559 -106.0874 -66.5594 -4754.51 3495.962 -1 33400 -4767.28661386
390232560 -105.1492 -66.92383 -4713.428 1771.044 -1 33400 -4734.63469629
390232561 -103.8595 -66.50991 -4775.926 2335.6 -1 33400 -4831.03003427
390232562 -104.4664 -66.21925 -4801.584 1406.295 -1 33400 -4915.36276046
390232563 -105.8214 -66.25397 -4800.411 2372.346 9998 33400 -4825.92984602
390232564 -105.8674 -66.87894 -4718.769 2608.892 -1 33400 -4736.34095305
390232565 -104.303 -67.09091 -4695.553 2499.936 -1 33400 -4703.5132197
390232566 -103.5418 -66.44868 -4787.566 2464.813 9998 33400 -4866.74080852
390232567 -102.7956 -66.2101 -4816.013 2456.783 -1 33400 -4815.56486165
390232568 -102.7026 -66.13857 -4822.136 2429.555 -1 33400 -4762.586596
390232569 -103.2461 -66.09575 -4828.926 2014.23 -1 33400 -4865.11347507
390232570 -103.952 -66.12462 -4811.297 1611.663 9998 33400 -4913.60966122
390232591 -100.7632 -67.26998 -4665.953 1053.32 -1 33400 -4680.63446039
390232592 -100.9601 -66.86563 -4718.385 1218.142 -1 33400 -4778.73081224
390232593 -101.3667 -66.67548 -4746.048 1633.137 -1 33400 -4778.620817
390232594 -101.8233 -66.92044 -4722.727 1482.67 -1 33400 -4721.39393409
390232595 -103.0884 -67.19684 -4675.565 1694.225 -1 33400 -4697.99565957
390232596 -103.4995 -67.503 -4611.239 2086.129 -1 33400 -4588.6400693
390232597 -102.8933 -67.62289 -4549.182 2170.177 -1 33400 -4555.89931862
390232598 -100.7986 -68.15449 -4548.444 2242.83 -1 33400 -4551.58964765
390232599 -98.23297 -68.36234 -4537.335 1942.722 -1 33400 -4496.52725869
390232610 -86.45937 -62.31276 -4841.965 3150.934 -1 33400 -4822.15045855
390232611 -86.41903 -62.18892 -4852.662 3291.739 -1 33400 -4838.34301844
390232612 -86.40441 -62.07028 -4860.743 3304.643 -1 33400 -4879.59416257
390232613 -85.86946 -61.7617 -4871.702 2662.209 -1 33400 -4843.65147321
390232614 -85.66554 -61.77592 -4871.116 2820.81 -1 33400 -4851.29328999
390232615 -84.89561 -62.02367 -4835.39 3328.903 9998 33400 -4822.67541228
390232616 -83.74998 -62.16973 -4813.062 2525.913 -1 33400 -4812.54747864
390232617 -84.02842 -61.7084 -4863.492 3411.563 -1 33400 -4878.908166
390232618 -84.9341 -62.15016 -4823.238 3156.819 9998 33400 -4793.95892833
390232619 -83.64102 -62.22477 -4812.945 2392.103 -1 33400 -4826.92173882
390232620 -83.32059 -61.81224 -4828.593 3209.668 -1 33400 -4830.04988981
390232622 -83.78077 -61.66209 -4862.058 3296.505 -1 33400 -4886.09639988
390232623 -83.79236 -61.85441 -4852.302 3335.471 9998 33400 -4768.98015549
390232624 -83.91395 -61.89916 -4843.667 3315.729 9998 33400 -4747.33313307
390232625 -84.49076 -61.95729 -4841.806 3308.6 -1 33400 -4871.59214336
390232626 -84.83924 -62.43969 -4795.918 2785.598 -1 33400 -4806.12315815
390232627 -83.65044 -62.54296 -4783.484 2638.706 -1 33400 -4791.25040739
390232628 -82.58028 -62.16784 -4807.543 1837.645 9998 33400 -4772.79928662
390232629 -81.49293 -62.09818 -4754.198 2028.931 -1 33400 -4762.0008884
390232630 -80.72847 -61.92316 -4800.465 2701.912 9998 33400 -4850.42080892
390232631 -79.7639 -61.70813 -4846.644 3133.424 9998 33400 -4796.36135947
390232632 -79.33487 -61.22002 -4913.637 3023.585 9998 33400 -4879.0856
390232633 -80.09709 -60.75761 -4967.056 2719.23 -1 33400 -4665.63354125
390232634 -81.1462 -60.562 -4972.554 3018.057 9998 33400 -4981.00941168
390232635 -81.49421 -60.14438 -5021.885 3900.396 -1 33400 -5027.10548098
390232636 -81.18164 -59.86979 -5050.929 2658.568 -1 33400 -5068.42938646
390232637 -80.88643 -60.0651 -5027.336 3229.552 9998 33400 -5016.55351789
390232638 -81.03784 -60.29668 -5007.404 3668.954 -1 33400 -5022
390232639 -80.74453 -60.2797 -5006.443 3264.52 -1 33400 -5017.55685624
390232640 -80.38941 -60.46884 -4994.948 2779.252 -1 33400 -4994.97763227
390232641 -80.95245 -60.4927 -4978.775 3045.529 9998 33400 -4993.23934778
390232642 -80.76547 -60.59387 -4971.573 2762.05 -1 33400 -4944.8209613
390232643 -80.11207 -60.67666 -4979.865 2675.805 -1 33400 -4834.10148295
390232644 -79.55621 -60.53383 -4985.825 2753.835 -1 33400 -4991.98136924
390232645 -78.9783 -60.71885 -4965.91 2918.517 -1 33400 -4982.88376068
390232646 -80.15157 -61.09538 -4916.879 3159.93 -1 33400 -4871.31435858
390232647 -81.31928 -61.10305 -4886.863 3970.58 -1 33400 -4849.39568073
390232648 -81.90713 -60.9937 -4896.2 3602.693 -1 33400 -4818.28187628
390232649 -81.35478 -61.23344 -4884.586 4271.02 -1 33400 -4849.57188635
390232650 -80.31396 -61.50665 -4860.76 4019.804 9998 33400 -4845.99751387
390232651 -80.79341 -61.94159 -4802.783 2619.571 9998 33400 -4808.76828731
390232652 -81.286 -62.02996 -4775.243 2175.063 -1 33400 -4757.9695123
390232653 -82.15976 -61.91812 -4810.347 2430.45 9998 33400 -4726.31054862
390232654 -82.86788 -62.09107 -4834.299 1976.607 9998 33400 -4721.94865585
390232655 -83.72836 -62.25947 -4799.665 2534.855 -1 33400 -4830.55356272
390232656 -84.53546 -61.88193 -4848.031 3520.48 9998 33400 -4869.1528
390232657 -84.38693 -61.68854 -4863.887 3404.398 9998 33400 -4892.74718254
390232658 -83.68529 -61.92369 -4838.526 3083.591 -1 33400 -4772.90358985
390232659 -83.77769 -62.501 -4773.812 2806.162 -1 33400 -4786.07383456
39023278 -92.44146 -64.78209 -4726.813 867.0024 -1 33400 -4738.23244016
39023279 -92.34903 -64.72994 -4732.255 859.3572 -1 33400 -4555.53577569
390232710 -92.23821 -64.6953 -4728.489 849.8494 -1 33400 -4737.72018197
390232711 -91.93549 -64.61731 -4711.37 877.1697 -1 33400 -4737.44509201
390232712 -91.5049 -64.67082 -4522.178 990.4556 -1 33400 -4685.72849306
390232713 -91.39555 -64.62847 -3860.282 849.9965 -1 33400 -4116.21549907
390232715 -93.19408 -64.73004 -4517.892 1554.429 -1 33400 -4387.26615642
390232717 -94.14183 -64.51728 -4791.988 1380.636 -1 33400 -4788.30253621
390232718 -94.08145 -64.21124 -4814.656 1060.269 -1 33400 -4850.35761434
390232719 -93.76755 -64.42586 -4790.373 1593.558 -1 33400 -4779.62371571
390232720 -93.0982 -64.6163 -4719.313 1732.312 9998 33400 -4693.66210311
390232721 -92.06133 -64.51137 -4734.073 990.8433 -1 33400 -4750.06827297
390232728 -93.29483 -64.11932 -4744.377 1906.82 -1 33400 -4737.16281787
390232729 -93.10376 -64.11195 -4747.964 1901.761 -1 33400 -4717.62863036
390232730 -92.60842 -63.97919 -4752.271 2215.108 -1 33400 -4768.15900147
390232731 -91.99415 -63.8837 -4765.09 2015.742 -1 33400 -4812.45530351
390232732 -91.56024 -63.6628 -4748.604 1594.652 -1 33400 -4752.10406638
390232733 -91.61651 -63.22312 -4742.945 1282.557 -1 33400 -4774.82421435
390232734 -92.47489 -62.94003 -4661.66 1125.585 -1 33400 -4713.1616212
390232735 -93.17396 -63.36374 -4648.236 812.1782 -1 33400 -4591.02965077
390232736 -92.58649 -63.39759 -4697.643 1246.617 -1 33400 -4679.84169824
390232737 -92.25065 -63.43631 -4728.824 1514.302 -1 33400 -4749.17030202
390232738 -92.01556 -63.39757 -4745.5 1525.286 -1 33400 -4804.55201121
390232739 -92.16344 -63.15513 -4725.533 1240.248 -1 33400 -4716.0013846
390232740 -92.12334 -62.7691 -4786.017 1786.099 -1 33400 -4768.85545848
390232741 -92.07867 -62.5166 -4819.23 2167.523 -1 33400 -4664.59976313
390232745 -89.01648 -62.34398 -4813.095 1046.155 -1 33400 -4777.19126945
390232746 -89.03022 -62.51663 -4799.571 978.4158 -1 33400 -4801.60950847
390232748 -89.47098 -63.16162 -4779.872 1508.483 -1 33400 -4771.81815452
390232749 -88.96703 -63.28204 -4782.734 1704.574 -1 33400 -4784.32167129
390232750 -88.20156 -63.34669 -4787.845 2042.887 -1 33400 -4691.59839754
390232752 -87.44925 -63.31524 -4783.788 1848.957 -1 33400 -4801.8631733
390232753 -88.05498 -63.30379 -4789.409 2091.783 -1 33400 -4771.41911876
390232754 -88.85463 -63.43725 -4780.065 1362.382 -1 33400 -4746.92438371
390232755 -88.71876 -63.68625 -4774.65 1009.546 9998 33400 -4766.16918467
390232756 -88.6582 -63.57395 -4778.563 1350.953 -1 33400 -4773.48006872
390232757 -88.97496 -63.45501 -4780.059 1101.797 -1 33400 -4801.45234725
390232758 -89.58448 -63.06461 -4776.322 1761.853 -1 33400 -4785.53635063
39023288 -99.51422 -66.52245 -4747.937 2150.087 -1 33400 -4712.112
39023289 -99.26835 -66.53892 -4737.666 2335.847 -1 33400 -4728.20045321
390232810 -99.099 -66.61275 -4726.408 2426.527 -1 33400 -4757.14373007
390232811 -99.10076 -66.67515 -4718.542 2319.535 -1 33400 -4768.95113948
390232812 -99.64318 -66.56374 -4743.274 2288.097 -1 33400 -4730.87745568
390232813 -100.1311 -66.50632 -4752.106 1794.121 -1 33400 -4789.96317549
390232814 -100.6498 -66.55635 -4757.417 1814.161 9998 33400 -4799.04480876
390232815 -101.4175 -66.46063 -4784.851 2021.327 9998 33400 -4805.88843269
390232816 -101.5166 -66.4142 -4785.447 2141.264 9998 33400 -4822.09534245
390232817 -101.1847 -66.84846 -4714.711 1317.769 -1 33400 -4748.37348129
390232818 -100.7122 -67.39618 -4640.338 1629.754 -1 33400 -4660.36311608
390232819 -99.57176 -67.345 -4628.34 922.9271 -1 33400 -4635.89599825
390232820 -99.8958 -66.89157 -4720.798 1392.859 -1 33400 -4709.53441776
390232821 -100.3684 -66.82677 -4706.484 1329.116 -1 33400 -4716.00944307
390232822 -101.5454 -67.16627 -4675.381 1620.783 -1 33400 -4751.05478134
390232823 -103.766 -67.32502 -4666.13 2381.283 -1 33400 -4655.46327474
390232848 -97.93003 -66.94625 -4679.906 855.9876 -1 33400 -4690.27844116
390232849 -97.73972 -67.08681 -4668.818 774.4721 -1 33400 -4685.49551152
390232850 -96.52973 -66.98335 -4669.432 797.2098 -1 33400 -4680.15762228
390232851 -95.1063 -66.80413 -4612.905 1255.23 -1 33400 -4638.05528814
390232852 -93.8175 -66.61179 -4652.304 1599.819 -1 33400 -4678.66925293
390232853 -92.89543 -66.54015 -4676.352 1076.754 -1 33400 -4712.73164489
390232854 -92.06603 -66.59983 -4652.114 1129.07 -1 33400 -4672.38654681
390232855 -91.14403 -66.51386 -4571.809 1030.704 -1 33400 -4572.83722958
390232856 -90.33085 -66.05715 -4570.109 1563.55 -1 33400 -4555.25404137
390232857 -89.4074 -65.74216 -4624.868 853.3522 -1 33400 -4614.53196058
390232858 -88.61026 -65.53392 -4637.821 1220.838 -1 33400 -4646.0853264
490232111 -55.41057 25.14518 -5480.438 130.0456 9998 33400 -5558.96988676
490232116 -55.79907 25.36884 -5411.654 276.6677 9998 33400 -5345.75502314
490232117 -55.80127 25.33712 -5189.352 242.994 9998 33400 -5141.16181793
490232123 -56.67062 25.33521 -5482.011 714.084 -1 33400 -5595.10000132
490232126 -57.0489 25.6482 -5597.238 550.8333 -1 33400 -5640.73311512
490232130 -57.2783 25.54796 -5812.619 647.9579 -1 33400 -5794.2905316
490232132 -57.4501 25.61941 -5628.135 527.9827 -1 33400 -5578.45260665
490232133 -57.47699 25.67091 -5624.919 483.9459 -1 33400 -5866.48536537
490232134 -57.48644 25.594 -5765.29 567.1225 -1 33400 -5723.97429763
490232135 -57.42447 25.64554 -5768.366 519.1541 -1 33400 -5698.49975644
490232136 -57.43874 25.68269 -5437.501 447.6923 -1 33400 -5838.39162141
490232137 -57.43495 25.65578 -5246.067 445.5674 -1 33400 -5517.36530421
490232138 -57.45547 25.66738 -5667.129 493.5733 -1 33400 -5791.24882788
490232139 -57.51626 25.66867 -5237.043 421.7563 -1 33400 -5365.83058771
490232147 -57.16202 26.17148 -5726.538 103.2161 9998 33400 -6015.8368428
490232148 -57.29259 26.09261 -5646.529 149.538 -1 33400 -5573.26976769
490232155 -57.22231 26.47216 -5817.646 76.79722 9998 33400 -5775.19731462
490232156 -57.08451 26.43002 -5621.027 96.5539 9998 33400 -5683.96304987
490232157 -57.0143 26.40893 -5596.638 116.8168 9998 33400 -5420.48916504
490232159 -57.04328 26.60271 -5854.828 71.41998 9998 33400 -6052.94990339
490232161 -57.22909 26.84318 -5820.002 121.1789 9998 33400 -6044.17776253
490232162 -57.31341 26.75855 -5781.925 131.819 9998 33400 -5785.75703116
490232166 -57.5712 26.85889 -5681.926 187.0399 -1 33400 -5496.02698758
490232170 -57.82655 26.5494 -5831.348 246.5091 9998 33400 -5648.82251219
490232171 -57.94317 26.58507 -5590.756 216.0645 9998 33400 -5696.959682
490232179 -58.05743 28.04026 -5876.919 297.2971 -1 33400 -5988.22975857
490232188 -57.69137 28.39405 -5709.135 327.8551 9998 33400 -5876.03065764
490232191 -57.49324 28.89418 -5823.928 296.8644 9998 33400 -5746.62391917
490232192 -57.50939 28.98717 -5683.135 277.8489 9998 33400 -5776.50615072
490232193 -57.57089 28.97142 -5742.258 285.6559 9998 33400 -5831.57516223
490232194 -57.61271 28.97476 -5763.538 297.3626 9998 33400 -5702.20242106
490232195 -57.74838 28.90329 -5374.86 285.4507 9998 33400 -5595.53320516
490232197 -57.92148 29.01907 -5600.08 254.3476 9998 33400 -5520.2470247
490232198 -57.90432 29.12314 -5592.29 204.7466 9998 33400 -5504.43030547
4902321100 -57.73578 29.23144 -5735.755 232.9692 9998 33400 -5780.47415716
4902321101 -57.72989 29.2224 -5737.5 236.8158 9998 33400 -5746.63896081
4902321102 -57.68535 29.28557 -5709.513 246.5448 -1 33400 -5634.93226222
4902321103 -57.75404 29.22492 -5508.302 210.2234 9998 33400 -5689.02695587
4902321104 -57.73331 29.20487 -5734.026 241.1985 9998 33400 -5684.40504311
4902321105 -57.77328 29.09197 -5795.791 268.2589 9998 33400 -5688.97521178
4902321106 -57.74664 28.93474 -5561.296 294.2078 9998 33400 -5478.63866985
4902321107 -57.86196 28.83443 -5695.974 364.3318 9998 33400 -5633.10533327
4902321109 -57.85858 28.86488 -5694.605 349.7646 9998 33400 -5588.92800254
4902321110 -57.78053 29.01044 -5531.925 265.3965 -1 33400 -5439.13740945
4902321111 -57.73274 29.08888 -5590.078 257.1577 9998 33400 -5591.27693354
4902321112 -57.68081 29.23428 -5688.249 253.2256 -1 33400 -5707.35363426
4902321113 -57.60776 29.36732 -5756.589 263.0705 9998 33400 -5600.66181871
4902321114 -57.52145 29.3728 -5674.156 277.8709 9998 33400 -5567.35814746
4902321115 -57.59917 29.42743 -5871.741 254.5494 9998 33400 -5865.4511348
4902321116 -57.50739 29.37088 -5730.082 292.8696 9998 33400 -5655.15927794
4902321117 -57.4137 29.17698 -5780.181 300.9444 -1 33400 -5700.19424879
4902321118 -57.22181 29.10521 -5526.753 233.0815 -1 33400 -5667.27673109
4902321120 -56.69158 29.60262 -5651.699 289.0272 -1 33400 -5509.66351767
4902321121 -56.95814 29.71193 -5482.719 304.2382 -1 33400 -5378.54353928
4902321122 -56.85789 30.09499 -5599.41 119.7472 9998 33400 -5632.55822911
4902321123 -57.02861 30.0741 -5829.284 145.1756 -1 33400 -5847.01559814
4902321124 -57.16291 29.90955 -5619.915 193.2969 -1 33400 -5616.59415351
4902321125 -57.17942 29.84711 -5365.644 202.3348 9998 33400 -5364.63674942
4902321126 -56.97811 29.8953 -5613.049 171.4208 -1 33400 -5547.57344522
4902321127 -57.03356 30.10924 -5580.625 135.2817 -1 33400 -5633.87151943
4902321128 -56.99401 30.12796 -5550.122 125.5771 9998 33400 -5800.9995169
4902321129 -56.84435 30.26548 -5801.152 107.5398 9998 33400 -5730.20818914
4902321130 -56.52862 30.46011 -5605.052 295.4417 9998 33400 -5613.99263285
4902321131 -56.42856 30.45217 -5620.832 311.5172 9998 33400 -5531.78504187
4902321132 -56.59474 30.27212 -5620.72 213.4328 9998 33400 -5542.89838326
4902321133 -56.47005 30.21905 -5498.572 247.5216 9998 33400 -5544.3768484
4902321134 -56.2686 30.30637 -5599.315 343.4003 9998 33400 -5624.81439816
4902321135 -56.2073 30.40815 -5600.817 365.2914 -1 33400 -5609.46324968
4902321136 -55.88198 30.61315 -5480.967 283.6248 9998 33400 -5562.80305331
4902321137 -56.006 31.01547 -5601.51 686.2032 9998 33400 -5626.31300685
4902321138 -56.07335 31.07375 -5589.675 805.8978 9998 33400 -5637.33713902
4902321139 -56.27618 30.90635 -5227.472 617.3885 9998 33400 -5329.66855763
4902321140 -56.56986 30.68407 -5609.016 440.1141 -1 33400 -5631.51096389
4902321141 -56.65946 30.46546 -5280.489 230.7036 9998 33400 -5549.85381309
4902321150 -55.27111 30.56007 -5304.193 112.8986 9998 33400 -5848.28571115
4902321151 -55.5092 30.51946 -5187.885 151.8431 9998 33400 -5591.82944581
4902321153 -55.98783 30.40794 -5477.475 419.1224 -1 33400 -5583.46159304
4902321155 -56.00134 30.04942 -5402.954 230.6308 -1 33400 -5559.9008043
4902321156 -55.72101 30.23925 -5355.883 405.8369 -1 33400 -5651.0473475
4902321158 -55.25795 30.31356 -5226.753 213.9394 9998 33400 -5215.04489982
4902321159 -55.29008 30.21139 -5443.179 322.906 9998 33400 -5624.4005218
4902321160 -55.35118 30.05471 -5244.021 351.7047 -1 33400 -5174.11434892
4902321162 -55.32652 30.00489 -5334.762 340.2881 -1 33400 -5286.49780998
4902321164 -55.11354 30.16535 -5071.937 272.1549 9998 33400 -5487.62004141
4902321165 -55.09917 30.20387 -5069.787 250.0481 9998 33400 -5416.74906667
4902321166 -55.08678 30.20973 -5159.214 253.3105 9998 33400 -5397.20845328
4902321167 -55.0916 30.20296 -5190.732 262.4883 9998 33400 -5399.73516931
4902321168 -55.03443 30.16973 -5309.884 295.0119 9998 33400 -5379.71005719
4902321169 -54.45356 30.1731 -4812.468 211.7417 9998 33400 -4979.97508965
4902321174 -55.10717 29.63082 -5384.338 261.4218 -1 33400 -5351.75740706
4902321175 -55.27809 29.17229 -5354.204 134.4154 9998 33400 -5542.59234682
4902321179 -55.23162 29.17317 -5475.591 127.612 9998 33400 -5506.0402001
4902321181 -55.35226 28.96953 -5460.957 258.4381 -1 33400 -5405.33597951
4902321184 -55.25801 28.8372 -5005.318 225.2656 9998 33400 -5492.02046175
490232211 -58.23731 24.78498 -5733.01 105.9639 9998 33400 -5765.49082734
490232215 -58.34145 24.90935 -5674.984 139.4522 9998 33400 -5769.03110821
490232218 -58.57706 24.91625 -5703.439 206.6223 9998 33400 -5834.02474159
490232220 -58.49793 25.35009 -5768.971 431.7457 -1 33400 -5819.32530382
490232222 -58.61491 25.26235 -5865.746 339.1738 9998 33400 -5989.69390018
490232223 -58.84946 25.50225 -5522.339 411.9544 9998 33400 -5523.10789243
490232228 -59.3719 25.71894 -5546.37 345.1493 9998 33400 -5330.14659148
490232229 -59.32597 25.75172 -5471.869 342.2546 9998 33400 -5682.54296784
490232233 -59.33814 25.58153 -5202.162 364.518 -1 33400 -5191.34855319
490232234 -59.46328 25.64112 -5579.521 343.0796 -1 33400 -5498.54857747
490232235 -59.51032 25.65186 -5303.664 276.0894 -1 33400 -5450.77239028
490232236 -59.5779 25.6328 -5536.815 232.3287 -1 33400 -5572.85340165
490232237 -59.563 25.59426 -5595.128 279.8068 -1 33400 -5428.0423172
490232238 -59.57216 25.55273 -5513.021 281.3263 9998 33400 -5515.99253013
490232239 -59.64628 25.54928 -5819.197 221.2378 9998 33400 -5711.12186671
490232240 -59.64717 25.55821 -5824.61 214.7282 9998 33400 -5731.17888052
490232241 -59.60203 25.63736 -5446.53 188.8723 -1 33400 -5762.54853766
490232242 -59.66013 25.67223 -5399.423 104.697 -1 33400 -5534.36024628
490232244 -59.97275 25.86237 -5680.794 237.0469 9998 33400 -5691.18876762
490232245 -60.18813 26.00218 -5711.125 254.2574 9998 33400 -5884.35076043
490232246 -60.29786 26.1392 -5752.969 290.9398 9998 33400 -6041.81003844
490232250 -60.09194 26.86117 -5697.023 107.397 -1 33400 -5728.17759731
490232254 -60.68083 26.18831 -5709.983 146.5908 9998 33400 -5858.45622288
490232257 -61.04702 26.73171 -5796.543 466.2788 9998 33400 -5731.63631829
490232258 -60.69948 26.62011 -5634.501 299.8993 9998 33400 -5865.363925
490232259 -60.83116 26.51522 -5802.924 298.7164 9998 33400 -5829.05432704
490232265 -62.74342 24.95289 -5869.066 350.9633 9998 33400 -5949.46610345
490232271 -62.72166 26.19037 -5832.856 201.581 9998 33400 -5902.70527781
490232276 -62.6479 26.78068 -5863.165 530.365 9998 33400 -5895.87276318
490232277 -62.60865 26.7959 -5849.038 542.58 9998 33400 -5944.99034952
490232278 -62.46007 26.80069 -5861.125 536.8324 9998 33400 -5819.89270937
490232286 -60.71097 26.58593 -5767.971 295.5543 9998 33400 -5830.67016232
4902322107 -62.37297 25.81821 -5842.783 300.9839 9998 33400 -5871.61780843
4902322110 -61.75494 26.66988 -5836.036 497.9839 9998 33400 -5945.65577707
4902322114 -61.48986 26.14169 -5805.211 121.7118 9998 33400 -5813.03700679
4902322117 -61.77278 26.63677 -5833.632 471.8853 9998 33400 -5901.48665091
4902322119 -62.07069 25.89438 -5876.987 265.321 9998 33400 -6014.07962235
4902322122 -62.40743 25.74792 -5876.76 322.0674 9998 33400 -6051.52578417
4902322125 -61.39548 26.78169 -5515.432 526.1859 9998 33400 -5760.82099775
4902322127 -61.48694 27.39498 -5800.319 234.9931 -1 33400 -5907.34055565
4902322132 -60.8652 26.73972 -5834.651 434.3451 9998 33400 -5998.68417299
4902322135 -60.53899 26.86176 -5687.152 238.9977 -1 33400 -5743.34415454
4902322138 -60.22083 26.99923 -5835.119 100.4723 -1 33400 -5842.64089417
4902322155 -60.56219 26.80797 -5668.592 270.2009 9998 33400 -5656.07862401
4902322161 -61.92472 27.09417 -5770.946 583.4651 9998 33400 -5775.9403088
4902322177 -59.69921 26.77855 -5785.786 209.2778 -1 33400 -5847.59178957
4902322181 -60.24169 26.98996 -5718.355 100.7783 -1 33400 -5756.27303781
490232322 -62.74955 25.78685 -5815.809 325.7307 9998 33400 -6061.61641081
490232324 -62.91958 25.63941 -5849.822 348.7485 -1 33400 -5818.81584721
490232325 -63.11996 25.37697 -5599.283 315.6279 9998 33400 -5731.42515606
490232326 -63.30001 25.32391 -5657.587 349.8534 9998 33400 -5696.85634228
490232327 -63.46548 25.22617 -5579.783 384.0288 9998 33400 -5607.03096192
490232328 -63.5015 25.07333 -5601.243 350.4264 9998 33400 -5598.54520419
490232329 -63.38605 24.92685 -5712.629 173.9993 9998 33400 -5680.224
490232330 -63.50735 24.85429 -5773.625 186.8327 9998 33400 -5731.18970397
490232331 -63.6005 24.51728 -5788.372 36.14286 9998 33400 -5839.78075333
490232332 -63.74154 23.88769 -5817.262 781.4266 -1 33400 -5845.95630805
490232333 -63.416 22.93549 -5843.755 429.8062 9998 33400 -5875.74957404
490232334 -63.37363 23.44797 -5851.102 673.6943 9998 33400 -5884.08574532
490232335 -64.6482 24.02596 -5678.14 509.3359 9998 33400 -5646.8406183
490232337 -64.33899 24.27606 -5814.978 282.0944 9998 33400 -5844.25311675
490232338 -63.39688 23.79752 -5849.028 933.4227 9998 33400 -5842.27298843
490232339 -63.5823 24.39916 -5847.916 146.8167 9998 33400 -5830.11233054
490232340 -63.81907 24.90986 -5569.255 279.1447 9998 33400 -5678.38507649
490232341 -63.74577 24.63406 -5701.326 70.6222 9998 33400 -5772.28701066
490232342 -63.77272 24.53777 -5847.57 11.40367 9998 33400 -5847.54406088
490232343 -64.05203 24.49412 -5542.298 106.0902 9998 33400 -5599.19039153
490232344 -64.08836 24.64446 -5878.671 122.5985 9998 33400 -5911.22860254
490232345 -63.65772 24.54316 -5803.455 11.60184 9998 33400 -5822.82061623
490232348 -61.99948 24.37439 -5836.898 90.54046 9998 33400 -5876.38205305
490232353 -60.87771 23.32874 -5837.701 262.8864 9998 33400 -5785.85839442
490232354 -60.32566 23.22566 -5724.234 110.1996 9998 33400 -5836.21911414
490232355 -60.11284 22.92685 -5614.075 94.02922 9998 33400 -5855.55759352
490232358 -59.69842 22.40374 -5707.797 276.8837 9998 33400 -5739.68101539
490232359 -59.81247 22.4786 -5844.027 276.7812 -1 33400 -5775.66865331
490232361 -60.42801 22.52246 -5763.02 369.974 9998 33400 -5836.28159316
490232362 -60.28458 22.48388 -5612.107 301.4797 9998 33400 -5970.36798081
490232363 -60.22036 22.34195 -5455.705 264.5652 9998 33400 -5627.90974131
490232364 -60.22277 22.18998 -5578.316 153.8521 9998 33400 -5606.78776154
490232368 -60.43461 22.09667 -5652.048 195.1927 9998 33400 -5616.70722557
490232370 -60.35116 21.77481 -5631.731 371.2279 9998 33400 -5619.10947313
490232371 -60.43715 21.37312 -5560.879 775.9373 9998 33400 -5692.41203069
490232372 -60.33042 21.05353 -5571.258 952.6769 9998 33400 -5592.96954039
490232373 -60.02741 21.19264 -5626.03 911.388 -1 33400 -5570.98785358
490232374 -59.62579 21.46985 -5657.792 577.5331 9998 33400 -5706.07742545
490232375 -59.35909 21.68715 -5682.695 554.152 9998 33400 -5839.35641431
490232376 -59.24174 21.81294 -5742.378 549.8091 -1 33400 -5751.16916746
490232377 -59.15865 21.93809 -5879.445 568.3095 9998 33400 -5850.95497804
490232378 -58.98278 22.07793 -5641.693 512.1111 -1 33400 -5617.80979047
490232379 -58.82184 22.11572 -5600.426 458.9787 9998 33400 -5562.66405076
490232380 -58.82555 21.94659 -5656.652 394.8414 -1 33400 -5632.77287535
490232381 -58.95501 21.96257 -5533.257 444.1919 9998 33400 -5530.81823024
490232383 -59.3011 22.00652 -5716.463 477.8192 9998 33400 -5764.72689786
490232384 -59.26827 21.80319 -5684.009 532.9026 9998 33400 -5720.01619454
490232385 -59.15337 21.82784 -5614.185 535.2715 -1 33400 -5578.85545198
490232386 -58.82208 21.94585 -5515.534 370.5516 -1 33400 -5589.55033675
490232387 -58.52417 22.01994 -5644.91 331.5261 9998 33400 -5579.00218325
490232388 -58.22696 22.20896 -5749.201 440.0643 9998 33400 -5710.31802984
490232389 -58.17248 22.47374 -5770.491 474.4398 9998 33400 -5776.52859482
490232390 -58.24438 22.64546 -5738.198 441.5971 9998 33400 -5774.38797661
490232392 -58.3779 22.53187 -5830.076 501.8994 9998 33400 -5769.34014112
490232393 -58.2299 22.46499 -5863.188 503.7845 9998 33400 -5785.68932116
490232394 -58.09457 22.50169 -5655.965 437.4629 9998 33400 -5697.69286276
490232395 -58.13142 22.54211 -5655.37 437.675 9998 33400 -5717.87333787
490232396 -58.20279 22.49151 -5799.612 482.9544 9998 33400 -5788.24649235
490232397 -58.26926 22.31696 -5503.484 439.6446 9998 33400 -5564.36993543
490232398 -58.23981 22.17086 -5689.586 402.5362 9998 33400 -5697.12951274
490232399 -58.03798 22.17502 -5471.85 322.0878 9998 33400 -5453.52073202
4902323100 -57.74053 21.99759 -5837.34 233.6179 -1 33400 -5845.07080583
4902323101 -57.58575 21.95507 -5644.644 193.5876 -1 33400 -5659.47612692
4902323102 -57.84617 21.74043 -5340.366 237.722 9998 33400 -5390.08662524
4902323103 -58.12056 21.70665 -5439.354 356.1383 -1 33400 -5431.07021567
4902323104 -58.52012 21.70823 -5406.108 372.3116 -1 33400 -5437.5109458
4902323105 -58.74624 21.82023 -5810.991 399.7115 9998 33400 -5610.03825153
4902323106 -59.01253 21.80568 -5572.351 507.8105 9998 33400 -5569.68287091
4902323107 -59.06305 21.88441 -5658.322 516.4973 9998 33400 -5627.94281721
4902323108 -58.93413 22.09628 -5636.168 484.6989 -1 33400 -5641.44348038
4902323109 -58.90358 22.47067 -5756.072 494.3047 9998 33400 -5885.26360788
4902323112 -59.21537 22.32921 -5719.829 459.6598 9998 33400 -5856.80510237
4902323113 -59.0909 22.08361 -5776.831 554.9553 9998 33400 -5735.19321794
4902323114 -58.81178 21.98547 -5526.854 368.3471 -1 33400 -5577.62020684
4902323115 -58.42583 22.0154 -5514.637 296.9048 9998 33400 -5554.79627386
4902323116 -58.05558 21.86145 -5427.186 20.58186 -1 33400 -5466.04597387
4902323117 -57.90817 21.67857 -5241.659 345.5972 9998 33400 -5416.38655843
4902323118 -57.90276 21.53361 -5290.495 595.5934 9998 33400 -5383.46915395
4902323119 -57.55008 21.83129 -5230.357 178.2353 -1 33400 -5221.10859386
4902323122 -57.00595 21.15685 -5070.066 952.4614 -1 33400 -5061.7771055
4902323123 -57.0356 21.01908 -4989.713 981.7753 9998 33400 -5004.59568989
4902323124 -56.95276 21.05121 -4853.996 913.0393 9998 33400 -4802.788975
4902323125 -56.84148 21.04144 -5283.965 1041.756 -1 33400 -5260.69791867
4902323126 -56.64474 21.10734 -5213.52 951.7286 -1 33400 -5210.91842748
4902323127 -56.5693 20.96439 -5152.727 959.9962 -1 33400 -5116.95338688
4902323128 -56.67501 20.73735 -5127.371 930.5998 9998 33400 -5201.84696707
4902323130 -57.22396 20.36141 -5118.946 814.7927 9998 33400 -5000.55685186
4902323131 -57.43767 20.30258 -4859.173 806.1506 9998 33400 -4770.55099734
4902323132 -57.50522 20.3546 -4630.977 800.5103 9998 33400 -4706.15982417
4902323133 -57.46078 20.28233 -4779.482 841.6224 9998 33400 -4751.70435407
4902323134 -57.58945 20.04882 -4917.446 901.834 9998 33400 -4913.0101357
4902323135 -58.04219 19.8428 -5201.789 1065.703 9998 33400 -5317.14335582
4902323136 -58.4798 19.8014 -5173.467 1142.557 9998 33400 -5073.42205885
4902323138 -58.91439 20.11716 -4982.216 1136.088 -1 33400 -5016.90623578
4902323140 -58.89398 20.25274 -5180.509 1240.151 9998 33400 -5257.39139153
490232419 -64.00971 24.0322 -5840.905 542.6152 9998 33400 -5846.79349684
490232420 -64.39093 24.11889 -5840.193 439.7435 -1 33400 -5850.99982013
490232421 -64.9447 24.09536 -5835.851 482.2305 -1 33400 -5860.13485781
490232422 -65.34549 24.2276 -5611.935 485.6572 9998 33400 -5742.95648083
490232423 -65.49967 24.26453 -5636.708 518.1674 -1 33400 -5639.41903116
490232424 -65.59379 24.44496 -5641.672 369.7552 9998 33400 -5666.10880683
490232425 -65.39673 24.38777 -5738.396 307.6776 9998 33400 -5580.83433669
490232426 -65.63167 24.12612 -5765.015 738.2758 9998 33400 -5701.54042631
490232427 -65.80632 23.88325 -5829.743 699.6968 -1 33400 -5823.47095953
490232428 -65.97962 23.5248 -5825.241 398.5757 -1 33400 -5840.46815274
490232429 -65.963 23.37772 -5826.072 496.4733 9998 33400 -5832.07722791
490232430 -65.65615 23.40414 -5828.481 295.7994 -1 33400 -5839.24730555
490232431 -64.70548 23.52283 -5835.304 619.8649 9998 33400 -5869.44082477
490232432 -64.1273 24.08131 -5803.35 491.3344 9998 33400 -5798.53074932
490232433 -63.69564 23.95645 -5843.161 730.4777 -1 33400 -5861.99313562
490232434 -63.3031 23.35132 -5854.719 469.9492 9998 33400 -5898.62569682
490232435 -63.16579 23.41062 -5859.822 547.2178 9998 33400 -5902.28953673
490232436 -64.3234 23.9583 -5839.484 703.2589 -1 33400 -5850.93010693
490232437 -65.15226 23.92141 -5826.729 499.7199 9998 33400 -5819.46541077
490232438 -65.71565 24.01072 -5828.822 825.0209 -1 33400 -5844.68174954
490232439 -66.19263 24.0395 -5636.989 976.5348 9998 33400 -5746.05698084
490232440 -66.407 24.13969 -5744.01 1137.536 9998 33400 -5770.12754163
490232441 -66.49228 24.11287 -5745.763 1181.824 9998 33400 -5749.48158724
490232442 -66.34009 24.0165 -5624.604 1016.265 9998 33400 -5528.69964753
490232443 -66.38931 24.14529 -5740.912 1146.604 9998 33400 -5727.64107001
490232444 -66.50724 24.2478 -5747.935 1159.395 9998 33400 -5692.16532539
490232445 -66.4681 24.3819 -5640.148 938.1862 9998 33400 -5686.45005413
490232446 -66.51279 24.49239 -5625.484 791.1284 9998 33400 -5659.18661003
490232447 -66.50448 24.57362 -5768.997 664.6465 9998 33400 -5698.01068659
490232448 -66.50507 24.63135 -5706.07 500.2676 9998 33400 -5663.32824389
490232449 -66.55788 24.71023 -5489.325 303.5397 9998 33400 -5520.37824314
490232450 -66.54908 24.68866 -5725.5 381.7065 9998 33400 -5607.48954747
490232451 -66.50815 24.64761 -5693.189 466.9022 9998 33400 -5671.9461418
490232452 -66.61869 24.5811 -5665.241 682.1117 -1 33400 -5695.74067138
490232453 -66.8639 24.47952 -5750.939 918.3785 9998 33400 -5717.08782188
490232454 -66.88817 24.51765 -5731.568 829.8029 9998 33400 -5822.30134477
490232455 -67.71983 24.82741 -5544.881 130.2901 9998 33400 -5471.22570365
490232456 -68.34972 25.19403 -5570.499 619.225 9998 33400 -5580.62794043
490232457 -68.62557 25.14054 -5494.292 750.624 9998 33400 -5368.04269112
490232458 -68.75042 24.97178 -5636.237 743.1968 9998 33400 -5625.06042708
490232459 -68.8828 25.23649 -5599.436 958.0748 9998 33400 -5598.58483829
490232460 -69.01929 25.03527 -5647.635 884.8041 9998 33400 -5654.94317609
490232461 -68.91158 24.64391 -5672.088 470.0531 9998 33400 -5657.73292237
490232462 -68.40123 23.98352 -5667.508 859.6615 9998 33400 -5650.72122057
490232463 -68.16602 23.8951 -5676.932 1063.532 9998 33400 -5757.09463354
490232464 -68.32413 23.84176 -5544.775 868.7462 9998 33400 -5549.11479944
490232465 -68.04732 23.77809 -5651.807 1054.075 -1 33400 -5661.09997398
490232466 -68.0873 23.84041 -5662.335 1068.062 -1 33400 -5670.80656504
490232467 -68.29022 24.02476 -5725.473 951.6531 9998 33400 -5573.60044817
490232468 -68.4911 24.30629 -5765.523 620.6373 9998 33400 -5768.94336297
490232469 -68.79937 24.19629 -5625.117 420.0288 -1 33400 -5623.79934317
490232470 -69.23194 24.42391 -5627.061 205.2509 9998 33400 -5633.25888741
490232471 -70.10104 24.48032 -5551.311 663.9736 9998 33400 -5549.14926976
490232472 -70.6341 23.75331 -5501.604 703.5499 9998 33400 -5569.6176099
490232473 -70.28501 23.89912 -5502.809 1033.484 9998 33400 -5537.24788468
490232474 -71.09775 24.40983 -5526.058 1868.48 9998 33400 -5520.97152581
490232475 -72.19901 24.59588 -5507.678 1927.404 9998 33400 -5586.00942368
490232476 -71.77568 24.70071 -5515.775 1885.034 9998 33400 -5497.35471863
490232477 -72.35093 23.80282 -5462.152 2185.71 9998 33400 -5478.03850537
490232478 -71.19067 24.24146 -5519.341 1939.719 9998 33400 -5517.14184987
490232479 -71.77955 24.63457 -5514.347 2016.62 9998 33400 -5512.97991027
490232480 -70.5706 24.40711 -5534.292 1354.385 9998 33400 -5540.74482227
490232481 -70.56819 24.38223 -5534.302 1382.728 9998 33400 -5538.6287905
490232482 -70.32009 24.32952 -5544.008 1199.691 9998 33400 -5569.55370525
490232483 -70.38508 23.91524 -5494.858 1188.425 9998 33400 -5466.9973314
490232484 -69.85362 24.71247 -5595.382 459.5356 9998 33400 -5636.79831698
490232485 -69.45722 24.60227 -5610.435 167.727 9998 33400 -5598.08137402
490232486 -69.09533 24.3543 -5640.546 311.4477 9998 33400 -5623.11613386
490232487 -68.96808 25.00464 -5645.034 884.4263 9998 33400 -5671.2256
490232488 -69.9429 25.56279 -5515.825 971.7547 9998 33400 -5531.6863524
490232489 -70.7544 25.53816 -5520.291 1402.44 9998 33400 -5521.45381771
490232490 -70.94338 25.59764 -5517.265 1467.987 9998 33400 -5520.00080585
490232491 -71.04827 25.42034 -5522.565 1258.351 9998 33400 -5522.88965468
490232492 -70.8418 24.69101 -5538.929 956.5289 9998 33400 -5506.04368469
490232493 -70.30517 24.6502 -5550.858 344.0833 9998 33400 -5549.2592
490232494 -70.84653 25.20818 -5531.851 1027.524 9998 33400 -5533.05872619
490232495 -70.74094 25.27352 -5532.309 1232.639 9998 33400 -5534.89747442
490232496 -70.47688 24.78384 -5554.001 196.6942 -1 33400 -5529.02035995
490232497 -70.26509 24.32348 -5545.851 1200.411 9998 33400 -5556.12678376
490232498 -70.30668 24.02464 -5528.239 1386.035 9998 33400 -5565.21521962
490232499 -70.84714 24.32207 -5524.735 1890.539 -1 33400 -5497.1981123
4902324100 -71.23994 24.87503 -5525.781 976.481 9998 33400 -5531.44622024
4902324101 -70.37391 25.67228 -5515.007 1158.583 -1 33400 -5445.79150934
4902324102 -70.62362 25.4091 -5529.64 1472.934 9998 33400 -5530
4902324103 -71.70982 25.44885 -5501.631 550.5202 9998 33400 -5498.9587551
4902324104 -71.48855 23.9929 -5503.646 914.3004 9998 33400 -5448.24866538
4902324105 -71.30193 23.05705 -5260.492 3913.598 9998 33400 -5289.69510049
4902324106 -70.69517 22.82727 -5364.52 2968.74 9998 33400 -5382.38560826
4902324107 -70.44296 22.70377 -5382.498 3018.011 9998 33400 -5416.78316917
4902324108 -70.46953 22.2558 -5431.797 3634.311 9998 33400 -5403.82142661
4902324109 -70.83882 22.52442 -5304.608 3472.903 9998 33400 -5297.92983389
4902324110 -71.4488 23.33328 -5348.634 3301.284 -1 33400 -5306.42322868
4902324111 -71.70714 23.37995 -5288.6 3384.503 9998 33400 -5391.23865259
4902324112 -72.02154 23.24097 -5203.103 3965.349 -1 33400 -5196.15881376
4902324113 -71.90491 23.56527 -5363.673 2714.772 9998 33400 -5371.83153833
4902324114 -71.76815 23.60793 -5397.39 2304.01 9998 33400 -5425.00194158
4902324115 -72.06879 23.93678 -5456.578 758.9126 9998 33400 -5486.56054451
4902324116 -72.22271 23.81766 -5416.213 1926.999 9998 33400 -5472.29094247
4902324117 -71.38742 23.17796 -5299.726 3783.875 9998 33400 -5319.87713507
4902324118 -71.07172 23.2995 -5405.838 2761.172 9998 33400 -5417.33550322
4902324119 -71.31953 23.06262 -5290.263 3754.092 9998 33400 -5290.9933865
4902324120 -71.83504 23.89432 -5464.928 546.7095 9998 33400 -5446.98749236
4902324121 -72.08494 25.08578 -5498.286 1365.428 9998 33400 -5508.04886373
4902324122 -72.1426 25.30026 -5482.8 1050.671 9998 33400 -5481.20060797
4902324123 -72.69017 24.31063 -5460.024 235.2167 9998 33400 -5491.91017191
4902324124 -72.27828 25.29959 -5489.775 1447.029 9998 33400 -5497.8400423
4902324125 -72.68582 25.67672 -5401.166 2004.493 9998 33400 -5409.0518113
4902324126 -73.07311 25.3559 -5402.065 955.8935 9998 33400 -5456.00961876
4902324127 -72.36322 25.57483 -5468.839 1800.934 9998 33400 -5443.14947367
4902324128 -72.28804 24.82955 -5505.941 2050.917 9998 33400 -5506.42862628
4902324129 -71.81343 24.33527 -5510.394 2087.899 9998 33400 -5518.30822391
4902324130 -71.86319 24.73704 -5513.92 2100.473 9998 33400 -5414.81136955
4902324131 -71.73114 24.99547 -5510.139 1287.345 9998 33400 -5548.53075426
4902324132 -72.25487 24.90914 -5507.364 1929.987 9998 33400 -5513.70090348
4902324133 -73.17848 24.47147 -5424.691 1723.668 -1 33400 -5454.42621431
4902324134 -73.50494 25.23531 -5205.296 1488.399 9998 33400 -5139.27664674
4902324135 -73.71668 25.57591 -5183.152 2181.971 9998 33400 -5156.11827193
4902324136 -73.51392 24.7951 -5353.816 2994.33 9998 33400 -5371.24136899
4902324137 -72.89711 25.78374 -5314.957 1506.906 -1 33400 -5344.9820889
4902324138 -72.71437 25.78784 -5343.843 1815.716 9998 33400 -5372.89821622
4902324139 -72.20104 25.58728 -5464.765 1501.547 9998 33400 -5468.9869472
4902324140 -71.08481 24.7456 -5531.837 1211.043 9998 33400 -5530
4902324141 -70.22259 25.19738 -5547.545 1432.009 9998 33400 -5550.69929447
4902324142 -70.13828 25.12276 -5549.995 1400.947 9998 33400 -5573.15939768
4902324143 -70.35354 25.37364 -5505.633 1441.447 9998 33400 -5536.92896072
4902324144 -70.96709 24.84974 -5532.377 646.7341 9998 33400 -5515.93196998
4902324145 -71.4715 24.1418 -5512.986 1543.497 -1 33400 -5439.36098055
4902324146 -71.87277 25.22074 -5495.812 603.0251 9998 33400 -5507.5576
4902324147 -72.60719 25.51408 -5453.942 1938.849 9998 33400 -5453.34705131
4902324148 -73.96358 25.19102 -5021.823 4351.692 9998 33400 -5063.74411515
4902324149 -73.21009 26.21224 -5150.417 870.1336 9998 33400 -5124.00207073
4902324153 -72.15837 25.43395 -5341.651 1424.026 9998 33400 -5480.41128035
4902324154 -72.72718 25.54704 -5332.012 2306.743 9998 33400 -5430.21535014
4902324155 -72.93571 25.70947 -5373.727 1881.237 -1 33400 -5389.35721782
4902324158 -70.98777 25.70681 -5380.705 1768.413 9998 33400 -5513.92762373
4902324163 -71.7016 24.8295 -5342.947 2083.729 9998 33400 -5494.1188695
4902324164 -72.30173 26.05416 -5244.461 1889.295 9998 33400 -5304.02201724
4902324165 -71.1721 25.79934 -5132.138 1740.238 9998 33400 -5514.0068324
4902324166 -70.99886 25.71372 -5172.333 1719.753 9998 33400 -5514
4902324167 -71.57394 25.58235 -5095.152 1208.765 9998 33400 -5501.99503668
4902324168 -71.79709 25.31092 -5170.639 200.6403 9998 33400 -5506.1267676
4902324169 -72.04243 24.39197 -5013.658 2118.975 9998 33400 -5443.87923693
4902324170 -71.57026 23.80426 -5110.343 568.4408 9998 33400 -5434.82983303
4902324171 -71.08166 24.34222 -5055.514 2438.163 9998 33400 -5524.7962846
4902324172 -70.6866 24.64486 -5028.034 959.4542 9998 33400 -5542.8047036
4902324173 -70.86137 25.16195 -5130.043 1084.406 9998 33400 -5533
4902324174 -71.37438 25.67985 -4984.273 1526.399 9998 33400 -5510
4902324175 -70.95546 25.36874 -5055.44 1501.068 9998 33400 -5529.87366582
4902324176 -70.74193 24.71588 -5017.525 817.5104 9998 33400 -5531.37443453
4902324177 -70.62007 25.42954 -4904.931 1614.409 9998 33400 -5530
4902324178 -70.64628 25.91195 -4940.497 1125.937 9998 33400 -5516.45913884
4902324179 -70.20787 26.04545 -4987.442 539.2131 9998 33400 -5514.65969881
4902324180 -70.10054 26.26074 -4830.331 159.2713 9998 33400 -5504.60174848
490232511 -67.02211 24.38624 -5507.759 958.5571 9998 33400 -5578.81397264
490232513 -66.93508 24.38051 -5378.69 879.2992 9998 33400 -5432.25438397
490232514 -66.86293 24.31099 -5671.156 1076.458 9998 33400 -5669.247449
490232524 -66.51774 24.24921 -5652.98 1086.458 9998 33400 -5691.08797304
490232610 -70.72014 24.07468 -5528.802 1597.893 9998 33400 -5518.69145422
490232611 -70.35528 24.21309 -5543.568 1341.194 9998 33400 -5573.38735103
490232612 -69.90497 23.45169 -5497.453 282.8634 9998 33400 -5500.53877019
490232613 -70.08974 23.55995 -5483.946 226.5666 9998 33400 -5497.92676023
490232614 -70.23897 24.34268 -5531.896 1030.427 9998 33400 -5561.49598342
490232615 -70.69478 24.31914 -5521.055 1563.857 -1 33400 -5486.59169918
490232616 -71.59345 24.71752 -5515.962 1741.575 9998 33400 -5528.1020917
490232617 -71.90054 24.96265 -5510.927 1365.165 9998 33400 -5518.07154582
490232618 -72.5886 24.74314 -5498.515 1605.311 9998 33400 -5524.82910408
490232619 -73.53677 24.23516 -5338.418 3532.714 9998 33400 -5358.29395534
490232620 -73.69621 23.83176 -5135.079 2376.067 9998 33400 -5182.78932937
490232622 -74.05296 23.33845 -4554.715 1653.424 -1 33400 -4588.79265714
490232624 -74.27526 23.70733 -4545.359 2347.808 -1 33400 -4508.43546509
490232625 -72.23886 23.54619 -4477.882 3881.443 9998 33400 -5312.20968519
490232626 -71.79978 24.25591 -5045.836 2066.848 9998 33400 -5451.05075423
490232632 -69.96821 24.81314 -5577.622 706.4048 9998 33400 -5569.23955644
490232633 -69.02832 24.26486 -5532.312 455.7856 9998 33400 -5571.28263746
490232634 -69.14326 23.52934 -5362.62 237.1661 -1 33400 -5307.47447089
490232635 -70.43384 23.10329 -5442.932 1698.167 -1 33400 -5368.46489351
490232636 -71.02639 23.34557 -5425.302 2174.852 9998 33400 -5481.50710796
490232637 -70.42182 23.07718 -5470.268 1719.958 -1 33400 -5366.53337207
490232638 -70.11564 24.14561 -5525.578 1151.1 9998 33400 -5545.57688443
490232639 -70.82991 24.49573 -5536.486 1471.381 9998 33400 -5605.14477823
490232640 -71.77738 24.02182 -5482.029 611.4755 9998 33400 -5467.6389573
490232641 -71.08721 23.49266 -5461.879 1579.23 9998 33400 -5559.17172987
490232642 -70.0132 23.89569 -5465.121 844.9878 9998 33400 -5465.70149191
490232643 -70.26566 24.51362 -5552.654 665.3995 9998 33400 -5557.0272
490232644 -70.64095 25.69716 -5518 1217.947 -1 33400 -5465.67890324
490232645 -70.65606 25.34407 -5531.119 1319.594 9998 33400 -5538.92269387
490232646 -71.56308 25.556 -5503.14 952.8344 9998 33400 -5504.4107566
490232647 -70.77092 25.94183 -5510.638 1025.234 9998 33400 -5508.07099122
490232648 -71.0326 25.24014 -5524.379 894.3221 9998 33400 -5525.98006741
490232649 -71.57375 24.98905 -5514.598 1019.141 9998 33400 -5525.91841235
490232650 -71.98986 24.73304 -5514.504 1932.047 9998 33400 -5505.07317856
490232651 -71.94006 24.95345 -5509.09 1455.583 9998 33400 -5517.28162067
490232652 -71.76129 25.41354 -5501.451 290.7085 9998 33400 -5498.17882869
490232653 -71.60024 24.08511 -5508.454 1156.703 9998 33400 -5444.56363629
490232654 -71.12863 23.0516 -5323.042 3298.504 9998 33400 -5324.85068249
490232655 -71.67972 24.20857 -5508.989 1555.672 9998 33400 -5464.83079437
490232656 -71.58309 23.48459 -5385.804 2583.567 9998 33400 -5434.42025085
490232657 -71.60197 23.5874 -5423.276 2055.164 9998 33400 -5471.93767022
490232658 -71.58022 24.38176 -5516.382 2029.177 9998 33400 -5535.00194663
490232659 -71.89361 24.25222 -5501.126 1532.815 9998 33400 -5480.03423209
490232660 -72.47114 24.57197 -5501.004 1558.609 9998 33400 -5540.17407108
490232661 -72.66221 24.8549 -5496.632 1670.948 9998 33400 -5491.86210985
490232662 -72.63836 24.51666 -5484.361 994.2026 9998 33400 -5448.88551349
490232663 -72.03254 24.24138 -5498.32 1262.572 9998 33400 -5468.06784619
490232664 -72.56174 24.86037 -5499.342 1831.067 9998 33400 -5515.80609638
490232665 -72.31521 24.89421 -5506.11 1847.37 9998 33400 -5520
490232666 -72.84865 24.32884 -5448.002 712.2193 9998 33400 -5459.45438954
490232667 -72.32033 23.3183 -5198.613 3809.955 9998 33400 -5219.25383414
490232668 -72.33469 23.40137 -5272.688 3820.33 9998 33400 -5268.18153172
490232669 -71.51773 22.85391 -5117.364 3530.391 9998 33400 -5141.04426731
490232670 -70.25907 21.73537 -5408.134 1506.398 9998 33400 -5395.72040043
490232671 -68.90847 21.91959 -5506.532 3758.37 9998 33400 -5526.90090219
490232672 -69.08038 22.5763 -5506.298 1087.377 9998 33400 -5513.94241619
490232673 -69.53521 22.70546 -5506.833 1324.621 9998 33400 -5450.69712857
490232674 -69.54319 22.06316 -5501.734 4255.076 9998 33400 -5452.02311011
490232675 -69.6783 22.0734 -5495.529 4182.667 -1 33400 -5483.03221973
490232676 -69.78479 22.13292 -5476.71 3942.796 -1 33400 -5463.36513155
490232677 -70.32858 24.05821 -5538.785 1399.765 9998 33400 -5678.33999133
490232678 -70.27297 24.06345 -5538.686 1408.736 9998 33400 -5527.79051917
490232679 -69.73567 24.40931 -5545.333 628.0338 9998 33400 -5559.09353972
490232680 -70.3614 23.55866 -5479.005 369.4127 9998 33400 -5482.35484122
490232681 -70.81337 23.74156 -5504.708 695.2582 9998 33400 -5506.10947213
490232682 -70.70643 23.34759 -5456.118 1618.965 9998 33400 -5393.08460265
490232683 -71.41662 23.70684 -5470.327 871.0772 9998 33400 -5483.69159621
490232684 -71.79425 24.45859 -5514.802 2117.348 9998 33400 -5529.40542247
490232685 -71.08436 24.58107 -5531.514 1760.678 9998 33400 -5539.20485476
490232686 -71.17761 24.64262 -5528.293 1703.501 9998 33400 -5543.17463278
490232687 -71.77476 25.09708 -5506.612 945.604 9998 33400 -5560.10063305
490232688 -71.4922 25.4561 -5508.215 904.3895 9998 33400 -5506.02135692
490232689 -71.04572 25.03121 -5528.626 362.1433 9998 33400 -5610.73541895
490232690 -70.95023 24.1711 -5520.724 1913.794 -1 33400 -5495.48489735
490232691 -70.63355 22.85818 -5394.85 2950.367 9998 33400 -5433.0226864
490232692 -69.87885 21.53061 -5495.04 1305.685 9998 33400 -5489.72259772
490232693 -68.65419 20.69719 -5110.591 1064.248 9998 33400 -5044.26727566
490232694 -68.41626 20.67664 -5185.422 2364.58 9998 33400 -5164.82346035
490232695 -68.91151 21.51485 -5502.12 4489.608 9998 33400 -5434.91756269
490232696 -68.15171 22.09664 -5430.108 779.0195 9998 33400 -5369.00284345
490232697 -66.98582 21.23414 -5290.691 1554.027 -1 33400 -5282.60655077
490232698 -66.87297 20.98115 -5185.229 2397.652 -1 33400 -5264.32931216
490232699 -67.16306 21.11666 -5223.315 2071.188 -1 33400 -5332.39714629
4902326100 -66.94742 21.04739 -5290.074 2266.257 -1 33400 -5287.41713873
4902326101 -67.05405 20.75739 -5214.408 3370.077 -1 33400 -5273.06310008
4902326102 -67.38039 20.4819 -5268.433 3736.285 -1 33400 -5280.36781692
4902326103 -67.69429 20.60728 -5177.682 3179.829 9998 33400 -5205.47681053
4902326104 -67.61709 20.72773 -5135.817 3071.246 9998 33400 -5172.79057019
4902326105 -67.20079 20.5218 -5278.411 3955.06 -1 33400 -5288.25459328
4902326106 -66.58733 20.53523 -5453.997 4585.336 -1 33400 -5447.86661682
4902326107 -66.45476 21.28486 -5443.859 1203.501 -1 33400 -5434.54193689
4902326110 -65.13072 21.64708 -5531.817 414.2925 9998 33400 -5584.56022864
4902326111 -64.46219 21.42492 -5511.064 245.2168 9998 33400 -5517.40191505
4902326112 -63.79478 21.44085 -5429.171 252.6829 9998 33400 -5489.29927649
4902326113 -63.28131 21.57735 -5538.043 383.1921 9998 33400 -5428.0063998
4902326120 -62.00501 21.42148 -5589.438 996.5541 9998 33400 -5853.96669432
4902326122 -61.99793 21.21251 -5571.493 810.498 9998 33400 -5542.8191583
4902326123 -62.02278 21.20337 -5582.055 838.5699 9998 33400 -5545.21148208
4902326125 -61.4776 21.0759 -5561.756 1034.932 -1 33400 -5571.03696371
4902326128 -61.5948 21.0098 -5576.891 878.6456 -1 33400 -5687.91974756
4902326130 -61.69405 20.93415 -5416.16 669.6827 -1 33400 -5449.78617942
4902326131 -61.64892 20.7758 -5224.686 613.4946 -1 33400 -5253.75624608
4902326133 -61.4446 20.39945 -5408.775 645.1546 -1 33400 -5407.05799782
4902326134 -61.15675 20.2156 -5434.231 461.4303 -1 33400 -5460.24206147
4902326140 -60.43789 20.84956 -5556.312 1181.046 -1 33400 -5489.40760247
4902326149 -61.39924 20.2902 -5413.463 581.4305 -1 33400 -5406.50695183
4902326150 -61.10161 20.178 -5512.453 438.0356 9998 33400 -5528.29407828
4902326151 -60.67689 20.13594 -5519.638 602.2164 9998 33400 -5559.34203915
4902326154 -61.06052 20.94783 -5532.833 1252.574 9998 33400 -5586.90682895
4902326155 -60.78341 21.04241 -5554.406 1461.852 9998 33400 -5673.97957145
4902326156 -60.26423 21.14127 -5507.383 1218.641 9998 33400 -5606.7584963
4902326157 -60.02653 21.42774 -5422.584 809.6844 -1 33400 -5449.34760175
4902326158 -59.91225 21.45027 -5412.884 776.5422 9998 33400 -5470.81782312
4902326159 -59.9767 21.37894 -5454.78 907.261 -1 33400 -5498.26945444
4902326160 -60.05674 21.33192 -5413.021 997.7816 -1 33400 -5634.88346749
4902326161 -60.13366 21.12934 -5412.604 1227.488 9998 33400 -5531.33340326
4902326162 -60.14781 21.11767 -5387.113 1198.99 9998 33400 -5515.84310497
4902326163 -60.21677 20.98346 -5344.401 1292.157 -1 33400 -5540.15826615
4902326164 -60.37112 20.75724 -5403.519 1379.364 -1 33400 -5530.70523471
4902326165 -60.33606 20.80055 -5347.272 1320.958 -1 33400 -5465.11385493
4902326166 -60.33187 20.92926 -5299.52 1266.055 -1 33400 -5563.19196393
4902326167 -60.0736 21.02488 -5346.617 1269.09 -1 33400 -5664.43309657
4902326168 -59.78447 20.87732 -5316.703 1370.662 -1 33400 -5614.5098205
4902326169 -58.86266 21.2863 -5224.618 1252.894 9998 33400 -5196.03041601
4902326170 -58.29731 21.36877 -5208.583 1194.74 9998 33400 -5333.12937016
5902341286 -174.7083 -34.77538 -5650.725 223.1738 -1 33400 -5658.30216554
5902341287 -174.7471 -34.8475 -5614.509 298.2525 -1 33400 -5597.42537516
5902341288 -174.7886 -34.88924 -5621.938 294.1737 -1 33400 -5568.34154738
5902341289 -174.8282 -34.91048 -5563.003 311.7306 -1 33400 -5497.37228868
5902341290 -174.8746 -34.93014 -5648.908 332.4343 -1 33400 -5555.76546648
5902341291 -174.9326 -34.94817 -5582.047 308.7679 -1 33400 -5491.65439741
5902341292 -174.9909 -34.96567 -5595.584 301.4424 -1 33400 -5505.58931901
5902341293 -175.082 -34.97352 -5580.874 305.3342 -1 33400 -5563.07434222
5902341294 -175.1307 -35.01674 -5629.131 308.8673 -1 33400 -5631.85883844
5902341295 -175.196 -35.07664 -5630.65 283.8856 -1 33400 -5633.26400784
5902341296 -175.2847 -35.12413 -5640.591 304.971 -1 33400 -5639.33518284
5902341297 -175.407 -35.10716 -5649.305 384.1505 -1 33400 -5636.07134293
5902341298 -175.4777 -35.0436 -5636.277 449.1212 -1 33400 -5620.70435877
5902341299 -175.5064 -34.99081 -5627.789 550.8075 9998 33400 -5603.09865077
5902341300 -175.4783 -34.92977 -5532.219 495.3009 -1 33400 -5531.15433939
5902341301 -175.4271 -34.84403 -5605.223 521.7576 -1 33400 -5615.0933071
5902341313 -175.2852 -34.66404 -4909.287 565.1816 9998 33400 -5567.93102292
5902341314 -175.2898 -34.65339 -4909.485 583.4395 9998 33400 -5565.96017361
5902341362 -174.3397 -34.31248 -5683.644 379.3561 9998 33400 -5766.65326011
5902341386 -175.4357 -34.14832 -2889.268 113.0123 9998 33400 -5458.94396527
590234264 -176.8342 -35.92033 -4767.035 795.2656 9998 33400 -5616.67956279
590234270 -176.1525 -35.56654 -4891.338 785.9486 -1 33400 -4963.64618626
590234271 -176.0953 -35.49052 -5221.866 855.9811 -1 33400 -5167.18004233
590234290 -175.5736 -35.41874 -4961.361 435.4768 -1 33400 -4953.92284659
590234291 -175.582 -35.45039 -5383.855 583.0033 9998 33400 -5313.01588748
590234297 -175.5964 -35.2963 -5278.057 331.8222 -1 33400 -5376.39034547
590234298 -175.608 -35.31853 -5076.245 346.3293 9998 33400 -5415.59132959
590234299 -175.6307 -35.33635 -5104.26 381.2024 -1 33400 -5379.72074922
5902342100 -175.6598 -35.35419 -5224.544 467.71 -1 33400 -5321.32892672
5902342101 -175.6949 -35.38183 -5306.984 509.4023 -1 33400 -5329.02141039
5902342102 -175.7247 -35.43584 -5165.774 573.6675 9998 33400 -4546.45460785
5902342103 -175.748 -35.45375 -5182.728 615.6906 9998 33400 -4498.5337007
5902342104 -175.7441 -35.49636 -5074.712 657.3058 -1 33400 -5180.45345323
5902342105 -175.757 -35.50674 -5329.011 772.7947 -1 33400 -5327.7614018
5902342106 -175.8171 -35.52954 -5393.695 1447 -1 33400 -5381.90217295
5902342107 -175.9023 -35.51529 -5394.767 1440.598 9998 33400 -5473.4129069
5902342110 -175.8696 -35.47371 -5391.107 1182.04 9998 33400 -5447.2082922
5902342111 -175.8888 -35.46404 -5109.632 1178.012 -1 33400 -5157.92551222
5902342112 -175.9044 -35.44737 -5079.097 1044.049 -1 33400 -5077.68095002
5902342117 -175.985 -34.58903 -5376.605 797.3066 9998 33400 -5403.64674054
5902342118 -175.8978 -34.47246 -5393.607 885.4951 9998 33400 -5273.89269245
5902342119 -175.6622 -34.44104 -5392.847 939.9465 9998 33400 -5614.1937987
5902342120 -175.5976 -34.55172 -5393.764 947.601 9998 33400 -5568
5902342121 -175.5503 -34.62694 -5394.311 927.4366 9998 33400 -5536.10442317
5902342122 -175.3002 -34.68676 -5393.314 626.8801 9998 33400 -5568.42772101
5902342124 -175.1053 -34.68531 -5586.045 247.3874 9998 33400 -5514.84166482
5902342128 -175.195 -34.90724 -5617.092 332.7633 9998 33400 -5554.31468135
5902342173 -176.0084 -36.95904 -2858.01 478.0082 9998 33400 -5446.99825345
590244113 -162.4429 -37.11005 -4907.75 309.8378 9998 33400 -5416.91255065
590244114 -162.4521 -37.11976 -4908.329 300.4027 9998 33400 -5420.26649109
590244115 -162.4715 -37.12733 -4909.102 281.5468 9998 33400 -5423.72316298
590244141 -162.3074 -37.33655 -5364.66 364.9953 -1 33400 -5372.81933996
590244142 -162.3026 -37.29763 -5268.797 321.3394 -1 33400 -5285.99770872
590244164 -162.3855 -37.49466 -5301.25 350.9179 -1 33400 -5300.90468761
590244165 -162.4371 -37.61659 -5343.126 343.5583 -1 33400 -5341.19937726
590244166 -162.4843 -37.74015 -5274.401 345.2269 -1 33400 -5277.95753229
590244167 -162.4205 -37.83237 -5303.028 320.44 -1 33400 -5294.72576236
590244168 -162.5553 -37.91365 -5266.473 340.2331 9998 33400 -5248.85999048
590244169 -162.4229 -37.93372 -5368.054 301.5509 -1 33400 -5355.825293
590244170 -162.1427 -38.09599 -5362.263 318.2914 -1 33400 -5385.83914891
590244171 -162.02 -38.14703 -5331.543 303.3143 -1 33400 -5330.83244763
590244172 -161.9707 -37.99652 -5313.41 295.3171 -1 33400 -5360.42547154
590244174 -162.0877 -38.02686 -5220.597 292.1343 -1 33400 -5232.9413775
590244175 -162.0541 -37.95201 -5162.882 280.524 -1 33400 -5176.34401079
590244198 -162.5842 -38.3203 -4996.554 249.4958 -1 33400 -5073.3963897
5902441124 -163.1997 -38.09628 -5288.859 246.1384 -1 33400 -5275.68358548
5902441125 -163.2766 -38.04847 -5268.347 303.1585 -1 33400 -5260.03640748
5902441126 -163.3418 -37.61373 -5258.866 267.7895 -1 33400 -5245.20450032
5902441127 -163.0594 -37.45879 -4996.454 261.7682 -1 33400 -5000.963287
5902441128 -162.9919 -37.40622 -5248.209 287.9536 -1 33400 -5231.02974208
5902441132 -163.4913 -36.86561 -5319.852 217.4081 -1 33400 -5318.7873568
5902441133 -163.6051 -36.66167 -5328.568 272.9745 -1 33400 -5323.95688179
5902441134 -163.6641 -36.19201 -5311.16 215.9617 -1 33400 -5305.77336929
5902441136 -163.7132 -35.81553 -5355.017 67.85048 -1 33400 -5341.94585897
5902441137 -163.8922 -35.67886 -5295.803 111.9654 -1 33400 -5297.60404074
5902441138 -163.9162 -35.51712 -5142.28 420.7761 -1 33400 -5176.21922537
5902441139 -164.1947 -35.28788 -5232.326 665.4026 -1 33400 -5237.33871918
5902441140 -164.3148 -34.31759 -5390.871 781.8543 -1 33400 -5335.00830327
5902441141 -164.3579 -33.5207 -5340.385 616.4302 -1 33400 -5403.11780651
5902441142 -164.5625 -32.83033 -4984.099 585.9407 -1 33400 -4991.17581713
5902441144 -164.6373 -32.23943 -4988.809 636.012 9998 33400 -4863.11457229
5902441145 -164.6092 -31.99873 -5175.332 709.6766 9998 33400 -4554.93345451
5902441150 -164.4326 -30.71491 -5363.138 346.5853 -1 33400 -5306.38311599
5902441152 -164.0364 -30.60375 -5321.714 335.2824 -1 33400 -5318.86178911
590244221 -156.5889 -32.34778 -5304.868 479.4486 -1 33400 -5276.72935423
590244222 -156.3882 -32.32295 -5117.305 413.5914 -1 33400 -5124.82232055
590244224 -156.0526 -32.44966 -5283.796 614.79 -1 33400 -5362.33727945
590244225 -155.8555 -32.57901 -5148.614 773.8671 -1 33400 -5165.63809532
590244226 -155.6501 -32.55806 -5108.282 724.2061 -1 33400 -5175.39765995
590244227 -155.6306 -32.57434 -4907.344 704.0509 -1 33400 -4754.28737869
590244229 -155.5681 -32.59461 -4811.901 789.0428 -1 33400 -5159.22108255
590244235 -155.6683 -32.77628 -4812.702 929.4518 -1 33400 -4913.08727977
590244236 -155.7059 -32.75141 -4813.781 933.824 -1 33400 -5361.98820893
590244245 -155.6599 -32.78914 -4812.309 934.3097 -1 33400 -5018.19084449
590244247 -155.5303 -32.79974 -4815.314 896.4356 9998 33400 -5059.84362965
590244248 -155.4868 -32.78693 -4813.572 880.6749 9998 33400 -5316.10122818
590244252 -155.4877 -32.75532 -4814.458 912.8916 9998 33400 -5321.43427131
590244253 -155.4598 -32.62789 -4815.579 810.9932 9998 33400 -5213.1095296
590244260 -155.2946 -32.64699 -4812.463 798.4222 -1 33400 -5260.87332635
590244314 -162.8279 -27.44759 -4912.749 296.8645 -1 33400 -5488.1138625
590244315 -162.7185 -27.40825 -4911.89 299.7755 -1 33400 -5485.25452524
590244326 -162.4468 -27.12506 -4910.926 170.6334 9998 33400 -5572.1081143
590244335 -162.5193 -27.01405 -4911.841 109.9902 9998 33400 -5578.79098127
590244336 -162.5144 -26.96924 -4912.44 90.47651 9998 33400 -5493.52081758
5902443193 -163.3658 -29.28964 -5152.415 1108.102 -1 33400 -5160.84727652
5902443198 -161.7842 -29.59929 -4953.481 952.4018 9998 33400 -5427.40744441
5902443199 -161.7943 -29.50244 -5281.378 970.7878 -1 33400 -5279.2426997
5902443206 -162.1759 -29.15588 -4991.218 695.9238 -1 33400 -4989.11729992
5902443207 -162.1131 -29.20094 -4957.811 653.4355 9998 33400 -4971.28747024
5902443208 -162.0984 -29.19866 -5035.939 657.8766 9998 33400 -5002.26971972
5902443210 -162.0115 -29.3397 -5242.574 780.5818 -1 33400 -5220.02325283
5902443211 -161.9798 -29.46332 -5010.313 922.1187 -1 33400 -5066.00574257
5902443212 -161.8462 -29.6205 -4956.19 1010.976 9998 33400 -4986.76674802
5902443217 -161.8053 -29.32883 -5230.75 595.8439 -1 33400 -5266.0314764
5902443218 -161.8768 -29.34945 -4711.453 546.0857 -1 33400 -4711.75741568
5902443219 -161.8901 -29.32527 -5177.033 659.0082 -1 33400 -5097.11498569
5902443220 -161.9689 -29.35496 -4903.191 845.2065 -1 33400 -4881.43379106
5902443227 -161.1648 -28.85457 -5297.059 890.2409 9998 33400 -5346.7593749
5902443229 -160.781 -28.51373 -5296.618 1295.948 -1 33400 -5256.60381417
5902443233 -160.9886 -29.10538 -5482.109 831.7563 -1 33400 -5464.86465931
5902443235 -161.2787 -29.36572 -5332.513 693.8748 -1 33400 -5324.14228584
5902443236 -161.497 -29.63306 -5375.133 1090.783 -1 33400 -5354.73975108
5902443237 -161.9967 -30.15661 -5036.722 1181.976 -1 33400 -5042.15945135
5902443238 -161.8786 -30.25678 -4974.671 1079.074 -1 33400 -4992.04555909
5902443239 -161.7909 -30.31538 -5026.178 1050.359 -1 33400 -5031.32330325
5902443240 -161.8813 -30.43847 -5240.37 1016.887 -1 33400 -5261.93089454
5902443241 -161.7877 -30.45283 -5345.713 1037.777 -1 33400 -5352.39170258
5902443242 -161.7734 -30.44259 -5330.603 1042.649 -1 33400 -5316.01478405
5902443243 -161.8139 -30.44126 -5267.025 1053.927 -1 33400 -5242.44746023
5902443244 -162.1062 -30.358 -5148.582 1055.116 -1 33400 -5156.1195323
5902443245 -162.3065 -30.43711 -5232.519 995.854 -1 33400 -5233.4903006
5902443246 -162.3573 -30.32343 -5172.162 1049.21 -1 33400 -5181.48993419
5902443247 -162.4489 -30.33936 -4871.058 884.152 -1 33400 -4964.12800706
5902443248 -162.5498 -30.41452 -5396.789 1049.467 -1 33400 -5374.65146041
5902443249 -162.514 -30.41031 -5277.992 933.6912 -1 33400 -5308.28031534
5902443250 -162.6212 -30.46698 -5194.792 770.9145 -1 33400 -5193.73940999
5902443251 -162.6013 -30.47284 -5192.655 772.7576 -1 33400 -5193.93154137
5902443252 -162.5788 -30.48003 -5172.387 770.4192 -1 33400 -5179.86450507
5902443253 -162.5977 -30.50141 -5205.151 790.9521 -1 33400 -5204.62877066
5902443254 -162.5866 -30.49464 -5194.003 781.9235 -1 33400 -5196.65266598
5902443255 -162.3636 -30.43209 -5279.049 921.0314 -1 33400 -5283.25787019
5902443256 -162.2793 -30.35482 -5267.159 1009.654 -1 33400 -5262.96091883
5902443257 -162.2031 -30.28185 -5093.911 1022.987 -1 33400 -5127.93381234
5902443258 -162.2157 -30.27853 -5122.138 1026.328 -1 33400 -5120.34636713
5902443259 -162.222 -30.28877 -5140.271 1022.488 -1 33400 -5143.04675252
5902443260 -162.247 -30.30031 -5180.025 939.2051 -1 33400 -5183.60877402
5902443261 -162.086 -30.25161 -5019.314 1039.38 -1 33400 -5044.07643393
5902443262 -162.2097 -30.06267 -5323.691 1302.057 -1 33400 -5304.50278546
5902443263 -162.1691 -29.99815 -5261.979 1297.249 -1 33400 -5247.5030581
5902443264 -162.073 -29.87819 -5218.889 1237.117 -1 33400 -5206.32102125
5902443266 -162.0347 -29.78817 -5306.072 1256.689 -1 33400 -5418.08149025
5902443267 -161.843 -29.85812 -5311.373 1263.443 -1 33400 -5298.81651655
5902443268 -161.517 -29.71748 -5172.412 1027.728 -1 33400 -5178.9061157
5902443269 -161.4187 -29.66323 -5447.001 1354.047 -1 33400 -5425.5894979
5902443270 -161.3299 -29.59273 -5230.157 975.157 -1 33400 -5231.18719308
5902443271 -161.2671 -29.43959 -5306.993 832.8149 -1 33400 -5309.23022449
5902443272 -161.2911 -29.31235 -5281.167 608.0999 -1 33400 -5281.07891975
590244486 -165.5589 -31.43138 -5216.973 751.9321 9998 33400 -4724.56692317
590244487 -165.5372 -31.44614 -5218.42 744.9587 9998 33400 -4382.17112329
590244488 -165.5152 -31.46275 -5283.743 739.0961 9998 33400 -4285.87165244
590244490 -165.3791 -31.956 -5226.538 737.7976 -1 33400 -5243.8306029
590244492 -165.7598 -32.40406 -5309.592 512.8619 -1 33400 -5334.70363526
590244493 -165.9596 -32.19714 -5300.09 580.6453 -1 33400 -5297.29122108
590244496 -166.0379 -31.61454 -5275.342 998.9307 -1 33400 -5270.28216933
590244497 -166.1697 -31.62894 -5230.363 977.3038 -1 33400 -5261.99002486
590244498 -166.2072 -31.68479 -5327.737 967.5036 -1 33400 -5141.78260995
590244499 -166.234 -31.7145 -5285.572 898.8814 -1 33400 -5309.69807754
5902444100 -166.2275 -31.78651 -5332.44 826.019 -1 33400 -5331.08970082
5902444101 -166.2688 -31.65674 -5209.122 953.9311 -1 33400 -5252.62112952
5902444102 -166.2854 -31.5106 -5285.854 1051.62 -1 33400 -5242.08725572
5902444105 -165.959 -31.06504 -5298.84 567.6898 -1 33400 -5356.89681908
5902444106 -165.7704 -30.91686 -5293.864 241.7966 -1 33400 -5299.19798607
5902444107 -165.8937 -30.6967 -5332.14 144.6343 -1 33400 -5333.35548864
5902444108 -165.951 -30.81676 -5364.062 234.9549 -1 33400 -5365.87200579
5902444109 -165.9628 -30.91168 -5230.573 330.6467 -1 33400 -5266.66581579
5902444110 -165.9392 -30.9286 -5373.218 360.4604 -1 33400 -5386.28763137
5902444111 -166.0674 -30.99044 -5379.198 523.5446 -1 33400 -5372.58554127
5902444118 -166.7968 -30.60081 -5280.527 401.7281 -1 33400 -5296.84098555
5902444125 -165.9767 -30.20975 -5432.139 593.8195 -1 33400 -5391.27710016
5902444126 -166.1885 -30.29928 -5342.389 492.3829 -1 33400 -5348.08140047
5902444127 -166.2005 -30.39368 -5186.192 370.5077 -1 33400 -5223.47499875
5902444128 -165.9141 -30.67472 -5380.4 141.4264 -1 33400 -5380.94362263
5902444129 -165.7713 -30.78087 -5306.134 136.1008 -1 33400 -5312.25835743
5902444130 -165.8401 -30.50849 -5372.141 192.6434 -1 33400 -5375.72141127
5902444131 -166.0307 -30.57875 -5452.414 222.4446 -1 33400 -5455.19955309
5902444132 -165.8907 -30.59442 -5351.37 150.9885 -1 33400 -5356.41022577
5902444133 -166.0785 -30.25735 -5415.069 549.4744 -1 33400 -5379.64523954
5902444134 -166.1789 -30.26565 -5450.613 566.3203 -1 33400 -5433.9147615
5902444135 -166.0584 -30.52947 -5417.566 257.376 -1 33400 -5414.90496416
5902444136 -166.1817 -30.93694 -5414.772 479.9149 -1 33400 -5410.71134302
5902444137 -166.1357 -31.27702 -5365.315 977.0966 -1 33400 -5387.5395415
5902444138 -166.2008 -31.439 -4911.3 933.756 -1 33400 -4940.57623303
5902444139 -166.1655 -31.44585 -4934.982 912.8246 -1 33400 -4875.69774451
5902444140 -166.0894 -31.54098 -5179.891 1061.325 -1 33400 -5161.19624348
5902444141 -166.0706 -31.49029 -5075.66 1023.118 -1 33400 -5086.15223063
5902444143 -166.0984 -31.0941 -5343.886 725.1007 -1 33400 -5360.01037857
5902444144 -165.943 -30.91915 -5380.294 371.4846 -1 33400 -5368.85310655
5902444145 -166.0199 -31.01188 -5346.635 562.8307 -1 33400 -5342.12886828
5902444146 -166.0049 -31.11684 -5289.417 672.7662 -1 33400 -5335.42481259
5902444154 -166.0063 -31.28308 -5319.095 979.484 -1 33400 -5284.56547132
5902444156 -166.2677 -30.95115 -5374.758 550.6048 -1 33400 -5379.1922669
5902444157 -166.3023 -31.01601 -5439.437 648.8516 -1 33400 -5432.50600601
5902444158 -166.4053 -30.96008 -5451.566 609.9302 -1 33400 -5455.12106345
5902444159 -166.6771 -30.91982 -5566.612 709.6825 -1 33400 -5551.64965974
5902444160 -167.0113 -30.99754 -5376.676 768.6894 -1 33400 -5382.30756945
5902444161 -167.2817 -31.23399 -5580.311 1000.372 -1 33400 -5565.69730314
5902444162 -167.1718 -31.51145 -5579.796 1193 -1 33400 -5705.76693588
5902444164 -167.4674 -31.65881 -5325.714 969.0847 9998 33400 -5624.45750705
5902444165 -167.5074 -31.68975 -5551.257 1007.154 -1 33400 -5560.48486492
5902444166 -167.619 -31.75365 -5442.98 872.1667 -1 33400 -5478.33181996
5902444167 -167.5765 -31.79189 -5590.12 916.0181 -1 33400 -5566.02570925
5902444168 -167.5645 -31.78983 -5486.25 876.7329 -1 33400 -5520.20532373
5902444169 -167.4928 -31.81026 -5462.517 836.0787 -1 33400 -5448.39329246
5902444170 -167.4759 -31.89777 -5262.62 665.763 -1 33400 -5270.40142115
5902444171 -167.5709 -31.87963 -5419.391 724.5989 -1 33400 -5416.3289647
5902444172 -167.4367 -31.95487 -5499.634 629.0433 -1 33400 -5498.00057417
5902444173 -167.1939 -32.05668 -5487.292 480.4727 -1 33400 -5473.81641759
5902444174 -167.0877 -31.7738 -5507.364 860.0393 -1 33400 -5528.35005746
5902444175 -167.1021 -31.61457 -5312.942 954.3047 -1 33400 -5327.98438764
5902444176 -167.0171 -31.80472 -5563.401 801.6234 -1 33400 -5542.57745661
5902444177 -167.0702 -31.97534 -5188.819 458.2502 -1 33400 -5272.81228421
5902444178 -167.1153 -31.98895 -5544.731 520.4238 -1 33400 -5576.43340331
5902444179 -167.0573 -31.84366 -5500.943 723.0093 -1 33400 -5527.51131047
5902444180 -167.1708 -31.64715 -5482.151 991.1053 -1 33400 -5479.40555903
5902444181 -167.321 -31.77649 -5541.924 898.1908 -1 33400 -5538.92730771
5902444182 -167.4028 -31.74308 -5600.982 971.908 -1 33400 -5598.44171906
5902444183 -167.5768 -31.61319 -5367.104 923.2239 -1 33400 -5415.89652802
5902444184 -167.7046 -31.64312 -5497.162 902.4592 -1 33400 -5502.9735444
5902444185 -167.8536 -31.54215 -5619.366 892.4277 -1 33400 -5622.16249582
5902444186 -167.8527 -31.46608 -5576.72 839.4275 -1 33400 -5588.05541243
5902444187 -167.4902 -31.25387 -5531.32 859.468 -1 33400 -5552.492297
5902444188 -167.2268 -31.63639 -5610.612 1071.302 -1 33400 -5625.70558418
5902444189 -167.3827 -31.98078 -5501.751 594.149 -1 33400 -5500.12651872
5902444190 -167.252 -32.32851 -5368.917 529.3059 -1 33400 -5422.32097399
5902444191 -167.4919 -32.50207 -5693.319 750.5093 -1 33400 -5717.79143889
5902444192 -167.6006 -32.57049 -5460.72 705.9156 -1 33400 -5518.30693578
5902444193 -167.6142 -32.86606 -5654.353 828.2605 -1 33400 -5516.9025031
5902444194 -167.5766 -33.06616 -5485.084 806.3939 -1 33400 -5477.16143229
5902444195 -167.6122 -33.15984 -5508.276 834.2644 -1 33400 -5488.94642989
5902444196 -167.5408 -33.21901 -5393.119 749.8309 -1 33400 -5385.87393016
5902444197 -167.6045 -33.31879 -5440.816 762.2336 -1 33400 -5438.24430545
5902444198 -167.5286 -33.24575 -5243.904 685.6314 -1 33400 -5264.12541768
5902444199 -167.5024 -33.30958 -5451.666 705.3538 -1 33400 -5455.98952627
5902444200 -167.4174 -33.51392 -5563.475 735.7139 9998 33400 -5558.88055498
5902444201 -167.3465 -33.66809 -5508.329 638.0903 -1 33400 -5505.42736769
5902444202 -167.3082 -33.70723 -5491.08 632.2855 -1 33400 -5481.4808533
5902444203 -167.391 -33.69305 -5474.435 613.4839 -1 33400 -5468.83061515
5902444204 -167.4592 -33.50569 -5524.087 725.0768 -1 33400 -5521.46217353
5902444205 -167.2399 -33.28014 -5536.583 772.8611 -1 33400 -5537.93710875
5902444206 -167.2407 -33.33268 -5533.17 730.6384 -1 33400 -5529.73602907
5902444207 -167.1769 -33.32845 -5502.97 736.724 -1 33400 -5501.20990028
5902444208 -167.2619 -33.17842 -5474.092 773.0771 -1 33400 -5461.12594289
5902444209 -167.1434 -33.29214 -5434.632 712.7815 -1 33400 -5436.88429798
5902444210 -166.8382 -33.45956 -5445.013 791.9388 -1 33400 -5441.38159765
5902444211 -166.8284 -33.8305 -5403.782 699.4106 -1 33400 -5410.57491408
5902444212 -167.0216 -33.82795 -5416.179 691.6735 -1 33400 -5420.72752081
5902444213 -166.9757 -33.64132 -5263.207 700.3477 -1 33400 -5263.17779492
590244611 -171.6313 -30.26525 -4910.118 815.5471 9998 33400 -5674.30758621
590244612 -171.6239 -30.30788 -4910.684 732.739 9998 33400 -5715.44119864
590244650 -167.6265 -28.70305 -5013.038 959.9472 -1 33400 -5040.07312691
590244651 -167.6488 -28.7101 -5063.301 1057.733 -1 33400 -5016.86326668
590244663 -167.6187 -28.41193 -4941.126 736.3985 -1 33400 -4999.87889032
590244664 -167.8268 -28.47402 -5475.211 1096.11 -1 33400 -5474.87971012
590244673 -167.8323 -28.62235 -5469.337 1336.686 9998 33400 -5576.6945542
590244677 -166.6964 -28.00216 -5488.873 837.2994 -1 33400 -5487.84176925
590244682 -166.6174 -28.24713 -5498.649 980.2064 -1 33400 -5482.43791256
590244683 -166.883 -28.30491 -5365.322 918.2418 -1 33400 -5383.42169133
590244684 -166.9006 -28.31294 -5366.191 916.2571 -1 33400 -5361.21608974
590244685 -166.8957 -28.22813 -5469.019 925.8117 -1 33400 -5481.07711274
590244686 -166.5332 -28.1503 -5432.144 860.5818 -1 33400 -5528.57446934
590244687 -166.2339 -27.93032 -5536.26 585.5723 -1 33400 -5541.98676764
590244688 -166.1828 -27.8892 -5539.958 567.5477 -1 33400 -5540.83783037
590244689 -166.0987 -27.70045 -5608.296 507.8491 -1 33400 -5607.11858004
590244690 -165.9045 -27.44197 -5569.969 289.6326 -1 33400 -5565.82067508
590244691 -165.8677 -27.17053 -5611.328 549.2509 -1 33400 -5589.25771504
590244692 -165.9965 -27.42138 -5556.228 320.2935 -1 33400 -5538.2226601
590244693 -166.1195 -27.45717 -5429.04 357.2138 -1 33400 -5431.42480158
590244695 -165.9194 -27.39982 -5557.786 291.7126 -1 33400 -5562.70526529
590244696 -166.052 -27.22197 -5593.589 350.6777 -1 33400 -5582.46440457
590244697 -166.1075 -27.05551 -5403.042 443.2936 9998 33400 -5528.35889181
590244698 -166.3295 -26.85668 -5340.419 552.5161 9998 33400 -5508.01524159
590244699 -166.6937 -26.97916 -5450.258 233.2127 9998 33400 -5387.47580321
5902446100 -166.8692 -26.90567 -5422.385 321.5037 -1 33400 -5428.52818254
5902446101 -167.0293 -26.65038 -5638.167 824.7185 -1 33400 -5642.74645218
5902446103 -167.2081 -26.77397 -5594.841 625.1964 9998 33400 -5545.70100355
5902446104 -167.2908 -26.8634 -5615.522 491.2856 -1 33400 -5606.739276
5902446105 -167.3524 -27.13796 -5588.202 262.0735 -1 33400 -5584.07211209
5902446106 -167.2034 -27.45094 -5646.445 372.1093 -1 33400 -5616.0815212
5902446107 -167.0813 -27.58358 -5512.971 217.2313 -1 33400 -5504.5602306
5902446108 -166.9403 -27.57499 -5610.77 140.4766 -1 33400 -5594.98559221
5902446109 -167.0279 -27.42657 -5514.778 282.5191 -1 33400 -5535.79475152
5902446110 -167.2441 -27.34183 -5492.151 394.7447 -1 33400 -5507.02324678
5902446111 -167.3766 -27.46516 -5581.966 465.3996 -1 33400 -5551.86243327
5902446112 -167.33 -27.613 -5613.658 436.1854 -1 33400 -5639.09631311
5902446113 -167.7934 -27.6624 -5561.646 485.0692 -1 33400 -5522.58723677
5902446114 -168.5295 -27.55362 -5540.293 260.7338 -1 33400 -5541.06311569
5902446115 -168.9429 -27.37281 -5477.512 242.1818 -1 33400 -5484.92516506
5902446116 -169.2706 -27.28002 -5560.161 290.3924 -1 33400 -5561.04848365
5902446117 -169.0036 -27.07529 -5503.012 274.2132 -1 33400 -5504.93798285
5902446118 -168.9759 -26.9179 -5611.143 376.1516 -1 33400 -5617.50584951
5902446119 -168.7853 -27.0825 -5565.956 281.7329 -1 33400 -5609.15677399
5902446120 -168.6897 -27.425 -5570.654 216.1438 9998 33400 -5574.472696
5902446121 -169.2854 -27.72138 -5475.721 543.0934 -1 33400 -5483.63654001
5902446122 -168.8555 -28.13924 -5550.987 670.3082 -1 33400 -5689.16047984
5902446123 -168.3298 -27.70415 -5570.053 409.3289 9998 33400 -5765.92165597
5902446124 -168.1696 -27.92079 -5532.778 544.4189 -1 33400 -5539.84812834
5902446125 -167.9539 -28.01627 -5453.028 569.3257 -1 33400 -5465.9496339
5902446126 -167.9058 -28.03559 -5026.592 458.4207 9998 33400 -5373.53628975
5902446127 -167.9794 -28.14582 -5258.863 640.6405 -1 33400 -5306.15537643
5902446128 -168.0613 -28.36599 -5485.04 1002.918 -1 33400 -5499.72928781
5902446129 -168.9572 -28.19623 -5454.018 654.6409 -1 33400 -5511.6703949
5902446130 -168.9453 -28.2294 -5462.528 705.9717 -1 33400 -5500.37929955
5902446131 -168.89 -28.15125 -5447.16 701.858 -1 33400 -5527.080604
5902446132 -168.5883 -27.73875 -5395.207 420.2271 -1 33400 -5411.1881009
5902446133 -168.6276 -27.64101 -5365.013 345.5707 -1 33400 -5355.98337626
590244758 -173.6468 -31.09405 -5271.399 306.802 -1 33400 -5306.34026405
5902447183 -174.1214 -34.75233 -5393.477 364.1495 9998 33400 -5760.14872799
5902447184 -174.3602 -34.63677 -5397.21 203.9723 9998 33400 -5713.60670189
5902447185 -174.3618 -34.53057 -5396.292 229.0744 9998 33400 -5727.2700842
5902447186 -174.2948 -34.38886 -5394.905 338.8817 9998 33400 -5704.1362883
5902447187 -174.2653 -34.43356 -5397.402 344.7985 9998 33400 -5709.6557978
5902447188 -174.1786 -34.66991 -5396.226 340.9698 9998 33400 -5813.58164209
5902447189 -173.954 -35.03828 -5395.281 481.3764 9998 33400 -5553.46138361
5902447190 -173.5428 -35.12609 -5395.337 461.7075 9998 33400 -5665.34324588
5902447213 -174.072 -35.08718 -5742.834 560.7701 -1 33400 -5675.51282935
5902447215 -173.4521 -35.23033 -5637.25 463.4937 -1 33400 -5481.40164874
5902447229 -174.3628 -34.72451 -5714.875 231.6445 -1 33400 -5713.15305892
5902447230 -174.6243 -34.47841 -5661.994 155.051 9998 33400 -5713.51837608
5902447231 -174.64 -34.28736 -5699.615 372.7064 -1 33400 -5669.64116641
5902447232 -174.4504 -33.92953 -5692.052 633.666 -1 33400 -5680.20726656
5902447233 -174.1872 -33.49433 -5663.534 767.3641 -1 33400 -5664.45971582
5902447234 -173.9547 -33.7911 -5747.632 675.5176 -1 33400 -5757.20396818
5902447235 -174.1015 -34.22669 -5727.498 534.623 -1 33400 -5727.1385688
5902447236 -174.2975 -34.4934 -5692.841 329.0922 -1 33400 -5696.67995206
5902447237 -174.5123 -34.31471 -5702.793 396.7598 -1 33400 -5721.59009181
5902447238 -174.5933 -34.38846 -5675.675 291.2825 -1 33400 -5664.2613614
5902447239 -174.6683 -34.30112 -5706.862 357.3286 -1 33400 -5692.55516936
5902447240 -174.4036 -34.15272 -5710.319 492.66 -1 33400 -5690.38294851
5902447241 -174.1073 -33.83053 -5727.305 633.799 -1 33400 -5726.92593185
5902447242 -174.0267 -33.53647 -5700.078 742.2717 -1 33400 -5698.55034704
5902447243 -174.034 -33.41649 -5735.05 763.5292 -1 33400 -5736.01467374
5902447244 -173.8591 -33.96393 -5664.564 616.1622 -1 33400 -5668.28546478
5902447245 -173.8939 -34.44734 -5710.369 721.0385 -1 33400 -5713.87124204
5902447246 -173.8656 -34.61136 -5670.15 594.7525 -1 33400 -5656.585306
5902447247 -173.9888 -34.61589 -5730.014 543.0765 -1 33400 -5722.05905981
5902447248 -174.092 -34.56662 -5730.231 501.7517 -1 33400 -5729.56197631
5902447249 -174.223 -34.45485 -5744.888 424.7114 -1 33400 -5742.51424221
5902447250 -174.5255 -34.33899 -5666.801 359.1355 -1 33400 -5689.09384154
5902447251 -174.743 -34.07893 -5701.071 527.0689 -1 33400 -5697.87232321
5902447252 -174.7811 -34.06641 -5647.102 497.7869 -1 33400 -5640.65923978
5902447253 -174.7212 -34.06017 -5687.636 520.2275 -1 33400 -5695.28019639
5902447254 -174.4492 -33.94857 -5662.928 572.2862 -1 33400 -5670.7376857
5902447255 -174.1089 -34.06146 -5753.785 534.7811 -1 33400 -5736.93935736
5902447256 -173.9528 -34.01209 -5705.166 582.111 -1 33400 -5703.94484959
5902447257 -173.9584 -33.78623 -5749.472 685.3938 -1 33400 -5751.08525991
5902447258 -174.0322 -33.44862 -5719.657 792.8635 -1 33400 -5715.60341878
5902447259 -174.0773 -33.22918 -5777.206 768.2991 -1 33400 -5827.64690427
5902447260 -174.1291 -33.40878 -5732.152 801.0547 -1 33400 -5735.52725058
5902447261 -174.0245 -33.54603 -5693.011 788.393 -1 33400 -5708.93585709
5902447263 -173.7182 -33.77173 -5768.818 694.4517 -1 33400 -5760.43892454
5902447264 -174.0847 -34.04011 -5743.931 553.7878 -1 33400 -5743.51201317
5902447265 -173.8844 -34.61764 -5702.258 599.4282 -1 33400 -5679.55749725
5902447266 -173.3758 -34.87124 -5627.558 430.3422 -1 33400 -5649.00531059
5902447267 -173.3559 -34.62209 -5538.174 474.1649 -1 33400 -5546.19865335
5902447268 -173.3044 -34.61804 -5585.206 459.3489 -1 33400 -5587.81831035
5902447269 -173.7201 -34.64394 -5762.875 606.3771 -1 33400 -5755.56371084
5902447270 -174.261 -34.78011 -5707.4 316.3579 -1 33400 -5706.15982995
5902447271 -174.4603 -34.68573 -5649.704 145.5935 -1 33400 -5650.2906949
5902447272 -174.732 -34.61814 -5685.042 65.99789 -1 33400 -5690.85765089
5902447273 -175.1075 -34.43533 -5657.661 42.75707 -1 33400 -5652.35904032
5902447274 -175.5159 -34.25681 -5608.505 245.0731 -1 33400 -5594.94531306
5902447275 -175.7587 -34.07189 -5712.197 241.1721 -1 33400 -5699.658802
5902447276 -175.7953 -34.0613 -5667.226 244.6112 -1 33400 -5664.63524907
5902447277 -175.8256 -34.07248 -5638.586 273.9042 -1 33400 -5646.65488077
5902447278 -175.8923 -34.2335 -5592.165 459.7107 -1 33400 -5586.63297871
5902447280 -175.9093 -33.93363 -5681.023 168.5842 -1 33400 -5670.38167853
5902447281 -175.847 -33.79273 -5714.268 324.9019 -1 33400 -5640.67825397
5902447282 -175.7142 -33.72513 -5566.086 531.5367 -1 33400 -5554.31918157
5902447283 -175.7209 -33.67178 -5637.424 605.3808 -1 33400 -5623.53423536
5902447284 -175.7325 -33.62075 -5702.938 676.9149 -1 33400 -5698.71217418
5902447285 -175.9936 -33.60493 -5483.479 498.5023 -1 33400 -5468.51049115
5902447286 -176.2979 -33.94436 -5511.49 349.8344 -1 33400 -5477.95263134
5902447287 -176.7364 -33.98764 -5686.316 427.4538 -1 33400 -5504.02735715
5902447288 -176.8127 -33.94079 -5659.933 517.1844 -1 33400 -5751.45978662
5902447289 -176.9684 -33.89085 -5655.12 634.7767 -1 33400 -5826.80706145
5902447290 -176.9643 -33.73547 -5455.922 570.6127 -1 33400 -5269.46577897
5902447291 -176.3252 -33.39113 -5645.492 725.7157 -1 33400 -5647.14583642
5902447292 -176.1833 -33.65949 -5634.334 278.3253 9998 33400 -5841.81289862
5902447293 -176.5245 -33.67557 -5617.396 212.6062 -1 33400 -5638.66868097
5902447294 -176.3643 -33.51435 -5620.762 438.8959 -1 33400 -5632.40614161
5902447295 -176.425 -33.47382 -5609.653 474.6285 9998 33400 -5631.54901458
5902447296 -176.5999 -33.72059 -5630.435 299.6555 -1 33400 -5541.19461128
5902447297 -176.8858 -34.1017 -5593.583 424.88 9998 33400 -5650.52836827
5902447298 -176.8226 -34.20786 -5573.501 323.6539 -1 33400 -5203.09849971
5902447299 -176.7363 -34.19815 -5547.764 298.4942 -1 33400 -5533.88515874
5902447300 -176.7047 -34.19176 -5526.764 285.6623 -1 33400 -5510.31754948
5902447301 -176.611 -34.35511 -5565.689 218.5329 -1 33400 -5574.3695078
5902447302 -176.3941 -34.37576 -5519.128 330.5638 -1 33400 -5505.56301917
5902447303 -176.4731 -34.35193 -5532.301 295.4342 -1 33400 -5543.81582681
5902447304 -176.41 -34.378 -5470.629 326.0247 -1 33400 -5475.48164508
5902447305 -176.1844 -34.56619 -5461.44 372.8866 -1 33400 -5467.9258998
5902447306 -176.307 -34.56576 -5459.891 320.1575 -1 33400 -5466.46159265
5902447307 -176.0467 -34.12795 -5348.923 407.9847 -1 33400 -5370.46152185
5902448154 -174.6741 -37.191 -5509.254 609.4423 -1 33400 -5512.04507513
5902448155 -174.5882 -37.1962 -5503.541 588.2837 9998 33400 -5508.914809
5902448156 -174.4384 -36.96777 -5547.778 389.7235 9998 33400 -5569.07782591
5902448157 -174.5703 -37.08329 -5524.596 590.9893 9998 33400 -5531.72140063
5902448158 -174.6378 -37.35185 -5476.368 637.0862 9998 33400 -5473.57317734
5902448159 -174.5668 -37.10568 -5525.843 557.2766 -1 33400 -5527.09935133
5902448160 -174.6237 -36.91247 -5560.964 474.0642 9998 33400 -5539.57566314
5902448162 -173.7911 -36.71647 -5578.185 204.7644 9998 33400 -5122.55863033
5902448163 -173.7651 -36.59694 -5583.565 324.6226 9998 33400 -5176.52539016
5902448171 -174.1167 -36.97118 -5556.968 265.3996 9998 33400 -5574.27362112
5902448172 -174.252 -36.94851 -5563.945 308.5625 -1 33400 -5566.07176542
5902448173 -174.2045 -36.86319 -5578.983 257.408 9998 33400 -5608.33686286
5902448174 -174.431 -37.0474 -5532.258 483.4765 -1 33400 -5540.16056079
5902448175 -174.7025 -36.87404 -5572.689 467.6036 -1 33400 -5541.59562947
5902448178 -175.9778 -36.45971 -5550.64 373.8758 9998 33400 -5556.36277822
5902448179 -176.3313 -36.73882 -5392.347 438.2156 -1 33400 -5413.80847176
5902448180 -175.4791 -37.03534 -5508.653 398.5484 9998 33400 -5515.07478823
5902448181 -175.3479 -36.99563 -5527.638 415.0294 9998 33400 -5562.17139759
5902448182 -174.931 -37.1698 -5517.972 636.4232 9998 33400 -5542.76109356
5902448185 -174.6318 -36.94099 -5560.176 510.0578 9998 33400 -5549.26613451
5902448187 -174.3094 -36.35631 -5657.779 504.8728 9998 33400 -5679.07671148
5902448188 -174.8924 -36.68532 -5601.031 210.8014 9998 33400 -5632.95263344
5902448189 -175.7349 -36.96463 -5483.041 502.2888 9998 33400 -5493.17164228
5902448190 -175.6395 -36.90438 -5525.844 523.1027 9998 33400 -5521.02929729
5902448191 -175.7331 -36.7844 -5539.836 658.3871 9998 33400 -5514.57843964
5902448192 -175.9958 -36.58132 -5535.389 536.3452 -1 33400 -5514.06068426
5902448193 -176.0093 -36.3457 -5568.886 164.8339 9998 33400 -5578.81473479
5902448194 -175.5584 -36.7813 -5561.899 611.554 9998 33400 -5540
5902448195 -174.9297 -36.92858 -5568.502 512.4424 -1 33400 -5591.36806475
5902448196 -174.4142 -37.22748 -5510.881 609.9446 9998 33400 -5522.84727813
5902448197 -173.8159 -36.84122 -5555.968 147.2077 9998 33400 -5531.50528369
5902448198 -173.4442 -36.99845 -5507.024 352.0194 9998 33400 -5487.43905021
5902448199 -173.3222 -36.85339 -5527.998 NaN 9998 33400 -5524.91742845
5902448200 -172.9802 -36.73578 -5482.571 406.8809 9998 33400 -5415.9632235
5902448201 -172.6775 -36.27972 -5483.372 212.3117 9998 33400 -5506.30608583
5902448202 -172.6302 -36.16846 -5480.231 115.0506 9998 33400 -5453.43146047
5902448203 -172.7866 -36.15093 -5401.341 207.4563 9998 33400 -5406.07759724
5902448204 -173.0202 -36.2822 -5494.017 353.151 9998 33400 -5475.45479959
5902448205 -172.9134 -36.38427 -5476.546 323.392 -1 33400 -5479.1289442
5902448206 -172.7343 -36.35124 -5475.69 265.8084 9998 33400 -5455.34729509
5902448207 -173.1257 -36.36367 -5531.914 393.4323 9998 33400 -5454.94089228
5902448208 -173.0945 -36.61488 -5511.18 342.0908 9998 33400 -5367.05007363
5902448209 -173.2605 -36.88474 -5515.983 348.5217 9998 33400 -5497.32871526
5902448210 -173.3823 -36.92551 -5514.318 333.8035 9998 33400 -5496.02729741
5902448211 -173.581 -36.86444 -5533.992 229.6162 9998 33400 -5478.0861652
5902448212 -173.696 -37.00485 -5489.408 324.8285 9998 33400 -5490.65964117
5902448214 -173.7357 -37.05867 -5288.379 355.7467 9998 33400 -5518.56684847
5902448215 -173.5718 -36.96868 -5119.62 291.0786 9998 33400 -5406.25158774
5902448216 -173.6377 -36.94997 -5548.852 308.907 9998 33400 -5440.9417031
5902448217 -173.4134 -36.82433 -5531.98 279.6046 9998 33400 -5501.20673835
5902448218 -173.4102 -36.99954 -5502.572 394.3889 9998 33400 -5461.76563186
5902448219 -173.0609 -37.21766 -5458.333 285.6484 9998 33400 -5478.26541404
5902448220 -172.8151 -37.09926 -5464.585 315.6773 9998 33400 -5470.27787157
5902448221 -172.8227 -36.97794 -5469.774 380.7915 9998 33400 -5510.13995099
5902448222 -172.7157 -36.88287 -5449.688 388.1974 9998 33400 -5471.81373285
5902448223 -172.6855 -36.64941 -5530.807 443.6425 9998 33400 -5465.67620825
5902448224 -172.5245 -36.05381 -5460.637 44.17021 9998 33400 -5425.00180374
5902448225 -172.4923 -35.78068 -5530.165 192.8877 9998 33400 -5552.59203832
5902448227 -172.2709 -35.33306 -5570.541 219.2919 -1 33400 -5620.29189792
5902448229 -172.1743 -35.70227 -5461.192 133.0474 9998 33400 -5251.89882178
5902448230 -172.2098 -35.72755 -5405.512 122.4813 9998 33400 -5144.20950929
5902448231 -172.2767 -35.81415 -5528.31 126.7628 9998 33400 -4935.96988505
5902448233 -172.2662 -35.84629 -5038.386 84.30759 9998 33400 -4681.99833743
5902448237 -172.17 -35.88645 -4854.225 43.85464 -1 33400 -4915.90142812
5902448238 -172.1432 -35.88158 -5220.04 41.57071 9998 33400 -5032.48301916
5902448330 -171.6906 -34.65244 -5356.625 402.8587 9998 33400 -5681.3376085
5902448331 -172.1116 -34.48388 -5335.102 403.6047 9998 33400 -5647.3071273
5902448332 -172.2944 -34.28616 -5289.854 669.9743 9998 33400 -5829.18317513
5902448333 -172.3299 -34.15059 -5329.636 854.035 -1 33400 -5852.5378168
5902448334 -172.4189 -34.03058 -5302.564 982.6523 9998 33400 -5750.50048561
5902448335 -172.4455 -33.9572 -5273.627 1087.971 9998 33400 -5656.27739682
5902448336 -172.3379 -33.9314 -5274.221 1148.801 9998 33400 -5854.97957328
5902448337 -172.2724 -34.01431 -5285.422 1068.952 9998 33400 -5804.75119258
5902448338 -172.3141 -34.0238 -5301.211 1041.549 9998 33400 -5815.59843235
5902448339 -172.3289 -34.01222 -5278.932 1051.986 9998 33400 -5821.55562283
5902448340 -172.2405 -33.9012 -5269.098 1107.047 9998 33400 -5848.66164423
5902448341 -172.0972 -33.97947 -5279.625 1092.233 -1 33400 -5853.01086826
5902448342 -172.1709 -34.0732 -5239.755 952.2457 -1 33400 -5843.45951697
5902448343 -172.203 -34.0646 -5233.557 996.6251 -1 33400 -5839.69220421
5902448344 -172.1665 -34.19676 -5192.596 843.3235 9998 33400 -5874.80476526
5902448345 -172.2254 -34.11789 -5235.277 910.5377 -1 33400 -5829.38285093
590245652 -170.7544 -24.52398 -5646.192 423.4846 -1 33400 -5650.40116631
590245654 -170.9112 -24.58824 -5605.792 401.9303 -1 33400 -5609.77771635
590245655 -170.6762 -24.68735 -5656.292 619.0186 -1 33400 -5662.13985925
590245661 -170.5363 -23.54315 -5656.64 927.8494 9998 33400 -5800.80935638
590245663 -170.6722 -22.93731 -5686.591 1122.065 9998 33400 -5790.58053433
590245664 -170.8445 -22.6992 -5530.474 994.7047 9998 33400 -5716.86190174
590245669 -170.8059 -21.85997 -5557.318 556.7538 -1 33400 -5551.38777592
590245671 -170.1059 -22.81155 -5658.66 1215.933 -1 33400 -5664.91506765
590245672 -169.9496 -22.92685 -5674.495 1161.632 -1 33400 -5696.14018561
590245673 -170.1839 -22.93754 -5576.204 1275.241 -1 33400 -5615.872732
590245675 -170.2103 -22.34406 -5616.904 736.1819 -1 33400 -5627.26754477
590245676 -170.102 -22.26291 -5637.366 588.9978 -1 33400 -5637.98981431
590245677 -169.9069 -22.33219 -5562.477 508.8719 -1 33400 -5565.6577344
590245678 -169.9581 -22.22443 -5620.336 457.7159 -1 33400 -5623.31199682
590245679 -169.9682 -22.14304 -5642.735 388.6536 -1 33400 -5630.22592097
590245680 -169.936 -22.00057 -5423.842 238.3084 -1 33400 -5412.9302257
590245681 -169.7589 -22.09153 -5607.407 299.0175 -1 33400 -5611.44319103
590245682 -169.5762 -21.9614 -5614.523 303.5576 -1 33400 -5616.788
590245683 -169.7163 -21.65008 -5544.604 180.447 -1 33400 -5537.39822439
590245684 -170.1339 -21.5334 -5474.883 110.826 -1 33400 -5475.95780129
590245685 -170.3367 -21.64447 -5543.444 191.1124 -1 33400 -5555.92769723
590245686 -170.2051 -21.63736 -5530.755 149.9794 -1 33400 -5552.42806868
590245692 -171.5545 -21.74341 -5681.319 741.0294 -1 33400 -5764.30975991
590245693 -172.2325 -22.14704 -5657.064 1054.935 -1 33400 -5706.86288254
590245694 -172.2966 -22.51392 -5756.153 1253.087 -1 33400 -5750.64117125
590245695 -172.2281 -22.49936 -5761.191 1243.83 -1 33400 -5761.61289156
590245696 -172.1605 -22.48891 -5774.743 1251.634 -1 33400 -5773.85572545
590245697 -172.1021 -22.48671 -5772.615 1116.681 -1 33400 -5761.26866322
590245698 -172.0203 -22.47527 -5769.33 1095.92 -1 33400 -5737.44613326
590245699 -171.9292 -22.45902 -5666.729 1100.594 9998 33400 -5624.58011077
5902456100 -171.8337 -22.43226 -5641.177 1059.852 -1 33400 -5667.78024849
5902456101 -171.7255 -22.41855 -5611.065 1055.665 -1 33400 -5666.60346569
5902456102 -171.623 -22.40633 -5674.688 1033.552 -1 33400 -5662.05895846
5902456103 -171.5658 -22.42411 -5642.148 985.4966 -1 33400 -5662.95037239
5902456104 -171.5823 -22.3993 -5682.049 1016.004 9998 33400 -5652.9554956
5902456105 -171.6223 -22.35652 -5756.405 1049.824 -1 33400 -5741.29090871
5902456106 -171.6351 -22.3763 -5657.949 1023.066 -1 33400 -5668.88546456
5902456107 -171.6104 -22.40544 -5643.026 1025.304 -1 33400 -5649.80855001
5902456108 -171.5485 -22.42099 -5718.343 1010.641 -1 33400 -5699.43142798
5902456109 -171.4993 -22.4041 -5717.865 1008.587 9998 33400 -5730.49070004
5902456112 -171.4113 -22.306 -5744.036 998.5376 -1 33400 -5761.85393758
5902456113 -171.4158 -22.28288 -5736.784 994.1501 -1 33400 -5804.89024528
5902456114 -171.4567 -22.31398 -5757.776 1007.355 -1 33400 -5764.17793538
5902456117 -171.4988 -22.37539 -5708.583 1023.832 -1 33400 -5717.31265515
5902456119 -171.475 -22.33173 -5762.996 1053.95 9998 33400 -5774.65060589
5902456120 -171.454 -22.28112 -5691.095 998.2095 -1 33400 -5715.77679184
5902456121 -171.4612 -22.24868 -5606.383 990.3629 -1 33400 -5643.41783215
5902456122 -171.4689 -22.23172 -5589.924 979.549 -1 33400 -5609.59079713
5902456123 -171.4679 -22.22632 -5638.735 1006.162 -1 33400 -5614.8675656
5902456124 -171.4576 -22.21977 -5651.809 1016.442 -1 33400 -5644.08191986
5902456125 -171.449 -22.23056 -5708.152 1008.015 -1 33400 -5671.41296094
5902456126 -171.4679 -22.24359 -5651.22 1021.803 9998 33400 -5615.21938641
5902456127 -171.511 -22.24105 -5688.787 1040.026 9998 33400 -5566.62555561
5902456128 -171.546 -22.227 -5584.308 1006.078 -1 33400 -5563.27133062
5902456130 -171.6307 -22.29026 -5725.07 1082.505 9998 33400 -5680.68183163
5902456131 -171.6869 -22.33561 -5666.774 1061.536 -1 33400 -5668.36402652
5902456132 -171.7308 -22.38887 -5660.752 1061.961 -1 33400 -5637.10694778
5902456133 -171.7778 -22.41053 -5624.239 1067.425 -1 33400 -5688.55815436
5902456134 -171.8385 -22.42385 -5562.928 1053.169 -1 33400 -5610.2063077
5902456135 -171.8538 -22.39276 -5599.357 1045.862 -1 33400 -5625.60727365
5902456138 -171.7206 -22.33455 -5674.811 1060.461 -1 33400 -5706.12090412
5902456139 -171.7496 -22.29241 -5685.379 1030.827 -1 33400 -5731.59213532
5902456140 -171.753 -22.2847 -5703.098 1074.021 -1 33400 -5727.27390857
5902456141 -171.7561 -22.26791 -5718.108 1073.632 -1 33400 -5764.0524557
5902456142 -171.758 -22.27577 -5640.266 1030.115 -1 33400 -5691.87596495
5902456143 -171.7416 -22.3087 -5722.741 1053.998 -1 33400 -5704.37752547
5902456144 -171.7023 -22.36356 -5631.132 1038.509 -1 33400 -5653.38746484
5902456145 -171.659 -22.38568 -5657.269 1075.281 -1 33400 -5623.90607111
5902456146 -171.6314 -22.40675 -5656.582 1057.645 -1 33400 -5662.97761224
5902456147 -171.6154 -22.40426 -5657.358 1024.265 -1 33400 -5654.92809489
5902456148 -171.6301 -22.37344 -5683.026 1026.868 -1 33400 -5675.79568754
5902456149 -171.6689 -22.34317 -5686.812 1035.889 -1 33400 -5654.49743362
5902456150 -171.693 -22.32991 -5696.015 1066.625 -1 33400 -5687.84131226
5902456151 -171.6808 -22.33613 -5684.492 1052.055 -1 33400 -5668.30938386
5902456152 -171.6437 -22.3572 -5700.457 1040.6 -1 33400 -5680.84182388
5902456154 -171.5841 -22.33015 -5737.058 1064.448 -1 33400 -5755.6769652
5902456155 -171.6042 -22.30442 -5746.358 1046.892 -1 33400 -5761.52569398
5902456156 -171.6635 -22.27857 -5791.467 1101.739 -1 33400 -5690.11604876
5902456157 -171.7065 -22.258 -5658.959 1030.732 -1 33400 -5732.41623666
590245712 -169.7922 -23.22288 -5250.445 984.1144 9998 33400 -5637.87339881
590245723 -170.1165 -22.58344 -5280.053 1120.856 9998 33400 -5686.49545051
590245730 -169.1848 -21.90581 -5529.886 292.912 -1 33400 -5533.69058081
590245731 -169.3717 -21.38954 -5539.271 356.9804 -1 33400 -5545.10536152
590245735 -170.7567 -21.24738 -5517.714 284.1985 -1 33400 -5527.84860376
590245739 -170.9161 -21.04385 -5566.611 309.9843 -1 33400 -5583.41849041
590245743 -170.0558 -20.98409 -5586.586 398.4197 -1 33400 -5583.83721438
590245744 -169.9332 -20.75572 -5577.462 317.5038 -1 33400 -5538.17038159
590245745 -169.8563 -20.46136 -5525.44 163.2813 -1 33400 -5530.35142716
590245747 -169.728 -20.64089 -5546.986 287.3593 -1 33400 -5503.84015586
590245748 -169.9974 -20.72367 -5528.646 292.5159 -1 33400 -5561.64615764
590245749 -170.2471 -20.73254 -5491.339 302.3217 -1 33400 -5501.33009222
590245751 -169.4922 -20.2927 -5475.398 415.3157 -1 33400 -5484.12980257
590245752 -168.9357 -20.42258 -5536.887 358.6811 -1 33400 -5531.33125014
590245754 -168.3712 -20.54274 -5505.744 801.8938 -1 33400 -5515.78009301
590245755 -168.2307 -20.53198 -5590.034 927.7539 -1 33400 -5602.92230097
590245756 -168.2854 -20.4152 -5544.252 885.6592 -1 33400 -5544.57248618
590245757 -168.2082 -20.30324 -5521.229 907.9987 -1 33400 -5517.60936137
590245758 -168.1228 -19.94465 -5318.746 1275.706 -1 33400 -5303.07900295
590245759 -168.0688 -19.48324 -5179.579 899.6479 -1 33400 -5186.32492443
590245760 -168.0847 -18.97063 -5126.157 457.6815 -1 33400 -5135.93914169
590245761 -168.4212 -17.82604 -5081.239 1686.236 -1 33400 -5087.09976899
590245762 -168.7838 -17.23809 -5247.372 588.9411 -1 33400 -5222.51897891
590245763 -169.3149 -17.04288 -5241.7 515.329 -1 33400 -5209.51081718
590245764 -169.6618 -16.82788 -5188.87 446.2944 -1 33400 -5193.37482614
590245765 -169.8429 -16.51907 -5153.039 419.8389 -1 33400 -5184.87446813
590245766 -169.6858 -16.16832 -5232.519 607.0439 -1 33400 -5238.35797708
590245767 -169.3367 -15.82511 -5264.142 875.3209 -1 33400 -5251.9815106
590245768 -169.0873 -15.53544 -5224.43 1000.956 -1 33400 -5225.12064681
590245769 -168.8044 -15.36038 -5195.844 976.0795 -1 33400 -5202.81562626
590245770 -168.4859 -15.26845 -5243.031 936.1209 -1 33400 -5255.82133648
590245771 -168.4702 -15.35577 -5245.824 923.7377 -1 33400 -5248.3795141
590245772 -168.5595 -15.43241 -5244.155 951.1621 -1 33400 -5245.35772508
590245773 -168.4782 -15.32023 -5232.635 922.2856 -1 33400 -5232.8768228
590245774 -168.2146 -14.89421 -5227.692 612.6497 -1 33400 -5236.34427042
590245775 -167.9941 -14.19576 -5056.403 988.41 -1 33400 -4990.82404344
590245776 -168.2911 -13.95241 -5212.092 1153.685 -1 33400 -5262.20525381
590245777 -168.7041 -13.99879 -5178.011 1029.104 -1 33400 -5188.6133103
590245778 -169.1745 -13.3895 -5070.271 1106.842 -1 33400 -5102.91994948
590245779 -169.4759 -12.93728 -5053.757 847.204 -1 33400 -5033.59832022
590245780 -169.7264 -12.52892 -5058.89 688.6064 -1 33400 -5061.88311536
590245781 -169.9465 -12.38763 -4951.955 637.4628 -1 33400 -4944.60392764
590245782 -170.4197 -12.34334 -4997.338 686.2729 -1 33400 -5008.67965518
590245784 -170.7117 -12.13622 -5011.174 680.6771 -1 33400 -5061.08656808
590245785 -170.7772 -11.99771 -5009.452 639.1975 -1 33400 -5012.04139843
590245786 -170.7751 -11.96597 -5006.251 631.5779 -1 33400 -5013.77884663
590245787 -170.8146 -11.8344 -4968.578 552.6386 -1 33400 -4970.82239333
590245788 -170.924 -11.70494 -4933.618 454.7282 -1 33400 -4932.5145025
590245789 -170.9719 -11.51634 -4923.738 308.4701 -1 33400 -4931.49106891
590245790 -171.2043 -11.37106 -4770.738 334.29 9998 33400 -4775.2403467
590245791 -171.7951 -11.2292 -4795.463 673.8799 -1 33400 -4795.53969714
590245792 -171.9098 -10.81103 -4807.688 643.4428 -1 33400 -4805.0053183
590245796 -170.6711 -9.40465 -4377.188 371.7092 -1 33400 -4363.87636554
590245797 -170.7701 -8.844 -4390.021 728.14 -1 33400 -4369.86107559
590245798 -170.9392 -8.6229 -4482.389 850.4379 -1 33400 -4390.30172085
590245799 -171.4532 -8.63976 -4473.232 1033.205 -1 33400 -4468.3312644
5902457100 -171.5665 -8.85587 -4430.351 1308.984 -1 33400 -4423.41958311
5902457101 -172.0576 -8.65795 -4503.712 1115.12 -1 33400 -4516.25817555
5902457102 -172.3985 -8.27243 -4407.333 1534.903 -1 33400 -4439.9852227
5902457107 -173.8643 -8.35908 -4964.753 1231.796 -1 33400 -4975.83791528
5902457116 -175.4525 -7.06787 -5704.356 2830.821 -1 33400 -5735.10861945
5902457118 -175.828 -7.56089 -5480.313 1979.334 -1 33400 -5474.02991987
5902457119 -175.8226 -7.69576 -5580.05 1882.419 -1 33400 -5573.83295664
5902457120 -175.7437 -7.66462 -5559.991 1966.491 -1 33400 -5555.09706644
5902457121 -175.7126 -7.55496 -5542.945 2199.787 -1 33400 -5538.40054008
5902457122 -175.7222 -7.51689 -5483.907 2216.276 -1 33400 -5478.38480477
5902457123 -175.7677 -7.59025 -5527.915 2123.894 -1 33400 -5529.26250127
5902457124 -175.9279 -7.64627 -5611.361 2113.941 -1 33400 -5604.94005875
5902457125 -176.0203 -7.69864 -5617.362 2062.316 -1 33400 -5623.74897521
5902457126 -176.0078 -7.58317 -5613.889 2450.84 -1 33400 -5598.82015
5902457127 -175.977 -7.59637 -5591.791 2454.611 -1 33400 -5581.38941703
5902457128 -176.0048 -7.5989 -5585.492 2379.116 -1 33400 -5594.30305861
5902457129 -176.1443 -7.53148 -5245.348 1955.445 -1 33400 -5243.23424524
5902457130 -176.3419 -7.42133 -5630.772 2718.986 -1 33400 -5621.40087039
5902457131 -176.5291 -7.38389 -5651.417 2676.794 -1 33400 -5656.97676433
5902457132 -176.7897 -7.47663 -5577.851 2496.228 9998 33400 -5919.24572021
5902457133 -177.134 -7.49616 -5571.839 2314.188 9998 33400 -5994.85166206
5902457134 -177.2602 -7.48563 -5591.612 2313.394 -1 33400 -5761.89565264
5902457135 -177.5055 -7.51966 -5521.138 1965.941 -1 33400 -5565.7885317
5902457136 -177.3927 -7.40261 -5612.072 2355.078 -1 33400 -5724.19009316
5902457137 -177.517 -7.33337 -5605.104 2421.374 -1 33400 -5652.79613152
5902457138 -177.499 -7.22693 -5374.542 2100.508 9998 33400 -5344.24400624
5902457139 -177.5388 -7.29434 -5386.37 1948.101 -1 33400 -5362.44817971
5902457140 -177.7353 -7.22682 -5325.838 1896.505 -1 33400 -5560.68798781
5902457141 -177.6584 -7.18339 -5234.228 1871.943 -1 33400 -5208.74224661
5902457142 -177.7036 -7.16123 -5476.292 2102.576 -1 33400 -5471.98766611
5902457143 -177.7269 -7.16158 -5490.449 2110.992 -1 33400 -5480.06545312
5902457144 -177.5548 -7.0164 -5540.009 2276.264 -1 33400 -5462.91909866
5902457145 -177.527 -6.94287 -5724.908 2693.474 -1 33400 -5739.59340285
5902457146 -177.4612 -6.87043 -5604.582 2455.281 -1 33400 -5614.67562732
5902457149 -177.531 -6.56694 -5759.92 2631.977 -1 33400 -5765.47005769
5902457150 -177.6077 -6.49775 -5673.812 2304.224 -1 33400 -5682.49075932
5902457151 -177.7419 -6.45267 -5572.549 2099.262 -1 33400 -5615.63313559
5902457152 -177.8572 -6.43259 -5576.816 2115.922 -1 33400 -5513.24082099
5902457153 -177.9456 -6.40606 -5678.861 2148.418 -1 33400 -5570.66347518
5902457155 -178.2954 -6.14661 -5644.009 1920.1 -1 33400 -5703.49692102
5902457156 -178.5007 -5.91923 -5775.974 1917.499 9998 33400 -5833.25920018
5902457157 -178.3745 -5.88162 -5683.667 1754.297 -1 33400 -5694.16504418
5902457159 -178.7355 -5.62096 -5172.747 1374.888 -1 33400 -5113.07283832
5902457160 -178.7437 -5.49151 -5634.292 2005.019 -1 33400 -6029.47173375
5902457161 -179.0422 -5.37531 -5521.187 2103.799 -1 33400 -5580.4939545
5902457162 -179.3496 -5.45135 -5441.956 2079.094 -1 33400 -5667.37313798
5902457163 -179.707 -5.24326 -5436.544 2424.576 -1 33400 -5490.14326021
5902457164 179.7033 -5.33551 -5418.883 2786.962 -1 33400 -5406.65967213
5902457165 179.8873 -5.43722 -5372.408 2432.163 -1 33400 -5375.80477655
5902457166 -179.8535 -5.25045 -5358.066 2589.857 -1 33400 -5513.46144692
590247810 -158.5989 -34.59285 -5296.98 351.9723 -1 33400 -5301.92438912
590247811 -158.6013 -34.67539 -5376.855 386.2461 -1 33400 -5363.5691688
590247812 -158.5604 -34.77974 -5323.147 377.9637 -1 33400 -5324.30705357
590247813 -158.1707 -34.7587 -5307.948 151.865 -1 33400 -5314.85150949
590247814 -158.2197 -34.5986 -5341.248 137.6451 -1 33400 -5350.99880661
590247815 -158.2366 -34.51541 -5191.582 138.3032 9998 33400 -5263.59185192
590247816 -158.3264 -34.43609 -5236.588 188.8899 9998 33400 -5285.98542148
590247817 -158.4069 -34.42823 -5189.683 229.1508 9998 33400 -5217.05792641
590247818 -158.3811 -34.43228 -5230.388 215.2899 -1 33400 -5260.37198328
590247819 -158.1828 -34.40596 -5256.758 177.987 -1 33400 -5262.07442799
590247820 -157.7803 -34.2518 -5216.513 317.8703 -1 33400 -5264.25411455
590247821 -157.4671 -34.17274 -5335.922 308.0634 -1 33400 -5354.44873851
590247826 -157.6486 -34.05938 -5221.348 377.4963 -1 33400 -5232.92724638
590247827 -157.75 -34.02312 -5294.333 414.4236 -1 33400 -5324.10685866
590247828 -157.7197 -33.91287 -5223.158 485.8357 -1 33400 -5223.94291375
590247829 -157.8828 -33.79068 -5254.418 710.1606 -1 33400 -5299.02450198
590247830 -158.0115 -33.96135 -5274.498 550.3947 -1 33400 -5313.97425518
590247831 -158.0533 -34.0745 -5273.38 450.0301 -1 33400 -5232.25085985
590247832 -157.9701 -34.10029 -5239.55 401.1268 -1 33400 -5268.41823404
590247838 -157.6754 -34.20383 -5313.724 315.4634 -1 33400 -5336.72215454
590247839 -157.8624 -34.12694 -5226.26 356.4452 -1 33400 -5257.44888486
590247840 -158.043 -34.13231 -5241.473 384.4463 -1 33400 -5179.81132298
590247841 -158.4084 -34.17082 -5252.407 396.9349 -1 33400 -5379.95984772
590247842 -158.6327 -34.16393 -5347.066 449.3887 -1 33400 -5344.12024845
590247843 -158.6173 -34.05925 -5159.312 488.9532 -1 33400 -5190.41507033
590247844 -158.4713 -33.99035 -5375.718 623.8357 -1 33400 -5399.7523679
590247845 -158.4651 -34.22997 -5281.449 351.5913 -1 33400 -5295.61172149
590247846 -158.6118 -34.28519 -5215.334 333.5159 -1 33400 -5224.31935672
590247847 -158.6231 -34.42309 -5297.542 339.2784 -1 33400 -5299.09984255
590247848 -158.2243 -34.58897 -5338.54 137.5251 -1 33400 -5345.19494334
590247849 -158.0992 -34.07215 -5273.867 469.0405 9998 33400 -5191.25045519
590247850 -157.8347 -34.01542 -5302.958 457.603 -1 33400 -5300.16982525
590247851 -157.9632 -33.75663 -5173.114 746.1416 -1 33400 -5209.41851611
590247852 -158.0752 -33.77134 -5233.784 788.0382 -1 33400 -5271.95604012
590247853 -157.9555 -33.82395 -5230.466 702.5831 -1 33400 -5239.78409925
590247854 -157.9796 -33.86467 -5213.681 636.9561 -1 33400 -5234.05519679
590247855 -157.8772 -33.917 -5170.91 551.2727 -1 33400 -5194.31361812
590247856 -157.7533 -33.91569 -5221.509 504.9009 -1 33400 -5234.71642177
590247857 -157.7891 -33.54904 -5262.667 931.3212 -1 33400 -5258.07207131
590247858 -158.0573 -33.28895 -5245.048 927.5865 -1 33400 -5261.04707611
590247859 -158.4609 -32.91871 -5253.838 967.5856 -1 33400 -5251.22472792
590247860 -158.6656 -32.62246 -5346.311 786.0829 -1 33400 -5242.98032332
590247862 -158.1929 -32.60924 -5202.99 781.1064 -1 33400 -5243.10605582
590247866 -157.9034 -32.56883 -5135.625 828.4564 -1 33400 -5144.07794657
590247869 -157.5827 -32.7385 -5391.787 791.7147 -1 33400 -5537.75797014
590247870 -157.5908 -32.8468 -5373.625 799.6132 -1 33400 -5052.3451371
590247872 -157.0056 -33.11378 -5217.114 751.0428 -1 33400 -5272.39674716
590247873 -157.0979 -33.1026 -5308.603 807.071 -1 33400 -5327.04806718
590247875 -157.3287 -33.68848 -5331.88 865.7886 -1 33400 -5330.47611315
590247876 -157.3674 -33.73927 -5374.091 805.5654 -1 33400 -5362.74704757
590247877 -157.3869 -33.76059 -5349.77 780.3079 -1 33400 -5352.21645365
590247878 -157.5165 -33.72823 -5343.682 770.8928 -1 33400 -5328.00571394
590247879 -157.1691 -33.73277 -5293.495 816.2274 -1 33400 -5288.89828927
590247880 -157.2975 -34.01575 -5230.478 439.024 -1 33400 -5320.5006921
590247882 -157.01 -34.92362 -5323.081 381.8586 -1 33400 -5308.35952782
590247883 -156.8913 -34.8254 -5381.047 306.8341 -1 33400 -5390.19355266
590247884 -156.373 -34.59574 -5220.429 471.8891 -1 33400 -5270.51094865
590247885 -155.7845 -34.80319 -5300.565 625.0519 -1 33400 -5319.87054117
590247886 -155.2226 -34.89997 -5463.607 620.5224 -1 33400 -5465.97676061
590247887 -155.0927 -34.96378 -5451.088 513.0898 -1 33400 -5567.10821957
590247888 -155.1456 -34.88447 -5462.548 574.8025 -1 33400 -5505.78574334
590247889 -154.9726 -34.70672 -5422.162 397.231 -1 33400 -5370.13656775
590247890 -154.6009 -34.65008 -5399.432 207.5533 -1 33400 -5413.9780319
590247891 -154.3612 -34.60415 -5351.416 302.7789 -1 33400 -5356.72710118
590247892 -153.9737 -34.60052 -5434.121 362.4906 -1 33400 -5469.28955005
590247893 -153.7985 -34.48791 -5290.246 166.6187 -1 33400 -5441.38267921
590247894 -153.6805 -34.43928 -5425.192 78.02853 -1 33400 -5510.68622109
590247895 -153.5809 -34.23659 -5234.45 245.382 -1 33400 -5264.6905889
590247896 -153.2558 -33.96137 -5271.396 632.0398 -1 33400 -5269.71218044
590247897 -153.0952 -33.84316 -5290.538 822.4794 -1 33400 -5297.10754098
590247898 -153.0183 -33.85549 -5264.758 770.0259 -1 33400 -5268.14553474
590247899 -152.7756 -33.74562 -5263.354 827.3134 -1 33400 -5281.97635298
5902478100 -152.624 -33.6654 -5277.15 827.4216 -1 33400 -5210.84590244
5902478101 -152.537 -33.5679 -5227.866 886.2839 -1 33400 -5252.79766086
5902478102 -152.5104 -33.51937 -4982.741 814.9248 -1 33400 -5139.26774427
5902478103 -152.6591 -33.33005 -5110.375 824.1672 -1 33400 -5195.07766525
5902478104 -152.9204 -33.24068 -5238.867 778.5385 -1 33400 -5312.78989249
5902478105 -152.9561 -33.20062 -4967.74 677.6224 -1 33400 -5053.14506772
5902478106 -152.9244 -33.18066 -5284.053 804.3463 -1 33400 -5188.23325481
5902478107 -152.8755 -33.1464 -5189.086 738.6926 -1 33400 -5244.08974401
5902478108 -152.666 -33.10948 -5299.588 874.4491 -1 33400 -5302.73394336
5902478109 -152.5557 -33.21133 -5081.526 859.6568 -1 33400 -5070.28362962
5902478110 -152.563 -33.29334 -4996.032 835.1882 -1 33400 -4998.51956146
5902478111 -152.4629 -33.26449 -4956.748 869.6559 -1 33400 -4999.21655782
5902478112 -152.5752 -33.40916 -4953.193 814.395 -1 33400 -5059.82700331
5902478113 -152.325 -33.32931 -5322.742 1075.598 9998 33400 -5311.94072025
5902478114 -152.0637 -33.24229 -4957.825 890.763 -1 33400 -4955.61220136
5902478115 -152.0179 -33.30159 -4901.124 856.3698 -1 33400 -4914.23497335
5902478116 -151.8203 -33.35198 -5075.163 900.1934 -1 33400 -5084.07644561
5902478117 -151.664 -33.24495 -5132.23 851.2833 -1 33400 -5138.52695917
5902478118 -151.5269 -33.41298 -5258.366 937.6366 -1 33400 -5264.57780937
5902478119 -151.3199 -33.77731 -5269.734 873.1931 -1 33400 -5266.36925593
5902478120 -151.0377 -33.98423 -5387.538 719.2971 -1 33400 -5377.22978672
5902478121 -150.7189 -34.05307 -5374.238 558.0831 -1 33400 -5358.7797474
5902478122 -150.6393 -33.87011 -5341.485 497.5227 -1 33400 -5345.9603404
5902478124 -151.0081 -33.94935 -5359.854 721.1683 -1 33400 -5362.11941544
5902478125 -150.8666 -34.12136 -5233.241 468.3389 -1 33400 -5240.92048974
5902478126 -150.6567 -34.12012 -5336.625 498.65 -1 33400 -5339.20074418
5902478127 -150.5365 -34.0221 -5269.819 434.1251 9998 33400 -5257.27195254
5902478128 -150.3644 -33.83241 -5349.252 341.5279 -1 33400 -5347.08457112
5902478129 -150.2908 -33.64707 -5244.404 307.0655 -1 33400 -5245.75629564
5902478130 -150.3473 -33.67881 -5269.586 321.0786 -1 33400 -5264.05849074
5902478131 -150.3815 -33.79045 -5306.839 332.5494 -1 33400 -5303.90020582
5902478132 -150.2967 -33.79091 -5340.068 302.8101 -1 33400 -5343.49043516
5902478133 -150.3513 -33.74703 -5239.32 303.2215 -1 33400 -5251.73690306
5902478134 -150.3155 -33.6244 -5305.752 355.3278 -1 33400 -5300.98146195
5902478135 -149.941 -33.57698 -5333.965 252.9366 -1 33400 -5393.56236893
5902478136 -149.7446 -33.70792 -5270.445 143.295 -1 33400 -5299.82897083
5902478137 -149.4101 -33.96065 -5065.395 255.8306 -1 33400 -5217.31665734
5902478139 -149.0511 -34.02488 -5372.604 516.4542 -1 33400 -5368.52171312
5902478142 -149.5312 -33.48051 -5149.095 150.2428 -1 33400 -5088.73869081
5902478143 -149.65 -33.47895 -5020.886 151.9982 9998 33400 -4914.63521402
5902478144 -149.5698 -33.53116 -5363.047 179.3615 -1 33400 -5392.85033974
5902478146 -149.3309 -33.72505 -5289.429 239.9001 -1 33400 -5289.56126525
5902478147 -149.2733 -33.90565 -5387.671 386.9633 -1 33400 -5734.20082251
5902478148 -149.1735 -33.9149 -5375.851 388.175 -1 33400 -5781.9644775
5902478151 -149.0208 -33.9365 -4738.718 307.3016 -1 33400 -4795.85263795
5902478152 -148.8727 -33.84196 -5001.523 306.2049 -1 33400 -5045.2948063
5902478153 -148.8463 -33.8261 -5036.065 300.0259 -1 33400 -5079.88354721
5902478154 -148.7427 -33.78613 -4942.555 274.246 -1 33400 -5045.4486362
5902478155 -148.6975 -33.81539 -5060.9 331.6302 -1 33400 -5005.76500882
5902478156 -148.5393 -33.88284 -5196.226 419.7573 -1 33400 -5197.67941284
5902478157 -148.2755 -33.85462 -4969.695 394.0367 -1 33400 -4964.33017773
5902478158 -148.2804 -33.75584 -4901.711 313.6168 -1 33400 -4913.4069672
5902478161 -148.1864 -33.67115 -4987.141 284.0571 -1 33400 -4998.40494124
5902478162 -147.8847 -33.74599 -4935.294 294.8187 -1 33400 -4909.54706148
5902478163 -147.914 -33.56328 -4916.931 147.1976 -1 33400 -4894.55657002
5902478164 -147.8824 -33.64421 -4868.27 204.5457 -1 33400 -4867.96675975
5902478165 -147.8538 -33.74694 -4823.279 274.3795 -1 33400 -4841.21823254
5902478167 -147.926 -33.61562 -4756.524 180.7309 -1 33400 -4759.27977598
5902478168 -147.9522 -33.6035 -4679.5 165.9149 -1 33400 -4690.24522589
5902478169 -147.9911 -33.56817 -4796.262 167.8274 -1 33400 -4810.64980906
5902478170 -148.1049 -33.38826 -4921.954 142.6057 -1 33400 -4888.68034376
5902478171 -148.1966 -33.29396 -4710.807 142.2733 9998 33400 -4972.81906107
5902478172 -148.2495 -33.28001 -4942.282 181.519 -1 33400 -4959.26327661
5902478173 -148.2715 -33.18988 -4848.556 179.5655 -1 33400 -4871.45743168
5902478174 -148.2836 -33.22207 -4807.569 186.9632 -1 33400 -4831.03228566
5902478175 -148.2754 -33.17565 -4889.916 193.3258 -1 33400 -4874.87641862
5902478176 -148.2925 -33.17245 -4666.359 181.8017 -1 33400 -4692.71607806
5902478177 -148.3134 -33.17746 -4545.844 178.2538 -1 33400 -4543.11796167
5902478178 -148.3503 -33.17669 -4591.336 197.5791 -1 33400 -4582.67376185
5902478179 -148.3842 -33.1775 -4950.477 259.4879 -1 33400 -4905.03860045
5902478180 -148.4113 -33.17912 -4637.595 232.242 -1 33400 -4649.38334063
5902478181 -148.4556 -33.17838 -4846.23 283.2638 -1 33400 -4858.46342235
5902478182 -148.4856 -33.18342 -4873.313 286.5258 9998 33400 -4863.06063482
5902478183 -148.5047 -33.18729 -5009.078 323.15 -1 33400 -5030.52544067
5902478184 -148.5189 -33.19596 -5056.704 331.4993 -1 33400 -4991.07692808
5902478185 -148.5308 -33.20403 -4836.415 298.1641 -1 33400 -4896.06835471
590247912 -173.1208 -31.25599 -5325.405 156.9609 9998 33400 -5425.81839392
590247921 -173.1025 -30.82296 -5639.244 413.2839 9998 33400 -5460.91435852
590247933 -174.5006 -30.70686 -5649.361 266.7282 9998 33400 -5620.30621656
590247936 -174.2747 -30.66908 -5671.634 222.0076 9998 33400 -5629.23660293
590247937 -174.3004 -30.58668 -5499.958 119.1234 9998 33400 -5620.25415517
590247940 -174.4507 -30.37548 -5598.122 95.55135 9998 33400 -5670.71912177
590247941 -174.0488 -30.54398 -5728.288 215.3519 9998 33400 -5663.12342669
590247942 -173.5768 -30.69697 -5740.889 380.3358 9998 33400 -5719.23092267
590247943 -173.2971 -30.70823 -5423.687 394.6777 9998 33400 -5510.08330528
590247944 -173.4074 -30.63952 -5380.319 415.5296 9998 33400 -5461.79228023
590247945 -173.4963 -29.90901 -5155.75 1257.968 -1 33400 -5247.65042875
590247949 -172.8973 -28.98316 -5572.699 1212.993 9998 33400 -5557.71811644
590247950 -172.8011 -29.01989 -5594.949 1183.802 9998 33400 -5375.45119517
590247951 -172.9493 -29.09073 -5564.81 1330.701 -1 33400 -5601.19366818
590247952 -172.5659 -29.12887 -5666.33 1257.075 9998 33400 -5490.38434795
590247953 -172.4945 -28.90883 -5503.402 820.0882 9998 33400 -5445.27837025
590247954 -172.731 -28.81535 -5482.717 876.9 9998 33400 -5348.49108549
590247955 -172.8613 -28.74334 -5388.395 836.8173 9998 33400 -5427.98961413
590247956 -172.6429 -28.57681 -5420.825 532.8203 9998 33400 -5468.12747045
590247957 -172.5918 -28.53486 -5406.31 450.4959 9998 33400 -5410.31428208
590247958 -172.7359 -28.3026 -5356.215 210.2137 9998 33400 -5351.95798417
590247959 -172.64 -28.23327 -5345 60.41965 9998 33400 -5342.65253645
590247960 -172.5899 -28.33354 -5380.523 194.9239 9998 33400 -5376.05592749
590247961 -172.4597 -28.41248 -5374.968 326.8068 9998 33400 -5371.97430208
590247962 -172.1183 -28.66944 -5363.039 547.6235 9998 33400 -5361.70313613
590247963 -171.8098 -28.66733 -5245.854 539.368 9998 33400 -5215.2035333
590247964 -171.6619 -29.12116 -5085.842 862.9894 -1 33400 -5234.3523989
590247965 -171.582 -29.05805 -5340.201 843.5262 -1 33400 -5356.82026404
590247966 -171.3916 -29.13342 -5376.895 1025.795 9998 33400 -5359.82258658
590252012 129.9147 -41.99855 -4995.757 428.3904 9998 33400 -5112.17610062
590252013 129.8874 -41.98437 -5143.362 446.8043 9998 33400 -5118.16384959
590252015 129.9352 -42.01668 -5025.799 445.2818 9998 33400 -5091.78627795
590252019 129.9275 -41.92437 -4803.856 372.2049 9998 33400 -5143.54116491
590252020 129.9219 -41.91612 -5036.121 391.8436 9998 33400 -5151.16970426
590252021 129.9386 -41.92322 -4961.179 376.9366 9998 33400 -5154.71720567
590252023 129.9874 -41.83708 -4737.228 324.964 9998 33400 -4982.83245949
590252024 129.9972 -41.83116 -4728.204 327.6808 9998 33400 -4896.127878
590252025 129.9541 -41.81454 -4670.162 315.5372 9998 33400 -5003.50429739
590252026 129.9773 -41.81554 -4919.241 349.8934 9998 33400 -4967.79829523
590252027 129.9 -41.76168 -5129.031 345.8302 9998 33400 -5106.30570489
590252028 129.6951 -41.73796 -5121.678 352.1053 9998 33400 -5284.3610948
590252032 129.3438 -41.69653 -5105.419 469.0037 9998 33400 -4853.22079836
590252033 129.3094 -41.71347 -4851.391 425.4118 9998 33400 -4668.14830731
590252034 129.2873 -41.72152 -5041.444 463.899 9998 33400 -4596.24708238
590252044 129.1624 -41.72157 -5164.605 472.6228 9998 33400 -4796.13815014
590252045 129.0141 -41.68142 -5315.701 461.6651 -1 33400 -5240.59129474
590252046 128.7122 -41.64703 -5075.982 324.7281 9998 33400 -5054.69716367
590252047 128.5221 -41.61453 -5210.667 251.6488 9998 33400 -5255.97392333
590252049 128.1958 -41.263 -5143.508 243.4688 9998 33400 -5101.0267519
590252050 128.2179 -41.23068 -5151.178 227.7414 9998 33400 -5139.66477055
590252051 128.3839 -41.04165 -5332.567 101.6756 -1 33400 -5238.70958476
590252052 128.5159 -40.84979 -5313.297 78.05612 9998 33400 -5234.68302455
590252053 128.5459 -41.05147 -5108.433 88.10448 -1 33400 -5110.41315076
590252054 128.5402 -41.05285 -5125.293 88.74715 -1 33400 -5118.62805071
590252055 128.8054 -41.0927 -5191.543 195.8499 -1 33400 -5133.55113239
590252056 128.8199 -40.9179 -5229.403 113.3321 9998 33400 -5315.73688572
590252058 128.9881 -40.84219 -5361.416 196.5709 9998 33400 -5471.41163406
590252060 128.9501 -40.92036 -5237.731 198.2421 9998 33400 -5289.75973226
590252061 128.9487 -40.90637 -5141.931 181.5139 9998 33400 -5295.76124357
590252062 128.9576 -40.91982 -5281.021 205.9938 9998 33400 -5297.23004404
590252064 129.1686 -40.86476 -5136.04 291.0056 9998 33400 -5431.78161211
590252065 129.2322 -40.9172 -5382.673 343.8955 9998 33400 -5372.02288222
590252066 129.3822 -41.05948 -5526.485 349.0366 9998 33400 -5421.0250886
590252067 129.322 -41.21666 -5333.45 378.3787 -1 33400 -5355.77432198
590252068 129.6082 -41.25708 -5426.831 278.4469 -1 33400 -5414.63706759
590252070 129.5136 -41.31644 -5408.802 328.3797 9998 33400 -5547.79975067
590252071 129.4622 -41.21855 -5202.526 316.981 -1 33400 -5177.88133902
590252072 129.6504 -41.19206 -5577.29 275.5269 -1 33400 -5446.59580051
590252073 129.8024 -41.30251 -5412.583 265.0385 -1 33400 -5434.38705428
590252074 129.9467 -41.387 -5188.982 281.8881 9998 33400 -5600.10872796
590252075 129.8933 -41.45139 -5567.294 317.4323 9998 33400 -5666.69103122
590252076 129.6324 -41.35916 -5283.326 279.5185 -1 33400 -5245.68685169
590252077 129.5496 -41.3541 -5231.712 304.25 -1 33400 -5199.81921698
590252078 129.556 -41.33274 -5339.104 310.4473 9998 33400 -5397.38749697
590252079 129.6149 -41.34177 -5159.167 270.8328 -1 33400 -5265.61383359
590252080 129.6058 -41.34101 -5238.401 286.8482 -1 33400 -5203.00951129
590252081 129.6698 -41.38231 -5182.01 272.0009 -1 33400 -5060.47875189
590252082 129.7556 -41.38033 -4924.189 236.7404 -1 33400 -4950.33743048
590252084 129.7744 -41.39044 -4921.954 236.7837 -1 33400 -4959.62471303
590252088 129.4977 -41.1747 -5331.05 322.2191 -1 33400 -5285.33839594
590252089 129.2467 -41.11207 -5188.628 362.9792 9998 33400 -5158.93457952
590252090 129.1964 -41.24064 -5196.607 389.4769 -1 33400 -5442.24125928
590252091 129.0725 -41.19709 -5275.561 363.3924 -1 33400 -5271.469825
590252092 128.8939 -41.18134 -5347.504 277.7616 -1 33400 -5344.37273523
590252093 128.7108 -41.18967 -5085.692 171.2085 -1 33400 -5039.20541055
590252094 128.7368 -41.22098 -5153.217 192.8467 9998 33400 -5230.49922965
590252095 128.8672 -41.24085 -5059.5 244.7267 9998 33400 -5179.66898631
590252096 128.7726 -41.23859 -4978.75 199.6685 9998 33400 -5236.95366487
590252097 128.8402 -41.25903 -5350.079 275.1714 9998 33400 -5228.39500659
590252098 129.034 -41.22151 -5281.939 346.5257 -1 33400 -5377.5168728
590252099 129.0267 -41.18375 -5287.381 339.4043 -1 33400 -5290.12297011
5902520101 128.9916 -41.08545 -5306.018 308.6636 -1 33400 -5243.04708096
5902520104 128.8373 -41.12314 -5306.774 223.639 -1 33400 -5295.72874851
5902520107 128.9634 -41.15054 -5130.093 283.4834 -1 33400 -5123.59093115
5902520108 129.1197 -41.26937 -5054.738 357.494 9998 33400 -5200.02625732
5902520109 129.1563 -41.29447 -5066.455 370.798 -1 33400 -4943.30734667
5902520110 129.1963 -41.3085 -5107.829 368.0448 -1 33400 -5121.12382235
5902520111 129.2532 -41.3139 -5155.498 372.0359 -1 33400 -5148.87231622
5902520112 129.318 -41.29849 -5310.465 382.1457 -1 33400 -5300.14458863
5902520113 129.5127 -41.16017 -5379.65 304.7724 -1 33400 -5388.08398126
5902520114 129.4547 -41.07195 -5318.126 297.8888 9998 33400 -5536.72561152
5902520115 129.3458 -41.0386 -5417.262 342.4051 9998 33400 -5383.0038114
5902520116 129.4607 -41.00351 -5137.042 259.6009 9998 33400 -5430.44640657
5902520117 129.4761 -40.98384 -5215.908 263.4662 9998 33400 -5410.95463524
5902520118 129.4152 -40.96 -5489.194 316.6916 9998 33400 -5429.56248361
5902520119 129.5001 -40.9973 -5232.077 262.1972 9998 33400 -5384.13991539
5902520120 129.3672 -40.96465 -5271.702 314.4376 9998 33400 -5372.09148099
5902520121 129.3212 -40.96367 -5258.822 321.5486 9998 33400 -5328.43055024
5902520122 129.4015 -40.98596 -5182.488 288.7886 9998 33400 -5409.33636912
5902520123 129.2657 -40.95615 -5279.84 346.2722 9998 33400 -5335.74884789
5902520124 129.2722 -40.97948 -5194.407 334.3654 9998 33400 -5320.36979169
5902520125 129.0156 -40.92663 -5362.341 259.375 9998 33400 -5354.40541579
5902520126 128.7444 -40.72653 -5172.73 109.6516 9998 33400 -5310.66177628
5902520127 128.954 -40.77086 -5292.711 168.1389 9998 33400 -5478.85504534
5902520128 129.1926 -40.75295 -5247.302 281.3005 9998 33400 -5529.79464674
5902520129 129.1396 -40.90368 -5450.907 329.0952 9998 33400 -5391.43431489
5902520130 129.136 -40.94583 -5414.985 342.2978 9998 33400 -5353.88722816
5902520131 129.0987 -40.92437 -5289.539 299.7614 9998 33400 -5379.12663582
5902520132 129.0491 -40.85661 -5406.222 249.1739 9998 33400 -5504.64942336
5902520133 129.1631 -40.7663 -5481.938 303.0584 9998 33400 -5528.32276038
5902520134 129.2105 -40.81114 -5392.115 308.3448 9998 33400 -5518.83232095
5902520135 129.1088 -40.80825 -5555.145 287.3533 9998 33400 -5508.23968852
5902520136 129.1839 -40.80378 -5266.453 284.0267 9998 33400 -5526.74868551
5902520137 129.2694 -40.67705 -5401.763 343.0148 9998 33400 -5334.81352708
5902520138 129.1968 -40.6346 -5359.387 331.3371 -1 33400 -5369.01074567
5902520139 128.8665 -40.5165 -5290.316 273.6642 9998 33400 -5425.54
5902520140 128.7797 -40.58619 -5252.902 195.9046 9998 33400 -5298.40375934
5902520141 129.0296 -40.57604 -5166.018 277.611 9998 33400 -5394.35210105
5902520142 128.7863 -40.59635 -5143.821 181.2701 9998 33400 -5300.22560638
5902520143 128.5778 -40.6518 -5125.578 124.6432 9998 33400 -5036.94257233
5902520144 128.7321 -40.62939 -5178.104 156.306 9998 33400 -5170.99221003
5902520145 128.6868 -40.67426 -5219.542 132.8469 -1 33400 -5108.95077445
5902520146 128.7623 -40.60546 -5162.032 176.2227 9998 33400 -5263.25007983
5902520147 128.5925 -40.56297 -5364.746 185.8209 9998 33400 -5337.33088875
5902520148 128.286 -40.65429 -5393.45 184.3588 9998 33400 -5343.7869097
5902520149 128.0033 -40.67038 -5232.62 365.92 -1 33400 -5496.74776376
5902520150 127.7645 -40.64631 -5428.584 623.3082 9998 33400 -5046.72429396
5902520151 127.7411 -40.64707 -5386.098 634.2307 9998 33400 -5040.73450963
5902520152 127.8481 -40.64973 -5428.293 564.4391 9998 33400 -5036.68968307
5902520153 127.7796 -40.62652 -5570.132 653.2918 9998 33400 -5047.86158354
5902520154 127.5477 -40.66728 -5093.688 662.2192 9998 33400 -4974.76680236
5902520155 127.6225 -40.63251 -5278.833 672.6996 9998 33400 -5074.93246255
5902520157 127.8486 -40.18015 -5262.685 566.2737 9998 33400 -5140.87699272
5902520158 127.5382 -40.12964 -5396.805 783.0253 9998 33400 -5144.8152345
5902520159 127.6399 -39.93455 -5250.308 663.6724 9998 33400 -5288.16746098
5902520160 127.4085 -40.09283 -5446.859 839.0659 9998 33400 -5294.57124447
5902520161 126.8263 -40.19138 -5263.358 619.1828 9998 33400 -5110.30113714
5902520162 126.9503 -40.55277 -5216.694 506.4557 9998 33400 -5056.12429631
5902520163 126.9363 -40.56297 -5209.619 496.5812 9998 33400 -5044.82601234
5902520164 126.7137 -40.4972 -5204.807 322.2289 9998 33400 -5099.46463017
5902520165 126.7963 -40.36673 -5195.665 424.412 9998 33400 -5110.29537862
5902520166 126.8005 -40.35763 -5156.045 421.6706 9998 33400 -5107.79566306
5902520167 126.8075 -40.3476 -5071.739 415.3344 9998 33400 -5107.25385504
5902520168 126.799 -40.34096 -5093.258 411.036 9998 33400 -5102.47817896
5902520169 126.787 -40.3315 -5127.472 407.9966 9998 33400 -5095.11514272
5902520170 126.7676 -40.32078 -5128.931 412.3891 9998 33400 -5083.53962983
5902520171 126.7521 -40.31428 -5224.751 414.2147 9998 33400 -5073.12838932
5902520172 126.7391 -40.30365 -5267.468 412.4749 9998 33400 -5068.22682411
5902520173 126.7313 -40.2872 -5339.323 425.619 9998 33400 -5074.15406735
5902520174 126.7267 -40.27526 -5266.417 421.8224 9998 33400 -5078.63590265
590252110 130.0208 -37.98294 -5355.056 483.7787 9998 33400 -5378.8001973
590252111 130.0405 -37.98183 -5386.136 494.7118 9998 33400 -5392.63301789
590252112 130.1062 -37.96121 -5219.95 434.7168 9998 33400 -5499.97634075
590252122 130.5565 -37.83936 -5588.27 369.385 -1 33400 -5600.9982593
590252123 131.026 -38.00897 -5588.668 528.2941 -1 33400 -5599.7977517
590252124 131.3765 -38.04952 -5592.033 463.7404 -1 33400 -5601.58469811
590252125 131.423 -38.07638 -5589.021 485.9267 -1 33400 -5599.00358408
590252126 131.162 -37.99443 -5587.224 535.927 -1 33400 -5598.99962986
590252127 130.7525 -38.11694 -5589.001 378.0189 9998 33400 -5570.16797087
590252128 130.272 -38.12992 -5479.375 303.8687 9998 33400 -5481.06059398
590252129 130.1677 -38.29804 -5588.04 343.9249 9998 33400 -5577.58210728
590252130 129.9818 -38.40989 -5524.618 400.4112 9998 33400 -5528.64011705
590252131 130.0465 -38.45857 -5138.42 325.6924 9998 33400 -5435.48474139
590252137 129.7998 -39.54505 -5371.826 283.7219 9998 33400 -5264.59846347
590252138 129.7729 -39.54972 -5388.667 294.2716 9998 33400 -5206.42479236
590252139 129.7338 -39.53284 -5076.476 252.2659 9998 33400 -5198.94816979
590252140 129.7644 -39.5488 -5131.81 272.8016 9998 33400 -5194.61099468
590252141 129.7928 -39.53184 -5076.379 230.3767 9998 33400 -5270.07558774
590252142 129.5728 -39.44576 -5582.625 217.716 9998 33400 -5518.1907484
590252143 129.4257 -39.23148 -5580.123 233.9063 9998 33400 -5599.91144639
590252144 129.4012 -38.67135 -5581.178 634.8453 9998 33400 -5585.4772936
590252148 129.9765 -38.06024 -5488.989 505.7207 9998 33400 -5375.32150954
590252149 129.5155 -38.30055 -5587.749 680.2614 9998 33400 -5452.99349775
590252150 129.1027 -38.60253 -5537.971 742.4251 9998 33400 -5470.8539168
590252151 129.0331 -38.67917 -5335.937 691.5233 9998 33400 -5395.09901264
590252152 129.071 -38.70633 -5406.599 682.7131 9998 33400 -5283.78692245
590252153 129.1625 -38.76001 -5378.402 617.3185 9998 33400 -5295.29566122
590252154 129.1004 -38.74448 -5238.474 607.9577 9998 33400 -5110.16998443
590252155 129.1205 -38.73398 -5167.366 600.2684 -1 33400 -5280.70999948
590252156 129.2136 -38.74412 -5298.817 582.0806 9998 33400 -5277.00912813
590252158 129.3313 -38.72489 -5238.581 580.8166 9998 33400 -5422.85334478
590252159 129.2785 -38.70893 -4957.587 520.2946 9998 33400 -5440.10861625
590252160 129.2923 -38.71902 -5186.848 549.7543 9998 33400 -5428.2711449
590252161 129.2514 -38.79599 -5407.426 580.4713 9998 33400 -5351.07554535
590252163 129.1375 -38.89231 -5467 557.2089 9998 33400 -5392.6033072
590252164 129.1004 -38.76801 -5471.997 676.2455 9998 33400 -5262.20008286
590252165 129.1818 -38.79044 -5433.757 618.9263 9998 33400 -5319.47291093
590252166 129.1956 -38.74795 -5391.768 634.0798 9998 33400 -5282.09470662
590252167 129.0873 -38.73691 -5346.947 668.4501 9998 33400 -5123.34002523
590252168 129.1073 -38.74584 -5320.509 647.9971 9998 33400 -5142.79398081
590252169 128.9813 -38.72787 -5462.242 741.5253 9998 33400 -5441.52523384
590252170 129.0415 -38.74172 -5240.218 653.3117 9998 33400 -5418.24656827
590252171 128.8524 -38.74634 -5480.91 778.2294 9998 33400 -5423.54720588
590252174 128.254 -38.6855 -5562.89 813.5496 9998 33400 -5525.21669978
590252175 128.2702 -38.65528 -5538.428 780.0312 9998 33400 -5458.75000456
590252176 128.3891 -38.69851 -5573.426 852.9655 9998 33400 -5494.48592588
590252178 129.2314 -38.56707 -5246.501 671.7454 9998 33400 -5584.5082014
590252181 129.4538 -38.45126 -5402.27 697.8038 9998 33400 -5474.67421959
590252182 129.0194 -38.79495 -5337.527 666.4781 9998 33400 -5472.28376615
590252183 129.0128 -38.95845 -5446.45 528.4443 9998 33400 -5407.96446297
590252185 128.95 -38.82008 -5563.982 754.6783 9998 33400 -5328.70977247
590252191 128.4564 -38.56992 -5539.342 812.3103 9998 33400 -5373.47319345
590252193 128.4855 -38.17321 -5194.951 505.5886 9998 33400 -5341.45421832
590252198 128.7982 -38.22836 -5462.777 560.7682 9998 33400 -5356.8353016
590252199 128.5819 -38.28281 -5504.943 600.9067 9998 33400 -5505.53704798
5902521102 128.3205 -38.14817 -5480.431 668.3495 9998 33400 -5323.42101154
5902521105 128.5911 -37.89127 -5593.37 566.6696 9998 33400 -5338.74687198
5902521106 128.6842 -37.93985 -5590.057 576.9041 9998 33400 -5346.13410383
5902521107 128.5587 -38.07003 -5593.957 609.3308 9998 33400 -5306.67739164
5902521108 128.4996 -37.99794 -5593.704 646.3922 9998 33400 -5337.78908509
5902521109 128.4808 -37.86455 -5381.254 605.9157 9998 33400 -5349.10262634
5902521110 128.175 -37.94552 -5593.633 732.1564 9998 33400 -5510.70262891
5902521111 127.9489 -37.89372 -5597.722 632.1461 9998 33400 -5682.66181555
5902521112 127.5408 -38.00773 -5566.613 723.5615 9998 33400 -5089.96866176
5902521113 127.2976 -38.05813 -5282.291 688.2897 9998 33400 -5509.04443312
5902521114 127.3341 -38.18681 -5475.96 863.487 9998 33400 -5512.65525994
5902521115 127.4024 -38.22503 -5651.231 953.5004 9998 33400 -5494.52560337
5902521116 127.3264 -38.18407 -5628.719 944.4399 9998 33400 -5517.1360571
5902521117 127.4569 -38.10222 -5018.665 652.4076 9998 33400 -5461.04037109
5902521119 127.4219 -38.05703 -5558.171 761.8138 9998 33400 -5469.05036092
5902521120 127.3747 -38.08357 -5245.373 696.8929 9998 33400 -5464.81179042
5902521121 127.4823 -38.10723 -5154.67 680.2771 9998 33400 -5466.94366941
5902521122 127.4507 -38.10005 -5196.438 694.9465 9998 33400 -5459.15363554
5902521123 127.4782 -38.11297 -5434.184 766.0202 9998 33400 -5476.49956073
5902521124 127.6245 -38.05096 -5556.24 772.3265 -1 33400 -5421.68216886
5902521125 127.8679 -38.15541 -5579.308 829.3704 9998 33400 -5746.76850777
5902521126 128.0495 -37.98474 -5595.064 759.2144 9998 33400 -5583.48332665
5902521128 127.7121 -38.25464 -5457.828 861.0785 9998 33400 -5636.42316417
5902521129 127.7524 -38.27611 -5428.104 850.7194 9998 33400 -5592.7467064
5902521131 128.1648 -38.52228 -5350.633 664.142 9998 33400 -5445.45312663
5902521132 128.1752 -38.50204 -5632.524 746.4331 9998 33400 -5449.93696695
5902521133 128.1255 -38.49195 -5645.1 783.4258 9998 33400 -5502.95747036
5902521134 128.1959 -38.49602 -5615.505 729.6984 9998 33400 -5427.03802609
5902521135 128.205 -38.50893 -5643.448 745.5168 9998 33400 -5418.53751674
5902521136 127.9626 -38.51315 -5565.297 766.6783 9998 33400 -5520.066403
5902521137 127.6218 -38.44943 -5642.802 911.773 9998 33400 -5586.88729201
5902521138 127.5137 -38.23896 -5539.894 907.0007 9998 33400 -5523.43911545
5902521139 127.4564 -38.2128 -5468.979 852.3983 9998 33400 -5518.16377331
5902521140 127.4325 -38.07245 -5186.374 653.3843 9998 33400 -5452.2622742
5902521141 127.1934 -37.78062 -5506.448 444.5663 9998 33400 -5335.655943
5902521142 127.238 -37.60618 -5592.544 426.7691 9998 33400 -5545.44858621
5902521143 127.4096 -37.27322 -5590.485 337.6567 -1 33400 -5601.08862264
5902521144 127.3076 -37.12332 -5585.239 295.5861 9998 33400 -5556.88838719
5902521145 127.2312 -37.1084 -5585.44 261.5292 9998 33400 -5557.10227351
5902521146 127.0041 -37.20661 -5514.375 233.1378 -1 33400 -5557.52401942
5902521147 126.6023 -37.25317 -5591.463 279.5609 -1 33400 -5605.3422929
5902521148 126.4655 -37.22754 -5594.281 310.8784 -1 33400 -5614.81277931
5902521149 126.3588 -37.26843 -5597.162 291.0264 9998 33400 -5578.91891915
5902521150 126.5692 -37.40037 -5598.936 286.7595 9998 33400 -5600.26801264
5902521151 126.9397 -37.40698 -5590.129 272.8138 9998 33400 -5519.98750398
5902521152 126.8717 -37.35453 -5591.315 259.3923 9998 33400 -5551.26790422
5902521153 126.8044 -37.29708 -5590.473 264.3739 -1 33400 -5606.35710031
5902521154 126.5065 -36.96254 -5591.607 557.8361 9998 33400 -5589.14657013
5902521155 126.153 -36.43854 -5209.61 642.3506 9998 33400 -5459.20637761
5902521156 125.853 -36.26648 -5509.704 852.329 9998 33400 -5470.048276
5902521157 126.2446 -35.89804 -5406.302 609.1987 -1 33400 -5389.53973961
5902521158 126.8065 -35.6611 -5392.858 607.0767 9998 33400 -5338.58282574
5902521159 127.1109 -35.64495 -5400.321 622.2065 9998 33400 -5033.88927001
5902521160 127.1315 -35.62038 -5397.137 651.8951 9998 33400 -4977.96771565
5902521161 127.1567 -35.54585 -5385.843 700.3096 9998 33400 -5041.39791493
5902521162 127.198 -35.55757 -5365.695 691.5399 9998 33400 -5171.31727962
5902521163 127.309 -35.44468 -5298.042 654.5667 9998 33400 -5260.07973615
5902521164 127.142 -35.36364 -5232.97 685.2018 9998 33400 -5242.18773483
5902521165 127.06 -35.35182 -5227.258 710.4799 9998 33400 -5239.95776808
5902521166 127.1621 -35.45643 -5319.639 728.3577 9998 33400 -5294.43221391
5902521167 127.1263 -35.36432 -5234.812 705.1831 9998 33400 -5244.00234105
5902521168 127.3968 -35.44336 -5198.627 575.6688 9998 33400 -5202.41356344
5902521169 127.4633 -35.5096 -5173.98 550.553 9998 33400 -5118.14115335
5902521170 127.3753 -35.45203 -5228.473 613.483 9998 33400 -5227.72058256
5902521171 127.3105 -35.28181 -5108.841 612.6392 9998 33400 -5139.66118368
5902521172 127.2282 -35.26485 -5173.412 667.8385 9998 33400 -5172.614088
5902521173 127.2553 -35.32696 -5212.539 679.5355 9998 33400 -5199.77500519
5902521174 127.2753 -35.27101 -5134.538 661.3251 9998 33400 -5138.25839583
5902521175 127.3796 -35.44114 -5219.756 637.7463 9998 33400 -5221.19026994
5902521176 127.8827 -35.54413 -5174.837 320.4908 9998 33400 -5132.55060963
59025226 125.0983 -37.98194 -5095.894 205.6508 -1 33400 -5084.0191214
59025227 125.1019 -37.98759 -5090.269 194.6052 -1 33400 -5070.58073972
59025228 125.1013 -37.97852 -5079.125 194.091 -1 33400 -5059.73036065
59025229 125.0822 -37.98084 -5117.899 198.9793 -1 33400 -5093.36951274
590252212 125.0465 -37.933 -5447.532 249.164 9998 33400 -5258.43593541
590252217 125.0916 -37.91081 -5412.599 235.678 9998 33400 -5281.74059866
590252218 124.9034 -37.95124 -5435.038 265.3431 -1 33400 -5385.27907458
590252219 124.8288 -38.06511 -5430.53 226.8809 -1 33400 -5480.66748308
590252220 124.8092 -38.14215 -5471.82 208.2613 9998 33400 -5414.0109831
590252221 124.7191 -38.19049 -5418.078 204.5863 9998 33400 -5281.94586182
590252222 124.7033 -38.13531 -5466.694 232.5904 9998 33400 -5256.12286856
590252224 124.7539 -38.14697 -5517.202 221.4057 9998 33400 -5264.90783544
590252226 124.6246 -38.25452 -5468.281 194.477 9998 33400 -5276.51320345
590252227 124.5107 -38.26818 -5257.201 180.7315 9998 33400 -5264.24464835
590252229 124.4568 -38.37725 -5439.67 86.7235 9998 33400 -5331.49541588
590252231 124.5107 -38.46131 -5581.381 73.24312 9998 33400 -5285.93656034
590252233 124.4583 -38.466 -5433.044 74.57127 9998 33400 -5318.12942767
590252234 124.4158 -38.40672 -5476.723 65.59718 9998 33400 -5341.40995871
590252235 124.5172 -38.47581 -5448.139 78.18607 9998 33400 -5264.01394483
590252236 124.4407 -38.55922 -5177.233 172.156 9998 33400 -5194.08032073
590252237 124.2442 -38.51324 -5446.571 238.2021 9998 33400 -5240.06603102
590252240 124.5218 -37.99355 -5546.594 441.0732 9998 33400 -5610.45190238
590252241 124.2335 -37.82532 -5310.585 670.9202 -1 33400 -5255.76223765
590252242 123.9963 -37.7066 -5356.156 728.1155 -1 33400 -5357.46085156
590252243 123.8629 -37.7216 -5414.821 722.1293 9998 33400 -5494.30499189
590252244 123.7097 -37.82258 -5383.986 652.8693 9998 33400 -5344.90095472
590252247 123.4286 -37.62952 -5142.969 701.5551 9998 33400 -5321.33312553
590252248 123.4585 -37.61445 -5097.031 743.5217 9998 33400 -5338.92098509
590252249 123.4628 -37.61222 -4963.117 708.6759 9998 33400 -5365.60193954
590252260 124.0193 -37.06987 -5514.151 531.1663 9998 33400 -5388.40549539
590252261 123.7886 -37.00279 -5515.635 526.733 9998 33400 -5454.7635057
590252262 123.0541 -36.91261 -5475.226 738.5752 9998 33400 -5415.57473074
590252263 122.8125 -36.90192 -5468.069 860.3582 9998 33400 -5499.3531465
590252264 122.3144 -36.94926 -5445.009 1044.981 -1 33400 -5450.62489061
590252265 121.8519 -36.96091 -5431.063 919.8753 9998 33400 -5326.0516618
590252266 121.8001 -36.9465 -5433.49 915.2285 9998 33400 -5289.88255892
590252267 121.9258 -36.67213 -5394.509 455.7824 9998 33400 -5308.45298954
590252268 122.2161 -36.36373 -5347.981 726.7241 -1 33400 -5349.24502673
590252269 122.6823 -36.38129 -5366.76 599.6517 9998 33400 -5344.07219299
590252311 124.9685 -41.89644 -4771.266 449.1185 9998 33400 -4716.6074245
590252313 125.0495 -41.9082 -4764.758 430.8361 9998 33400 -4734.66944976
590252316 125.3851 -42.08027 -4858.212 433.9127 9998 33400 -4784.26056256
590252317 125.5486 -42.24396 -4795.565 502.2823 9998 33400 -4760.668827
590252318 125.8933 -42.34963 -4809.393 618.5813 9998 33400 -4749.683848
590252319 126.1995 -42.41215 -4807.716 587.7816 9998 33400 -4790.5575066
590252320 126.3404 -42.3204 -4840.741 506.2733 9998 33400 -4822.50591672
590252321 126.1659 -42.15861 -4897.072 484.7467 9998 33400 -4886.83719932
590252322 126.1215 -41.9019 -4892.144 476.5519 9998 33400 -4880.71557176
590252324 125.7119 -41.67492 -4885.068 536.0359 9998 33400 -4958.05166638
590252329 125.8797 -41.60209 -4901.104 470.6067 9998 33400 -4866.08686132
590252332 126.0095 -41.74628 -4884.26 457.1565 9998 33400 -4903.37371384
590252333 126.1536 -41.75506 -4854.574 394.9695 9998 33400 -4889.97126248
590252334 126.2475 -41.77463 -4843.894 355.7605 9998 33400 -4931.55495785
590252335 126.3763 -41.96527 -4873.978 367.0095 9998 33400 -4890.4813928
590252336 126.3175 -42.03632 -4937.081 409.3167 9998 33400 -5007.97919295
590252337 126.3764 -42.05194 -4950.552 397.9925 -1 33400 -4942.67891709
590252338 126.3947 -42.01979 -4867.939 369.885 9998 33400 -4908.78116127
590252339 126.4765 -42.0881 -4863.156 368.8013 -1 33400 -4721.09150569
590252340 126.3596 -42.18905 -4837.308 428.4309 -1 33400 -4895.40429625
590252341 126.1864 -41.98283 -4876.589 439.7955 -1 33400 -4981.97992037
590252342 126.2605 -41.87333 -4984.083 404.3382 9998 33400 -4922.1784
590252343 126.5662 -42.00456 -4908.875 355.2023 9998 33400 -4927.18038277
590252346 127.0285 -42.13255 -4917.352 513.8279 9998 33400 -5049.74617489
590252347 127.0524 -42.1565 -4863.319 497.8574 9998 33400 -5011.57567497
590252348 127.1452 -42.21953 -4814.592 481.9914 9998 33400 -4919.09114572
590252350 127.1316 -42.2287 -4851.55 488.3925 9998 33400 -4907.61413472
590252352 126.8752 -42.24794 -4936.113 503.4194 -1 33400 -4988.58123437
590252353 126.7551 -42.22785 -4811.484 454.7555 -1 33400 -4840.70872919
590252354 126.9869 -42.36405 -4937.708 542.7706 -1 33400 -4880.91907672
590252356 126.9539 -42.43875 -4746.283 512.8802 -1 33400 -4687.37505087
590252357 126.7566 -42.3827 -4933.434 545.7177 -1 33400 -5063.53616419
590252358 126.6209 -42.55336 -4913.768 623.9767 9998 33400 -4857.38227118
590252359 126.8339 -42.48488 -4887.808 568.5464 9998 33400 -4823.051618
590252360 126.1947 -42.57645 -4692.55 626.1238 9998 33400 -4744.52869761
590252361 126.0398 -42.58517 -4795.221 671.4703 9998 33400 -4704.66755639
590252362 125.8354 -42.46673 -4697.354 644.5289 9998 33400 -4613.91210533
590252363 125.5047 -42.39993 -4770.948 561.8774 9998 33400 -4573.11386697
590252364 125.1661 -42.42298 -4679.511 475.9452 9998 33400 -4505.79045103
590252366 124.8941 -42.51652 -4615.685 444.3359 9998 33400 -4497.73785118
590252367 125.136 -42.512 -4574.123 461.544 9998 33400 -4486.15770859
590252368 124.6922 -42.17726 -4722.909 536.1662 9998 33400 -4579.06908138
590252369 124.5082 -41.83829 -4737.227 564.0083 9998 33400 -4767.88083826
590252370 124.9242 -41.97689 -4775.985 457.91 9998 33400 -4651.98097875
590252371 124.5574 -41.96418 -4849.242 600.9598 9998 33400 -4742.47804337
590252372 124.2009 -41.89315 -4448.667 537.5747 9998 33400 -4761.292
590252373 124.1483 -41.82661 -4732.865 604.6846 9998 33400 -4817.49696258
590252374 123.8319 -41.85852 -4931.926 500.074 9998 33400 -5275.47094729
590252375 123.928 -41.94664 -4846.243 533.8039 9998 33400 -5059.69920873
590252376 124.0607 -42.09622 -4739.443 557.9612 9998 33400 -4880.94710334
590252377 124.3287 -41.98838 -4872.415 654.5246 9998 33400 -4821.9619768
590252378 124.5251 -42.01576 -4742.1 582.1443 9998 33400 -4746.8924951
590252379 124.8582 -42.08949 -4721.395 484.0794 9998 33400 -4674.02176015
590252380 125.0025 -41.96851 -4753.96 433.2393 9998 33400 -4656.21048485
590252381 124.8623 -41.82051 -4764.7 452.7023 9998 33400 -4763.71597978
590252382 124.6105 -41.6751 -4763.404 554.2398 9998 33400 -4807.96704981
590252383 124.6512 -41.64599 -4826.392 560.7735 9998 33400 -4818.09268939
590252384 124.6157 -41.59905 -4764.893 569.3729 9998 33400 -4865.28769306
590252385 124.5193 -41.8075 -4826.029 596.5881 9998 33400 -4802.07154054
590252386 124.4418 -41.9275 -4819.864 627.6455 9998 33400 -4783.04883208
590252387 124.7798 -41.66404 -4827.936 504.4677 9998 33400 -4861.26748471
590252388 124.8694 -41.55485 -4752.685 464.9812 -1 33400 -4788.00892593
590252389 125.0196 -41.4757 -4943.25 450.9341 9998 33400 -5050.03001729
590252391 125.2464 -41.50589 -4864.773 428.3008 9998 33400 -4907.69274926
590252392 125.1158 -41.4681 -4887.682 444.8528 9998 33400 -4976.81683073
590252395 125.9747 -41.65477 -4971.58 472.6465 9998 33400 -4850.13173564
590252396 125.7841 -41.7783 -4790.822 510.3112 9998 33400 -5001.14464506
590252397 126.0564 -41.67639 -4875.852 425.1603 9998 33400 -4834.69886943
590252398 126.1801 -41.82215 -4992.154 457.5629 9998 33400 -4927.17630945
590252399 126.4725 -42.00049 -4818.862 351.1137 9998 33400 -4856.89248882
5902523100 126.4174 -42.04918 -4938.723 401.8319 9998 33400 -4973.44336136
5902523101 126.3405 -41.98096 -4905.201 405.6182 9998 33400 -4914.29453838
5902523102 126.3088 -42.17445 -4798.797 452.8921 -1 33400 -5033.40393315
5902523103 125.8266 -42.22249 -4784.125 570.0414 9998 33400 -4747.09216858
5902523104 125.2039 -42.29331 -4665.879 471.5873 9998 33400 -4557.83735156
5902523105 124.8232 -42.33661 -4763.795 522.0778 9998 33400 -4609.3421625
5902523106 124.4834 -42.34252 -4856.155 530.3275 9998 33400 -4615.17703162
5902523107 124.9699 -42.50433 -4641.517 461.7435 9998 33400 -4561.85769336
5902523108 125.087 -42.01621 -4639.686 430.1231 9998 33400 -4685.12449794
5902523109 124.6522 -41.65554 -4793.107 570.8715 9998 33400 -4810.52842839
5902523110 124.4137 -41.58028 -4822.249 663.9232 9998 33400 -4898.882077
5902523111 125.1976 -41.81984 -4842.322 402.4506 9998 33400 -4756.22384554
5902523112 124.824 -42.36292 -4722.44 507.108 9998 33400 -4612.8686271
5902523113 124.7506 -42.36405 -4722.052 519.9702 9998 33400 -4511.70207136
5902523114 124.8165 -42.35567 -4718.464 509.711 9998 33400 -4604.28893529
5902523115 124.219 -42.32651 -4756.133 569.8972 9998 33400 -4729.28262326
5902523116 124.3253 -42.16676 -4853.421 610.4122 9998 33400 -4662.2908245
5902523117 124.1645 -42.23009 -4961.427 656.4996 9998 33400 -4771.73410087
5902523119 123.3824 -42.55168 -4861.786 758.8562 9998 33400 -4600.52342546
590252413 119.8157 -40.97418 -4814.171 526.0934 9998 33400 -4783.11002175
590252414 119.6563 -40.96008 -4712.661 481.5411 9998 33400 -4708.69902029
590252415 119.537 -41.00179 -4752.731 459.6024 9998 33400 -4787.61215716
590252416 119.5063 -41.04188 -4614.852 430.1811 -1 33400 -4671.89637164
590252417 119.5221 -41.0658 -4700.19 471.1885 -1 33400 -4722.17458589
590252418 119.5089 -41.07948 -4636.686 456.3839 -1 33400 -4700.45617313
590252419 119.5138 -41.06938 -4759.592 487.5372 -1 33400 -4791.46965731
590252421 119.3866 -41.27718 -4749.02 517.5526 -1 33400 -4781.39190056
590252422 119.4667 -41.26714 -4739.901 513.6469 -1 33400 -4873.77320163
590252423 119.3398 -41.29881 -4849.829 564.1641 -1 33400 -4828.31454361
590252425 119.4226 -41.41129 -4803.209 586.2845 9998 33400 -4899.90202071
590252426 119.3794 -41.49841 -4897.853 640.8098 9998 33400 -4825.75965528
590252427 119.0621 -41.59647 -4762.08 545.3269 9998 33400 -4740.67469961
590252428 118.7225 -41.65538 -4713.72 570.4282 9998 33400 -4748.40383011
590252429 118.3854 -41.57234 -4625.794 565.6699 9998 33400 -4688.68389808
590252430 118.2909 -41.37696 -4706.171 434.3834 9998 33400 -4702.0090793
590252431 117.9818 -41.2619 -4600.191 461.8023 -1 33400 -4628.80539414
590252432 117.6513 -40.91583 -4708.311 475.9618 -1 33400 -4670.84504801
590252433 117.4523 -40.87208 -4788.308 519.8203 9998 33400 -4985.36177937
590252434 117.162 -40.71708 -4639.655 440.1616 9998 33400 -4950.03741138
590252435 116.9048 -40.69786 -4735.682 552.7172 9998 33400 -4725.3089413
590252436 116.7194 -40.62988 -4703.969 699.4825 9998 33400 -4769.38392718
590252437 116.6482 -40.7598 -4743.518 713.1739 9998 33400 -4768.28644037
590252438 116.5329 -40.70741 -4662.381 765.0029 9998 33400 -4739.53694255
590252439 116.3765 -40.65624 -4667.063 864.6449 9998 33400 -4789.62446138
590252440 116.4363 -41.04173 -4602.032 506.2575 9998 33400 -4491.28665737
590252441 116.684 -41.16336 -4486.184 423.507 -1 33400 -4522.867533
590252442 116.4977 -41.04496 -4641.846 495.0783 9998 33400 -4502.3459287
590252443 116.7576 -41.18606 -4596.921 568.5352 -1 33400 -4588.04279208
590252444 117.2624 -41.28437 -4661.747 767.7147 9998 33400 -4548.99721101
590252445 117.3672 -41.13953 -4489.206 644.1302 9998 33400 -4453.87735028
590252446 117.1368 -41.13118 -4579.364 657.2041 9998 33400 -4519.12682741
590252447 117.2166 -41.12805 -4448.979 606.5989 9998 33400 -4466.42299206
590252448 117.1043 -41.21418 -4521.142 634.5319 -1 33400 -4564.9058124
590252449 117.0833 -41.24715 -4403.93 609.0403 9998 33400 -4516.28495507
590252450 117.1758 -41.35685 -4463.366 706.4628 9998 33400 -4558.62427846
590252451 117.082 -41.41762 -4494.825 685.4332 9998 33400 -4570.82598254
590252452 116.9374 -41.51197 -4614.459 667.5399 9998 33400 -4613.98857221
590252453 117.3414 -41.39562 -4406.494 742.9674 9998 33400 -4612.64319214
590252454 117.4641 -41.37192 -4590.724 801.2898 9998 33400 -4546.767128
590252456 117.6922 -41.15783 -4645.585 630.3706 -1 33400 -4636.21070494
590252457 117.1309 -40.8831 -4603.847 524.3748 9998 33400 -4709.51501793
590252458 116.5832 -40.8906 -4580.533 653.8426 9998 33400 -4728.13431977
590252459 116.3092 -40.72836 -4603.037 893.4445 9998 33400 -4747.66933886
590252460 116.3005 -40.91358 -4544.873 773.6741 9998 33400 -4740.0882738
590252461 116.3762 -41.08077 -4476.209 491.971 9998 33400 -4520.03991525
590252463 116.8543 -41.24714 -4650.597 578.9 9998 33400 -4666.43562049
590252464 117.0542 -41.28165 -4637.862 704.5597 9998 33400 -4560.4685626
590252465 116.9332 -41.42366 -4581.67 626.9256 9998 33400 -4605.86691033
590252466 116.8765 -41.53572 -4533.638 633.5748 9998 33400 -4620.00295002
590252467 117.0939 -41.65619 -4726.532 798.6693 9998 33400 -4489.16998064
590252468 117.1122 -41.68941 -4523.179 729.3315 9998 33400 -4411.47273079
590252469 116.9956 -41.67625 -4806.1 766.1314 9998 33400 -4453.71798481
590252470 117.03 -41.68883 -4636.913 727.7939 9998 33400 -4359.35160847
590252471 117.0864 -41.66805 -4543.394 749.7404 9998 33400 -4459.76829218
590252472 117.198 -41.53592 -4624.742 799.7476 9998 33400 -4628.80536311
590252473 117.3083 -41.39035 -4531.464 749.4074 9998 33400 -4634.09519556
590252474 117.2206 -41.28045 -4534.424 705.1284 9998 33400 -4500.98206085
590252475 117.1077 -41.13853 -4567.996 648.1934 9998 33400 -4545.47449683
590252476 116.606 -41.02909 -4554.928 523.6539 9998 33400 -4570.97521202
590252477 116.0965 -41.14036 -4639.864 660.5292 -1 33400 -4590.31605896
590252478 115.6081 -41.22759 -4667.888 828.6279 9998 33400 -4649.10923487
590252479 115.1766 -41.1665 -4622.956 567.8076 9998 33400 -4575.6345321
590252480 114.9686 -41.18748 -4704.505 440.9391 9998 33400 -4685.91883843
590252481 115.0839 -41.11526 -4797.032 472.4373 -1 33400 -4803.98369582
590252482 115.2573 -41.16039 -4670.247 641.2378 -1 33400 -4661.71712335
590252483 115.4087 -41.13681 -4598.495 751.0461 -1 33400 -4664.4586881
590252484 116.2149 -41.26468 -4562.213 403.7013 -1 33400 -4526.48923502
590252485 116.3685 -41.35592 -4684.435 391.4376 9998 33400 -4804.36253143
590252486 116.4223 -41.33276 -4573.84 369.1305 9998 33400 -4727.45872654
590252487 116.2096 -41.43965 -4585.451 377.1375 -1 33400 -4566.79503877
590252488 116.0477 -41.62712 -4406.984 321.976 9998 33400 -4431.9704076
590252489 115.9973 -41.65613 -4466.937 412.6831 9998 33400 -4402.55595729
590252491 115.4609 -41.84114 -4508.155 524.9541 9998 33400 -4470.83623995
590252492 115.5205 -42.16396 -4461.968 268.3921 9998 33400 -4495.53447197
590252493 115.8955 -42.2802 -4468.722 155.3083 9998 33400 -4546.44981835
590252498 116.2314 -42.70918 -4546.942 424.6144 9998 33400 -4644.23528331
590252499 116.1802 -42.89903 -4396.945 325.609 9998 33400 -4505.99322352
5902524100 116.156 -42.92546 -4504.209 354.4596 9998 33400 -4519.65290878
5902524101 115.7802 -43.07665 -4583.305 539.6618 9998 33400 -4451.70904002
5902524102 115.5236 -42.99031 -4409.154 491.1116 9998 33400 -4511.47452298
5902524103 115.5817 -43.09018 -4442.932 582.9444 9998 33400 -4440.6056
5902524104 115.8001 -43.13721 -4401.903 553.8211 9998 33400 -4439.51123037
5902524105 116.1654 -43.05171 -4494.636 331.2731 9998 33400 -4494.18854223
5902524106 116.1848 -43.199 -4348.612 326.8436 9998 33400 -4466.7160219
5902524107 116.0964 -43.24749 -4441.798 422.775 9998 33400 -4454.31339973
5902524108 116.1938 -43.39014 -4451.845 451.9501 9998 33400 -4460.14137746
5902524109 116.0655 -43.37639 -4438.539 583.5504 9998 33400 -4439.46829928
5902524110 115.6412 -43.37237 -4388.104 707.389 9998 33400 -4368.72258718
5902524111 115.5592 -43.3936 -4371.475 676.7028 9998 33400 -4326.78334063
5902524112 115.1633 -43.36579 -4486.929 548.7314 9998 33400 -4429.29170506
5902524113 114.9219 -43.32549 -4574.46 495.9444 9998 33400 -4409.12687456
5902524114 114.9682 -43.09705 -4331.446 573.0204 9998 33400 -4376.43720914
5902524115 114.6191 -43.29357 -4422.442 399.4205 9998 33400 -4420.09491511
5902524116 114.4867 -43.40603 -4213.174 329.5406 9998 33400 -4325.20090352
5902524117 114.2997 -43.46244 -4433.937 465.6732 9998 33400 -4363.81255118
5902524118 114.277 -43.37599 -4472.74 428.4919 9998 33400 -4338.28237491
5902524119 114.1404 -43.32965 -4428.841 471.0533 9998 33400 -4378.59767969
5902524120 114.5796 -43.59509 -4452.247 421.0101 9998 33400 -4380.98391854
5902524121 114.5716 -43.91448 -4403.628 1068.553 9998 33400 -4291.31598976
5902524122 114.6104 -43.99222 -4333.228 1156.897 9998 33400 -4277.41583256
5902524123 114.5778 -43.97662 -4450.827 1167.923 9998 33400 -4290.78473873
5902524124 114.7714 -44.05565 -4477.707 1215.872 9998 33400 -4251.40341791
5902524125 114.6825 -44.19114 -4410.804 1339.797 9998 33400 -4357.74622488
5902524126 114.7451 -44.18541 -4450.353 1387.705 9998 33400 -4333.34777438
5902524127 114.4702 -44.08524 -4417.649 1287.348 9998 33400 -4375.46977565
5902524128 114.0227 -43.66994 -4270.159 794.3257 9998 33400 -4254.39170395
5902524129 113.6235 -43.35538 -4239.746 512.4583 9998 33400 -4291.37651256
5902524130 113.3539 -43.25004 -4289.286 460.9873 9998 33400 -4281.85697441
5902524131 113.2414 -43.14386 -4426.487 438.7367 -1 33400 -4508.53383647
5902524132 112.9476 -43.17688 -4317.901 428.0026 9998 33400 -4297.94939036
5902524133 112.7577 -43.36421 -4253.261 495.2057 9998 33400 -4271.72243126
5902524134 112.9979 -43.51242 -4371.815 727.227 9998 33400 -4350.33573026
5902524135 113.219 -43.47479 -4226.57 614.0133 9998 33400 -4289.25267901
5902524136 113.0328 -43.24924 -4197.769 463.2254 9998 33400 -4314.45681386
5902524137 112.6217 -43.19948 -4257.411 411.9099 9998 33400 -4282.70957812
5902524138 112.3257 -43.00062 -4193.39 291.5734 9998 33400 -4206.51143372
5902524139 112.5276 -42.92354 -4251.002 363.96 9998 33400 -4268.05482317
5902524140 112.9649 -42.86351 -4403.86 458.7192 9998 33400 -4301.39284288
5902524141 113.6454 -43.15374 -4161.811 441.3471 9998 33400 -4289.82944287
5902524142 113.7586 -42.98692 -4283.264 469.0616 9998 33400 -4362.25149836
5902524143 113.6252 -42.99068 -4312.141 453.7043 9998 33400 -4331.85790764
5902524144 113.365 -42.909 -4334.924 417.147 9998 33400 -4355.73224851
5902524145 113.2153 -42.92252 -4398.977 410.9355 -1 33400 -4411.38342162
5902524146 112.9819 -42.74181 -4361.433 459.5639 9998 33400 -4350.64566251
5902524147 112.9446 -42.69597 -4359.507 461.4594 9998 33400 -4309.08900393
5902524148 113.0798 -42.68355 -4356.11 426.0238 9998 33400 -4303.5611548
5902524149 113.1167 -42.75642 -4394.378 431.557 9998 33400 -4358.74389922
5902524150 112.926 -42.77041 -4443.354 495.029 9998 33400 -4328.56667372
5902524151 112.7495 -42.78209 -4410.21 505.7645 9998 33400 -4318.24124319
5902524152 112.7092 -42.76092 -4556.439 545.1118 9998 33400 -4336.9186324
5902524153 113.0904 -42.68687 -4342.79 420.5582 9998 33400 -4303.01146864
5902524154 113.2666 -42.77679 -4485.715 426.7631 -1 33400 -4451.89932867
5902524155 113.5873 -42.8298 -4499.779 481.5934 9998 33400 -4366.90132055
5902524156 113.558 -42.77755 -4273.914 417.5646 9998 33400 -4341.79609856
5902524157 113.4964 -42.74292 -4362.405 429.6214 9998 33400 -4284.35417027
5902524158 113.537 -42.66582 -4206.847 404.1588 9998 33400 -4291.16712472
5902524159 113.6845 -42.68546 -4346.388 469.8551 9998 33400 -4353.91852154
5902524160 113.3966 -42.6413 -4267.646 408.6746 9998 33400 -4310.08295106
5902524161 113.6106 -42.66531 -4387.223 462.6887 9998 33400 -4338.27520791
5902524162 113.3908 -42.67854 -4145.841 399.5725 9998 33400 -4284.43644353
5902524163 113.3471 -42.74658 -4382.427 431.4293 -1 33400 -4339.06936295
5902524164 113.3447 -42.71542 -4308.847 412.097 -1 33400 -4298.5449233
5902524165 113.4359 -42.61948 -4362.94 435.8949 9998 33400 -4319.58789699
5902524166 113.1432 -42.46603 -4388.081 419.1625 9998 33400 -4357.51416848
5902524167 112.9414 -42.55591 -4388.919 471.5269 9998 33400 -4281.05822928
5902524168 112.7747 -42.50309 -4439.284 542.3239 9998 33400 -4279.43869776
5902524169 112.6557 -42.56546 -4403.981 524.0476 9998 33400 -4264.73758486
5902524170 112.5973 -41.95875 -4607.569 622.4197 9998 33400 -4443.38182261
5902524171 112.1821 -41.65347 -4345.244 554.7585 9998 33400 -4408.12561269
5902524172 112.2535 -41.74472 -4327.025 589.7137 9998 33400 -4375.17268928
5902524173 112.1661 -42.0043 -4412.275 605.6159 9998 33400 -4345.50945059
5902524174 111.8578 -41.94681 -4402.481 525.8054 9998 33400 -4338.14008207
5902524175 111.5865 -41.89894 -4408.625 399.7827 9998 33400 -4405.74161492
5902524176 111.5088 -41.78188 -4461.346 371.426 9998 33400 -4330.38846507
5902524177 111.2677 -41.85797 -4496.975 224.7973 9998 33400 -4333.84290561
5902524178 110.876 -41.94231 -4432.807 63.15008 9998 33400 -4423.05448821
5902524179 110.5702 -41.78309 -4342.858 119.0622 9998 33400 -4433.38376937
5902524180 110.2846 -41.85326 -4607.031 297.529 9998 33400 -4483.33314031
5902524181 110.1922 -41.64219 -4364.79 490.592 9998 33400 -4399.74415331
5902524182 109.9434 -41.65744 -4395.891 500.9527 9998 33400 -4274.91558841
5902524183 109.8262 -41.64704 -4377.329 479.0724 9998 33400 -4386.15494133
5902524184 109.6285 -41.5773 -4339.246 445.0645 9998 33400 -4383.28928232
5902524185 109.4473 -41.61004 -4486.098 493.7146 9998 33400 -4377.72420278
5902524186 109.4314 -41.59496 -4567.612 503.0761 9998 33400 -4371.25322277
5902524187 109.4244 -41.58296 -4518.657 501.149 9998 33400 -4367.88568111
5902524188 109.4278 -41.57748 -4527.209 497.2683 9998 33400 -4367.34596037
5902524189 109.4284 -41.57377 -4549.651 499.4246 9998 33400 -4367.58015951
5902524190 109.4234 -41.56222 -4476.498 487.8503 9998 33400 -4366.62412968
5902524191 109.4273 -41.55511 -4375.129 478.7391 9998 33400 -4369.58262282
5902524192 109.4169 -41.56013 -4466.781 491.8439 9998 33400 -4365.60708773
5902524193 109.3961 -41.56032 -4453.565 486.9693 9998 33400 -4358.13441654
5902524194 109.3723 -41.54106 -4475.827 504.056 9998 33400 -4348.71409763
5902524196 109.3211 -41.51192 -4263.614 458.5281 9998 33400 -4331.27125328
5902524197 109.2715 -41.49145 -4339.766 453.5888 9998 33400 -4300.29884937
5902524198 109.224 -41.47012 -4474.494 441.5793 9998 33400 -4388.2127991
5902524199 109.1745 -41.45204 -4450.986 418.5965 9998 33400 -4421.00061073
5902524200 109.1292 -41.43574 -4333.079 433.3356 9998 33400 -4433.09231847
5902524201 109.0986 -41.42268 -4474.611 452.9084 -1 33400 -4451.40236239
5902524202 108.8172 -41.29666 -4600.565 418.7044 9998 33400 -4423.39677058
5902524203 108.7686 -41.13029 -4427.888 327.8657 9998 33400 -4500.38961477
5902524204 108.7803 -41.12203 -4419.338 336.6129 9998 33400 -4494.51429595
5902524205 108.7866 -41.10379 -4477.366 327.5464 9998 33400 -4486.82492212
5902524206 108.8653 -41.11666 -4473.474 381.2061 9998 33400 -4511.75965634
5902524207 109.1908 -41.34471 -4383.574 493.1606 9998 33400 -4353.3457981
5902524208 109.5574 -41.41347 -4448.961 614.8075 9998 33400 -4422.93907113
5902524209 109.6377 -41.16088 -4611.5 652.0912 9998 33400 -4448.85235541
5902524210 108.9257 -41.03918 -4564.832 350.1758 9998 33400 -4469.99329052
5902524211 108.6161 -40.93685 -4432.048 141.9785 9998 33400 -4476.33868729
5902524212 108.5599 -40.86454 -4418.373 169.1411 9998 33400 -4391.0924524
5902524213 108.5235 -40.81418 -4524.318 268.5212 9998 33400 -4391.43475848
5902524214 108.5147 -40.77342 -4376.609 298.3574 9998 33400 -4392.05095547
5902524215 108.5584 -40.74717 -4424.058 316.1142 9998 33400 -4361.71666383
590252511 114.8271 -40.86908 -4550.818 55.13211 9998 33400 -4615.03476814
590252512 114.8285 -40.87718 -4630.653 56.70755 9998 33400 -4616.04785837
590252513 114.7622 -40.9074 -4678.607 90.24792 9998 33400 -4580.26635119
590252514 115.0935 -40.8214 -4591.052 145.9337 9998 33400 -4630.87925161
590252517 116.3641 -40.79226 -4587.082 844.8831 9998 33400 -4750.04730918
590252518 116.5354 -40.88539 -4630.164 670.1091 9998 33400 -4716.0108368
590252519 116.6099 -40.8326 -4665.436 721.1083 9998 33400 -4738.84051811
590252521 116.8649 -40.49155 -4645.576 691.4856 9998 33400 -4751.65072373
590252522 116.9243 -40.48045 -4618.389 670.2209 9998 33400 -4679.71010685
590252533 117.1804 -40.49404 -4844.558 546.0317 9998 33400 -5075.31625293
590252535 116.8207 -40.57786 -4815.801 664.9045 9998 33400 -4800.6417711
590252536 116.5003 -40.43791 -4737.93 849.9421 9998 33400 -4835.38560408
590252537 116.3611 -40.09415 -4749.047 574.8985 9998 33400 -4761.15104828
590252538 116.5727 -40.39681 -4800.063 813.7265 9998 33400 -4822.71698447
590252539 116.395 -40.37682 -4788.135 815.3855 9998 33400 -4898.85521139
590252540 116.4077 -40.23285 -4877.95 709.0667 9998 33400 -4892.97716583
590252541 116.5033 -40.22887 -4670.449 684.4767 9998 33400 -4847.90920304
590252542 116.8454 -40.32943 -4608.741 701.29 9998 33400 -4764.21639463
590252543 117.1527 -40.13969 -4580.652 625.4934 -1 33400 -4573.17625731
590252544 117.4161 -40.0619 -4688.871 678.0401 9998 33400 -4823.00547394
590252545 117.5984 -39.68996 -4776.011 757.3417 9998 33400 -4727.5579914
590252546 117.5954 -39.57835 -4855.246 767.2381 9998 33400 -4752.60187532
590252547 117.3855 -39.37609 -4867.949 684.0198 9998 33400 -4831.41136737
590252548 117.0099 -39.16326 -4858.922 448.6143 9998 33400 -4803.51522896
590252549 116.8396 -39.0593 -4871.969 386.8781 9998 33400 -4810.29714914
590252550 117.1071 -39.03059 -4995.556 694.3096 9998 33400 -4851.20049056
590252553 116.5635 -38.58412 -5074.875 875.9503 -1 33400 -4933.35006911
590252555 116.5714 -38.33045 -5077.414 1111.245 -1 33400 -5409.75487153
590252557 116.9293 -38.29979 -4976.585 1005.823 -1 33400 -5443.17152035
590252563 117.4233 -38.64927 -5049.736 1027.032 9998 33400 -5359.67927298
590252565 116.6547 -38.51999 -5273.451 990.3463 -1 33400 -5292.56479123
590252566 116.442 -38.31006 -5060.748 975.1459 -1 33400 -5001.94969932
590252567 115.7901 -37.64003 -5292.077 887.9505 -1 33400 -5366.36269743
590252569 115.4069 -37.15292 -4816.218 392.6397 -1 33400 -4647.72741329
590252570 115.4041 -37.01266 -5098.273 578.3641 -1 33400 -5068.37056994
590252572 114.8879 -37.19115 -5135.512 484.4236 -1 33400 -5311.97021381
590252574 114.3789 -37.17491 -4950.118 476.4317 -1 33400 -5059.61997503
590252576 113.7285 -37.34648 -5173.143 1080.616 9998 33400 -5116.77717906
590252577 113.472 -37.39575 -5238.525 1091.714 -1 33400 -5215.0501106
590252580 113.0409 -37.37003 -4575.867 690.7059 -1 33400 -4742.91683932
590252582 113.1487 -37.48111 -4246.876 832.3862 9998 33400 -4719.75425433
590252585 115.2113 -37.07903 -4516.219 353.7621 -1 33400 -4585.33273695
590252598 117.0439 -37.68511 -4682.106 439.9172 -1 33400 -4889.64213885
590252599 117.0776 -37.68484 -4819.291 451.8695 -1 33400 -4776.76106513
5902525100 117.1048 -37.68707 -4802.11 472.0675 -1 33400 -4818.75788249
5902525103 117.0293 -37.53502 -4795.963 211.7962 -1 33400 -4785.93302113
5902525104 117.0608 -37.57097 -4680.114 231.0422 -1 33400 -4693.53487381
5902525105 117.0083 -37.55396 -4413.763 232.6793 -1 33400 -4521.69421408
5902525106 116.2744 -37.58333 -4958.668 559.4147 -1 33400 -4990.92229493
5902525107 115.9576 -37.51476 -4539.369 503.7485 -1 33400 -4397.97620305
5902525108 115.8619 -37.46568 -4573.302 562.662 -1 33400 -4744.13634853
5902525109 115.8403 -37.45812 -4409.425 531.4297 -1 33400 -4705.58415706
5902525111 115.8849 -37.21783 -4617.416 514.1669 -1 33400 -4907.2046439
5902525116 115.1306 -36.96495 -4484.383 467.0136 -1 33400 -4470.20184499
5902525117 115.2457 -37.05702 -4463.446 419.45 -1 33400 -4341.40580072
5902525118 115.1976 -36.99628 -4303.978 425.5605 -1 33400 -4398.00794995
5902525119 115.3075 -37.07443 -4430.967 424.8251 -1 33400 -4507.57805228
5902525125 116.0582 -36.87761 -4995.936 1571.346 -1 33400 -5259.68698883
5902525127 115.0054 -36.5768 -4963.67 2323.696 -1 33400 -4505.7143905
5902525128 114.7109 -36.83036 -4929.896 1014.448 -1 33400 -5195.21720819
5902525131 114.9147 -36.8036 -4934.274 1182.228 -1 33400 -4987.79021026
5902525132 114.9121 -36.71468 -4827.957 1492.887 -1 33400 -5043.88273161
5902525133 114.887 -36.70301 -4730.781 1465.802 -1 33400 -4759.81188318
5902525134 114.9203 -36.5945 -4800.731 2003.899 -1 33400 -4289.87085451
5902525136 114.665 -36.29569 -4971.845 3189.476 9998 33400 -4895.94549528
5902525140 114.6361 -36.64606 -4878.357 1818.971 -1 33400 -5015.52109676
5902525144 113.4217 -36.86815 -4738.674 879.9167 -1 33400 -4804.57423598
5902525145 113.904 -36.9681 -4994.344 893.275 -1 33400 -5395.34983396
5902525146 114.3192 -36.95343 -4992.604 749.5101 -1 33400 -5388.70457249
5902525148 113.9479 -36.76901 -4937.005 1519.601 -1 33400 -5357.12071195
5902525150 112.9883 -37.19132 -4897.043 120.7244 -1 33400 -4886.37897326
5902525154 112.0313 -37.58715 -4548.766 359.2413 9998 33400 -4352.6650259
5902525155 112.2424 -37.50782 -4574.548 398.4012 9998 33400 -4797.03264812
5902525156 112.1324 -37.34873 -4986.319 218.4558 -1 33400 -5407.41840944
5902525157 111.8036 -37.46032 -4979.577 252.0397 -1 33400 -4587.83414925
5902525158 111.8036 -37.62892 -4746.218 332.6385 9998 33400 -4927.80144734
5902525159 111.7253 -37.72017 -4380.636 310.4525 -1 33400 -4544.04752968
5902525160 111.6187 -37.82412 -4547.503 357.0034 -1 33400 -4511.0288791
5902525161 111.937 -38.02423 -4883.774 735.0933 9998 33400 -4955.78061511
5902525162 112.3219 -38.21026 -4847.305 1195.978 9998 33400 -4530.12138934
5902525163 113.1416 -38.09233 -4826.88 1075.712 9998 33400 -4496.34526001
5902525164 113.1604 -37.68511 -4933.111 1408.67 9998 33400 -4903.87002133
5902525165 112.8471 -37.53887 -4975.081 1150.311 9998 33400 -4939.45218458
5902525167 112.4124 -37.27106 -4952.792 175.4963 -1 33400 -5070.68109822
5902525168 112.3314 -37.04333 -4678.197 237.194 -1 33400 -5122.46326681
5902525178 110.3023 -37.01619 -4995.777 698.9494 9998 33400 -5672.27165941
5902525184 110.5049 -36.95383 -4672.99 577.0965 -1 33400 -4840.45995633
59025268 114.8415 -37.79151 -4833.221 677.8098 9998 33400 -4867.17140028
590252613 114.7818 -37.96909 -5016.688 655.8851 9998 33400 -4680.11823874
590252614 114.7637 -37.98377 -5037.044 609.4869 9998 33400 -4722.07053318
590252615 114.7507 -37.94598 -4833.736 591.5532 9998 33400 -4679.44174473
590252618 114.9561 -38.15763 -5032.99 817.1611 9998 33400 -4956.13364392
590252619 115.0041 -38.18759 -5041.8 928.2993 9998 33400 -4716.79711236
590252620 114.609 -38.35152 -4837.637 614.555 9998 33400 -4784.21925808
590252621 114.0661 -38.35677 -4793.377 366.3667 9998 33400 -4820.14588454
590252622 114.1114 -38.47832 -4642.441 409.8354 9998 33400 -4768.28856262
590252623 114.1141 -38.5252 -4808.543 450.4837 9998 33400 -4775.23679875
590252627 114.1571 -39.32337 -4753.164 827.9412 9998 33400 -4697.94885795
590252632 114.204 -38.70128 -4780.029 628.8462 9998 33400 -4778.70368831
590252633 113.8426 -38.43183 -4692.087 353.7289 -1 33400 -4742.48866651
590252634 113.4023 -38.90124 -4734.512 222.1593 9998 33400 -4598.03286166
590252635 113.1682 -38.90268 -4789.842 371.4793 9998 33400 -4554.27719703
590252638 113.7392 -38.3554 -4484.702 339.2881 9998 33400 -4610.39889009
590252643 115.2824 -38.27563 -4750.992 1185.87 9998 33400 -4445.33519452
590252652 115.4548 -37.75985 -4839.641 922.4163 -1 33400 -5303.63760364
590252654 114.895 -37.81503 -5069.311 695.2028 9998 33400 -4795.09799898
590252655 114.8647 -37.89614 -4679.59 601.263 9998 33400 -4619.81545206
590252656 114.8195 -37.9286 -5125.095 693.6089 9998 33400 -4607.82094793
590252657 115.0253 -38.05911 -5019.071 859.178 9998 33400 -4743.0876774
590252658 115.0754 -38.24169 -4794.398 955.7047 9998 33400 -4548.13505492
590252659 114.9592 -38.27066 -4827.967 856.2077 9998 33400 -4748.36684189
590252660 114.8318 -38.17093 -4922.129 698.3485 9998 33400 -4932.96361037
590252661 114.8897 -38.33956 -4775.524 802.5727 9998 33400 -4800.93116043
590252662 114.9227 -38.36752 -4837.63 868.9132 9998 33400 -4782.36187946
590252663 115.201 -38.38337 -4787.737 1094.396 9998 33400 -4771.00579871
590252664 115.2498 -38.39032 -4739.001 1095.592 9998 33400 -4762.66805762
590252670 115.602 -37.93287 -3835.226 823.7631 -1 33400 -4038.6781914
590252671 115.6096 -37.96628 -3761.604 836.0627 -1 33400 -4354.28887868
590252672 115.6234 -38.01143 -4077.696 944.7946 -1 33400 -4165.07432742
590252679 117.307 -38.27828 -4899.672 1247.996 -1 33400 -5092.51739694
590252683 116.356 -38.21544 -4924.34 915.7263 -1 33400 -5107.16017618
590252684 116.3094 -38.31212 -4765.927 892.2895 -1 33400 -4733.27781058
590252685 116.1606 -38.02469 -4994.747 823.1485 -1 33400 -5092.37218126
590252688 117.717 -38.21956 -4892.712 1313.344 -1 33400 -4931.96234543
590252696 117.8925 -38.32053 -4844.541 1349.286 -1 33400 -4819.63493191
590252697 117.5835 -38.33993 -4898.48 1289.514 -1 33400 -4867.57244138
590252698 117.5381 -38.19967 -5164.027 1387.92 -1 33400 -5212.2398
5902526100 117.4167 -38.37362 -4802.106 1125.307 -1 33400 -4866.9817985
5902526101 117.5094 -38.41777 -4894.663 1215.749 -1 33400 -4920.75741079
5902526102 117.5985 -38.39038 -4776.376 1215.549 -1 33400 -4859.43711018
5902526103 117.6195 -38.40937 -4822.569 1222.391 -1 33400 -4768.32709919
5902526106 117.9154 -38.70646 -5145.09 1112.248 9998 33400 -5318.29595274
5902526107 117.8574 -38.77188 -5067.421 1051.659 9998 33400 -5126.34194266
5902526108 117.9672 -38.76068 -5052.885 1007.98 9998 33400 -5173.11372293
5902526109 118.3534 -38.76053 -4920.704 546.9194 -1 33400 -5085.49638921
5902526111 118.272 -38.4142 -4891.269 1092.017 -1 33400 -4667.75680435
5902526119 117.4174 -38.53251 -5120.941 1197.37 9998 33400 -5185.29528648
5902526124 117.8142 -38.51819 -5132.966 1324.02 -1 33400 -5134.81507375
5902526130 118.2204 -38.62088 -4985.946 916.8125 -1 33400 -5078.37682622
5902526133 118.847 -38.86318 -4866.718 300.7894 -1 33400 -4934.15365675
5902526134 118.9818 -38.84935 -4865.075 385.928 -1 33400 -4975.597745
5902526135 119.0012 -38.7836 -4928.746 438.5518 -1 33400 -4894.91190586
5902526136 119.0508 -38.91487 -5031.679 445.6098 -1 33400 -5038.60449383
5902526138 119.5292 -39.26377 -5007.862 642.1913 -1 33400 -4972.77491197
5902526139 119.7896 -39.2898 -4769.681 633.0822 -1 33400 -4817.90387449
5902526140 120.0079 -39.24857 -5095.604 629.858 9998 33400 -5058.2027823
5902526141 120.1043 -39.13644 -4889.688 539.6002 9998 33400 -4886.03641004
5902526142 120.2462 -39.11374 -4872.915 470.6718 9998 33400 -4856.8111444
5902526143 120.1582 -39.13866 -4915.978 548.665 9998 33400 -4891.6875098
5902526144 120.2774 -39.20914 -4751.175 426.601 9998 33400 -4836.58937396
5902526145 120.4871 -39.20719 -4850.17 345.2791 9998 33400 -4827.31002293
5902526146 120.2778 -39.13587 -4808.861 431.0919 9998 33400 -4822.5906264
5902526147 120.5367 -39.22704 -4824.834 331.2199 9998 33400 -4872.99811
5902526148 120.4253 -39.0711 -5007.562 375.7425 9998 33400 -4912.11346287
5902526149 120.3975 -38.8775 -5009.103 467.2175 9998 33400 -5048.1578395
5902526150 119.9343 -38.83711 -4808.409 786.7523 9998 33400 -4779.66094492
5902526151 119.8797 -38.89276 -4743.448 767.1151 9998 33400 -4755.7764074
5902526152 120.086 -38.91518 -5010.929 685.8797 9998 33400 -4842.00880213
5902526155 119.8294 -39.04928 -4772.017 724.0461 9998 33400 -4684.19784898
5902526156 119.8288 -39.05245 -4769.492 706.3663 9998 33400 -4685.30201657
5902526157 119.8867 -39.04734 -4733.188 681.6982 9998 33400 -4774.19955515
5902526158 119.7358 -38.95795 -4751.768 793.6149 9998 33400 -4799.84572797
5902526159 119.4795 -39.1555 -4835.832 578.8146 -1 33400 -4945.33655099
5902526160 119.3246 -39.53617 -4860.504 376.9474 9998 33400 -5030.2875293
5902526161 118.8861 -39.52876 -4993.391 365.1659 9998 33400 -5049.41384077
5902526162 118.0908 -39.63006 -4947.67 474.5092 9998 33400 -4863.43276886
5902526163 118.0842 -39.94553 -4974.488 506.5623 9998 33400 -4796.00704027
5902526164 117.8797 -39.91271 -5133.675 679.462 9998 33400 -4789.50899522
5902526165 117.0294 -39.60772 -4770.903 531.7565 -1 33400 -4732.82667546
5902526166 116.6855 -39.67124 -4867.624 414.3573 9998 33400 -4920.37211309
5902526167 116.0584 -39.85922 -4891.892 600.6276 9998 33400 -4837.42449453
5902526168 115.611 -40.08037 -4707.407 457.3798 9998 33400 -4737.18782884
5902526169 115.6726 -40.26388 -4738.491 397.4605 9998 33400 -4737.2613621
5902526170 115.6492 -40.33748 -4846.665 446.9218 9998 33400 -4712.50375424
5902526171 115.5658 -40.3351 -4718.56 432.8308 9998 33400 -4724.08006374
5902526172 115.5768 -40.34285 -4721.372 422.0031 9998 33400 -4721.28065583
5902526173 115.591 -40.35858 -4745.05 423.1337 9998 33400 -4713.50719093
5902526174 115.6025 -40.37714 -4769.405 433.0896 9998 33400 -4706.88238463
5902526175 115.6171 -40.40646 -4732.507 439.5284 9998 33400 -4696.89611147
5902526176 115.6353 -40.4391 -4663.174 456.3273 9998 33400 -4688.07016618
5902526177 115.6606 -40.46872 -4677.144 483.4284 9998 33400 -4681.98802207
5902526178 115.6843 -40.49763 -4826.51 550.7185 9998 33400 -4670.1376
5902526179 115.6924 -40.52019 -4641.777 518.4169 9998 33400 -4658.48629334
5902526180 115.6926 -40.53594 -4610.111 520.8711 9998 33400 -4648.72705302
5902526181 115.692 -40.54552 -4541.042 514.2792 9998 33400 -4643.0698314
5902526182 115.6914 -40.548 -4553.283 517.6752 9998 33400 -4642.05079209
5902526183 115.6768 -40.53833 -4639.828 523.1129 9998 33400 -4643.83816841
5902526184 115.652 -40.5278 -4667.409 508.2905 9998 33400 -4646.16550679
5902526185 115.6205 -40.51493 -4619.346 484.1613 9998 33400 -4653.54903163
5902526186 115.5843 -40.50029 -4684.315 474.705 9998 33400 -4669.50454142
5902526187 115.5489 -40.48463 -4656.358 447.6454 9998 33400 -4681.08911017
5902526188 115.5102 -40.47814 -4656.458 428.552 9998 33400 -4675.97522996
5902526189 115.46 -40.47332 -4673.646 420.6503 9998 33400 -4648.81933111
5902526190 115.4024 -40.46591 -4644.714 420.115 9998 33400 -4638.80994499
5902526191 115.3597 -40.45775 -4676.275 434.7482 9998 33400 -4667.75315578
590252720 107.477 -38.11772 -4650.458 647.1983 -1 33400 -4826.986164
590252722 107.5726 -38.20969 -4676.254 609.9592 9998 33400 -4509.71087573
590252723 107.7342 -38.14981 -4700.169 595.648 -1 33400 -4654.74079312
590252724 107.8149 -38.31813 -4614.242 447.6921 9998 33400 -4603.47876507
590252725 108.0161 -38.48942 -4563.167 173.2857 -1 33400 -4550.71972529
590252726 108.0573 -38.41502 -4505.865 183.4491 -1 33400 -4504.9260059
590252727 108.2487 -38.3304 -4553.807 62.36759 9998 33400 -4739.18206917
590252728 108.0526 -38.34288 -4540.782 218.7547 -1 33400 -4543.01502769
590252729 107.8767 -38.24918 -4585.806 415.8849 -1 33400 -4568.89750099
590252730 107.6982 -38.31517 -4683.299 551.4293 9998 33400 -4579.50691414
590252731 107.7624 -38.35223 -4647.447 479.9945 9998 33400 -4689.00087662
590252732 107.9172 -38.52871 -4599.777 209.6789 -1 33400 -4564.05784648
590252734 108.0857 -38.99563 -4592.396 414.7784 9998 33400 -4577.66261683
590252735 108.1911 -39.39772 -4474.562 696.2538 9998 33400 -4434.08618118
590252736 108.4776 -39.44918 -4291.36 706.642 -1 33400 -4499.05754856
590252737 108.7404 -39.4526 -4661.165 851.4675 -1 33400 -4593.6422348
590252738 108.621 -39.52867 -4570.22 872.4786 -1 33400 -4602.57831905
590252739 108.4485 -39.63622 -4462.802 712.7285 -1 33400 -4513.88466277
590252740 108.7551 -39.78707 -4359.208 427.1802 -1 33400 -4365.62045133
590252741 108.96 -39.4663 -4491.542 639.749 -1 33400 -4497.90385809
590252744 110.0863 -40.15153 -4566.853 577.584 -1 33400 -4629.60011454
590252745 109.7861 -40.45584 -4555.75 367.5558 -1 33400 -4507.31255752
590252746 109.8491 -40.46279 -4552.152 379.867 -1 33400 -4529.67346622
590252747 109.4679 -40.45918 -4504.741 118.3721 9998 33400 -4509.54937718
590252748 109.3225 -40.86463 -4524.978 391.9317 9998 33400 -4560.60044016
590252752 109.2334 -40.82242 -4547.631 323.2484 9998 33400 -4492.06569981
590252753 109.3097 -40.40124 -3983.434 65.28094 9998 33400 -4429.04104375
590252754 109.3223 -40.33396 -4377.173 148.7859 9998 33400 -4373.87614616
590252755 109.2011 -40.46788 -4554.19 127.485 9998 33400 -4458.55530644
590252756 109.209 -40.29539 -4516.468 327.0751 9998 33400 -4433.54754056
590252757 109.2047 -40.28043 -4519.972 342.3331 9998 33400 -4418.2611561
590252759 109.1758 -40.21043 -4555.268 453.2231 9998 33400 -4336.15565198
590252760 108.9295 -40.18266 -4356.62 399.9107 9998 33400 -4332.92006267
590252761 108.9156 -40.14915 -4539.652 391.1241 9998 33400 -4248.726918
590252762 109.012 -39.79581 -4579.63 390.4207 9998 33400 -4570.56915854
590252763 108.6336 -39.80597 -4482.269 532.7218 9998 33400 -4514.03102009
590252764 108.8853 -39.86142 -4599.419 290.562 9998 33400 -4551.44354899
590252766 109.1015 -39.79296 -4608.771 446.5336 -1 33400 -4612.28498972
590252768 109.2133 -39.73563 -4492.209 495.5509 -1 33400 -4521.92345586
590252770 109.3907 -39.80971 -4596.72 607.9225 9998 33400 -4506.13040067
590252771 109.5512 -39.82996 -4461.266 591.6183 9998 33400 -4492.79633788
590252775 110.5772 -40.12322 -4585.321 848.409 9998 33400 -4567.7647942
590252776 110.5638 -39.99404 -4569.056 788.4701 9998 33400 -4519.06151645
590252777 110.2962 -40.39178 -4454.137 690.1094 9998 33400 -4501.90968741
590252778 110.4396 -40.41141 -4453.546 816.5334 9998 33400 -4470.96926085
590252779 110.6336 -39.98275 -4524.466 757.1249 9998 33400 -4533.38242916
590252780 110.5711 -39.92549 -4351.763 647.4026 9998 33400 -4378.08570387
590252781 110.5468 -39.88257 -4335.443 545.5951 9998 33400 -4311.51199635
590252782 110.5602 -39.80639 -4635.086 507.9356 9998 33400 -4514.52663696
590252783 110.5543 -39.77711 -4585.369 454.8461 9998 33400 -4639.78229839
590252784 110.5616 -39.76643 -4505.413 427.7274 9998 33400 -4670.23848391
590252786 110.8425 -39.57407 -4682.864 576.2056 9998 33400 -4926.00499484
590252788 111.1503 -39.52239 -4676.381 759.579 9998 33400 -4806.79412201
590252790 111.5498 -39.58417 -4675.481 873.7734 9998 33400 -4635.084644
590252791 111.5426 -39.53156 -4523.098 739.6589 9998 33400 -4662.05815262
590252792 111.5642 -39.49035 -4564.698 703.8883 9998 33400 -4635.78794509
590252793 111.3321 -39.3454 -4503.35 410.6725 9998 33400 -4563.48003934
590252794 111.1159 -39.17 -4473.099 63.06067 9998 33400 -4559.51582112
590252795 110.8 -39.21759 -4412.228 260.7383 -1 33400 -4472.27862644
590252796 110.1561 -39.30035 -4663.462 373.3928 -1 33400 -4678.19382089
590252797 109.9688 -39.26419 -4585.193 308.7304 -1 33400 -4573.50746592
590252798 109.9651 -39.08336 -4635.778 88.11295 -1 33400 -4659.7324839
590252799 109.8258 -38.91487 -4549.584 458.007 9998 33400 -4607.98585796
5902527101 110.4137 -38.76392 -4542.942 348.2492 9998 33400 -4557.51556461
5902527104 110.2069 -38.17645 -4514.223 322.804 -1 33400 -4529.30319577
5902527105 110.1399 -38.04741 -4625.136 197.9159 9998 33400 -4589.02887908
5902527106 110.1276 -37.9539 -4117.929 96.80859 9998 33400 -4030.10138374
5902527107 110.0784 -37.8422 -4431.83 223.3158 -1 33400 -4375.02356403
5902527108 110.181 -37.72502 -4204.939 299.2655 9998 33400 -4142.95346013
5902527109 110.2007 -37.68077 -4114.72 346.8896 -1 33400 -3904.26035615
5902527110 110.307 -37.67824 -4592.453 393.5246 -1 33400 -4638.69931339
5902527111 110.2761 -37.65998 -4647.346 466.6735 9998 33400 -4639.15925477
5902527112 110.1354 -37.72587 -4166.591 332.3958 -1 33400 -4204.69080272
5902527113 109.6222 -37.75326 -4652.455 717.2905 9998 33400 -4455.62052142
5902527114 109.2161 -37.80899 -4146.41 546.0289 9998 33400 -4265.28998049
5902527115 109.1331 -37.94961 -4432.857 389.6307 9998 33400 -4193.31337655
5902527116 109.2799 -38.01194 -4302.033 387.4367 9998 33400 -4180.93865429
5902527117 109.5315 -38.01564 -3956.82 300.9368 9998 33400 -3674.3677959
5902527118 109.657 -38.14628 -4202.834 179.8116 9998 33400 -4318.27992731
5902527120 109.4865 -37.96989 -4204.264 453.4917 9998 33400 -4012.662583
5902527121 109.3236 -38.07713 -4167.92 261.6241 9998 33400 -4082.06607528
5902527122 109.3454 -38.00011 -4211.259 440.6513 9998 33400 -4147.20868856
5902527123 109.9581 -37.6484 -4409.836 605.9677 -1 33400 -4656.75528261
5902527128 109.5601 -37.24702 -4500.018 697.6732 9998 33400 -5261.02002721
5902527129 108.8723 -37.30999 -4467.526 747.377 9999 33400 -5282.89925398
5902527130 108.2279 -37.06116 -4505.924 1020.835 -1 33400 -5138.0083555
5902527131 108.0273 -36.9591 -4480.4 960.3561 9998 33400 -5037.811672
5902527132 107.8925 -36.956 -4416.622 887.4893 -1 33400 -4671.06321007
5902527134 107.3912 -36.73681 -4410.193 428.2263 9998 33400 -4967.9786428
5902527135 107.2829 -36.63225 -4329.216 511.4787 9998 33400 -5007.66958272
5902527137 106.986 -36.69756 -4488.475 629.2218 9998 33400 -5353.61526817
5902527140 107.6195 -36.80605 -4373.114 494.9975 9998 33400 -5596.7063726
5902527141 107.688 -37.00201 -4420.592 731.9055 9999 33400 -5786.48618852
5902527144 108.6849 -37.37317 -4320.566 823.0963 9998 33400 -4947.36146132
5902527146 108.1442 -37.44186 -4485.359 857.904 9998 33400 -4939.37563902
5902527147 107.9595 -37.43353 -4225.875 637.7999 9998 33400 -4618.37627775
5902527150 107.756 -37.44311 -4345.148 613.8233 9998 33400 -4538.11019851
5902527153 107.3748 -37.2914 -4452.756 576.1538 9998 33400 -4993.82763067
5902527154 107.3444 -37.33507 -4364.35 525.2419 9998 33400 -4949.96823939
5902527155 107.3225 -37.29074 -4385.569 516.2757 9998 33400 -5075.02941725
5902527156 107.3348 -37.31175 -4377.002 514.514 9998 33400 -5033.99085892
5902527157 107.2377 -37.437 -4321.223 416.3065 9998 33400 -5240.41488992
5902527158 107.3217 -37.45342 -4311.78 498.502 9998 33400 -5173.32998977
5902527159 107.4754 -37.43946 -4484.68 657.4932 9998 33400 -4716.30486733
5902527160 107.5285 -37.40476 -4325.028 705.1383 9998 33400 -4730.20476479
5902527161 107.5003 -37.39255 -4508.221 691.4941 9998 33400 -4681.03020384
5902527162 107.4257 -37.58343 -4451.571 584.8213 9998 33400 -4360.01513453
5902527163 107.3889 -37.73145 -4376.45 485.7672 9998 33400 -4542.44877652
5902527165 107.2352 -38.13709 -4310.253 475.4838 -1 33400 -4017.96605591
5902527169 107.2625 -38.31899 -4146.124 431.6157 -1 33400 -4180.14442425
5902527172 107.1861 -38.23506 -4433.425 504.4849 -1 33400 -4369.73293017
5902527173 107.2121 -38.20977 -4463.376 630.0865 -1 33400 -4576.27390692
5902527177 107.3559 -38.23567 -4410.868 710.9493 -1 33400 -4852.60324081
5902527179 106.8116 -38.61272 -4396.427 266.908 -1 33400 -4720.01022932
5902527180 106.6186 -38.86395 -4260.457 619.2078 -1 33400 -4710.80905647
5902527181 106.4103 -38.9732 -4421.659 582.9597 -1 33400 -4510.80087264
5902527182 106.2276 -38.8793 -4398.946 613.9773 9998 33400 -4648.83483019
5902527183 106.2436 -38.83911 -4371.542 609.9076 9998 33400 -4600.32551539
5902527184 106.0029 -38.60478 -4290.52 391.2652 9998 33400 -4585.05006395
5902527185 105.96 -38.50387 -4343.569 267.3566 9998 33400 -4359.63079054
5902527186 106.2717 -37.88264 -4263.265 290.1547 9998 33400 -4815.3684796
5902527187 106.4371 -37.70572 -4330.651 348.8506 9998 33400 -4816.93554343
5902527188 106.3342 -37.71267 -4497.11 383.2055 9998 33400 -4771.2711617
5902527190 105.9294 -38.36031 -4489.462 116.7756 9998 33400 -4663.30725798
5902527194 107.254 -38.87588 -4455.431 622.0993 -1 33400 -4788.50310877
5902527200 106.1931 -38.74803 -4455.482 437.2414 9998 33400 -4446.91376422
5902527201 106.3969 -39.34748 -4265.719 296.2655 9998 33400 -4436.29953128
5902527205 106.1603 -39.43489 -4462.203 222.519 -1 33400 -4481.440241
590252817 -168.4799 -32.04306 -5613.714 520.7924 -1 33400 -5603.82413137
590252818 -167.6575 -31.97712 -5593.422 622.6786 -1 33400 -5585.76755706
590252819 -167.8683 -31.61473 -5496.689 817.196 -1 33400 -5506.34607589
590252820 -168.2411 -31.48796 -5531.892 717.0575 9998 33400 -5630.32813812
590252821 -168.3605 -31.37625 -5643.829 780.9343 -1 33400 -5644.3249041
590252822 -168.2442 -31.24299 -5632.471 777.3931 -1 33400 -5605.36962641
590252823 -168.2482 -31.36554 -5431.339 693.6336 -1 33400 -5439.39658005
590252824 -168.6761 -31.39798 -5452.921 878.6657 9998 33400 -5415.83168659
590252827 -168.6863 -31.42455 -5366.122 852.387 -1 33400 -5319.99667852
590252828 -168.1631 -31.0725 -5554.345 690.6638 -1 33400 -5595.34830421
590252829 -168.0714 -30.82464 -5464.216 570.513 -1 33400 -5492.40022285
590252830 -168.2313 -31.00021 -5490.091 657.5365 -1 33400 -5496.32979994
590252831 -168.3386 -31.05135 -5397.674 656.2811 -1 33400 -5407.20337777
590252832 -168.3931 -30.99163 -5478.184 670.2614 -1 33400 -5477.87953133
590252833 -168.2611 -31.12614 -5556.451 730.9686 -1 33400 -5564.46845085
590252834 -167.987 -31.1776 -5545.682 703.2745 -1 33400 -5511.50637229
590252836 -167.5211 -31.13204 -5606.586 742.59 -1 33400 -5604.80077782
590252837 -167.31 -30.72998 -5556.533 552.4119 -1 33400 -5536.91478082
590252838 -166.7892 -30.5422 -5381.524 404.601 -1 33400 -5380.84051986
590252839 -166.6215 -30.85087 -5513.978 514.513 -1 33400 -5505.04161929
590252840 -166.6532 -30.92756 -5628.648 663.0494 -1 33400 -5620.92850086
590252843 -166.8141 -30.96336 -5491.464 673.7289 -1 33400 -5272.47534959
590252844 -166.8656 -30.97232 -5473.158 688.2413 -1 33400 -5387.29040986
590252845 -166.8376 -30.962 -5491.077 693.4585 -1 33400 -5368.48501229
590252846 -166.7798 -31.16284 -5476.074 910.5045 -1 33400 -5479.00436387
590252847 -166.8007 -31.36532 -5393.176 1024.555 -1 33400 -5413.97117215
590252848 -167.0097 -31.28218 -5436.509 981.1002 -1 33400 -5419.11568181
590252849 -166.9086 -31.22909 -5477.497 983.791 -1 33400 -5473.18270655
590252851 -167.0699 -31.39771 -5389.189 1059.791 -1 33400 -5376.46334697
590252854 -167.6787 -31.72225 -5384.009 833.6582 -1 33400 -5406.29373503
590252855 -168.0501 -31.50515 -5341.188 686.41 -1 33400 -5363.83602282
590252856 -168.3162 -31.71053 -5482.994 701.0349 -1 33400 -5458.53633024
590252857 -168.5222 -31.47152 -5505.564 826.5932 -1 33400 -5453.77884358
590252858 -168.6999 -31.39095 -5502.31 928.9894 -1 33400 -5488.7543898
590252859 -168.6269 -31.54615 -5603.977 935.9276 -1 33400 -5614.75131137
590252860 -168.7619 -31.66771 -5550.106 916.1191 -1 33400 -5609.51735661
590252861 -168.8079 -31.74745 -5514.541 835.3109 -1 33400 -5512.37236729
590252862 -168.0109 -32.07716 -5521.167 556.1189 -1 33400 -5511.99498344
590252863 -167.669 -32.41413 -5640.15 713.8425 -1 33400 -5649.19801583
590252864 -167.9598 -32.66209 -5604.812 656.9247 -1 33400 -5572.91599891
590252865 -168.356 -32.59801 -5564.485 463.7505 -1 33400 -5567.0254298
590252866 -168.3533 -32.12517 -5651.606 555.2035 -1 33400 -5631.67988977
590252867 -167.8172 -32.18684 -5216.454 447.1827 -1 33400 -5243.42390917
590252868 -167.6067 -32.19179 -5621 534.7524 -1 33400 -5653.66989862
590252869 -167.6637 -32.22945 -5668.199 564.7307 -1 33400 -5607.299057
590252870 -167.6894 -32.25162 -5509.954 557.4747 -1 33400 -5453.67353405
590252871 -167.6506 -32.4124 -5633.378 690.0994 -1 33400 -5646.89386842
590252873 -167.3742 -32.47188 -5620.191 605.7105 -1 33400 -5624.22159651
590252874 -167.3947 -32.52127 -5606.427 630.7759 -1 33400 -5608.75402574
590252875 -167.3937 -32.59177 -5594.684 595.8991 -1 33400 -5594.80611255
590252876 -167.3663 -32.59996 -5574.647 590.1791 -1 33400 -5551.2509228
590252877 -167.3403 -32.5974 -5570.681 597.9318 -1 33400 -5532.52385064
590252878 -167.5197 -32.55127 -5550.375 648.6588 -1 33400 -5553.48404447
590252879 -167.6897 -32.57922 -5573.206 682.402 9998 33400 -5583.7254017
590252880 -167.6445 -32.7767 -5679.258 756.5016 -1 33400 -5667.67987912
590252881 -167.9568 -32.80902 -5527.703 671.678 -1 33400 -5514.84727005
590252882 -168.1801 -32.93908 -5650.835 743.3031 -1 33400 -5622.53022288
590252884 -168.4257 -33.22676 -5604.354 914.8366 -1 33400 -5587.64654138
590252885 -168.4448 -33.46983 -5654.742 1047.624 -1 33400 -5664.16873895
590252886 -168.4508 -33.58621 -5364.959 875.8418 -1 33400 -5372.75492042
590252887 -168.556 -33.61552 -5432.158 925.0851 -1 33400 -5478.31244755
590252888 -168.2763 -33.69072 -5460.882 648.9869 -1 33400 -5456.64128194
590252889 -168.2764 -33.68676 -5448.103 832.5675 -1 33400 -5455.46429953
590252890 -168.0999 -33.5964 -5568.663 842.1805 -1 33400 -5550.76523806
590252892 -168.0689 -33.72993 -5371.577 721.9721 -1 33400 -5352.31601089
590252893 -168.1336 -33.80668 -5281.834 695.4032 -1 33400 -5277.71835273
590252894 -168.0174 -33.85007 -5343.334 667.189 -1 33400 -5352.22258271
590252895 -167.8989 -33.72802 -5322.95 624.1691 -1 33400 -5317.48910044
590252896 -167.9872 -33.57154 -5425.4 736.4166 -1 33400 -5418.05332955
590252897 -168.0547 -33.52744 -5451.952 797.0674 -1 33400 -5449.05148591
590252898 -168.1053 -33.15664 -5504.986 846.0579 -1 33400 -5452.44445551
590252899 -167.9408 -33.16459 -5504.402 872.8589 -1 33400 -5506.29426449
5902528100 -168.0968 -33.26211 -5368.206 857.2841 -1 33400 -5366.51212894
5902528101 -168.245 -33.50893 -5491.172 897.1215 -1 33400 -5487.74084885
5902528102 -168.7028 -33.41751 -5446.581 846.0365 -1 33400 -5446.71748337
5902528103 -169.0018 -33.15495 -5414.551 683.6644 -1 33400 -5457.58997709
5902528104 -169.2746 -33.24419 -5465.446 749.3763 -1 33400 -5476.5663905
5902528105 -169.3098 -33.25434 -5459.921 771.3177 -1 33400 -5471.74469435
5902528106 -169.2523 -33.32921 -5424.447 746.0421 -1 33400 -5438.82081382
5902528107 -169.0468 -33.24293 -5178.478 679.6459 -1 33400 -5247.79045092
5902528108 -169.0038 -33.27576 -5322.863 688.3828 -1 33400 -5375.01051046
5902528109 -169.0158 -33.0584 -5428.638 639.4776 -1 33400 -5439.39510382
5902528110 -169.0546 -32.983 -5465.082 616.0095 -1 33400 -5453.92404847
5902528111 -169.0143 -33.04073 -5463.699 641.1062 -1 33400 -5457.24199983
5902528112 -168.9077 -32.59043 -5387.591 431.157 -1 33400 -5394.68594529
5902528113 -169.0804 -32.69707 -5355.675 431.9877 -1 33400 -5358.16727809
5902528114 -169.0239 -32.96213 -5411.153 565.5548 -1 33400 -5411.0784302
5902528115 -169.0533 -33.03066 -5510.466 651.1533 -1 33400 -5489.34316357
5902528116 -169.1279 -33.03181 -5399.209 632.8196 -1 33400 -5366.93929311
5902528117 -169.1195 -33.04609 -5383.124 619.2354 -1 33400 -5382.64003922
5902528118 -169.1335 -32.96044 -5456.474 573.7909 -1 33400 -5438.97298352
5902528119 -169.0489 -32.90013 -5530.274 558.2518 -1 33400 -5499.22597354
5902528120 -169.0906 -32.9388 -5447.188 556.3815 -1 33400 -5434.92379432
5902528121 -169.0769 -33.12074 -5507.714 730.0202 -1 33400 -5509.74455338
5902528122 -169.0963 -33.20744 -5316.113 693.4377 -1 33400 -5295.58684926
5902528123 -169.3207 -33.1828 -5347.319 689.7158 -1 33400 -5365.58288352
5902528124 -169.3593 -33.05724 -5532.427 692.4673 -1 33400 -5522.96685112
5902528125 -169.4691 -33.04478 -5517.042 706.1247 -1 33400 -5526.31554197
5902528126 -169.5003 -33.03796 -5504.268 722.3018 -1 33400 -5538.28234809
5902528127 -169.2734 -33.30769 -5379.131 739.2973 -1 33400 -5399.49745909
5902528128 -169.1663 -33.49303 -5419.723 857.0485 -1 33400 -5364.66143408
5902528129 -169.1433 -33.47248 -5414.696 814.7398 -1 33400 -5390.21802541
5902528130 -169.231 -33.41423 -5428.378 774.2897 -1 33400 -5467.88510693
5902528131 -169.2697 -33.55786 -5401.196 837.3212 -1 33400 -5369.83134689
5902528132 -169.3613 -33.78809 -5388.984 914.1335 -1 33400 -5389.9025764
5902528133 -169.5018 -33.91635 -5212.107 803.8873 -1 33400 -5241.95082392
5902528134 -169.3798 -33.97786 -5400.325 889.7014 -1 33400 -5409.74649189
5902528135 -169.3245 -33.95809 -5391.327 906.2411 9998 33400 -5387.18348912
5902528136 -169.0441 -34.03215 -5345.092 929.5184 -1 33400 -5323.11013135
5902528137 -168.9674 -34.40884 -5257.241 861.8026 -1 33400 -5256.6484338
5902528138 -168.7148 -34.61342 -5198.905 484.1289 -1 33400 -5208.55845396
5902528139 -168.6233 -34.49494 -5230.36 725.9955 -1 33400 -5223.98626014
5902528140 -168.6933 -34.38199 -5263.359 858.3281 -1 33400 -5251.60292472
5902528141 -168.9019 -34.31401 -5258.641 906.3708 -1 33400 -5257.80610092
5902528142 -169.1851 -34.33124 -5327.518 928.0118 -1 33400 -5368.3455906
5902528143 -169.087 -34.15246 -5294.274 877.5436 -1 33400 -5296.3002646
5902528144 -169.1629 -34.06002 -5382.37 915.4216 -1 33400 -5370.67194142
5902528145 -169.2527 -34.06675 -5378.687 874.697 -1 33400 -5377.23896143
5902528146 -169.2774 -33.99562 -5392.279 884.6339 -1 33400 -5389.63323096
5902528147 -169.1912 -34.07849 -5345.167 870.9309 -1 33400 -5346.16633158
5902528148 -169.1483 -33.89238 -5386.515 918.6313 9998 33400 -4954.07257446
5902528149 -169.0442 -33.74365 -5337.377 919.1205 -1 33400 -5354.62547875
5902528150 -169.0061 -33.65118 -5448.796 923.9581 -1 33400 -5447.58459459
5902528151 -168.9164 -33.473 -5283.825 788.2755 -1 33400 -5283.1236059
5902528153 -168.9422 -32.3681 -5427.693 388.4136 -1 33400 -5473.65247665
590252910 -159.3164 -32.23784 -5266.542 415.408 -1 33400 -5257.09734694
590252911 -159.2375 -32.17827 -5180.976 316.786 9998 33400 -5185.42162944
590252912 -159.1766 -32.12471 -5260.68 281.0514 -1 33400 -5260.33932688
590252913 -159.1431 -32.0565 -5249.175 234.2059 -1 33400 -5245.06533177
590252916 -158.5499 -32.43886 -5304.053 618.2651 -1 33400 -5252.92248914
590252917 -158.5567 -32.4528 -5418.744 625.578 -1 33400 -5481.06816386
590252918 -158.5455 -32.482 -5395.486 638.5831 -1 33400 -5426.99391837
590252919 -158.5115 -32.64431 -5389.989 734.1816 -1 33400 -5437.66122642
590252920 -158.5407 -32.72754 -5264.195 762.5908 -1 33400 -5265.74353374
590252921 -158.7216 -32.60336 -5169.643 602.7709 9998 33400 -4856.55156683
590252922 -158.8724 -32.49828 -5284.355 530.806 -1 33400 -5302.65658785
590252923 -158.8632 -32.48714 -5298.703 541.3716 -1 33400 -5314.13998904
590252924 -159.1045 -32.45752 -4921.854 451.1675 -1 33400 -5012.90241313
590252925 -159.4071 -32.49551 -5297.633 563.9442 -1 33400 -5263.32273373
590252926 -159.7957 -32.53697 -5270.869 643.054 -1 33400 -5326.11555084
590252927 -160.0435 -32.57882 -5235.087 693.5571 -1 33400 -5079.96855245
590252928 -160.017 -32.66249 -5377.486 714.924 -1 33400 -5364.60437325
590252929 -159.9162 -32.76754 -5398.36 711.7347 -1 33400 -5396.16389525
590252930 -159.4147 -33.14617 -5231.058 829.553 -1 33400 -5227.26237263
590252931 -159.2096 -32.96328 -5303.142 876.8428 -1 33400 -5284.31745489
590252932 -158.9852 -33.0254 -4913.855 784.2042 -1 33400 -4944.42827941
590252933 -158.7729 -33.03213 -5363.371 938.5933 -1 33400 -5338.19771841
590252934 -158.8133 -32.93941 -5450.093 955.6891 -1 33400 -5419.45312088
590252935 -158.6738 -32.93197 -5315.751 925.2363 -1 33400 -5317.91689294
590252936 -158.7119 -32.96413 -5384.518 932.7961 -1 33400 -5387.53807476
590252937 -158.6333 -33.07608 -5254.059 923.8168 -1 33400 -5235.8528686
590252938 -158.8445 -32.90055 -5074.677 829.3087 -1 33400 -5096.7035874
590252939 -158.9853 -32.85456 -5108.446 799.7879 -1 33400 -5128.7611192
590252940 -158.9485 -32.7588 -5195.654 787.0712 -1 33400 -5208.62912249
590252941 -158.8503 -32.80299 -5174.597 786.251 -1 33400 -5195.6994727
590252942 -158.8183 -32.78246 -5235.386 779.5436 -1 33400 -5256.87617866
590252943 -158.6728 -32.85241 -5120.957 803.9774 -1 33400 -5123.00457496
590252944 -158.4259 -33.15079 -5245.788 869.8519 -1 33400 -5190.16173167
590252945 -157.978 -33.39774 -5210.593 859.4456 -1 33400 -5218.88350044
590252946 -158.2516 -33.04137 -5308.048 856.6741 -1 33400 -5333.81270811
590252947 -158.326 -32.93802 -5290.266 911.0019 -1 33400 -5319.85378792
590252948 -158.1055 -32.92529 -4964.944 747.1173 -1 33400 -5331.22842452
590252949 -158.0065 -32.94869 -5070.195 749.0329 -1 33400 -5162.0928004
590252950 -157.9786 -32.96854 -5095.208 722.4417 -1 33400 -5143.17456016
590252951 -157.9411 -32.9311 -5030.141 685.7366 -1 33400 -5097.92566582
590252952 -157.952 -32.86907 -5062.276 684.0472 -1 33400 -5091.06516102
590252953 -157.8675 -32.71202 -5164.554 732.0837 -1 33400 -5501.73385257
590252957 -158.3654 -32.38589 -5077.903 626.884 -1 33400 -4918.32829234
590252958 -158.4196 -32.38527 -5067.136 596.9084 9998 33400 -5405.79130452
590252959 -158.4295 -32.39611 -4856.646 593.3087 -1 33400 -5399.39065979
590252966 -158.0064 -32.62445 -4994.18 790.7032 9999 33400 -3951.65486061
590252969 -157.2362 -32.69698 -5231.255 723.082 -1 33400 -5485.80858091
590252970 -156.9698 -32.75064 -5147.376 661.2922 -1 33400 -5239.9353164
590252971 -156.9525 -32.76052 -5173.744 648.3566 -1 33400 -5120.3079941
590252972 -157.0202 -32.9552 -5191.109 679.2284 -1 33400 -5296.9130778
590252973 -156.8636 -33.3471 -5123.652 740.6729 -1 33400 -5125.98285903
590252975 -156.3578 -33.45423 -5290.423 668.8089 -1 33400 -5288.44015707
590252976 -156.3667 -33.41714 -5261.562 696.0397 -1 33400 -5263.13855934
590252977 -156.3799 -33.3591 -5221.077 734.7156 -1 33400 -5223.34618509
590252978 -156.4149 -33.34117 -5236.206 760.6011 -1 33400 -5234.54706981
590252979 -156.6266 -33.26239 -5196.984 773.4421 -1 33400 -5201.8106235
590252980 -156.5926 -33.15894 -5145.454 761.5279 -1 33400 -5145.7379486
590252981 -157.0305 -33.09523 -5253.953 771.2786 -1 33400 -5328.28805595
590252984 -156.7514 -33.10919 -5282.05 742.4246 -1 33400 -5343.44971502
590252985 -156.6574 -33.08559 -5286.615 744.3497 9998 33400 -5272.58647851
590252986 -156.6392 -33.07967 -5276.54 758.2731 -1 33400 -5235.99676142
590252987 -156.8076 -33.12601 -5205.478 727.5664 -1 33400 -5233.01332265
590252988 -156.6745 -33.07393 -5240.685 721.4619 9998 33400 -5335.4938795
590252990 -156.6393 -33.04951 -5157.523 691.7268 -1 33400 -5164.88701808
590252991 -156.9078 -32.94045 -5148.263 668.8582 -1 33400 -5181.9811082
590252993 -157.0775 -33.12785 -5258.688 791.399 -1 33400 -5318.53086104
590252994 -157.0012 -33.12083 -5226.126 770.8375 -1 33400 -5272.26022084
590252997 -156.8222 -32.68301 -5222.926 685.1362 -1 33400 -5232.27314668
590252998 -156.9216 -32.95309 -5184.13 709.294 -1 33400 -5216.79059764
590252999 -157.1401 -33.4327 -4991.317 791.1337 -1 33400 -5001.74464049
5902529100 -157.0988 -33.62004 -5199.348 849.0612 -1 33400 -5208.50355486
5902529102 -157.4001 -33.91915 -5282.85 551.7255 -1 33400 -5305.37337532
5902529104 -156.9703 -34.61072 -5196.677 284.7212 -1 33400 -5193.29304232
5902529105 -157.0134 -34.53339 -5155.127 284.797 -1 33400 -5173.98397567
5902529106 -156.9358 -34.52891 -5179.558 270.7905 -1 33400 -5188.10106965
5902529107 -156.7967 -34.22238 -5227.187 356.3916 -1 33400 -5232.13325431
5902529108 -156.7296 -34.05715 -5187.231 507.8873 -1 33400 -5196.52141838
5902529110 -157.1108 -34.45191 -5226.6 253.3837 -1 33400 -5232.3385766
5902529111 -157.0104 -34.52876 -5229.085 293.3146 -1 33400 -5183.8685214
5902529112 -157.0847 -34.51633 -5221.919 287.2703 -1 33400 -5217.41762758
5902529113 -157.148 -34.59952 -5222.559 297.1482 -1 33400 -5242.58561017
5902529114 -157.1294 -34.77889 -5189.042 266.9435 -1 33400 -5203.98510813
5902529117 -157.0546 -35.09298 -5293.845 573.5102 -1 33400 -5268.45739895
5902529118 -157.1331 -35.06596 -5293.664 509.8749 -1 33400 -5296.51820037
5902529120 -157.103 -34.96393 -5246.524 397.2973 -1 33400 -5221.55701789
5902529121 -157.0932 -34.98129 -5179.452 413.1562 -1 33400 -5132.92610727
5902529122 -157.0603 -34.93376 -5270.666 393.6943 -1 33400 -5264.02221168
5902529123 -156.9095 -34.64848 -5206.159 281.8374 -1 33400 -5211.06380914
5902529124 -157.0658 -34.59135 -5168.769 288.9793 -1 33400 -5175.93144515
5902529125 -156.7114 -34.61845 -5272.553 353.844 -1 33400 -5283.93754919
5902529127 -156.5416 -34.10796 -5253.985 468.3023 -1 33400 -5284.77830452
5902529128 -156.5899 -33.91238 -5246.127 687.485 -1 33400 -5234.23548107
5902529129 -156.2146 -34.09009 -5069.509 367.1432 -1 33400 -5316.08147064
5902529132 -154.5305 -34.47115 -5156.996 215.3542 -1 33400 -5182.51453559
5902529133 -154.036 -34.13732 -5229.938 437.4445 -1 33400 -5278.20885817
5902529135 -153.9615 -34.01994 -5210.802 494.8728 -1 33400 -5246.75307201
5902529136 -153.7415 -34.05702 -5114.423 404.1788 -1 33400 -5167.00891128
5902529137 -153.7233 -33.96509 -5121.832 485.8154 -1 33400 -5116.40372513
5902529138 -153.8195 -34.00994 -5096.601 437.747 -1 33400 -5157.80211719
5902529139 -153.8647 -34.09642 -5188.085 379.5068 -1 33400 -5193.96404862
5902529140 -153.6515 -34.11733 -5185.556 340.0259 -1 33400 -5233.3943479
5902529141 -153.5622 -34.22282 -5241.045 258.7232 -1 33400 -5207.22297004
5902529144 -153.5037 -34.53557 -5291.096 115.3518 -1 33400 -5503.35308755
5902529145 -153.5647 -34.2883 -5240.047 204.3621 -1 33400 -5397.4602076
5902529151 -152.9474 -34.48546 -5465.351 168.3406 -1 33400 -5497.78260947
5902529154 -153.0677 -35.1359 -5375.188 385.8172 -1 33400 -5538.71840734
5902529155 -153.2133 -35.40838 -5389.103 799.2521 9998 33400 -5467.90743805
5902529157 -152.7326 -35.71361 -5424.108 919.0745 -1 33400 -5378.00954326
5902529158 -152.5804 -35.74193 -5481.985 892.447 -1 33400 -5483.09763986
5902529162 -151.5857 -35.74385 -5314.178 490.9547 -1 33400 -5322.15985118
5902529163 -151.572 -35.51864 -5280.764 565.3386 -1 33400 -5255.24468751
5902529164 -151.4403 -35.55569 -5397.75 705.7454 -1 33400 -5471.70322446
590516116 -153.1106 -31.63941 -4591.342 194.2677 -1 33400 -4598.8508742
590516119 -152.8582 -31.18458 -5152.407 555.5005 -1 33400 -5149.04981781
590516120 -152.7834 -31.07258 -5088.831 708.9315 -1 33400 -5137.34532671
590516121 -152.8813 -30.9512 -5125.352 815.5667 -1 33400 -5106.13594646
590516122 -153.3882 -30.84811 -5137.322 904.2166 -1 33400 -5138.7222887
590516123 -153.7852 -30.80098 -4991.339 889.105 -1 33400 -4994.93761298
590516124 -153.8817 -31.15852 -4658.686 123.6842 -1 33400 -4908.79267994
590516125 -153.9919 -31.34436 -5085.517 335.9891 -1 33400 -5101.2664527
590516126 -153.8388 -31.20414 -5006.507 103.588 -1 33400 -4985.35329122
590516127 -153.7687 -30.97766 -4983.699 470.5085 -1 33400 -4987.62118809
590516128 -153.8014 -30.79208 -4841.07 864.8555 -1 33400 -5043.13791665
590516129 -153.7592 -30.65873 -5145.16 1234.623 -1 33400 -5092.21765233
590516130 -153.6986 -30.42284 -5055.63 1736.527 -1 33400 -5063.9548767
590516131 -153.5337 -30.43486 -4759.234 1555.759 -1 33400 -5020.51604756
590516132 -153.5703 -30.43612 -4854.513 1623.098 -1 33400 -5088.22534323
590516133 -153.6539 -30.51466 -4919.145 1458.634 -1 33400 -5006.71672379
590516134 -153.6477 -30.52757 -4933.506 1451.729 -1 33400 -5035.73709626
590516135 -153.4055 -30.71772 -5160.362 1173.16 -1 33400 -5183.26513753
590516136 -153.4869 -31.13757 -4819.279 321.5573 -1 33400 -4837.37265451
590516137 -153.5186 -31.33085 -4998.984 94.34393 -1 33400 -5009.17070211
590516138 -153.4925 -31.5224 -5126.857 104.0576 -1 33400 -5135.85331269
590516139 -153.4521 -31.51994 -5093.495 90.70313 -1 33400 -5106.3093584
590516140 -153.6273 -31.41735 -4635.748 87.36538 -1 33400 -4652.56382057
590516141 -153.5983 -31.37427 -5105.777 66.08662 -1 33400 -5076.36231346
590516142 -153.6497 -30.90018 -4956.652 688.1068 -1 33400 -4996.31037245
590516143 -153.7656 -30.47354 -5016.507 1618.456 9998 33400 -4982.98576199
590516144 -153.9735 -30.33295 -4959.791 1809.787 -1 33400 -5018.88375972
590516145 -153.9605 -30.29086 -4860.396 1838.696 -1 33400 -4884.75284934
590516146 -153.8865 -30.27014 -5044.922 2069.622 -1 33400 -5085.78504479
590516147 -153.8166 -30.33065 -4963.674 1953.99 -1 33400 -4973.22024604
590516148 -153.7441 -30.30576 -5032.101 2044.243 -1 33400 -5024.42674996
590516149 -153.8177 -30.15414 -5065.053 2234.644 -1 33400 -5098.78599397
590516150 -153.8106 -30.06827 -5093.609 2249.671 -1 33400 -5125.62630165
590516151 -153.7117 -30.04126 -4944.376 2134.891 -1 33400 -4919.27631311
590516152 -153.7773 -29.93333 -5095.992 2063.608 -1 33400 -5122.34949835
590516153 -153.989 -29.81674 -5127.952 1944.293 -1 33400 -5113.7352691
590516154 -154.2646 -29.71042 -5057.664 1660.277 -1 33400 -5058.99879346
590516156 -154.0028 -29.60995 -5101.167 1668.451 -1 33400 -5181.30457484
590516157 -153.7569 -29.73604 -5137.878 1770.726 -1 33400 -5187.86894469
590516158 -153.5424 -29.80841 -5139.886 2091.261 -1 33400 -5142.82189358
590516159 -153.6309 -29.98669 -5093.061 2260.347 -1 33400 -5063.76474152
590516160 -153.7348 -30.09763 -5030.826 2337.299 -1 33400 -5004.31050521
590516161 -153.7175 -30.13354 -4788.395 2124.563 -1 33400 -4815.13269336
590516162 -153.7259 -29.98501 -5068.809 2324.82 -1 33400 -5074.39321485
590516163 -153.8866 -29.91372 -4988.201 2012.622 -1 33400 -5110.22286436
590516164 -153.98 -29.94874 -4858.49 1950.677 -1 33400 -4871.02307166
590516165 -154.0396 -29.96009 -5013.609 2104.426 -1 33400 -5021.60813607
590516166 -154.0022 -30.02711 -5063.165 2235.247 -1 33400 -5049.98635588
590516167 -153.9679 -30.10077 -5062.65 2261.818 -1 33400 -5067.81605307
590516168 -153.9289 -30.14259 -5058.848 2321.419 -1 33400 -5059.6731402
590516169 -153.9965 -30.08889 -5088.459 2319.409 -1 33400 -5101.11525983
590516170 -154.1445 -30.03006 -5020.374 2143.793 -1 33400 -5034.84477544
590516171 -154.1539 -29.81861 -5077.122 1980.643 -1 33400 -5139.22689892
590516172 -154.3013 -29.77787 -5076.848 1859.711 -1 33400 -5072.79944687
590516175 -154.7101 -29.16097 -5112.116 998.1348 -1 33400 -5119.28387884
590516176 -154.8171 -29.04371 -5116.14 918.6023 -1 33400 -5125.09942068
590516179 -154.6913 -28.93367 -5168.076 643.9024 -1 33400 -5167.16306113
590516180 -154.5207 -28.91782 -5241.196 497.3813 -1 33400 -5247.15332515
590516181 -154.4438 -29.0504 -5251.127 622.0809 -1 33400 -5248.87615025
590516182 -154.1598 -28.92441 -5327.659 216.4368 -1 33400 -5326.18805371
590516183 -153.8315 -28.86354 -5201.852 168.9402 -1 33400 -5152.3382288
590516184 -153.876 -28.65621 -5235.969 459.16 -1 33400 -5223.49338658
590516185 -153.8486 -28.63021 -5279.995 487.565 -1 33400 -5270.22408805
590516186 -153.9384 -28.63009 -5046.644 457.9732 -1 33400 -5068.80270232
590516187 -154.0433 -28.77079 -5395.844 260.2722 -1 33400 -5398.54181455
590516188 -154.1028 -28.56558 -5195.475 482.0311 -1 33400 -5203.85268314
590516189 -154.0896 -28.6871 -5435.213 373.0479 -1 33400 -5430.41256826
590516190 -154.0713 -28.72092 -5281.023 309.8191 -1 33400 -5284.61870194
590516192 -153.9316 -28.47965 -5341.701 647.1549 -1 33400 -5322.33336618
590516193 -153.8054 -28.50431 -5307.866 645.911 -1 33400 -5301.89302409
590516194 -153.7306 -28.69764 -5362.64 482.632 -1 33400 -5186.18260345
590516195 -153.7029 -28.89452 -5197.572 203.3191 -1 33400 -5248.13887159
590516196 -153.3022 -28.95234 -5318.052 320.3762 -1 33400 -5292.66642481
590516197 -153.0163 -29.09238 -5486.086 140.5701 -1 33400 -5429.99098978
590516198 -152.9583 -29.29691 -5168.898 404.4197 -1 33400 -5126.61805174
590516199 -152.9461 -29.43171 -5208.408 804.2756 -1 33400 -5173.7327009
5905161100 -153.0116 -29.48714 -5213.718 994.3809 -1 33400 -5297.56083853
5905161101 -153.0713 -29.54792 -5285.237 1240.457 -1 33400 -5281.09367513
5905161102 -153.0444 -29.52892 -5207.495 1163.414 -1 33400 -5258.35972364
5905161103 -153.0096 -29.42468 -5056.809 725.9044 -1 33400 -5091.87149612
5905161104 -152.8623 -29.28156 -5261.211 379.3637 -1 33400 -5125.47322088
5905161105 -152.5849 -29.26526 -5344.475 435.814 -1 33400 -5331.58760947
5905161106 -152.6104 -29.24317 -5139.339 365.4361 -1 33400 -5226.65163213
5905161107 -152.6252 -29.14285 -5337.937 347.5734 -1 33400 -5355.0915671
5905161108 -152.4522 -29.24846 -5273.148 387.902 -1 33400 -5308.12504652
5905161109 -152.4958 -29.26378 -5361.433 429.5337 -1 33400 -5408.48345748
5905161110 -152.5556 -29.21916 -5365.91 367.9219 -1 33400 -5342.65941404
5905161111 -152.4492 -29.28692 -5271.581 429.1409 -1 33400 -5297.99829552
5905161112 -152.4474 -29.27485 -5296.982 409.073 -1 33400 -5313.90420315
5905161113 -152.4383 -29.30305 -5290.477 469.0606 -1 33400 -5295.42747931
5905161114 -152.3328 -29.38692 -5298.971 670.4289 -1 33400 -5288.72473639
5905161115 -152.3543 -29.3386 -5237.339 530.2145 -1 33400 -5240.81337202
5905161116 -152.2386 -29.27639 -5143.981 291.3476 -1 33400 -5145.43529986
5905161117 -152.1587 -29.22788 -5143.711 189.3235 -1 33400 -5124.54475298
5905161119 -152.2422 -29.14292 -5111.056 299.3995 -1 33400 -5099.58878393
5905161120 -152.271 -29.13135 -5031.114 352.7247 -1 33400 -5038.29271071
5905161121 -152.369 -29.1363 -5175.074 392.0862 -1 33400 -5202.0038401
5905161122 -152.4703 -29.13585 -5251.868 435.6414 -1 33400 -5217.02735455
5905161123 -152.6813 -29.1577 -5176.325 340.4787 -1 33400 -5132.55079582
5905161125 -153.3115 -29.09468 -5251.206 169.2993 -1 33400 -5238.8229063
5905161126 -153.4093 -29.20314 -5251.55 330.334 -1 33400 -5250.09098386
5905161127 -153.1068 -29.31717 -5249.66 532.2474 -1 33400 -5242.39829692
5905161128 -152.9475 -29.61344 -5148.5 1573.851 -1 33400 -5195.37034111
5905161129 -152.9512 -29.5901 -5053.832 1396.779 -1 33400 -5197.35242677
5905161130 -153.0714 -29.85199 -5233.054 2530.714 -1 33400 -5255.78336509
5905161131 -153.1584 -29.8927 -5155.66 2454.897 -1 33400 -5067.68980273
5905161132 -153.2914 -29.92166 -5017.604 2366.597 -1 33400 -5071.44004693
5905161133 -153.2554 -29.91131 -5066.607 2382.646 -1 33400 -5090.11850463
5905161134 -153.1851 -29.90467 -5185.91 2525.943 -1 33400 -5038.85716758
5905161135 -153.0875 -29.88797 -5217.042 2502.853 -1 33400 -5246.74418838
5905161136 -153.0228 -29.82746 -5164.9 2244.865 -1 33400 -5146.45051821
5905161139 -153.002 -29.63788 -5213.461 1667.246 -1 33400 -5224.31345585
5905161140 -152.9707 -29.59735 -5067.605 1408.297 -1 33400 -5176.03114523
5905161141 -152.8833 -29.48118 -5060.861 1020.881 -1 33400 -5114.94711005
5905161142 -152.4659 -29.54079 -5194.497 1198.374 -1 33400 -5188.90776852
5905161143 -152.2565 -29.63026 -5083.213 1293.042 -1 33400 -5080.28577577
5905161144 -152.2181 -29.59566 -4834.93 1020.017 -1 33400 -4848.56296462
5905161145 -151.9775 -29.65103 -4970.835 1075.754 -1 33400 -5033.70522019
5905161146 -152.0753 -29.72059 -5262.095 1415.376 -1 33400 -5259.6552869
5905161147 -152.2177 -29.77556 -5254.898 1675.675 -1 33400 -5241.41534429
5905161148 -152.1889 -29.75085 -5149.608 1624.084 -1 33400 -5143.87105736
5905161149 -152.2168 -29.7172 -5181.237 1604.138 9998 33400 -5140.85675718
5905161150 -152.1282 -29.75926 -5094.899 1539.37 9998 33400 -5111.69974171
5905161151 -151.9741 -29.79204 -5157.834 1489.331 -1 33400 -5140.5658337
5905161152 -151.8291 -29.74036 -4873.137 1138.578 -1 33400 -4875.13820489
5905161153 -151.7168 -29.67514 -4648.744 840.0802 9998 33400 -4754.45505254
5905161154 -151.5674 -29.64379 -5027.902 872.7368 9998 33400 -4889.60086323
5905161155 -151.2104 -29.78319 -4689.524 847.397 9998 33400 -4896.57869199
5905161156 -151.2507 -30.0468 -5009.11 1358.559 9998 33400 -5023.66580736
5905161157 -151.5504 -30.00989 -5178.207 1597.628 9998 33400 -5060.82373359
5905161158 -151.5212 -29.84722 -4985.996 1183.104 9998 33400 -5102.77984572
5905161159 -151.495 -29.83865 -5085.165 1211.755 9998 33400 -5175.82557733
5905161160 -151.55 -29.80383 -5077.516 1141.03 9998 33400 -5103.31497105
5905161162 -151.4642 -29.83899 -5287.538 1490.625 9998 33400 -5263.24302489
5905161163 -151.3714 -29.84596 -5119.308 1491.601 9998 33400 -5253.96583312
5905161164 -151.3183 -29.88447 -5093.975 1368.818 9998 33400 -5180.92970602
5905161165 -151.3388 -29.87183 -5132.78 1537.436 9998 33400 -5200.15008175
5905161166 -151.2807 -29.89352 -5071.853 1524.089 9998 33400 -5181.10452687
5905161167 -151.2226 -29.9633 -5062.22 1474.967 9998 33400 -5128.76388577
5905161168 -151.3339 -29.9789 -4845.951 1352.689 9998 33400 -4871.91521658
5905161169 -151.2109 -29.88081 -5079.134 1430.075 9998 33400 -5064.97041828
5905161170 -151.1373 -29.83706 -4943.875 1117.053 9998 33400 -4891.35956496
5905161171 -151.0751 -29.81976 -5122.229 1339.006 9998 33400 -4969.83296175
590516213 -167.3678 -45.81761 -5245.44 361.1707 -1 33400 -5270.72897656
590516219 -166.0038 -45.26953 -5521.928 312.6431 -1 33400 -5563.90306847
590516222 -165.5968 -45.41452 -5571.548 202.3522 -1 33400 -5554.78173925
590516223 -165.2477 -45.69039 -5608.523 177.5693 -1 33400 -5647.16670537
590516224 -166.1144 -45.91659 -5551.569 349.9839 -1 33400 -5520.00482184
590516225 -166.7749 -45.81915 -5422.038 591.9551 -1 33400 -5419.02989015
590516226 -166.5523 -45.49378 -5460.503 582.6004 -1 33400 -5491.88273885
590516227 -166.2442 -45.57005 -5519.26 539.0587 -1 33400 -5572.84214405
590516228 -166.858 -45.86846 -5440.391 544.2396 -1 33400 -5452.84951052
590516229 -166.4135 -45.6409 -5491.279 596.5395 -1 33400 -5492.82213719
590516230 -167.1469 -45.3218 -5332.791 437.8474 -1 33400 -5344.59675701
590516231 -167.8728 -45.3699 -5197.926 386.4789 -1 33400 -5214.49828279
590516232 -167.839 -45.21064 -5313.878 280.9468 -1 33400 -5309.28569264
590516233 -167.7696 -45.1602 -5298.61 335.6908 -1 33400 -5303.80296103
590516234 -167.309 -45.02992 -5315.514 230.6972 -1 33400 -5314.56661625
590516235 -166.6187 -44.69582 -5338.324 549.911 -1 33400 -5336.62509817
590516236 -166.3526 -44.67284 -5399.199 759.2014 -1 33400 -5397.07673878
590516237 -166.6186 -44.42591 -5383.938 724.706 -1 33400 -5385.73612756
590516238 -166.8656 -44.15679 -5388.813 652.8161 -1 33400 -5373.72726609
590516239 -166.3196 -44.17947 -5450.622 650.4259 -1 33400 -5457.59964993
590516240 -165.5898 -44.04559 -5441.79 1039.007 -1 33400 -5433.79130642
590516241 -165.0873 -44.10228 -5290.415 778.9289 -1 33400 -5296.20863908
590516242 -164.3997 -44.11084 -5318.868 665.2446 -1 33400 -5307.42404526
590516244 -164.0964 -44.20774 -5058.896 835.2857 -1 33400 -5046.02503968
590516245 -164.5317 -44.3362 -5361.243 190.8612 -1 33400 -5363.30001639
590516246 -164.0043 -44.57288 -5286.313 695.4572 -1 33400 -5287.31912663
590516247 -164.1948 -45.18709 -5360.339 67.40065 -1 33400 -5366.4339194
590516248 -164.7276 -45.6234 -5392.244 251.9806 -1 33400 -5385.06154113
590516252 -166.7257 -45.74577 -5448.287 677.2697 -1 33400 -5451.29279071
590516253 -166.4422 -45.55143 -5485.619 578.8367 -1 33400 -5534.16203221
590516254 -166.3866 -45.40609 -5459.193 479.6307 -1 33400 -5459.47178658
590516255 -165.8183 -45.63819 -5561.958 439.4188 -1 33400 -5606.41685986
590516256 -166.7242 -45.0983 -5352.158 143.3558 -1 33400 -5366.75117706
590516257 -166.5228 -44.86459 -5345.693 460.4761 -1 33400 -5347.00321196
590516258 -166.2271 -44.65128 -5421.268 830.1226 -1 33400 -5421.19964044
590516259 -166.5439 -44.32909 -5414.753 832.8176 -1 33400 -5411.43057122
590516260 -166.9897 -43.5686 -5301.904 909.7946 -1 33400 -5296.06559367
590516261 -165.7557 -43.36155 -5149.492 795.7339 -1 33400 -5154.78846078
590516262 -164.7912 -43.69145 -5139.261 877.5778 -1 33400 -5140.52066154
590516263 -164.3008 -43.5121 -5250.913 831.825 -1 33400 -5253.96919851
590516264 -163.8707 -43.45583 -5051.494 788.5677 -1 33400 -5054.78292325
590516265 -164.3472 -42.48845 -5018.603 344.6946 -1 33400 -5031.687506
590516266 -165.6516 -42.11605 -4855.868 680.2976 -1 33400 -4870.47941975
590516267 -165.9449 -41.7976 -4937.286 849.7262 -1 33400 -4938.66986524
590516268 -166.4892 -41.43201 -4930.081 812.3661 -1 33400 -4968.85368223
590516269 -166.5863 -40.51873 -5035.794 324.4396 -1 33400 -5035.98538327
590516270 -166.1509 -40.40887 -5017.425 319.7441 -1 33400 -5014.85160514
590516271 -166.0592 -39.37108 -4914.322 84.56139 -1 33400 -4930.41773864
590516272 -165.7639 -39.05872 -5054.494 332.4273 9998 33400 -5060.26076943
590516278 -166.3183 -38.60194 -5250.263 261.8625 -1 33400 -5258.69857461
590516279 -165.7127 -38.18788 -5101.326 475.2736 -1 33400 -5107.21078705
590516281 -165.6002 -37.18441 -5190.661 323.3422 -1 33400 -5183.87287939
590516282 -165.3537 -36.8212 -4957.646 272.4688 -1 33400 -4970.36356988
590516283 -165.0492 -36.46213 -5171.125 330.3263 -1 33400 -5155.23800759
590516284 -165.078 -36.10896 -5172.449 161.8295 -1 33400 -5167.95223818
590516285 -165.2311 -35.93488 -5214.588 113.3012 -1 33400 -5222.73017867
590516286 -165.8286 -35.48276 -5002.174 476.9046 -1 33400 -5048.71543663
590516287 -166.2354 -35.55327 -5244.318 503.0931 9998 33400 -5230.72287493
590516288 -166.6638 -35.70456 -5343.642 541.812 -1 33400 -5335.4151372
590516289 -166.7843 -35.75379 -5268.254 494.2855 -1 33400 -5287.39891641
590516290 -167.0835 -35.52934 -5230.375 601.0526 -1 33400 -5231.50256017
590516291 -167.2366 -34.98448 -5128.945 389.6653 -1 33400 -5170.08571584
590516292 -167.0243 -34.94321 -5316.389 393.3762 -1 33400 -5321.27729977
590516293 -166.5944 -35.16183 -5382.634 520.0663 -1 33400 -5375.11591561
590516294 -166.6047 -35.78234 -5182.483 456.2812 -1 33400 -5203.37311025
590516295 -166.8134 -35.86697 -5185.74 330.4921 -1 33400 -5179.65470495
590516296 -167.1219 -35.76023 -5150.216 384.2272 9998 33400 -5147.0917994
590516297 -166.9695 -35.63622 -5217.729 547.9003 -1 33400 -5211.50493215
590516298 -167.0332 -35.6735 -5198.718 512.4114 -1 33400 -5205.71329131
590516299 -167.0248 -35.49982 -5234.265 638.3332 -1 33400 -5233.41834174
5905162100 -167.2848 -35.57516 -5168.62 501.27 -1 33400 -5163.71572586
5905162101 -167.5554 -35.16214 -5162.02 303.4544 -1 33400 -5158.67709804
5905162102 -167.7278 -34.84635 -4894.265 321.1232 -1 33400 -4903.42310414
5905162103 -167.8108 -34.92474 -5196.342 256.1277 -1 33400 -5181.3568342
5905162104 -167.952 -34.99612 -5043.512 168.7863 -1 33400 -5044.81519865
5905162105 -168.0072 -34.9683 -5050.41 167.6583 -1 33400 -5040.11993775
5905162106 -168.1004 -35.14099 -5029.772 88.31112 -1 33400 -5030.72382815
5905162107 -167.8589 -35.19629 -5091.426 138.152 -1 33400 -5081.53680013
5905162108 -168.3126 -35.17371 -4978.057 73.84169 -1 33400 -4981.21277023
5905162109 -168.8439 -34.96677 -5130.795 72.13518 9998 33400 -5046.5336805
5905162110 -169.0194 -34.88514 -5184.535 77.148 -1 33400 -5163.28537357
5905162111 -169.2634 -35.01618 -5189.614 98.11865 -1 33400 -5182.16022052
5905162112 -169.3804 -34.94658 -5220.562 198.4397 -1 33400 -5219.5475943
5905162113 -169.4393 -34.55498 -5187.494 544.2391 -1 33400 -5216.06654161
5905162114 -169.4788 -34.50067 -5374.613 701.7356 -1 33400 -5366.02623849
5905162115 -169.2698 -34.4433 -5308.481 779.7795 -1 33400 -5307.33623544
5905162116 -169.4286 -34.45876 -5331.044 724.5696 -1 33400 -5333.26967581
5905162117 -169.3569 -34.19083 -5003.411 717.4132 -1 33400 -5017.21929781
5905162118 -169.4514 -34.0633 -5120.237 737.272 -1 33400 -5158.69357496
5905162119 -169.3669 -33.89021 -5416.054 857.9676 -1 33400 -5414.29612704
5905162120 -169.1744 -33.92675 -5373.424 873.2367 -1 33400 -5334.90752042
5905162121 -169.2947 -34.02637 -5388.971 862.6777 -1 33400 -5387.94727028
5905162127 -169.6901 -33.74765 -5487.963 896.8292 -1 33400 -5511.44644174
5905162133 -169.8921 -33.91934 -5537.443 888.0109 -1 33400 -5534.81603904
5905162134 -170.079 -33.69347 -5560.293 985.7968 -1 33400 -5546.80641266
5905162135 -170.1512 -33.59023 -5574.375 1060.109 -1 33400 -5558.92043879
5905162136 -170.2216 -33.59904 -5561.984 1048.856 -1 33400 -5554.92815765
5905162137 -170.0978 -33.7299 -5519.044 973.9705 -1 33400 -5540.06661704
5905162138 -170.1391 -34.06898 -5575.018 768.6516 -1 33400 -5579.47177812
5905162139 -170.0214 -34.21689 -5534.979 682.9632 -1 33400 -5489.83494678
5905162140 -169.7961 -34.13283 -5491.074 771.6442 -1 33400 -5482.36313177
5905162141 -169.8326 -33.7305 -5487.68 905.1356 -1 33400 -5526.47348649
5905162142 -169.8239 -33.64897 -5487.234 914.8094 -1 33400 -5488.88184573
5905162143 -170.0314 -33.40889 -5576.204 1025.323 -1 33400 -5570.22409616
5905162144 -169.9216 -33.57127 -5522.217 954.8148 -1 33400 -5498.27741215
5905162145 -169.6627 -33.63287 -5517.154 867.6942 9998 33400 -5584.19949305
5905162146 -169.6475 -33.73852 -5534.818 880.4773 -1 33400 -5545.79253657
5905162147 -169.6229 -33.78474 -5391.601 844.3212 -1 33400 -5357.74634432
5905162148 -169.676 -33.69118 -5509.577 886.5967 -1 33400 -5558.23069137
5905162149 -169.836 -33.66821 -5527.206 920.3073 9998 33400 -5503.80959754
5905162150 -170.0943 -33.74387 -5525.427 961.376 9998 33400 -5556.75227005
5905162151 -170.0957 -33.71855 -5543.731 983.1025 9998 33400 -5519.81411466
5905162152 -170.0305 -33.8365 -5551.612 930.7898 9998 33400 -5586.96849633
5905162153 -169.879 -34.01316 -5536.817 824.0457 9998 33400 -5498.47475599
5905162154 -169.6092 -34.03236 -5403.012 796.447 9998 33400 -5322.41803059
5905162155 -169.4577 -33.76836 -5381.148 804.8328 9998 33400 -5395.00072853
5905162156 -169.4658 -33.58392 -5347.332 780.2535 -1 33400 -5364.06463102
5905162157 -169.456 -33.12613 -5380.666 652.1678 9998 33400 -5381.54401891
5905162158 -169.3423 -32.97014 -5546.212 562.4568 9998 33400 -5546.80959143
5905162159 -169.186 -32.90666 -5416.796 480.01 9998 33400 -5314.99260428
5905162160 -169.3943 -32.69125 -5584.864 408.7505 9998 33400 -5318.05229184
5905162161 -169.3306 -32.67796 -5570.644 401.4084 9998 33400 -5613.86660642
5905162162 -169.0016 -32.84013 -5372.659 446.3801 9998 33400 -5309.88031488
5905162163 -169.0533 -32.38228 -5531.967 328.7771 9998 33400 -5646.82864731
5905162164 -169.2204 -32.05588 -5557.962 171.4113 -1 33400 -5601.78454959
5905162165 -169.1436 -32.01896 -5568.916 249.4469 -1 33400 -5581.03453011
5905162166 -168.9311 -32.56483 -5398.937 394.9769 -1 33400 -5422.20403218
5905162167 -168.835 -32.56336 -5405.813 392.9793 -1 33400 -5407.15666823
5905162168 -168.7656 -32.23544 -5380.486 392.3764 9998 33400 -5386.25382107
5905162170 -168.4836 -31.68197 -5406.597 688.9616 9998 33400 -5372.41200022
5905162171 -168.5291 -31.99444 -5559.636 587.5431 9998 33400 -5476.93942232
590516315 -162.1638 -45.56205 -5343.607 652.8377 -1 33400 -5320.90065192
590516316 -162.7545 -44.70004 -5266.311 1118.739 -1 33400 -5255.84117977
590516317 -162.4132 -43.77556 -5102.409 218.042 -1 33400 -5099.05109286
590516318 -162.7697 -43.2812 -5091.014 100.6736 -1 33400 -5080.45139827
590516319 -163.101 -43.15486 -5211.964 126.0441 -1 33400 -5213.97890276
590516322 -162.8487 -42.9671 -5164.305 74.55061 -1 33400 -5158.78212539
590516324 -162.9366 -42.91457 -5159.197 47.31931 -1 33400 -5151.35805488
590516325 -162.9284 -42.81487 -5034.928 147.6852 -1 33400 -5024.34161707
590516327 -163.634 -42.35566 -4946.051 445.2246 -1 33400 -4965.44690416
590516328 -163.6402 -42.3569 -4922.1 470.9332 -1 33400 -4956.93538804
590516329 -164.2971 -42.31675 -5062.588 209.6003 -1 33400 -5089.11672768
590516330 -165.024 -42.64155 -5003.896 823.2864 -1 33400 -5003.91622482
590516331 -165.2645 -42.70173 -5098.747 875.6165 -1 33400 -5098.01660861
590516332 -165.2504 -42.46203 -5059.709 786.8536 -1 33400 -5093.29162116
590516333 -165.5877 -41.8378 -4957.728 564.1941 -1 33400 -4967.60702811
590516334 -165.7811 -41.80591 -4912.553 751.4415 9998 33400 -4947.25323623
590516335 -166.1065 -41.59274 -4944.943 988.1134 -1 33400 -4978.60624864
590516336 -166.643 -41.43719 -4794.464 728.5966 -1 33400 -4744.12568879
590516337 -166.7898 -41.46533 -4600.008 503.7806 -1 33400 -4582.75711217
590516338 -166.7925 -41.45923 -4630.602 535.0951 -1 33400 -4604.13121618
590516339 -166.806 -41.44887 -4599.335 540.5298 -1 33400 -4616.96020341
590516340 -166.7992 -41.48126 -4549.883 453.861 -1 33400 -4565.80841211
590516341 -167.5425 -41.88389 -4654.695 436.1689 -1 33400 -4673.3150788
590516342 -167.4606 -42.00341 -4577.056 524.1199 -1 33400 -4644.1916425
590516343 -167.4545 -42.22965 -4487.495 592.886 -1 33400 -4505.22000966
590516344 -168.1466 -41.79748 -4659.198 302.4153 -1 33400 -4685.49636746
590516345 -168.7258 -41.68491 -4687.206 260.09 -1 33400 -4684.71997434
590516346 -169.5751 -41.05051 -4613.779 255.1459 -1 33400 -4634.27140742
590516347 -169.1728 -40.32362 -4656.329 538.551 -1 33400 -4637.88727862
590516348 -169.2543 -39.83521 -4659.546 297.7152 -1 33400 -4657.39403996
590516349 -169.39 -39.92097 -4668.444 356.6109 -1 33400 -4667.97040844
590516350 -169.8681 -40.00205 -4645.007 426.3058 -1 33400 -4644.02939081
590516351 -169.82 -40.21222 -4612.578 452.8179 -1 33400 -4614.45805047
590516352 -168.7837 -39.80398 -4709.953 32.91254 -1 33400 -4683.0060056
590516353 -169.8073 -38.58562 -4780.079 477.4751 -1 33400 -4779.24735528
590516354 -171.2651 -38.799 -4764.844 396.9499 -1 33400 -4756.06053389
590516355 -172.1148 -39.44602 -4738.842 602.8971 -1 33400 -4756.15475505
590516356 -173.0237 -39.88552 -4816.978 480.3622 -1 33400 -4819.68661995
590516357 -173.7952 -39.83776 -4955.238 249.5678 -1 33400 -5006.20865521
590516358 -174.8344 -39.13572 -4962.73 102.5487 -1 33400 -5000.00197352
590516359 -175.0278 -38.85666 -4998.058 165.0327 -1 33400 -5025.46798542
590516360 -176.0529 -37.92114 -4958.713 533.6925 -1 33400 -4959.78517088
590516361 -176.6955 -37.38964 -5133.096 588.0635 -1 33400 -5182.41092933
590516364 -177.5867 -36.16839 -5710.964 1190.966 -1 33400 -5699.61536878
590516365 -177.0106 -36.08236 -5583.72 713.7988 -1 33400 -5582.90908709
590516366 -176.2954 -35.69228 -5606.551 868.6256 -1 33400 -5606.25687063
590516367 -176.8147 -35.57043 -5603.805 452.3481 -1 33400 -5600.12412067
590516368 -176.5304 -35.43724 -5601.838 526.733 -1 33400 -5592.96952774
590516369 -176.4 -35.62353 -5606.875 721.5728 9998 33400 -5606.94339373
590516370 -176.2277 -35.72756 -5609.146 926.0856 -1 33400 -5598.66089075
590516371 -175.4782 -35.83671 -5624.57 700.1086 -1 33400 -5618.09596088
590516372 -175.2656 -36.08729 -5629.089 426.6123 -1 33400 -5660.74123235
590516373 -175.2232 -36.05949 -5630.167 433.0273 -1 33400 -5658.24102667
590516374 -175.0035 -35.97387 -5632.24 397.5531 -1 33400 -5650
590516375 -174.782 -35.93751 -5641.835 354.941 -1 33400 -5710.79123961
590516376 -175.1431 -36.10977 -5631.304 370.2895 -1 33400 -5648.0434877
590516377 -175.6037 -36.1477 -5614.84 337.614 -1 33400 -5614.55709469
590516378 -176.2991 -36.12963 -5579.054 489.9349 -1 33400 -5581.05518641
590516379 -176.7194 -36.63915 -5411.856 285.1789 -1 33400 -5413.00214458
590516380 -175.4697 -36.84887 -5555.577 463.1498 -1 33400 -5556.77710154
590516381 -175.114 -36.525 -5615.524 273.3172 9998 33400 -5604.59201
590516382 -175.0187 -36.84275 -5573.285 372.0328 -1 33400 -5595.01192912
590516383 -175.3528 -37.099 -5496.331 283.8407 -1 33400 -5549.46112962
590516384 -175.1606 -37.17821 -5484.582 341.1588 -1 33400 -5470.70272169
590516385 -174.454 -37.27727 -5490.438 544.1453 -1 33400 -5492.03148954
590516386 -174.4504 -37.07118 -5525.762 447.8245 -1 33400 -5531.68571637
590516387 -174.3033 -37.11865 -5532.9 407.5392 -1 33400 -5526.18327026
590516388 -174.4542 -37.49711 -5427.514 628.7505 -1 33400 -5428.96224436
590516389 -174.7267 -37.6827 -5354.231 611.6774 -1 33400 -5374.67911307
590516390 -174.7695 -37.94092 -5221.897 539.3563 -1 33400 -5250.3697495
590516391 -174.8811 -37.86339 -5261.751 568.8389 9998 33400 -5293.93339778
590516392 -175.2866 -37.66372 -5262.329 512.5355 -1 33400 -5258.26464141
590516393 -174.9261 -37.74853 -5312.074 592.0038 -1 33400 -5312.43314635
590516394 -174.5978 -37.78996 -5300.433 636.0872 -1 33400 -5290.46397735
590516395 -175.1984 -37.52055 -5347.626 368.8436 -1 33400 -5348.8865094
590516396 -175.6295 -37.27478 -5371.081 292.3705 -1 33400 -5426.17811232
590516397 -175.5129 -37.24945 -5412.725 254.5671 -1 33400 -5439.52170173
590516398 -175.922 -37.47107 -5188.882 405.9491 -1 33400 -5220.3062258
590516399 -175.9224 -37.22256 -5317.844 371.7346 -1 33400 -5319.43500725
5905163100 -176.2838 -37.32121 -5209.59 395.5714 -1 33400 -5210.20278821
5905163101 -175.8829 -37.43282 -5197.329 352.9361 -1 33400 -5241.36199543
5905163102 -175.9198 -37.12707 -5384.9 405.2721 -1 33400 -5392.77665352
5905163103 -176.109 -37.42304 -5199.756 428.5986 -1 33400 -5205.16276431
5905163104 -176.0656 -37.43207 -5198.106 404.6575 -1 33400 -5210.4834696
5905163105 -175.9452 -37.55924 -5134.278 426.6029 -1 33400 -5141.81022402
5905163106 -176.3886 -37.48934 -5113.761 341.9355 -1 33400 -5147.10483904
5905163107 -176.6714 -37.09359 -5330.301 795.2227 -1 33400 -5349.04344073
5905163108 -177.5397 -36.64136 -5386.487 831.1659 -1 33400 -5401.20748351
5905163109 -177.9864 -36.37528 -5685.913 945.7224 -1 33400 -5712.82136088
5905163110 -179.2092 -35.62275 -5370.41 332.2855 -1 33400 -5438.99434539
5905163114 -178.3696 -33.56028 -5693.004 205.4967 -1 33400 -5730.91830155
5905163115 -178.486 -33.12825 -5579.819 1032.384 -1 33400 -5653.57232457
5905163117 -177.8705 -31.92769 -5583.863 1325.688 -1 33400 -5502.1323196
5905163120 -176.8804 -29.73359 -5352.126 848.1014 -1 33400 -5314.0750873
5905163121 -176.6207 -29.28093 -5119.44 1605.332 -1 33400 -5151.01397153
5905163122 -176.2032 -28.18736 -5328.06 1590.676 -1 33400 -5476.05268373
5905163124 -175.8452 -26.8368 -5284.01 427.3299 -1 33400 -5409.33256133
5905163125 -175.6988 -26.03426 -4963.465 1243.948 -1 33400 -4970.83788705
5905163140 -173.5728 -20.25059 -4931.861 838.0225 -1 33400 -4899.83390879
5905163873 -174.9009 -17.41314 -2277.156 435.4797 -1 33400 -2222.61535089
5905163876 -175.0006 -17.38905 -2366.425 408.3024 -1 33400 -2298.81959139
5905163877 -175.0296 -17.38106 -2368.392 410.23 -1 33400 -2371.65057469
5905163878 -175.0568 -17.3759 -2367.901 416.1512 -1 33400 -2374.45423134
5905163879 -175.084 -17.36535 -2360.629 397.085 -1 33400 -2366.7884719
5905163883 -175.1856 -17.3988 -2359.937 395.089 -1 33400 -2018.03786473
5905163884 -175.2099 -17.41563 -2363.375 405.997 -1 33400 -2370.10233816
5905163885 -175.2307 -17.42486 -2356.592 399.4072 -1 33400 -2362.5847338
5905163886 -175.2567 -17.43337 -2351.283 397.1046 -1 33400 -2355.85919739
5905163887 -175.2758 -17.44111 -2347.448 417.5916 -1 33400 -2352.23478595
5905163888 -175.2966 -17.44452 -2307.437 398.436 -1 33400 -2346.2846181
5905163889 -175.3272 -17.45119 -2330.735 418.5293 -1 33400 -2303.89816257
5905163890 -175.349 -17.45537 -2378.015 431.3298 -1 33400 -2399.63008454
5905163891 -175.3717 -17.45621 -2376.737 423.93 -1 33400 -2432.93867444
5905163892 -175.3889 -17.4692 -2358.061 424.5866 -1 33400 -2463.06523017
5905163893 -175.4066 -17.46634 -2369.561 444.2844 -1 33400 -2446.89725849
5905163894 -175.4227 -17.47707 -2316.576 424.5879 -1 33400 -2392.9229102
5905163896 -175.4575 -17.47066 -2291.506 430.752 -1 33400 -2360.66278037
5905163899 -175.5103 -17.4811 -2346.263 448.9328 -1 33400 -2388.22079761
5905163900 -175.5255 -17.4872 -2318.934 439.8221 -1 33400 -2358.35914475
5905163902 -175.5639 -17.50066 -2363.463 461.1737 -1 33400 -2340.20825861
590516413 -152.6746 -42.91772 -5101.94 655.7059 -1 33400 -5128.87287809
590516414 -152.5863 -42.92513 -5131.777 649.5423 -1 33400 -5128.37835702
590516415 -152.5101 -42.85712 -5023.86 635.7914 -1 33400 -5047.21857853
590516416 -152.5613 -42.9235 -5144.274 644.9699 -1 33400 -5138.72452729
590516417 -152.3183 -42.76533 -5232.778 700.4359 -1 33400 -5205.09833096
590516418 -152.0302 -42.7364 -5235.697 591.3026 -1 33400 -5219.51597971
590516419 -151.8879 -42.5786 -5218.149 641.0079 -1 33400 -5224.36920523
590516420 -151.8178 -42.48351 -5285.104 684.537 -1 33400 -5283.48924549
590516421 -151.7377 -42.46777 -5248.706 644.7023 -1 33400 -5244.95842664
590516422 -151.7285 -42.34534 -5252.056 687.3309 -1 33400 -5250.80510702
590516423 -151.3614 -42.14985 -5101.815 562.6071 -1 33400 -5109.22233884
590516424 -151.3253 -41.79388 -4954.16 601.9567 -1 33400 -5040.47719064
590516425 -151.638 -41.61125 -4975.671 528.2386 -1 33400 -5012.70618762
590516426 -151.7015 -41.57305 -4804.593 483.8265 -1 33400 -4831.93635807
590516427 -151.5958 -41.46151 -5034.876 519.5061 -1 33400 -5036.14924612
590516428 -151.4525 -41.61295 -5006.694 564.5124 -1 33400 -5098.49450914
590516429 -151.4164 -41.69981 -5018.772 561.2103 -1 33400 -5020.07902335
590516430 -151.4093 -41.58382 -5100.82 591.1674 -1 33400 -5183.77830321
590516431 -151.5199 -41.54316 -5092.894 562.6138 -1 33400 -5114.36671844
590516432 -151.7176 -41.53386 -5115.088 540.0336 -1 33400 -5085.95596893
590516433 -151.7488 -41.43845 -4857.722 485.3048 -1 33400 -4872.64722194
590516434 -151.8153 -41.32271 -4952.823 506.8339 -1 33400 -4949.95039091
590516435 -151.967 -41.17248 -4966.368 484.7492 -1 33400 -4978.19926635
590516436 -152.0977 -41.1627 -4980.529 431.4548 -1 33400 -4985.61517403
590516437 -152.3869 -40.70848 -5063.915 376.8395 -1 33400 -5099.99334317
590516440 -152.5012 -40.55618 -4752.342 306.6831 -1 33400 -4746.36659259
590516441 -152.4625 -40.58441 -4634.175 310.3008 -1 33400 -4743.34706036
590516442 -152.4534 -40.5703 -4521.602 293.7519 -1 33400 -4530.70536002
590516443 -152.6966 -40.50971 -4909.255 294.5229 -1 33400 -4921.18246456
590516444 -152.9003 -40.33284 -4913.603 229.6139 -1 33400 -5010.66075531
590516445 -152.8877 -40.26743 -4887.441 216.3059 -1 33400 -4913.4472925
590516446 -152.9532 -40.23236 -4890.853 273.7892 -1 33400 -4889.58546059
590516447 -152.9218 -40.25963 -4858.342 228.8623 -1 33400 -4865.32749781
590516448 -152.8699 -40.22591 -4916.173 238.2302 -1 33400 -4923.86316362
590516449 -152.8849 -40.17893 -4888.257 215.3674 -1 33400 -4894.92560611
590516450 -152.947 -40.10645 -4830.66 271.8846 -1 33400 -4827.48273898
590516451 -153.1348 -40.16317 -4922.021 407.257 -1 33400 -4910.76613291
590516452 -153.1209 -40.12391 -4831.525 402.7423 -1 33400 -4841.2086589
590516453 -153.0417 -40.15135 -4939.483 339.1345 -1 33400 -4928.99859349
590516454 -153.0932 -40.10009 -4865.203 361.6913 -1 33400 -4860.77665666
590516455 -153.1144 -40.09881 -4854.241 378.5832 -1 33400 -4861.01347688
590516456 -153.102 -40.10024 -4867.241 368.0521 -1 33400 -4858.5177751
590516457 -153.1384 -40.11666 -4837.642 398.6898 -1 33400 -4836.41757088
590516458 -153.2465 -40.13336 -4788.824 464.9524 -1 33400 -4810.83509152
590516459 -153.2994 -40.16061 -4816.857 521.2363 -1 33400 -4833.22058951
590516460 -153.2246 -40.33213 -4801.353 455.6781 -1 33400 -4830.80561194
590516461 -153.3658 -40.2274 -4807.513 524.8812 -1 33400 -4811.94622073
590516462 -153.6759 -40.2753 -4922.455 642.0923 -1 33400 -4917.06259389
590516463 -153.8555 -40.2644 -4804.391 610.9224 -1 33400 -4824.49540141
590516464 -153.7868 -40.56578 -4875.28 703.5995 -1 33400 -4914.11778221
590516465 -153.7397 -40.62189 -4951.587 697.0875 -1 33400 -4961.95908006
590516466 -153.7224 -40.74442 -4864.917 617.6055 -1 33400 -4902.12018773
590516467 -154.1576 -40.78117 -4969.649 701.374 -1 33400 -4987.98209428
590516468 -154.2085 -40.67766 -4866.985 660.9569 -1 33400 -4874.16118421
590516469 -154.4552 -40.72724 -5021.254 639.652 -1 33400 -4970.22071117
590516470 -154.6433 -40.79467 -4981.376 626.2864 -1 33400 -5017.07010358
590516471 -154.6495 -40.76316 -4964.81 593.4755 -1 33400 -4959.18232393
590516472 -154.732 -40.64183 -4884.753 576.3351 -1 33400 -4903.72533292
590516473 -154.9316 -40.56171 -4986.814 514.3271 -1 33400 -5000.02954182
590516474 -154.9812 -40.2726 -4934.58 359.2024 -1 33400 -4930.17126912
590516475 -155.1229 -40.1059 -4806.11 210.9254 9998 33400 -4854.60755806
590516476 -155.1338 -39.9331 -4801.43 131.2443 -1 33400 -4829.92543854
590516477 -155.1799 -39.78729 -4803.823 131.1523 -1 33400 -4812.06659024
590516478 -155.0977 -39.76665 -4489.378 147.1307 -1 33400 -4524.13579694
590516479 -155.1669 -39.6622 -4497.487 152.7836 -1 33400 -4593.28038534
590516480 -155.1552 -39.63232 -5008.665 177.9536 -1 33400 -4914.68162245
590516481 -155.2357 -39.67023 -4736.61 149.8754 -1 33400 -4760.39961467
590516482 -155.4232 -39.77441 -4552.923 91.51953 -1 33400 -4568.92391524
590516483 -155.408 -39.85926 -4758.272 89.14951 -1 33400 -4780.90137679
590516484 -155.1923 -40.03418 -4714.708 158.4666 -1 33400 -4709.93467559
590516485 -155.3971 -39.86922 -4725.943 84.56806 -1 33400 -4785.99231505
590516486 -155.1853 -40.06148 -4779.052 174.1232 -1 33400 -4779.39977522
590516487 -155.3681 -39.90899 -4611.637 73.03339 -1 33400 -4675.7769122
590516488 -155.1634 -39.97436 -4774.432 132.4669 -1 33400 -4770.18622646
590516489 -155.2099 -39.83177 -4864.643 117.5299 -1 33400 -4865.15437643
590516490 -155.3575 -39.9737 -4695.123 97.50151 -1 33400 -4718.92547134
590516491 -155.1095 -40.09489 -4853.175 210.2689 -1 33400 -4846.44635261
590516492 -155.251 -40.25695 -4867.56 319.0297 -1 33400 -4878.77790569
590516493 -155.4503 -40.3324 -4864.421 354.7014 -1 33400 -4870.5663546
590516494 -155.6723 -40.33352 -4767.676 365.3459 9998 33400 -4815.33852825
590516495 -155.6589 -40.40195 -4874.965 430.2953 -1 33400 -4876.17592109
590516496 -155.6078 -40.407 -4945.188 450.804 -1 33400 -4958.80343214
590516497 -155.6326 -40.41299 -4922.49 441.2079 -1 33400 -4914.55996404
590516498 -155.8198 -40.52243 -4796.32 507.8174 -1 33400 -4792.40596631
590516499 -155.6523 -40.66469 -4863.789 527.3019 -1 33400 -4861.80019039
5905164100 -155.4803 -40.5243 -4854.732 470.2887 -1 33400 -4883.49289128
5905164101 -155.6952 -40.37174 -4814.533 405.0213 -1 33400 -4832.31105264
5905164102 -155.8719 -40.20799 -4870.007 287.5004 -1 33400 -4865.59966784
5905164103 -155.8915 -40.08654 -4812.717 233.2554 -1 33400 -4811.90424334
5905164104 -155.7751 -39.83262 -4966.49 177.728 -1 33400 -4966.97517494
5905164105 -155.9684 -39.69805 -4881.001 239.2938 -1 33400 -4890.42645239
5905164106 -155.9466 -39.472 -4841.515 223.9069 -1 33400 -4794.5651625
5905164107 -155.9456 -39.39114 -4491.281 207.5601 -1 33400 -4455.10003636
5905164108 -156.0548 -39.40665 -4668.758 227.1173 -1 33400 -4657.48303228
5905164117 -156.342 -39.42837 -4991.692 317.8532 -1 33400 -4973.22216203
5905164118 -156.3574 -39.43041 -4965.411 397.971 -1 33400 -4947.96271879
5905164119 -156.3484 -39.44765 -4798.924 406.7583 -1 33400 -4820.90229178
5905164120 -156.3879 -39.44715 -4948.916 404.0768 -1 33400 -4931.68607908
5905164121 -156.4669 -39.43079 -4789.614 429.3924 -1 33400 -4805.33391133
5905164132 -156.5723 -39.38259 -4925.764 292.669 9998 33400 -4955.47807436
5905164133 -156.5743 -39.32585 -4925.4 350.6865 -1 33400 -4926.13465933
5905164134 -156.5619 -39.29066 -4903.591 320.2901 -1 33400 -4902.555038
5905164135 -156.5385 -39.27512 -4943.367 335.7463 -1 33400 -4936.94915743
5905164136 -156.4796 -39.2932 -4965.375 333.6326 -1 33400 -4945.60157753
5905164137 -156.4024 -39.31583 -4996.494 358.3161 -1 33400 -4962.63800281
5905164138 -156.3452 -39.38565 -4858.145 327.5635 -1 33400 -4874.53744904
5905164139 -156.2349 -39.44955 -4722.24 284.1502 -1 33400 -4732.45001024
5905164140 -155.9783 -39.5309 -4783.165 260.2169 -1 33400 -4780.10748498
5905164142 -155.4261 -40.06098 -4869.198 165.9954 -1 33400 -4858.52782969
5905164143 -155.3152 -40.34115 -4955.788 434.803 9998 33400 -4945.77347692
5905164144 -155.3338 -40.48184 -4888.22 505.133 -1 33400 -4897.33961388
5905164145 -155.4413 -40.49986 -4890.055 528.6336 9998 33400 -4954.08393863
5905164146 -155.6341 -40.53844 -4829.694 560.1977 -1 33400 -4836.26795091
5905164147 -155.6377 -40.48489 -4848.637 533.4305 -1 33400 -4853.30974655
5905164148 -155.96 -40.29362 -4921.768 470.3199 -1 33400 -4909.1951502
59052349 -147.9072 -43.59597 -5070.035 621.9379 -1 33400 -5078.17164233
590523414 -148.2137 -43.56796 -5385.815 396.8554 -1 33400 -5369.46466231
590523415 -148.1255 -43.70049 -5331.555 488.4577 -1 33400 -5323.29704749
590523416 -147.9803 -43.82179 -5245.341 587.9518 -1 33400 -5255.40900293
590523417 -147.6988 -44.06454 -5334.57 569.6136 -1 33400 -5338.74774184
590523418 -147.7586 -44.31233 -5353.9 385.5968 -1 33400 -5381.06379091
590523419 -147.8596 -44.411 -5258.804 359.8511 -1 33400 -5268.36710028
590523420 -147.8115 -44.42205 -4858.426 263.9014 -1 33400 -4888.07729449
590523421 -147.8128 -44.40808 -4839.714 281.8454 -1 33400 -4873.99401273
590523422 -147.9758 -44.43344 -5383.935 443.3648 -1 33400 -5380.91869621
590523423 -148.0453 -44.4318 -5360.228 484.345 -1 33400 -5358.66378252
590523424 -148.1802 -44.33579 -5377.403 573.9996 -1 33400 -5362.90312538
590523425 -148.4677 -44.26066 -5378.795 550.0513 -1 33400 -5367.04420676
590523426 -148.6045 -44.13762 -5231.149 488.2368 9998 33400 -5322.88885327
590523429 -148.5299 -44.18297 -5370.028 513.9209 -1 33400 -5378.13062231
590523430 -148.3553 -44.22554 -5435.314 571.4533 -1 33400 -5397.08989423
590523431 -148.2577 -44.20477 -5345.922 554.7814 -1 33400 -5352.35563373
590523432 -148.2708 -44.12528 -5410.889 556.2985 -1 33400 -5437.88864589
590523433 -148.4922 -44.02114 -5369.141 472.4406 -1 33400 -5273.12661541
590523434 -148.4257 -44.05037 -5240.292 471.4814 -1 33400 -5243.55871468
590523435 -148.4217 -44.01235 -5188.602 468.5348 -1 33400 -5166.23403306
590523436 -148.4128 -44.01117 -5183.954 470.6606 -1 33400 -5178.55805961
590523437 -148.471 -44.01604 -5126.708 438.95 -1 33400 -5021.85002493
590523438 -148.4499 -44.014 -5137.365 436.8567 -1 33400 -5112.06533352
590523439 -148.4349 -44.09658 -5344.232 494.8544 -1 33400 -5347.86368953
590523440 -148.2821 -44.05055 -5335.642 538.3423 -1 33400 -5345.00193055
590523442 -148.2844 -44.02952 -5353.75 553.4127 -1 33400 -5385.10666314
590523443 -148.2475 -44.13352 -5391.05 557.7226 -1 33400 -5409.13915429
590523444 -148.4778 -44.43114 -5294.804 622.9918 -1 33400 -5312.36463135
590523445 -148.9299 -44.87863 -5072.342 438.3956 -1 33400 -5089.45884512
590523446 -148.9549 -45.00538 -5303.429 489.0827 -1 33400 -5296.1100547
590523447 -149.1461 -45.19329 -5181.452 352.1903 -1 33400 -5185.8244105
590523448 -149.217 -45.5186 -5116.312 413.8671 -1 33400 -5114.50614951
590523449 -148.8956 -46.27022 -5093.389 930.0815 -1 33400 -5079.53170326
590523450 -148.711 -46.66739 -5056.974 1048.376 -1 33400 -5066.75137862
590523451 -148.3425 -46.67174 -4933.617 834.6041 -1 33400 -4929.99606734
590523452 -148.4747 -46.71171 -5013.162 910.6122 -1 33400 -5009.97781779
590523453 -148.415 -46.97583 -5041.137 883.0628 -1 33400 -5033.34496364
590523454 -148.3425 -46.91408 -5102.966 862.0824 -1 33400 -5095.61902574
590523455 -148.2264 -46.65524 -4975.59 808.1066 -1 33400 -4970.96765941
590523456 -148.2121 -46.69116 -4971.213 756.4777 -1 33400 -4964.93997853
590523457 -148.2698 -46.44746 -5025.492 844.9661 9998 33400 -5045.20227392
590523458 -147.8272 -46.4378 -5093.892 743.3797 -1 33400 -5087.35016069
590523459 -147.519 -46.44141 -5063.377 740.6763 -1 33400 -5043.86885078
590523460 -147.9879 -46.18462 -4943.724 583.2562 -1 33400 -4938.741343
590523461 -148.3253 -46.21652 -5017.169 689.4935 -1 33400 -5010.89081202
590523462 -148.5287 -46.19207 -4864.518 676.8768 -1 33400 -4873.69079884
590523463 -148.4197 -46.27853 -4815.024 737.6721 -1 33400 -4856.44151535
590523464 -148.4576 -46.20628 -4852.099 701.7051 -1 33400 -4841.25559346
590523465 -148.4191 -46.27047 -4732.771 698.49 -1 33400 -4807.10521983
590523466 -148.5496 -46.1657 -5011.767 680.6805 -1 33400 -4974.1576594
590523467 -148.4665 -46.06939 -5051.634 586.2043 -1 33400 -5060.90530661
590523468 -148.2018 -45.94826 -4936.272 498.6197 -1 33400 -4940.77974453
590523469 -148.1922 -45.90606 -4860.185 509.7063 -1 33400 -4869.49001807
590523470 -148.5108 -45.96732 -5022.905 574.0817 -1 33400 -5026.26789554
590523471 -148.9206 -46.04414 -5049.127 682.1533 -1 33400 -5042.50946889
590523472 -148.7438 -46.0885 -5071.97 667.7968 -1 33400 -5069.86058486
590523473 -148.8486 -46.24594 -5078.677 879.7925 -1 33400 -5078.21053553
590523474 -149.3685 -46.20349 -5131.291 1038.717 -1 33400 -5124.28038807
590523475 -149.9391 -46.28229 -5052.02 1166.109 -1 33400 -5157.19977035
590523476 -150.1606 -46.20119 -4845.993 1028.069 -1 33400 -4824.47625574
590523477 -150.1935 -46.16576 -5121.043 1187.594 -1 33400 -5080.31095836
590523478 -150.7129 -46.33207 -4855.825 889.7053 -1 33400 -4865.83789133
590523479 -150.377 -46.59897 -4919.788 709.3909 -1 33400 -4948.19308563
590523480 -150.264 -46.80664 -4947.803 595.5186 -1 33400 -4944.15419057
590523481 -150.6397 -46.6981 -5091.833 705.9601 -1 33400 -5091.63245489
590523482 -150.6926 -46.65962 -5086.814 745.5765 -1 33400 -5082.05726863
590523483 -150.7632 -46.61747 -5091.87 783.9796 -1 33400 -5082.73372048
590523485 -150.8017 -46.43569 -5110.649 925.8286 -1 33400 -5105.16199672
590523486 -150.6041 -46.63519 -5061.833 743.7994 -1 33400 -5070.72442991
590523487 -150.3452 -46.65783 -5009.602 652.2703 -1 33400 -5012.79333697
590523488 -150.1389 -46.6127 -5067.559 795.2682 -1 33400 -5055.84201771
590523489 -150.2126 -46.80688 -4824.777 527.0069 -1 33400 -4844.39385017
590523490 -150.5993 -46.73577 -5119.127 736.6489 -1 33400 -5076.335478
590523491 -150.4682 -46.691 -5116.146 675.3513 -1 33400 -5118.85524713
590523492 -150.5495 -46.64021 -5123.143 774.7858 -1 33400 -5117.27433405
590523493 -150.4037 -46.60214 -5099.723 791.1383 -1 33400 -5071.91138757
590523494 -150.4258 -46.85673 -5060.955 614.6309 -1 33400 -5019.15321108
590523495 -150.8641 -46.80627 -4810.231 654.7591 -1 33400 -4797.31562169
590523496 -151.3183 -46.78789 -5086.269 684.8218 -1 33400 -5096.6016818
590523497 -151.0166 -46.67536 -5046.121 743.4236 -1 33400 -5061.98030003
590523498 -151.1383 -46.75573 -5167.344 798.3105 -1 33400 -5075.97468008
590523499 -151.0641 -46.72848 -5052.296 758.1653 -1 33400 -5071.24529417
5905234100 -150.9733 -46.70839 -5060.637 778.3706 -1 33400 -5092.74234487
5905234101 -151.3272 -46.60934 -5116.669 767.8996 -1 33400 -5112.3504685
5905234102 -151.6044 -46.63312 -4952.922 599.7743 -1 33400 -4954.60768534
5905234103 -152.4735 -46.28907 -4859.529 302.1782 -1 33400 -4876.15572688
5905234104 -152.0977 -46.38246 -5066.794 545.7758 -1 33400 -5064.63010629
5905234105 -151.5632 -46.45262 -4928.675 788.1079 -1 33400 -4928.86362621
5905234106 -150.7232 -46.46624 -5090.875 916.6404 -1 33400 -5083.71617107
5905234107 -150.4389 -46.79345 -4957.694 640.5555 -1 33400 -4962.52786445
5905234108 -150.019 -46.79185 -4924.354 574.9945 -1 33400 -4931.06428344
5905234109 -149.8225 -46.91169 -4995.919 501.9626 -1 33400 -4992.64078718
5905234110 -149.6419 -46.81156 -4717.498 582.9562 -1 33400 -4726.99697319
5905234111 -149.7422 -46.63742 -4884.581 842.6484 -1 33400 -4886.71757407
5905234112 -150.0786 -46.48375 -4901.422 915.4034 -1 33400 -4902.46875164
5905234113 -150.5246 -46.12647 -5099.946 1100.66 -1 33400 -5083.8348818
5905234114 -151.1015 -45.71585 -5035.618 1143.982 -1 33400 -5029.10636195
5905234115 -151.4745 -45.62548 -5064.823 1275.498 -1 33400 -5061.95782791
5905234116 -151.5859 -45.55144 -4884.1 1125.526 -1 33400 -4876.44253272
5905234117 -151.6021 -45.55765 -4882.061 1145.398 -1 33400 -4876.9583633
5905234118 -151.7079 -45.53297 -5019.036 1199.55 -1 33400 -5013.66200145
5905234119 -151.7871 -45.61057 -5070.933 1346.016 -1 33400 -5057.96793704
5905234120 -151.9541 -45.72261 -5189.817 1466.092 -1 33400 -5185.42925682
5905234121 -152.3566 -45.4662 -5009.183 1152.677 -1 33400 -4986.13056488
5905234122 -152.6926 -45.69603 -4900.808 1062.927 -1 33400 -4906.36400429
5905234123 -152.7455 -45.7403 -5028.146 1024.263 -1 33400 -5033.76617217
5905234124 -152.7687 -45.62688 -5027.713 1163.604 -1 33400 -5031.14832585
5905234125 -152.632 -45.52084 -5164.349 1222.28 -1 33400 -5156.8653802
5905234126 -152.62 -45.59129 -5012.517 1199.707 -1 33400 -5015.01319533
5905234127 -152.4108 -45.66341 -5028.472 1347.263 -1 33400 -5028.91080582
5905234128 -152.4621 -45.67515 -5021.297 1308.278 -1 33400 -5018.08230157
5905234129 -152.6614 -45.76517 -4962.817 1081.989 -1 33400 -4969.93315593
5905234130 -152.4815 -45.93752 -4928.231 875.4006 -1 33400 -4926.45657769
5905234131 -152.3198 -46.05355 -5043.89 728.3513 -1 33400 -5035.85975421
5905234132 -152.2515 -46.2088 -5008.162 576.2775 -1 33400 -5015.82421066
5905234133 -151.9897 -46.38722 -5048.774 613.4545 -1 33400 -5039.69420598
5905234134 -152.0421 -46.45489 -5015.122 516.012 -1 33400 -5009.93118709
5905234135 -152.3854 -46.41504 -4838.431 291.7291 -1 33400 -4854.56440175
5905234136 -152.8938 -46.35028 -4914.763 156.9652 -1 33400 -4905.86098899
5905234137 -153.1495 -46.29819 -4986.608 221.8644 -1 33400 -4962.7553861
5905234138 -153.3016 -46.18804 -4941.3 327.9923 -1 33400 -4925.01811598
5905234139 -153.5478 -46.04401 -4809.793 618.671 -1 33400 -4812.86871236
5905234140 -153.454 -45.9888 -4921.712 523.9886 -1 33400 -4916.2395257
5905234141 -153.4979 -46.02439 -4847.429 560.8392 -1 33400 -4845.59681795
5905234142 -153.4671 -45.98207 -4881.483 555.6464 -1 33400 -4904.62597106
5905234143 -153.6404 -46.14508 -4789.478 696.8891 -1 33400 -4788.44037687
5905234144 -153.9298 -46.52068 -4659.501 900.7405 -1 33400 -4729.26509674
5905234145 -154.4915 -46.615 -4591.228 730.5162 -1 33400 -4638.26620661
5905234154 -152.1503 -47.98051 -4583.564 766.1074 9998 33400 -4742.57573701
5905234155 -152.1016 -47.96925 -4426.948 692.3527 9998 33400 -4710.04054121
5905234156 -152.0882 -47.73972 -4763.85 595.8787 9998 33400 -4776.57519136
5905234157 -151.9489 -47.69126 -4628.527 566.9017 9998 33400 -4785.01467849
5905234158 -152.1189 -47.72496 -4734.854 572.5989 9998 33400 -4768.92193856
5905234159 -152.1747 -47.65072 -4683.759 458.492 9998 33400 -4777.61614852
5905234160 -152.4901 -47.58924 -4719.779 388.2329 9998 33400 -4741.59376762
5905234161 -152.8626 -47.37851 -4826.462 579.1458 9998 33400 -4714.71817973
5905234162 -152.7417 -47.29039 -4676.152 383.0103 9998 33400 -4643.41220766
5905234163 -152.7395 -47.39426 -4745.183 470.8653 9998 33400 -4698.29736946
5905234165 -152.7061 -47.29163 -4750.078 364.1067 9998 33400 -4634.86852599
5905234166 -152.722 -47.19343 -4681.336 266.112 9998 33400 -4625.05762399
5905234167 -152.7263 -47.14847 -4620.8 249.8051 9998 33400 -4628.77316316
5905234168 -152.6602 -47.08387 -4561.905 69.05465 9998 33400 -4606.08943159
59052357 -157.6175 -27.97047 -4912.748 414.4433 9998 33400 -5315.09843757
59052358 -157.6195 -27.95362 -5205.416 452.1376 9998 33400 -5353.39342392
59052359 -157.5545 -27.93746 -5205.908 485.2136 9998 33400 -5301.015244
590523510 -157.5538 -28.02511 -5301.47 352.7911 9998 33400 -5224.93985623
590523511 -157.4608 -27.89705 -5302.394 523.1105 9998 33400 -5257.94454179
590523514 -157.5773 -28.24575 -5357.497 29.7695 -1 33400 -5369.74981831
590523515 -157.8795 -28.49789 -5023.793 213.5999 -1 33400 -5037.48667779
590523517 -157.729 -28.41356 -5259.821 192.5358 -1 33400 -5252.91768326
590523520 -157.9536 -27.9982 -5378.724 362.9344 9998 33400 -5141.39023597
590523521 -158.1845 -28.00303 -5280.832 288.1393 -1 33400 -5267.99727537
590523522 -158.3732 -27.85461 -5013.753 377.8626 -1 33400 -5022.02567638
590523524 -158.3444 -27.82475 -5117.01 410.1309 -1 33400 -5116.5955512
590523525 -158.1995 -27.85078 -5176.557 405.6438 -1 33400 -5169.79230243
590523526 -157.7856 -27.56416 -5313.191 154.6005 -1 33400 -5285.39827636
590523530 -157.9252 -26.99524 -5097.731 879.5378 -1 33400 -5094.37047433
590523532 -157.8584 -26.81657 -4998.226 1053.309 -1 33400 -5008.74344783
590523534 -157.7117 -26.50544 -5303.334 1168.991 9998 33400 -5226.13574186
590523536 -157.73 -26.54264 -5226.431 1198.237 -1 33400 -5207.23602782
590523537 -157.9635 -26.40893 -5301.627 1017.28 9998 33400 -5226.48423368
590523540 -157.9852 -26.53143 -5254.653 1087.595 -1 33400 -5259.00894155
590523541 -157.8399 -26.52095 -5101.014 1115.885 -1 33400 -5094.32148919
590523544 -157.4242 -26.428 -5303.171 1144.508 9998 33400 -5204.41124826
590523545 -157.3531 -26.2773 -5193.849 963.4611 -1 33400 -5189.83211788
590523547 -156.6755 -26.29503 -5301.575 1224.961 9998 33400 -5412.72858296
590523549 -157.1199 -26.40664 -5204.371 1169.842 -1 33400 -5209.14589413
590523550 -157.207 -26.41889 -5035.354 1125.06 -1 33400 -5039.08105583
590523552 -157.3838 -26.77691 -5212.376 1159.015 -1 33400 -5224.13302897
590523553 -157.3978 -26.78515 -5145.349 1139.453 -1 33400 -5166.17397913
590523555 -157.4462 -26.37097 -5179.07 1049.594 -1 33400 -5179.94189811
590523560 -157.9258 -26.28895 -5303.418 969.3311 9998 33400 -5233.05318025
590523564 -158.046 -26.5592 -5210.617 1072.69 -1 33400 -5202.51112668
590523565 -157.9325 -26.61415 -5301.839 1187.632 9998 33400 -5134.90265333
590523566 -157.9929 -26.61428 -5060.806 1097.8 -1 33400 -5061.01184662
590523569 -157.9228 -26.4792 -5198.331 1047.453 -1 33400 -5194.41468135
590523572 -158.0446 -26.1704 -5038.357 1018.27 -1 33400 -5055.5140278
590523573 -158.0626 -26.06295 -5180.447 1098.476 -1 33400 -5183.913429
590523577 -158.3858 -25.83005 -5171.708 1797.663 -1 33400 -5157.8153512
590523579 -158.5112 -25.81518 -5001.407 1872.592 -1 33400 -5015.35795781
590523580 -158.5752 -25.61448 -5040.113 2037.488 -1 33400 -5037.63754366
590523581 -158.5358 -25.56736 -5136.881 2115.458 -1 33400 -5148.56295517
590523582 -158.4534 -25.6218 -5065.733 1965.702 -1 33400 -5077.95757726
590523583 -158.4919 -25.70272 -5027.56 1928.49 -1 33400 -5056.0035127
590523584 -158.5468 -25.50211 -5090.038 2139.263 -1 33400 -5146.23513944
590523585 -158.4124 -25.35804 -5126.479 2198.161 -1 33400 -5118.58992096
590523586 -158.4066 -25.20427 -5155.351 2205.039 -1 33400 -5146.69026164
590523587 -158.6582 -25.02164 -5139.506 2056.654 -1 33400 -5140.64218463
590523589 -158.5512 -25.05954 -5147.254 2120.326 -1 33400 -5147.65668053
590523590 -158.6691 -25.06451 -5109.217 2184.997 -1 33400 -5118.83396773
590523592 -158.4645 -24.93161 -5160.689 1938.888 -1 33400 -5146.48133478
590523593 -158.6629 -24.75474 -4809.186 1224.955 -1 33400 -4849.6510263
590523594 -158.9393 -24.91241 -5032.89 1458.345 -1 33400 -5023.72757769
590523595 -159.1622 -24.81536 -5037.39 1362.502 -1 33400 -5052.21520426
590523596 -159.1772 -24.7966 -5037.881 1380.579 -1 33400 -5067.10260265
590523597 -159.0609 -24.68544 -4958.99 1070.128 -1 33400 -4952.9397207
590523598 -158.9442 -24.59977 -5046.105 805.2172 -1 33400 -5036.26349996
590523599 -159.1422 -24.63816 -4940.07 1033.806 -1 33400 -4955.40261789
5905235101 -159.1215 -24.65043 -4905.104 1022.348 9998 33400 -4949.24515003
5905235102 -159.1324 -24.66423 -4848.759 1040.011 9998 33400 -4938.73731929
5905235103 -159.1726 -24.64039 -4954.636 1080.048 -1 33400 -4967.80452838
5905235104 -159.2505 -24.61426 -4959.209 1089.312 -1 33400 -4980.11677957
5905235105 -159.0209 -24.54996 -4734.13 713.2407 -1 33400 -4769.70071417
5905235106 -158.9701 -24.53152 -5043.314 674.6098 -1 33400 -5037.96851758
5905235107 -158.9085 -24.47692 -4952.945 524.8778 -1 33400 -4956.26912722
5905235108 -158.7958 -24.48572 -4993.917 430.2148 -1 33400 -4992.70862915
5905235109 -158.9446 -24.37291 -5146.433 551.5299 -1 33400 -5134.93039672
5905235110 -158.921 -24.29063 -5132.976 556.0472 -1 33400 -5100.03019086
5905235111 -158.5875 -24.24038 -5047.202 340.3141 9998 33400 -5004.05210243
5905235112 -158.4152 -24.29077 -5046.019 27.58849 -1 33400 -5035.35806642
5905235113 -158.3462 -24.3011 -4981.65 87.88793 9998 33400 -4834.28595213
5905235114 -158.375 -24.3287 -4844.597 117.0406 9998 33400 -4901.07791465
5905235115 -158.3635 -24.32874 -4888.798 133.1513 -1 33400 -4894.11713753
5905235116 -158.3725 -24.31162 -4759.48 77.714 9998 33400 -4869.9760408
5905235117 -158.3549 -24.31399 -4812.636 98.49237 -1 33400 -4837.71826962
5905235118 -158.2832 -24.2921 -5016.411 135.7845 9998 33400 -4891.43994451
5905235119 -158.2143 -24.30417 -4890.361 240.4088 -1 33400 -4882.40494565
5905235120 -158.2655 -24.4069 -4915.482 476.9232 9998 33400 -4856.8495035
5905235121 -158.1731 -24.33277 -4671.888 349.8047 -1 33400 -4689.82479228
5905235122 -158.1769 -24.33836 -4727.98 364.6472 9998 33400 -4706.80658223
5905235123 -158.1842 -24.35542 -4783.859 413.9985 -1 33400 -4768.3521402
5905235125 -158.1466 -24.32836 -4801.457 372.3144 9998 33400 -4746.38009763
5905235127 -157.8905 -24.02012 -4858.593 166.7358 9998 33400 -4802.10742964
5905235128 -157.7996 -23.97572 -4881.632 253.7244 9998 33400 -4685.7108843
5905235129 -157.7846 -24.08773 -4791.722 209.4865 -1 33400 -4758.11284573
5905235130 -157.8434 -24.03128 -4866.07 177.482 -1 33400 -4815.97934794
5905235131 -157.6829 -23.67812 -4848.506 593.1905 -1 33400 -4857.79803798
5905235132 -157.37 -23.60504 -4824.044 683.1134 -1 33400 -4825.47505063
5905235134 -157.6856 -23.2844 -4830.95 610.3499 -1 33400 -4840.22367052
5905235135 -157.8201 -23.17121 -4824.088 497.6784 -1 33400 -4820.91278469
5905235136 -157.8173 -23.16142 -4922.99 506.5999 9998 33400 -4826.49565848
5905235138 -157.6429 -22.88653 -4942.115 464.0318 -1 33400 -4920.88918676
5905235139 -157.5842 -23.08627 -4968.757 714.7654 9998 33400 -4972.2984
5905235140 -157.6901 -23.06357 -5026.829 593.7491 -1 33400 -5028.46383883
5905235142 -157.7547 -22.96915 -4856.217 454.8961 -1 33400 -4858.99270063
5905235143 -157.7005 -22.95912 -4942.48 494.9181 9998 33400 -4910.53184832
5905235144 -157.6853 -22.78158 -4841.314 375.3422 -1 33400 -4855.84264855
5905235145 -157.855 -22.57714 -4848.083 714.017 9998 33400 -4902.29147377
5905235147 -157.731 -22.38147 -4794.504 1068.969 9998 33400 -4898.22593681
5905235148 -157.7386 -22.32513 -4903.25 1310.213 9998 33400 -4848.48490256
5905235150 -157.5603 -22.10829 -4880.293 1450.288 9998 33400 -4734.64323458
5905235151 -157.5496 -21.51686 -4933.421 616.8134 9998 33400 -4919.6324912
5905235153 -157.287 -21.47384 -4895.063 888.4244 -1 33400 -4911.47862756
5905235154 -157.638 -21.15079 -4868.638 834.1099 9998 33400 -4911.68409364
5905235155 -157.8161 -21.09056 -4803.449 891.5884 9998 33400 -4833.58481806
5905235156 -158.0568 -21.08139 -4780.513 888.9951 -1 33400 -4785.48159363
5905235157 -158.1148 -21.19898 -4846.08 634.3821 9998 33400 -4800.94227828
5905235158 -158.4342 -21.24754 -4808.65 784.0431 9998 33400 -4796.53864688
5905235159 -158.6713 -21.24585 -4743.427 926.5122 9998 33400 -4750.4204867
5905235160 -158.75 -21.25846 -4779.197 926.0296 9998 33400 -4708.545384
5905235161 -158.7924 -21.23162 -4795.34 918.0865 9998 33400 -4774.87093586
5905235162 -158.7274 -21.16631 -4811.979 1011.088 9998 33400 -4808.08969381
5905235163 -158.7096 -21.17444 -4813.337 982.14 9998 33400 -4806.04175373
590526832 137.7919 -57.74787 -4259.146 4309.247 9998 33400 -4307.90452433
590526833 138.1229 -57.59753 -4196.742 3932.452 9998 33400 -4370.30606468
590526834 138.2305 -57.55377 -4257.953 3913.87 9998 33400 -4258.26445341
590526835 138.2288 -57.57092 -4147.88 3814.64 9998 33400 -4273.03693976
590526836 138.4293 -57.6487 -4167.091 3857.255 9998 33400 -4167.19523749
590526914 126.853 -57.57553 -4683.229 3708.933 -1 33400 -4678.91082983
590526915 126.2205 -57.43814 -4678.629 3332.885 -1 33400 -4666.2400502
59057388 -158.2243 22.7132 -4814.03 2073.763 -1 33400 -4821.40139044
59057389 -158.2971 22.80165 -4790.484 1938.375 -1 33400 -4799.51053381
590573810 -158.3824 22.85353 -4774.917 1882.412 -1 33400 -4791.04091851
590573811 -158.5839 22.93238 -4775.476 1727.141 -1 33400 -4785.06202979
590573812 -158.705 22.96377 -4709.462 1588.172 -1 33400 -4719.31821489
590573815 -158.719 23.06126 -4766.882 1530.199 -1 33400 -4771.96628263
590573816 -158.7025 23.04948 -4752.598 1481.523 -1 33400 -4769.64547099
590573817 -158.7404 22.9407 -4688.177 1555.195 -1 33400 -4694.77165476
590573818 -158.7839 22.94905 -4706.162 1530.781 -1 33400 -4710.8082819
590573819 -158.715 22.91206 -4687.797 1618.642 -1 33400 -4672.09009966
590573820 -158.683 22.76902 -4500.399 1625.271 -1 33400 -4704.36939933
590573821 -158.6656 22.64433 -4494.402 1709.792 -1 33400 -4610.36595817
590573824 -158.5897 22.48846 -4853.456 2014 -1 33400 -4861.83404085
590573825 -158.5435 22.37102 -4889.538 1877.38 -1 33400 -4921.60433426
590573826 -158.4686 22.26724 -4733.398 1475.533 -1 33400 -4797.42024302
590575713 -176.2945 -35.33684 -5560.378 563.2983 -1 33400 -5557.27856306
590575714 -176.1725 -35.3414 -5544.7 558.9216 -1 33400 -5552.75700377
590575715 -176.0305 -35.27046 -5502.344 429.2873 -1 33400 -5518.85789561
590575716 -176.0125 -35.23076 -5376.307 347.0563 9998 33400 -5520.30266269
590575717 -176.0861 -35.19871 -5518.348 304.2406 9998 33400 -5531.62437031
590575718 -176.3963 -35.16493 -5550.494 307.9857 9998 33400 -5522.26255264
590575719 -176.6687 -35.12092 -5489.735 260.1926 -1 33400 -5433.13518985
590575720 -176.8673 -34.98484 -5502.384 168.8009 -1 33400 -5414.83651658
590575721 -176.8678 -35.01835 -5507.884 191.7026 9998 33400 -5339.64760114
590575722 -176.9387 -35.29862 -5441.635 297.5304 -1 33400 -5447.27450307
590575723 -177.2528 -36.04297 -5627.564 871.9375 -1 33400 -5614.58366591
590575724 -177.0601 -35.66607 -5477.278 527.8795 -1 33400 -5481.23228151
590575725 -177.1786 -35.78847 -5576.995 687.4683 -1 33400 -5586.40834419
590575726 -176.8976 -35.67937 -5596.689 538.2956 -1 33400 -5594.66108506
590575727 -176.7399 -35.49751 -5603.647 465.1798 -1 33400 -5600.21274643
590575728 -176.4716 -35.22531 -5549.788 400.4955 -1 33400 -5543.84674827
590575729 -176.1328 -34.91567 -5542.775 89.05515 -1 33400 -5492.47507639
590575730 -175.6396 -35.144 -5562.407 364.5526 -1 33400 -5565.60786083
590575732 -175.3422 -35.9825 -5627.109 573.8317 -1 33400 -5635.14455118
590575733 -175.5569 -36.34379 -5603.619 367.4865 -1 33400 -5649.88410609
590575734 -175.3197 -36.59505 -5603.398 498.5787 9998 33400 -5567.80657572
590575735 -175.0498 -36.17797 -5633.977 327.6707 -1 33400 -5633.99853133
590575736 -174.8889 -35.85109 -5631.431 428.8996 -1 33400 -5632.62769743
590575737 -174.6598 -35.5324 -5630.91 145.7181 -1 33400 -5642.62631029
590575738 -174.5568 -35.45422 -5611.021 192.8236 -1 33400 -5605.03110293
590575739 -174.6693 -35.68316 -5631.804 231.2391 -1 33400 -5643.48024744
590575740 -174.7872 -35.91569 -5651.131 407.0702 -1 33400 -5639.34141674
590575741 -174.9689 -36.1118 -5494.971 342.0301 -1 33400 -5534.50306732
590575743 -175.0732 -36.23933 -5629.885 336.4439 -1 33400 -5629.87586294
590575744 -174.8956 -36.29164 -5636.727 357.3305 -1 33400 -5635.41120405
590575745 -174.5826 -36.39925 -5639.575 259.7496 9998 33400 -5636.83962263
590575746 -174.3452 -36.52711 -5623.455 420.6268 -1 33400 -5647.14128317
590575747 -174.2924 -36.48291 -5626.959 521.3117 9998 33400 -5705.90306708
590575748 -174.4184 -36.36755 -5646.457 396.7912 -1 33400 -5649.96751443
590575749 -174.2494 -36.46533 -5624.936 453.6824 -1 33400 -5704.19312532
590575750 -174.1638 -36.66959 -5603.554 330.6649 -1 33400 -5588.80400923
590575751 -174.0957 -36.52087 -5626.457 468.0231 -1 33400 -5625.79148892
5905757152 -173.2927 -36.41934 -5568.463 324.041 -1 33400 -5571.51850725
5905757153 -173.267 -36.29157 -5589.036 377.5916 9998 33400 -5567.44345207
5905757154 -173.5149 -36.23804 -5601.155 531.4303 9998 33400 -5560.71288659
5905757155 -173.4722 -36.18699 -5601.277 611.9824 -1 33400 -5561.16582199
5905757156 -173.4244 -35.99866 -5615.106 764.9796 -1 33400 -5683.63605457
5905757157 -173.1988 -35.84657 -5641.203 573.1364 -1 33400 -5709.24809805
5905757158 -173.2219 -35.99896 -5554.832 590.7982 -1 33400 -5539.89786615
5905757159 -173.2253 -36.13561 -5269.241 466.8241 -1 33400 -5308.69368343
5905757160 -173.2131 -36.15442 -5386.621 464.2141 -1 33400 -5400.29520366
5905757161 -173.0611 -36.10924 -5559.712 407.0876 -1 33400 -5541.65601638
5905757162 -172.9598 -36.24752 -5493.84 362.794 -1 33400 -5492.25289495
5905757163 -173.0427 -36.27478 -5490.537 378.8192 -1 33400 -5487.44792813
5905757164 -173.2715 -36.37559 -5590.349 399.8798 -1 33400 -5586.69501805
5905757165 -173.4592 -36.29518 -5430.317 676.4875 -1 33400 -5455.17487731
5905757166 -173.437 -36.27071 -5588.272 704.4661 -1 33400 -5584.50360445
59057587 -171.772 -32.28264 -1633.195 369.2291 9999 33400 -3835.36808364
59057588 -171.753 -32.27637 -1772.956 369.3327 9999 33400 -3991.48636196
590575815 -171.6554 -32.29438 -4566.888 697.0931 -1 33400 -4558.31698125
590575816 -171.6705 -32.24859 -4597.233 729.228 -1 33400 -4527.94183617
590575817 -171.5743 -32.19875 -4836.628 712.4344 -1 33400 -4844.79407299
590575818 -171.7308 -32.06704 -4800.557 639.5805 -1 33400 -4824.03910358
590575819 -171.6919 -32.06648 -4804.441 625.7508 -1 33400 -4855.24172852
590575820 -171.8379 -32.06087 -4717.9 623.5671 -1 33400 -4717.47884193
590575823 -171.9563 -32.0678 -4389.78 522.5341 -1 33400 -4369.6322171
590575824 -171.9606 -32.02603 -4857.573 586.9639 -1 33400 -4753.74507211
590575832 -172.7579 -30.11443 -5547.611 1275.282 -1 33400 -5567.10356829
590575834 -172.0984 -29.54494 -5540.504 1158.156 -1 33400 -5685.88905405
590575835 -171.786 -29.58075 -5667.386 1200.852 -1 33400 -5651.07808296
590575836 -171.7378 -29.81307 -5627.894 1181.434 -1 33400 -5625.19046307
590575837 -171.6012 -30.35293 -5774.902 789.8604 -1 33400 -5758.12701525
590575838 -171.8062 -30.58939 -5763.282 835.9084 -1 33400 -5766.80282714
590575841 -172.9061 -30.00456 -5470.873 1261.666 -1 33400 -5482.93730167
590575842 -173.0541 -29.70052 -5586.323 1741.348 -1 33400 -5535.47680065
590575843 -172.868 -29.13526 -5658.682 1315.632 -1 33400 -5622.72971578
590575844 -172.619 -28.98095 -5140.803 831.5175 -1 33400 -5171.09213557
590575845 -172.5967 -28.9508 -5355.654 822.0914 -1 33400 -5356.51556833
590575846 -172.6115 -28.90051 -5574.768 849.4873 -1 33400 -5558.39376741
590575847 -172.4905 -28.81879 -5472.644 644.4802 -1 33400 -5466.83260205
590575848 -172.4799 -28.64623 -5450.342 479.35 -1 33400 -5443.08040943
590575849 -172.5553 -28.33123 -5373.936 187.1227 -1 33400 -5373.56379913
590575850 -172.5026 -28.31135 -5339.057 197.8102 -1 33400 -5334.76208355
590575851 -172.5683 -28.22922 -5345.099 95.07588 9998 33400 -5341.16362077
590575852 -172.2824 -28.38817 -5260.413 394.18 -1 33400 -5270.46291082
590575853 -171.978 -28.6246 -5280.675 529.5289 -1 33400 -5286.87253621
590575854 -171.68 -28.96253 -5294.397 679.5249 -1 33400 -5317.77812964
590575855 -171.5181 -29.41742 -5491.562 1202.041 -1 33400 -5472.31028704
590575856 -171.4835 -29.75126 -5558.421 1112.527 -1 33400 -5566.25835047
590575858 -170.9108 -29.68803 -5441.857 976.3986 -1 33400 -5440.89124414
590575859 -170.8798 -29.48089 -5376.555 1021.846 -1 33400 -5387.68298621
590575860 -170.8423 -29.42904 -5437.318 1046.568 -1 33400 -5426.91464586
590575861 -170.7465 -29.42156 -5418.917 1087.5 -1 33400 -5410.74762457
590575862 -170.7668 -29.43604 -5363.589 1070.01 -1 33400 -5380.52877321
590575863 -170.791 -29.39838 -5511.423 1132.098 -1 33400 -5489.58957668
590575864 -170.7414 -29.16464 -5477.436 1256.912 -1 33400 -5367.07149202
590575865 -170.6938 -28.83537 -5463.822 1146.242 -1 33400 -5474.87884079
590575866 -170.5269 -28.7409 -5618.592 1120.166 -1 33400 -5554.32033032
590575867 -170.5956 -28.83589 -5651.266 1243.738 -1 33400 -5691.86860388
590575868 -170.6494 -28.77704 -5300.678 1038.092 -1 33400 -5306.82828591
590575869 -170.7187 -28.75182 -5334.32 1042.249 -1 33400 -5300.34660133
590575870 -170.6224 -28.80377 -5701.89 1209.688 -1 33400 -5686.80879721
590575871 -170.6237 -28.83416 -5573.828 1198.59 -1 33400 -5704.84025313
590575872 -170.6114 -28.7433 -5372.117 1035.147 -1 33400 -5343.66534084
590575873 -170.5195 -28.68574 -5493.232 1022.107 -1 33400 -5440.65224819
590575874 -170.5239 -28.80017 -5312.202 1066.575 -1 33400 -5348.49803138
590575875 -170.6535 -28.6494 -5346.573 983.4988 9998 33400 -5413.76550159
590575876 -170.8308 -28.21763 -5346.364 653.2982 9998 33400 -5344.47080866
590575877 -171.0729 -27.95691 -5349.766 811.1221 -1 33400 -5354.50618756
590575878 -171.2256 -27.90165 -5444.744 897.4634 -1 33400 -5437.12589256
590575879 -171.3762 -27.82695 -5271.789 790.636 -1 33400 -5269.25392435
590575880 -171.5208 -27.6718 -5384.188 722.3928 -1 33400 -5365.41345857
590575881 -171.6579 -27.69507 -5380.011 644.3902 -1 33400 -5381.910874
590575882 -171.6948 -27.41852 -5415.879 522.7975 9998 33400 -5417.29018543
590575883 -171.8015 -27.24771 -5168.84 389.8044 -1 33400 -5157.05651774
590575884 -171.9074 -27.156 -5350.477 397.046 -1 33400 -5308.04686005
590575885 -171.9241 -27.30303 -5266.472 430.7418 -1 33400 -5287.00663099
590575886 -171.8276 -27.17241 -5341.36 397.9836 -1 33400 -5345.36910318
590575887 -171.745 -27.01025 -5413.719 406.4297 -1 33400 -5416.87463152
590575888 -171.7364 -26.91878 -5433.812 411.1963 -1 33400 -5434.22281858
590575889 -171.6988 -26.87638 -5411.737 450.1755 -1 33400 -5411.06461562
590575890 -171.7551 -26.98493 -5447.446 419.913 -1 33400 -5462.72846226
590575891 -171.7774 -26.82468 -5390.634 461.7563 -1 33400 -5399.83012382
590575892 -171.9634 -26.46581 -5358.894 825.7203 -1 33400 -5373.60692704
590575893 -172.3217 -26.14996 -5238.606 1032.641 -1 33400 -5387.63342157
590575894 -172.6306 -26.08898 -5668.794 1235.285 -1 33400 -5641.44682243
5905758113 -172.7365 -25.52888 -1755.169 508.3688 9999 33400 -5776.97349936
5905758129 -172.6452 -25.37392 -1815.279 445.9821 9999 33400 -5302.9512778
5905758130 -172.6801 -25.37153 -1864.323 442.5791 9999 33400 -5191.14361777
5905758131 -172.7108 -25.37242 -1823.946 440.7978 9999 33400 -5152.07092702
5905758132 -172.7361 -25.37936 -1413.438 444.9537 9999 33400 -5138.82022023
5905758133 -172.7742 -25.38896 -1662.557 451.1002 9999 33400 -5622.18855947
5905758176 -168.6243 -24.95353 -4311.185 585.8528 9998 33400 -5787.10485703
5905758178 -168.3516 -24.61336 -4510.441 721.126 9998 33400 -5695.95857279
5905758179 -168.3692 -24.40165 -4495.135 947.0789 9998 33400 -5654.75964519
5905758180 -168.4775 -24.12614 -4901.688 1461.012 9998 33400 -5564.55297085
5905758181 -168.5173 -23.92813 -4781.182 1556.219 9998 33400 -5553.5992
5905758182 -168.4464 -23.95529 -4840.642 1603.345 9998 33400 -5587.17277798
5905758183 -168.5094 -24.12587 -4801.718 1454.161 9998 33400 -5549.33117582
5905758184 -168.5813 -24.29915 -4798.26 1234.401 9998 33400 -5573.12791441
5905758185 -168.3539 -24.40505 -4796.476 972.8063 9998 33400 -5656.74152806
5905758186 -167.9835 -24.68215 -4809.598 460.4764 9998 33400 -5706.152774
5905758187 -167.9536 -24.91396 -4800.386 529.0874 9998 33400 -5715.92798777
5905758188 -168.0114 -24.93114 -4747.709 516.5972 9998 33400 -5723.24786305
5905758189 -168.065 -24.89418 -4855.481 465.3951 9998 33400 -5742.29850659
5905758190 -168.1555 -24.92726 -4777.254 427.1475 9998 33400 -5800.37372566
5905758191 -168.2703 -25.0358 -4797.43 408.6504 9998 33400 -5783.57510448
5905758192 -168.434 -25.02498 -4793.936 357.6588 9998 33400 -5885.86541444
5905758193 -168.5734 -24.91483 -4806.605 645.8805 9998 33400 -5799.03948881
5905758194 -168.7257 -24.81849 -4779.624 876.3103 9998 33400 -5745.90078518
5905758195 -168.935 -24.75897 -4829.781 1140.597 9998 33400 -5789.75940248
5905758196 -169.1096 -24.70659 -4778.204 1257.176 9998 33400 -6014.44628497
5905758197 -169.2497 -24.60427 -4810.013 1256.368 9998 33400 -5610.47968568
5905758198 -169.4246 -24.52001 -4794.008 1165.161 9998 33400 -5858.56496056
5905758199 -169.5735 -24.45937 -4801.802 1071.586 9998 33400 -5856.37563956
5905758200 -169.6269 -24.3365 -4814.377 1069.779 9998 33400 -5847.59381912
5905758201 -169.6402 -24.24686 -4825.679 1064.568 9998 33400 -5872.55169965
5905758202 -169.5607 -24.23791 -4799.544 1310.999 9998 33400 -5663.21602989
5905758203 -169.3712 -24.12223 -4792.196 974.3362 9998 33400 -5765.59555437
5905758204 -169.0752 -24.04607 -4797.858 1155.205 9998 33400 -5538.85183612
5905758205 -168.9231 -24.06297 -4785.122 1281.186 9998 33400 -5552.18377529
5905758207 -169.0305 -24.45065 -4234.294 1004.582 9998 33400 -6060.95781176
5905758208 -169.0636 -24.87049 -4608.022 1059.94 9998 33400 -5809.99650231
5905758211 -168.3063 -24.82357 -4512.613 461.2843 9998 33400 -5797.28396386
5905758212 -168.0579 -24.45605 -4757.1 736.767 9998 33400 -5658.29628647
5905758213 -167.9421 -24.12895 -4837.086 1195.079 9998 33400 -5609.36068611
5905758214 -167.7428 -23.91076 -4811.604 1421.118 9998 33400 -5671.92324122
5905758215 -167.6297 -23.84388 -4803.463 1533.087 9998 33400 -5682.88473768
5905758216 -167.7417 -23.68598 -4799.822 1646.051 9998 33400 -5691.13947502
5905758217 -167.7708 -23.3744 -4801.381 1446.054 9998 33400 -5722.87288917
5905758218 -167.6968 -23.23815 -4816.195 1075.731 9998 33400 -5752.46937346
5905758219 -167.9484 -23.38325 -4789.521 1429.111 9998 33400 -5607.9841606
5905758220 -168.5266 -23.50515 -4824.757 1374.05 9998 33400 -5640.33310825
5905758221 -169.1805 -23.55133 -4816.482 1178.342 9998 33400 -5613.51501788
5905758222 -169.7359 -23.58007 -4809.574 1263.63 9998 33400 -5697.40607238
5905758223 -170.1372 -23.57155 -4754.861 1224.41 9998 33400 -5738.58960032
5905758224 -170.4993 -23.55709 -4789.854 1075.022 9998 33400 -5798.17566356
5905758225 -170.8079 -23.47623 -4816.312 745.8664 9999 33400 -5698.78703931
5905758226 -171.1131 -23.50905 -4808.237 545.1075 9998 33400 -5662.40342749
5905758227 -171.5064 -23.57078 -4776.924 390.8323 9998 33400 -5686.58456569
5905758228 -171.9964 -23.65692 -4767.761 711.6818 9999 33400 -5666.35518424
5905758312 -172.4047 -23.588 -4866.605 924.3113 9998 33400 -5736.97545776
5905758313 -172.2911 -23.60643 -4784.202 905.528 9998 33400 -5803.05815161
5905759131 -170.6544 -29.63785 -4910.364 757.0955 9998 33400 -5146.29733578
5905759132 -170.6432 -29.64238 -5063.804 809.1567 -1 33400 -5094.48078924
5905759134 -170.5304 -29.58562 -5452.459 1116.837 -1 33400 -5462.47852205
5905759135 -170.5652 -29.58631 -5507.08 1169.385 -1 33400 -5484.88031959
5905759136 -170.4047 -29.4275 -5378.224 1269.178 -1 33400 -5385.35460542
5905759137 -170.4248 -29.41994 -5413.008 1275.928 -1 33400 -5406.44460473
5905759138 -170.4394 -29.40266 -5372.324 1247.856 -1 33400 -5368.47641684
5905759139 -170.3346 -29.29654 -5380.12 1417.857 -1 33400 -5386.99958605
5905759140 -170.2687 -29.01415 -5223.996 1485.006 -1 33400 -5248.59382868
5905759141 -170.2473 -28.87562 -5422.249 1423.184 -1 33400 -5439.36828664
5905759143 -170.2298 -28.74059 -5236.323 1120.44 -1 33400 -5228.61585576
5905759144 -170.1234 -28.81482 -5158.425 1303.031 -1 33400 -5104.68826426
5905759145 -170.1048 -28.81642 -4784.619 1127.812 -1 33400 -4797.01121753
5905759148 -169.3995 -27.85887 -5468.786 451.375 -1 33400 -5473.22756826
5905759150 -168.9941 -28.33495 -5558.167 733.4944 -1 33400 -5614.38553977
5905759151 -169.32 -28.69011 -5254.376 824.3179 -1 33400 -5267.34999986
5905759152 -169.5013 -28.48758 -5515.494 686.7742 -1 33400 -5524.15605605
5905759153 -169.7595 -28.18692 -5545.544 536.3476 -1 33400 -5553.48461085
5905759154 -169.7882 -28.05643 -5322.975 417.9584 9998 33400 -5452.71615335
5905759155 -169.9308 -27.90483 -5380.507 325.7647 -1 33400 -5400.22730257
5905759156 -169.9193 -27.60864 -5281.183 221.7872 -1 33400 -5250.86460484
5905759157 -169.6383 -27.76742 -5536.716 376.7334 -1 33400 -5537.12566253
5905759159 -169.1989 -27.94881 -5398.996 519.8751 -1 33400 -5408.96136037
5905759160 -168.9659 -27.92045 -5426.814 590.2775 -1 33400 -5480.37040695
5905759161 -168.9244 -27.96563 -5465.351 598.4604 -1 33400 -5562.02403156
5905759162 -168.4377 -28.08371 -5548.493 614.5345 -1 33400 -5536.06487077
5905759163 -168.1341 -28.40332 -5495.096 977.4739 -1 33400 -5357.60177118
5905759164 -168.1352 -28.63007 -5442.502 1230.009 -1 33400 -5439.52571375
5905759165 -168.0216 -28.5036 -5562.837 1134.61 -1 33400 -5555.47909996
5905759166 -167.7995 -28.57501 -5226.21 1084.662 -1 33400 -5244.47947726
5905759167 -167.7941 -28.68722 -5129.765 1177.213 -1 33400 -5187.29795374
5905759170 -167.9258 -28.56214 -4977.083 980.6411 -1 33400 -4976.12997167
5905759180 -166.4888 -27.90418 -5485.137 560.7779 -1 33400 -5595.53070632
5905759181 -166.325 -27.14182 -5337.495 247.168 9998 33400 -5387.58836409
5905759185 -166.8281 -26.92275 -5390.983 332.5872 9998 33400 -5323.45525233
5905759186 -166.8432 -27.06289 -5564.802 135.0075 -1 33400 -5550.34038918
5905759187 -166.6104 -27.13201 -5469.085 20.72418 -1 33400 -5473.64598023
5905759190 -166.3812 -27.19106 -5446.005 247.2688 9998 33400 -5458.98361232
5905759191 -166.1478 -26.5007 -5515.256 766.1423 -1 33400 -5526.77978498
5905759196 -165.2204 -26.9098 -5489.325 695.6002 -1 33400 -5487.91144664
5905759198 -164.7514 -27.24029 -5516.793 630.1784 -1 33400 -5507.03928646
5905759199 -164.2678 -27.78388 -5463.102 671.1627 -1 33400 -5446.17239962
5905759200 -164.1682 -27.67616 -5487.266 624.0146 -1 33400 -5457.87392668
5905759201 -164.2827 -27.39342 -5417.439 442.493 9998 33400 -5454.15117187
5905759203 -164.2051 -27.06396 -5263.657 273.3916 9998 33400 -5547.85992056
5905759204 -164.5014 -27.08607 -5341.589 231.9215 -1 33400 -5348.84269611
5905759207 -164.3706 -27.71878 -5526.278 699.0164 -1 33400 -5473.83943914
5905759208 -164.224 -27.73783 -5346.85 635.3752 -1 33400 -5353.54763558
5905759209 -164.0648 -27.86695 -5500.939 681.3292 -1 33400 -5481.62232753
5905759210 -163.862 -27.62306 -5477.99 510.3481 -1 33400 -5476.53172332
5905759212 -163.3478 -26.90544 -5441.858 412.4928 -1 33400 -5447.09203317
5905759213 -163.3068 -26.61409 -5475.594 286.1377 -1 33400 -5483.79429099
5905759217 -162.7997 -26.71232 -5434.96 174.8021 -1 33400 -5447.62406702
5905759218 -162.7814 -26.72978 -5409.762 164.2685 -1 33400 -5422.10618684
5905759219 -162.7554 -26.74446 -5472.441 152.8146 -1 33400 -5493.92337635
5905759220 -162.7504 -26.7531 -5529.487 151.635 -1 33400 -5503.61418813
5905759221 -162.7492 -26.76752 -5498.101 146.0706 -1 33400 -5491.65969137
5905759224 -163.0548 -26.88552 -5434.987 279.6006 -1 33400 -5442.26684323
5905759227 -163.1802 -26.58714 -5391.02 360.3359 -1 33400 -5437.45924907
5905759228 -163.1892 -26.54782 -5419.524 357.9515 -1 33400 -5442.84392062
5905759229 -163.1951 -26.4829 -5403.271 343.7738 -1 33400 -5448.2275129
5905759230 -163.1411 -26.50886 -5389.306 365.9384 -1 33400 -5421.77158871
5905759231 -163.0527 -26.50131 -5429.232 405.0081 -1 33400 -5447.39455528
5905759232 -163.0243 -26.63924 -5407.569 340.7528 -1 33400 -5448.30477892
5905759233 -163.0961 -26.54672 -5391.133 382.5769 -1 33400 -5418.67579576
5905759234 -162.9573 -26.45037 -5374.793 387.8119 -1 33400 -5383.69008081
5905760141 -168.991 -32.3417 -5354.865 313.9076 -1 33400 -5447.97532138
5905760142 -168.9662 -32.40235 -5401.14 408.3137 -1 33400 -5482.39335991
5905760143 -168.9259 -32.46115 -5265.862 415.8501 -1 33400 -5292.33948307
5905760145 -168.9273 -32.25485 -5422.417 388.7193 -1 33400 -5423.78161674
5905760146 -169.0748 -32.21776 -5374.683 291.2148 -1 33400 -5382.62796586
5905760147 -169.2505 -32.05731 -5323.31 146.6381 -1 33400 -5353.59781492
5905760148 -169.1875 -31.92423 -5216.277 292.3347 -1 33400 -5282.94525253
5905760149 -169.1669 -31.9414 -5559.079 341.21 -1 33400 -5318.94104747
5905760150 -169.0476 -31.99067 -5553.249 402.3972 -1 33400 -5609.19964092
5905760151 -168.916 -31.95573 -5428.363 548.6331 -1 33400 -5335.60785111
5905760152 -168.416 -31.92196 -5452.396 657.1278 -1 33400 -5456.83631699
5905760153 -167.922 -31.56578 -5466.501 899.419 -1 33400 -5465.64697824
5905760154 -168.108 -31.44792 -5490.568 798.304 -1 33400 -5491.5048951
5905760155 -168.3665 -31.60815 -5582.366 837.166 -1 33400 -5573.35395278
5905760156 -168.7016 -31.60787 -5581.301 970.7794 -1 33400 -5535.84014307
5905760158 -168.8288 -31.44275 -5573.053 1081.507 -1 33400 -5583.93349868
5905760159 -168.8945 -31.60487 -5550.424 945.2667 -1 33400 -5571.32566471
5905760163 -168.6255 -31.81149 -5482.077 816.8895 -1 33400 -5464.37452654
5905760164 -168.0765 -32.05701 -5532.31 600.1716 -1 33400 -5532.37913315
5905760165 -167.6676 -32.45782 -5106.871 585.5309 -1 33400 -5147.33022345
5905760166 -167.5969 -32.779 -5369.782 630.179 -1 33400 -5411.89591115
5905760168 -167.8274 -32.8682 -5457.001 721.4597 -1 33400 -5455.80029673
5905760169 -168.1987 -32.96828 -5562.378 759.1732 -1 33400 -5541.26788601
5905760170 -168.4136 -33.15936 -5523.28 833.486 -1 33400 -5525.2834947
5905760174 -168.4176 -33.85058 -5488.011 979.752 -1 33400 -5469.76387453
5905760175 -168.4564 -33.65161 -5439.404 949.9191 -1 33400 -5445.76560152
5905760176 -168.5254 -33.76844 -5582.323 1106.199 -1 33400 -5570.8285035
5905760177 -168.5491 -33.78858 -5522.018 1060.401 -1 33400 -5526.39687611
5905760178 -168.4606 -33.8858 -5482.38 1023.47 -1 33400 -5471.66941917
5905760179 -168.5162 -33.93302 -5167.22 890.9142 -1 33400 -5186.66323996
5905760180 -168.5666 -34.01756 -5366.312 988.3094 -1 33400 -5361.70313601
5905760181 -168.9194 -33.97606 -5348.023 1001.828 -1 33400 -5340.07155246
5905760182 -169.059 -34.05836 -5243.444 935.6235 -1 33400 -5244.40029329
5905760183 -169.2867 -34.07415 -5376.552 928.7545 -1 33400 -5374.37405272
5905760184 -169.3815 -34.51371 -5345.453 753.6028 -1 33400 -5334.20359283
5905760185 -169.4206 -34.59084 -5363.626 601.5634 -1 33400 -5361.90000334
5905760186 -169.9792 -34.80605 -5257.255 291.3317 -1 33400 -5248.41140947
5905760187 -170.2434 -34.56757 -5354.92 399.1821 -1 33400 -5362.27125216
5905760188 -170.4373 -34.30077 -5540.843 557.0269 -1 33400 -5530.99475373
5905760190 -170.3689 -33.50989 -5527.086 1299.563 -1 33400 -5535.92918991
5905760191 -170.1611 -33.37692 -5580.089 1300.396 9998 33400 -5594.21451656
5905760193 -169.8008 -33.73896 -5456.889 1024.477 -1 33400 -5518.69075631
5905760194 -169.7801 -33.49745 -5480.916 1028.335 -1 33400 -5483.30403064
5905760195 -169.8704 -33.61489 -5492.866 1083.96 -1 33400 -5480.52208314
5905760196 -169.6991 -33.64604 -5506.21 1007.284 -1 33400 -5563.55085046
5905760198 -169.5539 -33.58744 -4998.721 769.0163 -1 33400 -4956.20684453
5905760199 -169.5082 -33.46108 -5346.127 838.0552 -1 33400 -5322.70682399
5905760200 -169.4955 -33.43849 -5251.281 793.5315 -1 33400 -5273.49732546
5905760201 -169.5214 -33.35002 -4979.806 690.0799 -1 33400 -5029.90508422
5905760203 -169.5059 -33.47427 -5306.497 835.2129 -1 33400 -5286.7782461
5905760204 -169.7739 -33.52996 -5484.289 1035.375 -1 33400 -5484.85130436
5905760206 -170.0737 -33.09676 -5557.575 999.6588 -1 33400 -5558.50185342
5905760207 -169.6532 -32.58822 -5537.001 534.5103 -1 33400 -5532.97920476
5905760208 -169.3096 -32.2739 -5575.767 204.8498 -1 33400 -5580.10414919
5905760209 -169.2978 -32.62024 -5566.605 459.6294 -1 33400 -5563.83483733
5905760210 -169.3152 -32.5775 -5581.432 430.391 -1 33400 -5544.71737881
5905760211 -169.4196 -32.59922 -5565.259 462.2328 -1 33400 -5518.13444271
5905760212 -169.4638 -32.80187 -5525.383 548.7933 -1 33400 -5604.26772941
5905760213 -169.3829 -32.71028 -5582.242 502.557 -1 33400 -5417.78728627
5905760214 -169.3019 -32.55892 -5568.472 417.12 -1 33400 -5584.34160998
5905760215 -169.514 -32.60264 -5153.936 382.4156 -1 33400 -5169.48263633
5905760216 -169.6103 -32.54297 -5573.803 467.4321 -1 33400 -5561.51847856
5905760217 -169.6374 -32.51147 -5173.173 389.9613 -1 33400 -5245.06462653
5905760218 -169.6411 -32.50669 -5290.36 416.4074 -1 33400 -5305.51388621
5905760219 -169.634 -32.49972 -5059.812 384.7752 -1 33400 -5130.73849249
5905760220 -169.6439 -32.50062 -5491.929 447.0517 -1 33400 -5374.9970071
5905760221 -169.7331 -32.44348 -5530.873 499.2665 -1 33400 -5527.85960046
5905760222 -169.8008 -32.32005 -5554.742 464.0071 -1 33400 -5573.26816979
5905760223 -169.8004 -32.1055 -5579.039 352.4231 -1 33400 -5584.0205433
5905760225 -169.7817 -32.30778 -5533.936 442.2523 -1 33400 -5527.666878
5905760226 -169.8212 -32.42286 -5575.698 556.05 -1 33400 -5588.67394607
5905760227 -169.8597 -32.54511 -5545.831 668.8448 -1 33400 -5552.96802394
5905760228 -169.8886 -32.65251 -5430.954 660.2843 9998 33400 -5547.56143416
5905760229 -169.904 -32.70106 -5583.601 753.7489 -1 33400 -5544.69032069
5905760230 -169.8673 -32.82153 -5543.765 735.9575 9998 33400 -5173.39381602
5905760231 -169.7723 -32.7513 -5513.306 647.7845 -1 33400 -5535.24483622
5905760232 -169.7185 -32.61545 -5555.476 603.1434 -1 33400 -5549.07725819
5905760233 -169.7517 -32.44124 -5529.035 558.0338 -1 33400 -5542.07765036
5905760234 -169.7619 -32.34875 -5551.728 502.8047 -1 33400 -5563.68120172
5905760235 -169.818 -32.33139 -5523.955 528.5262 -1 33400 -5494.8554485
590576113 -165.5706 -32.99891 -5021.963 812.0834 -1 33400 -5017.09701013
590576114 -165.5542 -33.03838 -5010.015 821.7755 -1 33400 -5005.11287418
590576115 -165.5457 -32.98831 -5013.14 797.616 -1 33400 -5043.11219347
590576116 -165.5336 -32.87447 -4972.146 655.1932 -1 33400 -4972.53146805
590576130 -165.612 -32.33346 -5427.418 871.523 -1 33400 -5434.00722436
590576131 -165.7987 -32.37981 -5311.54 638.1524 -1 33400 -5307.13186729
590576132 -165.827 -32.45232 -5366.828 657.2099 -1 33400 -5416.57618101
590576133 -165.8385 -32.52877 -5414.546 670.9782 -1 33400 -5413.15073852
590576134 -165.7563 -32.46574 -5293.479 632.9132 -1 33400 -5313.84988065
590576135 -165.6628 -32.61141 -5278.201 613.6686 -1 33400 -5291.18739034
590576136 -165.7132 -32.61866 -5323.739 667.126 -1 33400 -5321.41555723
590576137 -165.7615 -32.5653 -5330.545 604.8853 -1 33400 -5351.09189786
590576138 -165.6937 -32.47929 -5337.849 679.0886 -1 33400 -5349.17840034
590576139 -165.5094 -32.51596 -5196.147 687.2375 -1 33400 -5199.27768378
590576140 -165.6127 -32.57022 -5215.317 640.8665 -1 33400 -5220.33529654
590576141 -165.5596 -32.59762 -5229.749 651.3632 -1 33400 -5226.55599382
590576142 -165.4771 -32.53985 -5373.764 821.2448 -1 33400 -5301.9916792
590576143 -165.1983 -32.31958 -5181.399 892.8173 -1 33400 -5175.54357964
590576144 -165.265 -32.07841 -5111.3 836.3895 -1 33400 -5095.95387123
590576145 -165.291 -32.07966 -5107.905 841.5878 -1 33400 -5109.22405437
590576146 -165.347 -32.0093 -5182.018 885.639 -1 33400 -5131.08075654
590576147 -165.2859 -32.00249 -5204.901 909.7503 -1 33400 -5060.04281854
590576148 -165.3794 -32.10173 -5347.997 961.8853 -1 33400 -5338.93097852
590576149 -165.3929 -32.14105 -5155.589 822.5165 9998 33400 -5235.01129931
590576150 -165.4239 -32.18532 -5207.439 867.6848 -1 33400 -5221.68802831
590576151 -165.4072 -32.25338 -5166.789 812.9801 -1 33400 -5192.47365889
590576152 -165.3676 -32.27211 -5129.739 792.8445 -1 33400 -5136.93141021
590576153 -165.4303 -32.37712 -5124.943 753.8966 -1 33400 -5161.35314637
590576154 -165.4349 -32.48235 -5111.322 701.5652 -1 33400 -5147.96118128
590576155 -165.3363 -32.54139 -5138.643 743.0359 -1 33400 -5150.48202819
590576156 -165.335 -32.36573 -5073.255 785.7167 -1 33400 -5147.83349476
590576157 -165.4232 -32.42892 -5111.345 742.3823 -1 33400 -5131.79807749
590576158 -165.2944 -32.45682 -5026.848 730.3146 -1 33400 -5159.61157244
590576159 -165.3777 -32.37684 -5056.954 756.2379 -1 33400 -5092.84105528
590576160 -165.3643 -32.54358 -5157.937 719.1444 -1 33400 -5241.91581519
590576161 -165.6153 -32.74695 -5264.573 643.6926 -1 33400 -5266.54744239
590576162 -165.7215 -32.83908 -5266.569 693.7174 -1 33400 -5279.15823432
590576163 -165.7158 -32.97496 -5310.015 872.6647 -1 33400 -5287.88402607
590576164 -165.8028 -32.89652 -5358.394 811.7205 -1 33400 -5361.75900831
590576165 -165.5986 -33.19786 -5168.318 1035.713 -1 33400 -5151.38410049
590576166 -165.8287 -33.41215 -5287.728 1177.681 -1 33400 -5239.96643243
590576168 -166.2426 -33.51116 -5305.9 884.8251 -1 33400 -5305.06645902
590576169 -166.2068 -33.44411 -5408.898 1088.161 -1 33400 -5410.31212118
590576170 -166.155 -33.48781 -5396.967 1070.382 -1 33400 -5394.0225303
590576171 -166.1667 -33.50488 -5398.411 1027.104 -1 33400 -5388.15352513
590576172 -166.1982 -33.54361 -5286.312 888.3594 -1 33400 -5250.42744687
590576173 -166.2395 -33.63628 -4985.991 727.5422 -1 33400 -4967.05091715
590576174 -166.2223 -33.64977 -4840.212 690.2472 -1 33400 -4827.89438361
590576175 -166.2001 -33.67475 -4912.13 710.5596 -1 33400 -4959.31088222
590576176 -166.1057 -33.65923 -5002.183 786.9075 -1 33400 -5032.23273448
590576177 -165.9485 -33.51764 -5268.979 1178.358 -1 33400 -5292.42016426
590576180 -165.9938 -33.57199 -5370.099 1091.265 -1 33400 -5375.59726376
590576181 -166.028 -33.45435 -5323.945 1147.035 -1 33400 -5324.52090361
590576182 -165.9893 -33.51794 -5297.177 1108.801 -1 33400 -5311.3595462
590576183 -166.0497 -33.61269 -5369.694 1055.975 -1 33400 -5333.51044666
590576184 -166.0706 -33.49876 -5323.925 1126.019 -1 33400 -5326.02359193
590576185 -166.0733 -33.48837 -5357.352 1097.694 -1 33400 -5345.99501287
590576186 -166.0885 -33.49735 -5334.195 1121.405 -1 33400 -5334.12976049
590576187 -166.0385 -33.45408 -5330.533 1129.107 -1 33400 -5328.11688624
590576188 -165.9223 -33.50789 -5343.2 1215.565 -1 33400 -5334.76344435
590576189 -165.9822 -33.60668 -5351.099 1154.125 -1 33400 -5361.52283282
590576190 -166.0814 -33.54825 -5345.022 1072.289 -1 33400 -5326.38112344
590576191 -166.0932 -33.51078 -5316.073 1107.65 -1 33400 -5320.36580696
590576192 -165.9313 -33.501 -5345.527 1232.044 -1 33400 -5320.09255415
590576193 -165.9227 -33.53481 -5357.816 1125.42 -1 33400 -5352.31991346
590576194 -165.9255 -33.54606 -5351.417 1151.978 -1 33400 -5335.06765105
590576195 -165.9898 -33.61591 -5367.173 1091.798 -1 33400 -5355.37381839
590576196 -166.1403 -33.51705 -5380.585 1066.539 -1 33400 -5363.00230535
590576197 -166.2204 -33.5007 -5371.488 997.4829 -1 33400 -5367.94293742
590576198 -166.2205 -33.48734 -5375.466 1003.699 -1 33400 -5382.96812333
590576199 -166.3663 -33.50796 -5203.662 793.7759 -1 33400 -5239.6879001
5905761100 -166.3405 -33.63046 -5369.491 915.6522 -1 33400 -5356.13834199
5905761101 -166.4565 -33.69328 -5377.405 865.3857 -1 33400 -5372.99386033
5905761102 -166.4107 -33.64097 -5405.032 888.9353 -1 33400 -5408.67951277
5905761103 -166.4409 -33.8545 -5394.183 885.7488 9998 33400 -5536.29116076
5905761104 -166.4899 -33.9746 -5470.431 819.6245 -1 33400 -5449.80662397
5905761105 -166.9103 -34.22067 -5354.886 704.4482 -1 33400 -5348.97530379
5905761106 -167.0814 -34.01514 -5375.321 749.334 -1 33400 -5376.00926234
5905761107 -167.0249 -33.98275 -5396.643 750.8734 -1 33400 -5395.00947
5905761108 -167.067 -33.85163 -5375.59 693.2372 -1 33400 -5370.45397903
5905761109 -167.1792 -33.7404 -5385.616 733.7957 -1 33400 -5370.88253443
5905761110 -167.3916 -33.91838 -5352.312 754.7682 -1 33400 -5349.0847498
5905761111 -167.3896 -34.07986 -5274.831 726.2233 -1 33400 -5278.39612762
5905761112 -167.2601 -34.17205 -5258.414 671.7246 -1 33400 -5265.62945751
5905761113 -167.2408 -34.1032 -5365.594 772.4146 -1 33400 -5344.66259631
5905761114 -167.2315 -33.9683 -5317.512 711.1835 -1 33400 -5315.99165784
5905761115 -167.2918 -33.93177 -5364.026 752.3362 -1 33400 -5359.05010939
5905761116 -167.4933 -33.96809 -5317.319 775.9811 -1 33400 -5315.05662331
5905761117 -167.5096 -33.94674 -5316.166 779.4338 -1 33400 -5309.98090901
5905761118 -167.4324 -33.83813 -5276.975 686.2365 -1 33400 -5263.573393
5905761119 -167.4969 -33.84561 -5147.965 633.8619 -1 33400 -5151.65859025
5905761120 -167.5443 -33.7858 -5324.184 775.2025 -1 33400 -5293.4870515
5905761121 -167.575 -33.75657 -5292.708 754.83 9998 33400 -5284.46622049
5905761122 -167.6425 -33.74957 -5290.29 742.426 9998 33400 -5442.92128001
5905761123 -167.6387 -33.72203 -5306.773 768.2933 9998 33400 -5412.12990028
5905761124 -168.015 -33.75439 -5307.437 938.1247 -1 33400 -5305.92439524
5905761125 -168.2832 -33.84427 -5196.728 1003.576 -1 33400 -5217.11139202
5905761126 -168.4301 -34.04635 -5304.107 1230.946 -1 33400 -5308.16857746
5905761127 -168.6653 -34.12808 -5294.188 1214.087 -1 33400 -5286.84949657
5905761128 -168.7184 -34.139 -5214.916 1186.149 -1 33400 -5227.9873989
5905761129 -168.8394 -34.05129 -5247.421 1207.383 -1 33400 -5249.21723222
5905761130 -168.9561 -34.0841 -5323.95 1303.655 -1 33400 -5319.09553827
5905761131 -168.9772 -33.97248 -5350.835 1265.2 -1 33400 -5344.04052099
5905761132 -168.853 -33.9395 -5322.661 1342.926 -1 33400 -5329.92793346
5905761133 -168.7554 -33.92181 -5336.618 1412.224 9998 33400 -5396.89215124
5905761134 -168.7402 -33.92829 -5358.798 1370.587 -1 33400 -5366.31970707
5905761135 -168.7101 -33.95543 -5358.592 1323.464 -1 33400 -5360.580614
5905761136 -168.6969 -33.96692 -5356.649 1263.237 -1 33400 -5357.77381972
5905761137 -168.6148 -34.04653 -5348.573 1291.991 -1 33400 -5335.94211088
5905761138 -168.6564 -34.0369 -5332.788 1224.877 -1 33400 -5335.75497509
5905761139 -168.5871 -34.01514 -5358.177 1294.665 -1 33400 -5358.07035606
5905761140 -168.636 -34.09492 -5264.649 1171.744 -1 33400 -5269.76728316
5905761141 -168.7497 -34.1624 -5252.701 1182.348 -1 33400 -5248.75100975
5905761142 -168.9175 -34.22872 -5234.259 1134.269 -1 33400 -5239.06158418
5905761143 -169.0801 -34.32067 -5283.056 1206.243 9998 33400 -5363.03125124
5905761144 -169.261 -34.46704 -5305.37 1100.636 -1 33400 -5312.5146935
5905761145 -169.5939 -34.58304 -5314.035 692.0762 -1 33400 -5321.26562294
5905761146 -169.8613 -34.62995 -5355.182 575.5589 -1 33400 -5351.71759183
5905761147 -169.8157 -34.67865 -5334.334 505.4232 -1 33400 -5331.58682293
5905761148 -169.8604 -34.67644 -5312.249 492.8319 -1 33400 -5307.59257714
5905761149 -169.8341 -34.52456 -5327.43 724.3227 -1 33400 -5337.03171271
5905761150 -169.8301 -34.46824 -5329.878 758.4859 -1 33400 -5326.58182778
5905761151 -169.8525 -34.43934 -5263.914 826.1889 -1 33400 -5282.52884556
5905761152 -169.6775 -34.57536 -5317.526 661.9987 -1 33400 -5321.26472607
5905761153 -169.0873 -34.40012 -5268.388 1159.619 -1 33400 -5268.95182144
5905761154 -168.6162 -34.45187 -5232.995 1053.396 -1 33400 -5231.27734803
5905761155 -168.6647 -34.37364 -5217.524 1141.463 -1 33400 -5216.16891659
5905761156 -168.9439 -34.24816 -5219.615 1322.969 -1 33400 -5227.19516689
5905761157 -169.1216 -34.35308 -5206.582 1164.473 -1 33400 -5222.59011082
5905761158 -169.1823 -34.38754 -5269.558 1204.198 -1 33400 -5284.3014221
5905761159 -169.3419 -34.11807 -5336.916 1227.108 -1 33400 -5336.97670987
5905761160 -169.2794 -33.85777 -5241.306 1205.469 -1 33400 -5245.73402185
5905761161 -169.0207 -33.82907 -5251.397 1283.809 -1 33400 -5272.47461604
5905761162 -169.0271 -33.98152 -5225.453 1287.12 -1 33400 -5232.25788441
5905761163 -169.0577 -34.16705 -5286.807 1312.158 -1 33400 -5292.68028011
5905761164 -169.0115 -34.46156 -5209.344 1058.507 -1 33400 -5207.08669959
5905761165 -169.1012 -34.87438 -5132.29 157.6752 -1 33400 -5139.45290435
5905761166 -169.3384 -35.09775 -5148.575 134.6612 -1 33400 -5152.65970112
5905761167 -169.3625 -35.33874 -5185.495 102.0864 9998 33400 -5185.75276641
5905761168 -169.353 -35.54613 -5234.341 298.8014 -1 33400 -5233.52629832
5905761169 -169.4858 -35.62468 -5311.424 629.3594 -1 33400 -5314.35324757
5905761170 -169.629 -35.52715 -5277.854 386.1463 -1 33400 -5264.5810838
5905761171 -169.5357 -35.50485 -5287.649 346.693 -1 33400 -5287.75905356
5905761172 -169.4507 -35.48986 -5270.12 264.2824 -1 33400 -5262.96775108
5905761173 -169.4596 -35.56323 -5295.565 469.8245 -1 33400 -5298.76858977
5905761174 -169.581 -35.60725 -5303.295 630.4894 -1 33400 -5296.53695923
5905761175 -169.6879 -35.5854 -5227.636 553.8666 -1 33400 -5236.7698243
5905761176 -169.5768 -35.5646 -5320.169 531.6216 -1 33400 -5321.06823476
5905761177 -169.4523 -35.50918 -5273.599 289.6703 -1 33400 -5274.48133438
5905761178 -169.4465 -35.50441 -5263.913 276.5772 -1 33400 -5269.15583805
5905761179 -169.636 -35.35188 -5284.522 16.20943 -1 33400 -5282.32691053
5905761180 -170.0231 -35.34494 -4831.545 404.14 9998 33400 -4771.74072389
5905761181 -170.3222 -35.07591 -5103.405 201.2606 -1 33400 -5070.00499912
5905761182 -170.5826 -35.10613 -5121.135 139.3636 -1 33400 -5124.69766807
5905761183 -170.4153 -34.91501 -5142.257 267.5888 9998 33400 -5113.93419024
5905761184 -170.5402 -35.01219 -5176.433 221.3582 -1 33400 -5160.28338198
5905761185 -170.6222 -35.04301 -5144.527 222.569 -1 33400 -5132.41756886
5905761186 -170.54 -35.08745 -5060.928 124.1574 -1 33400 -5069.96264041
5905761187 -170.4165 -35.03473 -5127.08 167.992 9998 33400 -5032.07389933
5905761188 -170.3479 -35.09433 -5089.919 206.1595 9998 33400 -4997.20326113
5905761189 -170.3824 -35.01691 -5190.679 190.9214 9998 33400 -5045.48023319
5905761190 -170.4747 -35.09295 -5037.747 152.8386 -1 33400 -5025.57769079
5905761191 -170.2441 -35.12084 -5077.399 251.1957 9998 33400 -5036.61009448
5905761192 -170.0501 -35.10393 -5101.938 325.356 9998 33400 -5111.0059822
5905761193 -169.754 -35.35756 -4876.384 114.0276 9998 33400 -4741.32708886
5905761194 -169.6387 -35.13289 -5202.257 313.7995 9998 33400 -4892.74069517
5905761195 -169.6519 -35.01123 -4913.119 300.7639 9998 33400 -4402.17678263
5905761196 -169.5669 -34.89303 -5102.419 390.2626 9998 33400 -5199.30213159
5905761197 -169.4303 -34.65179 -5238.042 601.2543 9998 33400 -5351.93915687
5905761198 -169.2932 -34.11776 -5216.96 1178.992 9998 33400 -5332.3919459
5905761199 -168.95 -33.79527 -5220.302 1305.975 9998 33400 -5309.43195804
5905761200 -168.83 -33.88484 -5211.734 1332.711 9998 33400 -5399.36257521
5905761201 -168.6889 -33.68491 -5232.952 1236.824 9998 33400 -5461.11470629
5905761202 -168.6245 -33.43974 -5215.42 1122.699 9998 33400 -5439.29286579
5905761203 -168.5428 -33.26221 -5227.518 987.4609 9998 33400 -5505.65727049
5905761204 -168.4097 -33.32774 -5218.765 1100.657 9998 33400 -5439.04498581
5905761205 -168.4214 -33.55968 -5167.385 1064.531 9998 33400 -5338.86729181
5905761206 -168.6025 -33.36935 -5286.294 1052.41 9998 33400 -5436.83262698
5905761207 -168.5681 -33.1962 -5275.809 944.0969 9998 33400 -5476.12813803
5905761209 -168.4402 -33.37702 -5290.651 1144.434 9998 33400 -5241.47136566
5905761210 -168.4376 -33.53425 -5283.119 1179.76 9998 33400 -5342.31456384
5905761211 -168.6405 -33.49347 -5235.169 1095.087 9998 33400 -5535.81558812
5905761214 -168.9254 -33.09995 -5293.488 864.5983 9998 33400 -5566.31139881
5905761215 -168.9447 -33.00418 -5210.378 711.217 9998 33400 -5412.98111897
5905761217 -169.491 -33.36001 -5244.338 1041.709 9998 33400 -5130.5680592
5905761218 -169.6684 -33.71865 -5265.498 1162.392 -1 33400 -5538.09675738
5905761219 -169.8885 -33.9879 -5287.566 1164.025 -1 33400 -5504.44820994
590576213 -165.3258 -30.21356 -5092.386 358.0043 -1 33400 -5082.1311215
590576221 -164.9698 -31.13174 -5412.555 219.5817 -1 33400 -5499.95679118
590576222 -164.9575 -31.36426 -5357.429 396.5917 -1 33400 -5396.0518555
590576224 -165.0406 -31.62852 -5566.87 600.6379 -1 33400 -5565.12928814
590576226 -165.1844 -31.39419 -5555.554 524.7304 -1 33400 -5557.29608908
590576227 -165.4788 -31.01055 -5563.569 218.7499 -1 33400 -5542.89250102
590576231 -165.6247 -30.54657 -5577.234 138.5168 -1 33400 -5562.94927859
590576232 -165.8278 -30.39708 -5461.791 297.6812 9998 33400 -5433.06636855
590576233 -166.0675 -30.5224 -5406.623 252.2741 -1 33400 -5409.21906093
590576234 -166.5125 -30.66336 -5424.191 317.4599 9998 33400 -5437.47357171
590576235 -166.6041 -30.849 -5457.911 498.6013 -1 33400 -5453.62467388
590576236 -166.5743 -30.97261 -5513.923 671.4229 -1 33400 -5513.60732335
590576237 -166.5876 -31.006 -5518.749 714.1999 -1 33400 -5519.99949222
590576240 -166.8168 -30.75948 -5168.683 423.0399 -1 33400 -5171.36253298
590576241 -166.8954 -30.59668 -5488.334 394.4394 -1 33400 -5498.14737484
590576242 -167.0408 -30.42589 -5436.499 415.945 -1 33400 -5452.54662534
590576243 -167.2208 -30.34351 -5326.671 425.5922 -1 33400 -5335.90174024
590576244 -167.493 -30.34496 -5260.863 348.8731 -1 33400 -5280.19141283
590576245 -167.8275 -30.28018 -5460.292 410.1787 -1 33400 -5453.05456542
590576246 -167.6699 -30.26085 -5485.093 345.8076 -1 33400 -5486.4032945
590576247 -167.7283 -30.32286 -5407.098 366.1534 -1 33400 -5401.92032649
590576248 -168.1322 -30.39539 -5415.881 487.4746 -1 33400 -5436.40849222
590576249 -168.1759 -30.47111 -5484.033 524.4698 -1 33400 -5485.2098578
590576250 -168.2775 -30.60826 -5415.014 540.5066 -1 33400 -5407.66202954
590576251 -168.3055 -30.71415 -5412.448 555.1481 -1 33400 -5434.32855431
590576252 -168.2054 -30.8044 -5446.502 566.3516 -1 33400 -5464.93660895
590576253 -168.2066 -30.88643 -5236.884 554.9423 -1 33400 -5290.77806561
590576254 -168.0472 -30.88737 -5408.013 558.2281 -1 33400 -5406.13570179
590576255 -167.9652 -30.81291 -5386.444 582.6991 -1 33400 -5410.76372798
590576256 -167.8968 -30.64831 -5342.916 465.5202 -1 33400 -5330.12660197
590576257 -167.9445 -30.66214 -5214.003 455.6636 -1 33400 -5224.17547847
590576258 -168.0282 -30.79353 -5467.427 530.7913 -1 33400 -5476.34453592
590576259 -168.2598 -30.81602 -5456.376 624.4124 -1 33400 -5442.24334021
590576260 -168.2648 -30.82288 -5432.257 603.4674 -1 33400 -5368.46853961
590576261 -168.2535 -30.71814 -5447.703 574.7477 -1 33400 -5457.09483299
590576262 -168.293 -30.71005 -5450.031 568.9837 -1 33400 -5442.44516664
590576263 -168.3279 -30.86921 -5256.375 550.908 -1 33400 -5267.54515266
590576264 -168.0677 -30.86696 -5424.683 568.3548 -1 33400 -5444.31199391
590576265 -168.125 -30.78102 -5480.409 569.7131 -1 33400 -5506.64930616
590576266 -168.2901 -30.74037 -5320.202 542.3644 -1 33400 -5388.58286341
590576267 -168.2852 -30.92278 -5427.758 611.3499 -1 33400 -5474.80154913
590576268 -168.1458 -31.05846 -5563.451 676.1187 -1 33400 -5593.04955186
590576269 -167.937 -31.1853 -5517.022 676.5444 -1 33400 -5500
590576270 -167.8009 -31.1785 -5421.833 665.2819 -1 33400 -5437.45418979
590576271 -167.8021 -31.19527 -5492.425 684.7049 -1 33400 -5516.04869911
590576273 -167.6766 -30.97854 -5509.272 605.6799 -1 33400 -5483.44101392
590576274 -167.6688 -30.76567 -5556.226 568.4962 -1 33400 -5553.54534221
590576275 -167.335 -30.71871 -5567.67 559.8433 -1 33400 -5532.41485726
590576276 -167.19 -30.74625 -5563.592 578.0366 -1 33400 -5544.854124
590576277 -167.2125 -30.76926 -5519.338 566.4744 9998 33400 -5505.61651702
590576278 -167.1066 -30.66103 -5396.004 464.2714 -1 33400 -5450.08095152
590576279 -167.0638 -30.42491 -5431.851 402.5367 -1 33400 -5458.458488
590576280 -166.9992 -30.25021 -5414.686 556.5105 -1 33400 -5403.22879568
590576281 -167.0045 -30.1654 -5393.312 688.4191 -1 33400 -5392.91146759
590576282 -167.0034 -30.0786 -5410.594 711.8334 -1 33400 -5414.44111846
590576283 -167.0383 -30.09181 -5474.709 709.2114 -1 33400 -5462.33131304
590576284 -167.1819 -30.1179 -5354.385 585.6883 -1 33400 -5359.14824399
590576285 -167.2971 -30.26243 -5478.12 447.402 9998 33400 -5452.32949666
590576286 -167.5185 -30.40335 -5337.596 436.8829 -1 33400 -5333.73594258
590576287 -167.4749 -30.56601 -5346.247 437.3882 -1 33400 -5349.94539473
590576288 -167.3698 -30.61376 -5556.295 478.6419 -1 33400 -5542.18060783
590576289 -167.1561 -30.75037 -5489.524 529.6082 -1 33400 -5455.34121141
590576290 -167.0309 -30.71932 -5495.059 493.9074 -1 33400 -5481.1055525
590576291 -166.9876 -30.41249 -5530.729 505.4378 -1 33400 -5532.22683776
590576292 -167.0984 -30.01327 -5446.268 753.6143 -1 33400 -5446.81529484
590576293 -167.2245 -29.67419 -5378.41 1236.065 -1 33400 -5382.62508278
590576294 -167.289 -29.41379 -5353.327 1293.767 -1 33400 -5343.4512292
590576295 -167.5324 -29.34086 -5398.025 1372.11 -1 33400 -5396.04042066
590576296 -167.7398 -29.35002 -5305.287 1281.979 -1 33400 -5316.05809726
590576297 -167.7489 -29.33168 -5272.436 1306.656 -1 33400 -5310.08774194
590576298 -167.7227 -29.28448 -5219.91 1340.026 -1 33400 -5281.31303196
590576299 -167.6339 -29.22887 -5279.167 1288.37 -1 33400 -5266.14580641
5905762100 -167.5419 -29.21782 -5420.941 1337.451 -1 33400 -5409.04354236
5905762101 -167.5783 -29.28286 -5387.587 1358.136 -1 33400 -5399.77555539
5905762102 -167.6008 -29.34961 -5395.697 1342.198 -1 33400 -5387.3227094
5905762103 -167.6198 -29.38626 -5374.753 1309.066 -1 33400 -5374.01728895
5905762104 -167.688 -29.38276 -5429.202 1327.992 -1 33400 -5408.5984041
5905762105 -167.6062 -29.26623 -5421.987 1381.805 -1 33400 -5425.59584702
5905762106 -167.467 -29.38132 -5379.019 1301.924 -1 33400 -5349.6826211
5905762107 -167.6156 -29.38506 -5324.752 1303.319 -1 33400 -5360.08029588
5905762108 -167.5574 -29.34814 -5397.344 1348.528 -1 33400 -5396.89194773
5905762109 -167.5021 -29.45842 -5367.94 1262.438 -1 33400 -5318.93016185
5905762110 -167.6685 -29.4086 -5297.12 1266.766 -1 33400 -5314.64081179
5905762111 -167.7085 -29.34119 -5425.248 1406.74 -1 33400 -5421.61067855
5905762112 -167.5856 -29.24455 -5397.873 1269.176 -1 33400 -5404.52489587
5905762113 -167.5238 -29.25465 -5347.774 1410.273 -1 33400 -5346.46970741
5905762114 -167.5674 -29.40524 -5395.383 1372.058 -1 33400 -5393.09589588
5905762115 -167.6192 -29.43761 -5304.862 1195.448 -1 33400 -5322.09104999
5905762116 -167.6179 -29.41215 -5413.884 1293.306 -1 33400 -5391.95340902
5905762117 -167.664 -29.37106 -5409.929 1314.21 -1 33400 -5403.31341926
5905762118 -167.6555 -29.51311 -5195.673 1106.445 -1 33400 -5182.29694238
5905762119 -167.5186 -29.53203 -5250.734 1202.793 9998 33400 -5195.09186757
5905762120 -167.5583 -29.42444 -5399.347 1301.155 -1 33400 -5407.32646195
5905762121 -167.7443 -29.33628 -5457.312 1586.095 -1 33400 -5337.22266125
5905762122 -167.5907 -29.22927 -5405.533 1314.85 -1 33400 -5385.48397871
5905762123 -167.5204 -29.12062 -5167.709 1192.028 -1 33400 -5175.83508952
5905762124 -167.6389 -29.10259 -5086.82 1182.741 -1 33400 -5045.1423766
5905762131 -167.7227 -29.09164 -4614.643 1181.361 -1 33400 -4559.10561884
5905762137 -166.7974 -28.27328 -5508.613 931.2357 -1 33400 -5470.27139167
5905762138 -166.9265 -28.2785 -5401.476 875.8142 -1 33400 -5410.06024012
5905762139 -166.9517 -28.30191 -5370.557 850.5321 9998 33400 -5354.5375323
5905762140 -166.6872 -28.53443 -5388.095 830.2415 -1 33400 -5390.86513988
5905762141 -166.5066 -28.45689 -5447.128 905.2696 -1 33400 -5448.29239427
5905762142 -166.4317 -28.32483 -5377.911 862.2347 -1 33400 -5478.20690679
5905762143 -166.6253 -28.11139 -5451.825 800.694 -1 33400 -5461.76262857
5905762144 -166.8886 -27.97834 -5567.128 629.3419 -1 33400 -5566.78386483
5905762145 -167.0073 -27.85331 -5530.58 344.9925 -1 33400 -5528.49809723
5905762146 -167.0232 -27.95993 -5521.432 558.7365 9998 33400 -5534.26271968
5905762147 -167.1285 -28.1232 -5481.364 749.1046 -1 33400 -5482.90420858
5905762148 -167.018 -28.40407 -5411.887 892.5364 -1 33400 -5413.8328088
5905762149 -166.7505 -28.54773 -5391.093 855.2983 -1 33400 -5382.62634806
5905762150 -166.6033 -28.68236 -5385.514 733.3536 9998 33400 -5380.69158313
5905762153 -166.2604 -28.06525 -5545.886 681.7104 -1 33400 -5545.00651125
5905762154 -166.5932 -27.84065 -5507.826 387.0764 -1 33400 -5487.9878363
5905762155 -166.6289 -27.7639 -5528.002 271.9169 -1 33400 -5513.3698179
5905762156 -166.7204 -27.75667 -5571.58 208.1384 -1 33400 -5608.39445489
5905762157 -166.8188 -27.74219 -5558.127 152.4501 -1 33400 -5547.70115108
5905762158 -166.9301 -27.75626 -5572.064 158.785 -1 33400 -5565.716332
5905762159 -166.988 -27.81384 -5532.436 278.6236 -1 33400 -5523.73097779
5905762160 -167.0356 -27.80444 -5528.469 253.3411 -1 33400 -5532.90946297
5905762161 -167.0961 -27.78857 -5524.409 251.7435 9998 33400 -5551.43381323
5905762162 -167.1901 -27.78702 -5554.719 309.254 -1 33400 -5552.45942056
5905762163 -167.2804 -27.75967 -5583.003 330.7116 -1 33400 -5577.88705068
5905762165 -167.3091 -27.72544 -5573.917 340.4566 -1 33400 -5570.11915656
5905762166 -167.1685 -27.78354 -5563.338 320.2878 -1 33400 -5561.38640426
5905762167 -166.9209 -27.89974 -5475.356 454.972 -1 33400 -5480.34841114
5905762168 -166.6974 -27.78963 -5579.603 282.4928 9998 33400 -5610.70728504
5905762169 -166.4429 -27.63813 -5496.967 364.1131 -1 33400 -5499.98952489
5905762170 -166.3979 -27.4003 -5535.417 334.2989 -1 33400 -5528.90887538
5905762172 -166.5477 -27.28482 -5322.318 162.6541 -1 33400 -5402.79486917
5905762173 -166.6855 -27.43661 -5283.288 162.244 -1 33400 -5337.82614136
5905762174 -166.5547 -27.67534 -5219.2 243.8392 9998 33400 -5518.27296183
5905762175 -166.3261 -27.75653 -5529.264 473.601 -1 33400 -5531.73470946
5905762177 -165.9995 -27.51857 -5348.781 320.8626 -1 33400 -5361.09330023
5905762178 -165.978 -27.41306 -5566.593 296.0947 -1 33400 -5565.6132302
5905762179 -166.0791 -27.25709 -5578.277 298.592 -1 33400 -5571.45573909
5905762182 -166.0095 -26.88631 -5527.011 640.1356 -1 33400 -5505.85430181
5905762184 -165.9653 -26.57582 -5461.078 633.3333 -1 33400 -5474.05326535
5905762191 -165.6661 -26.37375 -5542.231 415.4666 9998 33400 -5621.62497064
5905762194 -165.464 -26.28753 -5481.924 276.7926 9998 33400 -5649.93968726
5905762195 -165.2996 -26.46936 -5497.93 404.2926 9998 33400 -5688.28089094
5905762204 -166.0072 -26.33648 -5527.914 461.1282 9998 33400 -5456.04056428
5905762206 -165.7863 -26.44481 -5567.575 491.8808 9998 33400 -5608.96482025
5905762212 -165.8814 -26.67625 -5753.613 667.056 9998 33400 -5626.36860802
5905762213 -165.8609 -26.56255 -5697.633 608.0612 9998 33400 -5607.54779279
5905762214 -165.8607 -26.51429 -5632.609 552.3067 9998 33400 -5616.70377786
5905762215 -165.6685 -26.67846 -5567.672 605.4909 -1 33400 -5774.33906727
5905762216 -165.6281 -26.65744 -5830.335 641.6582 -1 33400 -5866.77810587
5905762217 -165.5951 -26.62375 -5834.798 615.6505 9998 33400 -5889.49632008
5905762218 -165.5852 -26.50559 -5600.859 495.5597 9998 33400 -5698.49711382
590576311 -167.5323 -26.96579 -5489.205 335.7556 -1 33400 -5501.08110451
590576312 -167.6019 -26.81982 -5679.233 593.0101 -1 33400 -5656.76792934
590576313 -167.7426 -26.60074 -5632.574 871.469 -1 33400 -5557.28263831
590576314 -167.4759 -26.52556 -5536.65 875.9343 -1 33400 -5540.80021664
590576315 -167.2093 -26.60509 -5623.471 822.0392 -1 33400 -5620.68699706
590576317 -166.6035 -26.42579 -5636.517 805.201 -1 33400 -5614.26446873
590576318 -166.3497 -26.34526 -5455.164 620.1922 -1 33400 -5351.09911514
590576319 -166.3361 -26.37226 -5530.029 637.0942 -1 33400 -5439.94884884
590576320 -166.3343 -26.42466 -5532.429 665.9437 -1 33400 -5501.43083955
590576321 -166.329 -26.41671 -5476.254 642.0725 -1 33400 -5475.04525643
590576322 -166.366 -26.37732 -5562.277 656.071 -1 33400 -5488.47243748
590576323 -166.4115 -26.27271 -5450.833 590.8184 -1 33400 -5318.83344827
590576324 -166.6256 -26.23311 -5501.028 685.9841 -1 33400 -5554.01433318
590576325 -166.5753 -26.37421 -5659.19 777.0779 -1 33400 -5587.83722132
590576326 -166.6026 -26.23109 -5618.398 698.9322 -1 33400 -5580.21588362
590576327 -166.7717 -26.09493 -5480.161 655.0535 -1 33400 -5512.12819763
590576331 -166.7401 -26.34985 -5492.264 819.8638 -1 33400 -5515.65111927
590576332 -166.5959 -26.72949 -5559.227 647.3318 -1 33400 -5567.67660002
590576333 -166.4326 -26.87527 -5455.628 492.6771 -1 33400 -5479.93087024
590576334 -166.2209 -26.58626 -5567.323 675.9229 -1 33400 -5567.76510426
590576335 -165.8249 -26.31327 -5602.971 374.8622 -1 33400 -5586.15289911
590576336 -165.2309 -26.37177 -5276.725 275.5013 -1 33400 -5302.70630753
590576337 -165.1734 -26.40411 -5447.195 304.3128 -1 33400 -5470.43554241
590576338 -165.355 -26.64431 -5335.367 514.0725 -1 33400 -5335.69818224
590576339 -165.1516 -26.6969 -5567.761 496.1857 -1 33400 -5575.2826471
590576340 -165.1117 -26.81118 -5648.07 519.8188 -1 33400 -5640.75868671
590576341 -164.9961 -26.91 -5468.305 448.7946 -1 33400 -5462.31043971
590576342 -164.9267 -26.93935 -5466.936 396.7796 -1 33400 -5464.70616205
590576343 -164.896 -26.96892 -5620.609 415.3046 -1 33400 -5604.56039561
590576344 -164.7533 -27.16353 -5521.183 483.9488 -1 33400 -5511.16334248
590576345 -164.4088 -27.20843 -5343.962 287.9354 -1 33400 -5344.64979709
590576346 -164.4805 -26.78367 -5364.582 43.39927 -1 33400 -5347.65475347
590576347 -164.7535 -26.84375 -5332.089 189.2482 -1 33400 -5318.474444
590576348 -164.6674 -26.86673 -5280.41 147.8996 -1 33400 -5267.03798964
590576349 -164.7404 -26.78305 -5325.037 163.4398 -1 33400 -5319.82304782
590576350 -164.7224 -26.6222 -5369.297 177.4467 -1 33400 -5379.70494114
590576351 -164.4926 -26.43695 -5240.242 248.8782 -1 33400 -5244.38562988
590576352 -164.6044 -26.34938 -5160.841 272.1941 -1 33400 -5156.30056923
590576353 -164.6677 -26.30376 -5273.067 269.5486 -1 33400 -5248.48303986
590576354 -164.73 -26.31322 -5197.23 237.9818 -1 33400 -5139.05825772
590576355 -164.7206 -26.23602 -5318.272 241.5108 -1 33400 -5349.45027511
590576356 -164.7473 -26.21978 -5291.618 218.7853 -1 33400 -5352.08760468
590576357 -164.7954 -26.21185 -5383.028 215.248 -1 33400 -5381.10276589
590576358 -164.8622 -26.19817 -5336.898 194.9368 -1 33400 -5334.74602363
590576359 -164.9974 -26.45285 -5229.859 275.1847 -1 33400 -5310.6982866
590576360 -164.8214 -26.54991 -5387.546 245.0323 -1 33400 -5398.85604427
590576361 -164.8098 -26.69287 -5279.8 197.4843 -1 33400 -5304.41151716
590576362 -164.6773 -26.69722 -5382.738 123.4644 -1 33400 -5378.24798638
590576363 -164.6833 -26.72817 -5404.531 125.4246 -1 33400 -5399.36607813
590576364 -164.7947 -26.8215 -5293.419 217.2296 -1 33400 -5301.67429747
590576365 -164.5721 -26.95953 -5395.039 145.6951 -1 33400 -5392.84127833
590576366 -164.5059 -26.96876 -5394.938 129.9188 -1 33400 -5394.99250242
590576367 -164.4761 -26.93738 -5359.19 96.08949 -1 33400 -5358.08678602
590576368 -164.3495 -26.89177 -5465.115 94.09277 -1 33400 -5454.64527181
590576369 -164.0214 -26.89331 -5462.692 227.7566 -1 33400 -5459.82076153
590576370 -163.7268 -27.059 -5492.751 425.2641 -1 33400 -5508.51465139
590576371 -163.5879 -26.92226 -5487.382 387.1795 -1 33400 -5504.26447158
590576372 -163.4412 -26.8695 -5391.199 337.1031 -1 33400 -5407.21628055
590576373 -163.4688 -26.76891 -5528.512 296.0456 -1 33400 -5520.90880629
590576374 -163.5493 -26.67596 -5487.87 217.722 -1 33400 -5483.6753467
590576375 -163.528 -26.66144 -5494.463 214.5225 -1 33400 -5493.88475479
590576376 -163.6203 -26.71174 -5350.073 218.501 -1 33400 -5360.85283727
590576377 -163.6325 -26.65718 -5406.013 195.9407 -1 33400 -5433.14091444
590576378 -163.6929 -26.5533 -5393.166 199.3773 -1 33400 -5389.31007337
590576379 -163.6991 -26.46345 -5302.479 224.8615 -1 33400 -5277.12885467
590576380 -163.7638 -26.43463 -5413.853 257.6164 -1 33400 -5413.89692506
590576381 -163.7466 -26.58012 -5380.266 193.811 -1 33400 -5387.07183695
590576382 -163.6785 -26.59235 -5375.222 193.8715 -1 33400 -5374.64313155
590576383 -163.7002 -26.415 -5285.434 265.3859 -1 33400 -5309.15579073
590576384 -163.77 -26.50173 -5502.18 229.446 -1 33400 -5479.13186345
590576385 -163.7291 -26.44714 -5167.013 226.5226 -1 33400 -5191.15163527
590576386 -163.7458 -26.40033 -5277.103 260.6814 -1 33400 -5299.57637234
590576387 -163.757 -26.41268 -5312.872 270.1979 -1 33400 -5300.38734915
590576388 -163.7771 -26.40505 -5362.502 271.6742 -1 33400 -5375.70140225
590576389 -163.7077 -26.42615 -5279.128 251.2556 -1 33400 -5267.74657892
590576390 -163.6602 -26.29204 -5569.09 342.5105 -1 33400 -5568.85286733
590576391 -163.7823 -26.35665 -5597.627 317.9444 -1 33400 -5587.79609606
590576392 -163.949 -26.23975 -5555.167 381.306 -1 33400 -5549.92596152
590576393 -164.0103 -26.23048 -5579.669 386.4222 -1 33400 -5573.69049309
590576394 -164.0222 -26.19968 -5574.065 402.4098 -1 33400 -5570.69642955
590576395 -163.9544 -26.2362 -5548.389 376.7784 -1 33400 -5550.06216707
590576396 -163.9238 -26.28505 -5506.432 340.7152 -1 33400 -5506.57117001
590576397 -163.7964 -26.46753 -5545.583 227.4462 -1 33400 -5551.36094195
590576398 -163.7459 -26.64194 -5588.408 175.7557 -1 33400 -5589.65371566
590576399 -163.6748 -26.67948 -5414.821 198.2956 -1 33400 -5405.69324369
5905763100 -163.6194 -26.6544 -5454.652 200.3817 -1 33400 -5444.40183101
5905763101 -163.6362 -26.63768 -5459.792 201.7401 -1 33400 -5460.16422689
5905763102 -163.5853 -26.63981 -5499.315 204.9515 -1 33400 -5497.04315296
5905763103 -163.3997 -26.47016 -5506.551 252.1319 -1 33400 -5497.03085434
5905763104 -163.1903 -26.28031 -5625.542 371.3812 -1 33400 -5619.69961658
5905763105 -163.0532 -26.29023 -5485.701 363.0821 -1 33400 -5474.36734866
5905763106 -162.9662 -26.36528 -5460.581 327.0265 -1 33400 -5447.51110373
5905763107 -162.7982 -26.41931 -5664.786 279.7685 -1 33400 -5654.90189181
5905763108 -162.7343 -26.53843 -5568.989 200.1636 -1 33400 -5544.36840908
5905763109 -162.909 -26.83042 -5378.907 205.8835 -1 33400 -5431.33943305
5905763110 -163.2346 -26.74872 -5548.665 294.3936 -1 33400 -5566.68280331
5905763111 -163.5375 -26.84124 -5500.105 352.1651 9998 33400 -5515.69198889
5905763112 -163.4143 -26.75589 -5465.848 290.1555 -1 33400 -5478.08312971
5905763113 -163.3002 -26.5865 -5566.354 238.1354 -1 33400 -5559.44193439
5905763114 -163.1692 -26.53538 -5638.699 279.5004 9998 33400 -5616.50768612
5905763115 -163.198 -26.57138 -5659.012 269.2476 -1 33400 -5620.30775449
5905763116 -163.3315 -26.70481 -5434.092 269.8304 -1 33400 -5460.54576147
5905763117 -163.4052 -26.82864 -5432.88 336.098 -1 33400 -5482.22927485
5905763118 -163.3253 -26.70587 -5469.646 271.0249 -1 33400 -5454.76578678
5905763120 -163.115 -26.4653 -5655.861 312.7585 -1 33400 -5631.85513392
5905763121 -162.8586 -26.58263 -5632.871 237.9775 -1 33400 -5630.86327374
5905763122 -162.8902 -26.97318 -5492.205 177.5252 -1 33400 -5492.73146722
5905763123 -163.2004 -27.03533 -5485.98 301.6237 -1 33400 -5477.39812257
5905763124 -163.2113 -27.23655 -5433.49 263.3077 -1 33400 -5438.39863302
5905763125 -163.3324 -27.41438 -5484.856 272.8278 -1 33400 -5489.53105595
5905763126 -163.5604 -27.46108 -5367.799 312.8776 -1 33400 -5361.24913955
5905763127 -163.4726 -27.66218 -5446.587 105.8944 -1 33400 -5427.7491845
5905763128 -163.52 -27.54466 -5280.529 218.7824 -1 33400 -5278.18814116
5905763129 -163.508 -27.27236 -5510.968 362.3909 -1 33400 -5512.03136298
5905763130 -163.5898 -27.20724 -5498.598 402.8824 -1 33400 -5498.96634297
5905763131 -163.6667 -27.18375 -5661.56 445.0737 -1 33400 -5621.63001226
5905763132 -163.6704 -27.20997 -5508.96 419.9131 -1 33400 -5505.7344618
5905763133 -163.7345 -27.31629 -5566.826 426.561 -1 33400 -5558.69753206
5905763134 -163.6122 -27.34769 -5623.257 409.9816 -1 33400 -5606.76585564
5905763135 -163.5682 -27.20981 -5483.777 399.3955 -1 33400 -5484.50031875
5905763136 -163.5249 -27.0967 -5591.124 431.8542 -1 33400 -5592.9540992
5905763137 -163.3374 -27.08292 -5538.842 353.5804 -1 33400 -5537.16444612
5905763138 -163.1785 -27.09809 -5526.924 284.8846 -1 33400 -5518.13644478
5905763139 -163.1701 -27.1194 -5533.307 281.2774 -1 33400 -5530.43960384
5905763140 -163.1927 -27.09348 -5500.583 293.2286 -1 33400 -5507.22006155
5905763141 -163.1966 -26.95973 -5498.312 311.8502 -1 33400 -5499.80530846
5905763142 -163.3371 -26.67857 -5555.955 262.1932 -1 33400 -5534.67992761
5905763143 -163.3661 -26.49636 -5561.549 231.2031 -1 33400 -5554.43889336
5905763144 -163.4122 -26.37192 -5506.591 275.9585 -1 33400 -5505.11103158
5905763145 -163.4362 -26.33342 -5442.767 271.7196 -1 33400 -5452.7467335
5905763146 -163.4869 -26.31961 -5443.645 285.7008 -1 33400 -5444.60139295
5905763147 -163.5559 -26.15829 -5633.53 440.7589 -1 33400 -5631.48197716
5905763148 -163.4478 -26.15083 -5521.016 401.8596 -1 33400 -5532.06428092
5905763149 -163.3937 -25.94019 -5536.014 479.9049 -1 33400 -5386.90509908
5905763150 -163.2427 -25.82453 -5457.018 488.6161 -1 33400 -5555.83118243
5905763151 -163.0473 -25.92532 -5472.672 435.2223 -1 33400 -5477.4011005
5905763152 -163.0775 -26.07944 -5536.055 439.9913 -1 33400 -5524.25113278
5905763153 -163.0893 -26.15201 -5563.626 437.0926 -1 33400 -5559.80690532
5905763154 -163.1415 -26.24701 -5517.005 391.0421 -1 33400 -5518.57716175
5905763155 -163.3424 -26.1374 -5573.704 432.2199 -1 33400 -5568.66039436
5905763156 -163.3952 -25.87122 -5499.043 512.798 -1 33400 -5505.81900433
5905763157 -163.3122 -25.6502 -5480.725 604.6437 -1 33400 -5431.72966851
5905763158 -163.2645 -25.60266 -5473.478 631.5654 -1 33400 -5495.233516
5905763159 -163.1201 -25.76551 -5232.45 462.2217 -1 33400 -5259.16831976
5905763160 -162.9629 -25.91556 -5566.821 456.8515 -1 33400 -5628.92564806
5905763161 -162.9333 -25.97107 -5397.659 421.8165 -1 33400 -5406.61341432
5905763162 -162.8183 -25.90346 -5374.62 437.104 -1 33400 -5392.77964284
5905763163 -162.8497 -25.64987 -5416.1 563.0414 -1 33400 -5410.2467158
5905763164 -162.8361 -25.54025 -5393.66 621.0891 -1 33400 -5370.6748836
5905763165 -163.0743 -25.50197 -5523.018 737.2373 -1 33400 -5515.74282031
5905763166 -163.2113 -25.58958 -5468.252 634.0274 -1 33400 -5475.99022707
5905763167 -163.4997 -25.72484 -5393.297 578.9307 -1 33400 -5421.863723
5905763168 -163.6332 -25.69936 -5494.073 622.6811 -1 33400 -5490.51156311
5905763169 -163.7253 -25.65553 -5508.523 645.4942 -1 33400 -5494.81795363
5905763170 -163.7305 -25.61588 -5531.496 679.6214 -1 33400 -5568.97428865
5905763171 -163.8495 -25.43347 -5374.414 782.1088 -1 33400 -5388.51188627
5905763172 -164.1026 -25.41039 -5495.059 857.3773 9998 33400 -5579.04115028
5905763173 -164.1951 -25.22262 -5496.586 1012.456 -1 33400 -5470.2377924
5905763174 -164.1469 -25.02228 -5472.541 1092.95 -1 33400 -5473.86168831
5905763175 -164.1952 -24.88622 -5487.707 1137.552 -1 33400 -5464.12124827
5905763176 -164.3017 -24.82436 -5470.776 1136.78 -1 33400 -5483.51595966
5905763177 -164.3739 -24.72166 -5565.455 1213.719 -1 33400 -5563.25347331
5905763178 -164.3784 -24.61998 -5555.81 1233.079 -1 33400 -5542.00574813
5905763179 -164.3895 -24.60483 -5526.176 1223.123 -1 33400 -5539.65512059
5905763180 -164.3533 -24.6071 -5294.652 1118.418 -1 33400 -5301.55114458
5905763181 -164.3872 -24.59027 -5494.021 1211.897 -1 33400 -5506.50948576
5905763182 -164.3732 -24.40165 -5487.215 1127.949 -1 33400 -5468.46603186
5905763184 -164.0222 -23.86638 -5485.673 645.1611 9998 33400 -5283.57127947
5905763185 -164.0198 -23.90584 -5398.929 679.4282 9998 33400 -5279.02145195
5905763186 -163.9735 -23.95564 -5211.291 635.979 9998 33400 -5219.5757274
5905763187 -163.997 -24.02019 -5355.171 721.2662 9998 33400 -5239.23787479
5905763188 -163.8802 -24.17913 -5294.033 758.7522 9998 33400 -5341.87096147
5905763189 -163.6706 -24.2089 -5292.858 735.6029 9998 33400 -5291.61873455
5905763190 -163.5292 -24.15839 -5249.917 682.4185 9998 33400 -5253.6374575
5905763191 -163.6716 -24.07191 -5280.399 637.6669 9998 33400 -5261.87287116
5905763192 -163.6863 -23.93673 -5353.359 557.4763 9998 33400 -5267.5468669
5905763193 -163.8231 -23.88253 -5342.134 546.0029 9998 33400 -5244.65032257
5905763194 -163.9764 -24.14721 -5294.141 767.3124 9998 33400 -5289.66684961
5905763195 -163.9751 -24.31466 -5299.317 877.2585 9998 33400 -5305.86075546
5905763196 -163.9915 -24.43739 -5293.356 994.465 9998 33400 -5293.95599137
5905763197 -163.8985 -24.3102 -5308.917 859.2975 -1 33400 -5324.50502758
5905763198 -163.882 -24.24886 -5309.231 779.3719 -1 33400 -5315.00570402
5905763199 -163.793 -24.2062 -5325.922 758.7178 9998 33400 -5321.68207718
5905763200 -163.7318 -24.21915 -5336.485 752.9413 9998 33400 -5322.47849725
5905763201 -163.7214 -24.27752 -5318.818 780.4793 -1 33400 -5320.67877988
5905763202 -163.5761 -24.33013 -5390.242 849.0135 -1 33400 -5405.77465837
5905763203 -163.4756 -24.24214 -5268.895 729.2836 9998 33400 -5346.57427965
5905763204 -163.5759 -24.06398 -5199.417 601.5408 9998 33400 -5270.99080935
5905763205 -163.8026 -23.98461 -5247.943 592.4442 9998 33400 -5234.627886
5905763206 -163.8357 -24.02462 -5300.392 641.6942 9998 33400 -5348.17827895
5905763207 -163.8668 -23.98408 -5293.134 641.7935 9998 33400 -5299.53864086
5905763208 -163.9226 -24.02887 -5304.657 691.3343 9998 33400 -5298.79012986
5905763209 -163.9451 -24.05547 -5300.187 708.381 9998 33400 -5284.03818783
5905763210 -163.8652 -24.04372 -5316.093 686.6953 9998 33400 -5394.37003669
5905763211 -163.822 -24.06606 -5298.825 667.3024 9998 33400 -5335.43833967
5905763212 -163.8891 -24.12176 -5198.911 694.019 9998 33400 -5333.78393938
5905763213 -163.9538 -24.1946 -5321.854 794.1765 9998 33400 -5307.8233965
5905763214 -164.1379 -24.3625 -5271.76 948.8933 9998 33400 -5282.04449187
5905763216 -164.1979 -24.90175 -5500.682 1127.61 -1 33400 -5485.86999483
5905763217 -164.2313 -24.89768 -5479.662 1128.046 -1 33400 -5482.00485834
590576411 -168.6929 -24.65315 -5666.471 835.3774 -1 33400 -5672.00331042
590576412 -168.2431 -24.63633 -5773.52 549.7988 -1 33400 -5767.8889774
590576413 -168.0105 -24.3552 -5625.152 718.5671 -1 33400 -5628.54352627
590576416 -168.5396 -23.51687 -5671.173 1124.449 -1 33400 -5676.27341604
590576417 -168.5323 -23.59852 -5602.687 1159.547 -1 33400 -5611.91204771
590576418 -168.5639 -23.60913 -5605.007 1161.979 -1 33400 -5609.57546192
590576419 -168.5961 -23.45846 -5548.891 955.8647 -1 33400 -5555.85321614
590576420 -168.6389 -23.18883 -5706.244 634.1484 -1 33400 -5699.59700083
590576421 -168.6177 -23.08593 -5606.366 537.4397 -1 33400 -5598.86527593
590576422 -168.7674 -23.05195 -5619.354 497.021 -1 33400 -5616.55658863
590576423 -168.8491 -23.04426 -5606.284 485.5605 -1 33400 -5615.59996368
590576424 -168.9073 -23.03917 -5612.483 482.6016 -1 33400 -5621.79481025
590576425 -168.9583 -23.11555 -5646.346 547.9654 -1 33400 -5650.67960717
590576426 -169.0683 -23.23054 -5590.042 648.2886 -1 33400 -5591.75048807
590576427 -169.1217 -23.38752 -5597.343 789.2651 -1 33400 -5599.11978289
590576428 -169.1068 -23.60019 -5643.452 995.4075 -1 33400 -5631.05014695
590576429 -169.0238 -23.7348 -5570.386 1038.628 -1 33400 -5557.37038073
590576430 -168.9769 -23.74325 -5594.691 1073.746 -1 33400 -5585.57639113
590576431 -168.8916 -23.57442 -5601.437 989.464 -1 33400 -5555.7325203
590576432 -168.7714 -23.08171 -5654.395 529.4056 -1 33400 -5659.02967646
590576433 -168.404 -22.7118 -5612.702 234.6733 -1 33400 -5615.53655673
590576434 -168.0152 -22.59599 -5656.415 201.4021 -1 33400 -5646.50179582
590576435 -167.8436 -22.62928 -5673.83 212.7835 -1 33400 -5673.21628179
590576436 -167.8807 -22.64354 -5680.893 208.7894 -1 33400 -5683.71217183
590576437 -168.1137 -22.76628 -5684.913 245.6118 -1 33400 -5685.12974794
590576438 -168.4495 -22.69918 -5674.58 247.1344 -1 33400 -5660.49911539
590576439 -168.7381 -22.614 -5608.38 268.2179 -1 33400 -5608.24380489
590576440 -169.2097 -22.32618 -5530.996 361.1995 -1 33400 -5540.59636248
590576441 -169.5099 -22.25359 -5636.014 371.6049 -1 33400 -5631.74973572
590576442 -169.449 -22.26088 -5520.362 371.0612 -1 33400 -5539.04131167
590576443 -169.4068 -22.53043 -5477.635 420.5685 -1 33400 -5469.78232285
590576444 -169.3788 -22.55898 -5502.428 433.1887 -1 33400 -5510.85745031
590576445 -169.5401 -22.45533 -5688.127 482.5488 -1 33400 -5684.66917935
590576446 -169.6216 -22.34203 -5650.894 408.6006 -1 33400 -5648.64600779
590576447 -169.5442 -22.34093 -5617.776 408.854 -1 33400 -5617.72746758
590576448 -169.5533 -22.50609 -5603.286 494.4822 -1 33400 -5612.95822787
590576449 -169.4757 -22.69302 -5563.896 545.6307 -1 33400 -5614.39402085
590576450 -169.3308 -22.83175 -5579.536 553.7892 -1 33400 -5571.32622091
590576451 -169.2231 -22.81015 -5498.947 403.9743 -1 33400 -5504.35461309
590576452 -169.2492 -22.75105 -5484.338 371.6165 -1 33400 -5488.58871869
590576453 -169.2295 -22.71718 -5455.766 333.4083 -1 33400 -5454.39239679
590576454 -169.3135 -22.65489 -5507.433 401.3683 -1 33400 -5526.64776598
590576455 -169.2753 -22.82327 -5531.302 473.4358 9998 33400 -5559.62168505
590576456 -169.0864 -23.01426 -5559.419 508.4283 9998 33400 -5574.1507646
590576457 -169.0442 -23.14018 -5615.642 597.336 -1 33400 -5612.54102548
590576458 -169.1166 -23.21534 -5581.332 667.1132 -1 33400 -5587.8645329
590576459 -169.1209 -23.20232 -5587.631 666.3787 -1 33400 -5585.45198403
590576460 -169.0842 -22.9809 -5589.65 499.7057 -1 33400 -5582.1505666
590576461 -168.9771 -22.63043 -5606.147 192.4981 -1 33400 -5602.37498227
590576462 -169.0303 -22.40431 -5533.1 297.1403 -1 33400 -5699.77608938
590576463 -169.1203 -22.29835 -5605.202 354.9548 -1 33400 -5627.21382856
590576464 -168.9228 -22.25531 -5668.74 349.9706 -1 33400 -5675.34841829
590576465 -168.6897 -22.26257 -5679.098 470.9439 -1 33400 -5675.63241822
590576466 -168.2896 -22.29428 -5575.664 211.7159 -1 33400 -5564.89825025
590576467 -167.8696 -22.03122 -5545.826 100.7514 -1 33400 -5543.06727583
590576468 -167.5226 -22.07703 -5499.209 140.6815 -1 33400 -5508.52580369
590576469 -167.0353 -22.16884 -5628.685 339.1538 -1 33400 -5614.26803143
590576470 -166.8342 -22.35292 -5694.36 366.7067 -1 33400 -5671.62275491
590576471 -166.8688 -22.5742 -5603.649 250.4876 -1 33400 -5631.3983824
590576472 -166.9216 -22.7548 -5765.837 180.1122 -1 33400 -5761.80479963
590576473 -167.1898 -22.96713 -5686.677 301.1867 -1 33400 -5688.42264471
590576474 -167.5544 -22.95837 -5681.066 338.0808 -1 33400 -5691.01199255
590576475 -167.6705 -23.03091 -5713.37 469.8773 -1 33400 -5723.87098435
590576477 -167.717 -22.93004 -5709.924 317.0991 -1 33400 -5712.84679378
590576478 -167.7331 -22.93326 -5715.053 326.6215 -1 33400 -5711.90811613
590576479 -167.7849 -22.91656 -5702.67 305.0485 -1 33400 -5720.16820678
590576480 -167.8409 -22.79643 -5415.226 212.9106 -1 33400 -5435.59676548
590576481 -167.9007 -22.75553 -5645.9 219.8376 -1 33400 -5639.06144721
590576482 -167.9115 -22.67138 -5710.699 214.2144 -1 33400 -5715.14799107
590576483 -167.7434 -22.57361 -5631.345 208.9062 -1 33400 -5625.38395203
590576484 -167.616 -22.56625 -5683.341 214.0406 -1 33400 -5674.62976698
590576485 -167.5224 -22.66945 -5607.682 184.0567 -1 33400 -5607.02699188
590576486 -167.5593 -22.83424 -5663.686 212.5075 -1 33400 -5664.60419854
590576487 -167.7475 -22.88903 -5708.778 282.7454 -1 33400 -5731.59410968
590576488 -167.836 -22.76543 -5665.454 224.7904 -1 33400 -5665.667266
590576489 -167.8662 -22.64671 -5690.185 210.5513 -1 33400 -5687.01372016
590576490 -167.828 -22.47614 -5635.061 188.125 -1 33400 -5640.91299105
590576491 -167.7716 -22.44319 -5650.082 178.8131 -1 33400 -5651.26035936
590576492 -167.663 -22.50888 -5650.638 206.2171 -1 33400 -5650.50849555
590576493 -167.5662 -22.59992 -5778.96 215.0303 9998 33400 -5807.5269076
590576494 -167.5434 -22.62641 -5652.822 198.6416 -1 33400 -5668.14643983
590576495 -167.4976 -22.57819 -5624.759 198.3689 -1 33400 -5610.57335753
590576496 -167.3934 -22.50202 -5701.082 214.7739 -1 33400 -5695.01293194
590576497 -167.1274 -22.52347 -5618.775 223.1553 -1 33400 -5623.82991136
590576498 -166.8833 -22.70266 -5732.95 204.5566 -1 33400 -5730.15743283
5905764100 -166.9503 -22.98741 -5632.451 310.9491 -1 33400 -5630.47274684
5905764101 -167.0938 -23.04198 -5703.009 370.3461 -1 33400 -5703.12884187
5905764102 -167.1456 -23.03584 -5729.146 383.7336 -1 33400 -5723.45860224
5905764103 -167.334 -23.05597 -5673.865 413.5374 -1 33400 -5675.85891903
5905764104 -167.6073 -23.01654 -5763.124 441.8303 -1 33400 -5763.99544958
5905764105 -167.748 -22.89136 -5718.167 280.887 -1 33400 -5729.85051771
5905764106 -167.8146 -22.70685 -5659.763 214.3423 -1 33400 -5660.21375956
5905764107 -167.7179 -22.60094 -5588.143 209.5693 -1 33400 -5601.23412126
5905764108 -167.5946 -22.55818 -5611.112 209.0233 -1 33400 -5643.11453001
5905764109 -167.5094 -22.54835 -5568.5 198.9312 -1 33400 -5653.61748379
5905764110 -167.4762 -22.55648 -5575.181 197.2232 -1 33400 -5570.70067692
5905764111 -167.5373 -22.51492 -5569.094 200.7562 -1 33400 -5617.84386697
5905764112 -167.5106 -22.43432 -5647.18 197.1431 -1 33400 -5657.89946954
5905764113 -167.4007 -22.42698 -5546.168 198.322 -1 33400 -5530.74012397
5905764114 -167.2157 -22.45867 -5544.607 219.0628 -1 33400 -5554.6087194
5905764115 -167.0832 -22.48312 -5612.302 243.3405 -1 33400 -5609.75254046
5905764116 -166.9077 -22.62067 -5707.33 225.0961 -1 33400 -5711.12933406
5905764117 -166.9698 -22.87067 -5764.729 237.4713 -1 33400 -5749.21527598
5905764118 -167.2667 -23.00873 -5643.675 331.5292 -1 33400 -5650.56050609
5905764119 -167.5144 -23.14263 -5638.493 609.7114 -1 33400 -5648.45417493
5905764120 -167.5953 -23.16069 -5667.048 695.3022 -1 33400 -5680.46639556
5905764122 -167.7786 -22.84093 -5658.067 239.598 -1 33400 -5655.63691519
5905764123 -167.7374 -22.60682 -5617.292 212.1926 -1 33400 -5606.51994813
5905764124 -167.6233 -22.42701 -5633.143 193.3684 -1 33400 -5634.63169509
5905764125 -167.4182 -22.38844 -5696.283 204.5012 -1 33400 -5628.344489
5905764126 -167.227 -22.54812 -5633 212.5461 -1 33400 -5632.1438459
5905764128 -167.0365 -22.89332 -5727.651 245.6272 -1 33400 -5725.30343091
5905764129 -167.0788 -23.0282 -5689.074 358.6363 -1 33400 -5690.90411726
5905764130 -167.0697 -23.06324 -5644.236 384.0847 -1 33400 -5649.52274799
5905764131 -167.0624 -23.10051 -5716.441 438.3388 -1 33400 -5707.1986961
5905764132 -166.9642 -23.09988 -5710.054 419.2652 -1 33400 -5707.53133505
5905764133 -166.9437 -23.15627 -5659.885 461.0726 -1 33400 -5661.96141293
5905764134 -166.9101 -23.20868 -5698.203 516.6572 -1 33400 -5696.79797359
5905764135 -166.9461 -23.28354 -5685.203 609.9184 -1 33400 -5659.36879103
5905764136 -166.9364 -23.41204 -5664.243 732.4309 -1 33400 -5652.48866169
5905764137 -166.7959 -23.53868 -5665.742 848.5363 -1 33400 -5656.63094758
5905764138 -166.7507 -23.61608 -5669.198 908.5755 -1 33400 -5674.61921482
5905764139 -166.5053 -23.64938 -5710.037 922.9882 -1 33400 -5714.1083819
5905764140 -166.3871 -23.71545 -5597.219 934.2335 -1 33400 -5475.8480917
5905764142 -166.0049 -23.9325 -5721.25 1148.145 -1 33400 -5740.97612222
5905764145 -166.5065 -24.48106 -5751.712 715.4675 -1 33400 -5746.12527421
5905764146 -166.742 -24.3702 -5755.047 720.9023 -1 33400 -5753.37667373
5905764147 -166.9348 -24.30906 -5783.133 821.098 -1 33400 -5769.01142117
5905764153 -167.18 -23.87789 -5722.434 1277.84 -1 33400 -5721.62610528
5905764155 -167.1855 -23.87243 -5718.951 1273.639 -1 33400 -5720.22146426
5905764157 -167.3474 -23.82181 -5751.587 1374.111 -1 33400 -5747.69931129
5905764159 -167.5562 -23.71843 -5698.781 1417.166 -1 33400 -5701.97369192
5905764160 -167.8607 -23.69172 -5655.712 1398.835 -1 33400 -5652.43220482
5905764161 -168.2403 -23.69506 -5768.185 1454.9 -1 33400 -5734.13051552
5905764162 -168.4537 -23.60111 -5556.779 1239.512 -1 33400 -5539.4251266
5905764163 -168.7465 -23.58387 -5615.862 1077.749 -1 33400 -5574.01073915
5905764164 -168.9457 -23.68732 -5562.849 1056.36 -1 33400 -5522.29903203
5905764165 -169.1089 -23.9404 -5600.62 1011.546 -1 33400 -5598.48994189
5905764166 -169.0083 -24.28118 -5742.018 867.7806 9998 33400 -5736.28281361
5905764167 -168.6728 -24.63439 -5681.871 840.8759 -1 33400 -5682.52186036
5905764168 -168.2056 -24.61574 -5734.82 531.6754 -1 33400 -5736.64390645
5905764169 -168.0912 -24.19055 -5677.591 971.1124 -1 33400 -5675.68830754
5905764170 -168.4419 -23.66955 -5593.847 1266.476 -1 33400 -5576.84720792
5905764171 -168.5206 -22.99938 -5610.852 474.3698 -1 33400 -5629.27490525
5905764172 -168.2341 -22.46322 -5563.883 141.1544 -1 33400 -5576.37504263
5905764173 -167.7207 -22.42566 -5633.045 176.0959 -1 33400 -5632.33979333
5905764174 -167.632 -22.38837 -5632.188 171.4632 -1 33400 -5624.44651511
5905764175 -167.7231 -22.4117 -5639.636 167.4179 -1 33400 -5641.80200052
5905764176 -167.699 -22.36086 -5607.503 153.0145 -1 33400 -5681.54132944
5905764177 -167.692 -22.26879 -5515.613 117.8557 9998 33400 -5541.22900326
5905764178 -167.7495 -22.22409 -5600.484 92.152 -1 33400 -5579.09524286
5905764179 -167.6425 -22.25331 -5584.396 132.5449 9998 33400 -5485.88625369
5905764180 -167.487 -22.29175 -5606.561 177.0525 -1 33400 -5604.54922933
5905764181 -167.3022 -22.44354 -5610.282 220.4712 9998 33400 -5608.98370432
5905764183 -167.0216 -22.63575 -5747.009 219.8832 9998 33400 -5703.32424205
5905764184 -166.8626 -22.63636 -5636.358 228.2917 9998 33400 -5720.48270481
5905764185 -166.7614 -22.65251 -5593.645 240.7562 9998 33400 -5653.34336618
5905764186 -166.7548 -22.70035 -5610.285 233.9608 9998 33400 -5631.79080069
5905764187 -166.7891 -22.99444 -5601.46 306.7177 9998 33400 -5613.30497312
5905764188 -166.7828 -23.36254 -5670.07 663.0574 9998 33400 -5652.98577733
5905764189 -166.7491 -23.64038 -5632.205 958.86 9998 33400 -5661.32518633
5905764191 -166.4865 -23.60324 -5677.142 887.5732 9998 33400 -5690.43066657
5905764192 -166.3921 -23.37605 -5753.695 762.7949 -1 33400 -5629.54934641
5905764193 -166.3215 -23.36254 -5400 662.4009 -1 33400 -5692.45259121
5905764194 -166.059 -23.60277 -5781.961 964.3761 -1 33400 -5768.76717549
5905764195 -166.1711 -23.73481 -5701.582 1060.27 9998 33400 -5666.30683084
5905764196 -166.2092 -23.79409 -5749.565 1148.016 9998 33400 -5771.29944058
5905764198 -166.206 -23.6445 -5740.72 992.7714 9998 33400 -5772.01610454
5905764199 -166.2079 -23.41596 -5741.389 800.5351 -1 33400 -5823.08549418
5905764200 -165.9831 -23.01386 -5664.781 656.7027 9998 33400 -5578.31750628
5905764201 -165.8676 -22.90535 -5631.416 629.6259 9998 33400 -5141.13228812
5905764202 -165.7609 -22.8246 -5593.292 593.1734 9998 33400 -5491.38831525
5905764203 -165.7116 -22.86714 -5612.741 595.3622 9998 33400 -5504.47182457
5905764204 -165.7592 -22.8977 -5642.264 644.902 9998 33400 -5666.95316834
5905764205 -165.8067 -22.95572 -5664.705 694.968 9998 33400 -5671.57379734
5905764206 -165.8413 -22.92275 -5675.561 664.4864 9998 33400 -5502.28374799
5905764207 -165.7527 -22.81648 -5563.657 572.6328 9998 33400 -5486.46927134
5905764208 -165.6596 -22.75523 -5499.355 533.8622 9998 33400 -5413.79859783
5905764209 -165.6026 -22.72624 -5348.655 509.6299 9998 33400 -5439.98319547
5905764210 -165.5895 -22.63924 -5369.239 512.168 9998 33400 -5380.84205685
5905764211 -165.8225 -22.63972 -5582.317 610.5005 9998 33400 -5575.46790533
5905764212 -165.9919 -22.77976 -5651.022 578.0771 9998 33400 -5582.95380198
5905764213 -165.9709 -22.67556 -5470.219 567.7573 9998 33400 -5538.16111949
5905764214 -165.7877 -22.70093 -5518.654 567.4169 9998 33400 -5377.44483407
59057658 -166.8296 -18.08312 -4810.802 590.1512 -1 33400 -4869.94186362
59057659 -166.7965 -18.06802 -4491.646 518.123 -1 33400 -4568.0852954
590576510 -166.7756 -18.05183 -4420.091 493.7567 -1 33400 -4439.59962922
590576514 -166.7587 -17.92816 -5391.988 541.5075 -1 33400 -5396.95451617
590576515 -166.8976 -17.99253 -5344.163 583.4212 -1 33400 -5348.83473503
590576516 -167.0338 -18.00947 -5439.665 610.8727 -1 33400 -5437.099157
590576517 -167.1373 -18.12859 -5466.771 691.2129 -1 33400 -5473.80584794
590576518 -167.1629 -18.21254 -5469.653 715.4699 -1 33400 -5446.90986142
590576519 -167.0826 -18.28196 -5467.016 736.999 -1 33400 -5463.58342907
590576521 -166.8529 -18.22552 -5356.8 671.2545 9998 33400 -5381.73076162
590576522 -166.8592 -18.22433 -5363.006 702.0825 -1 33400 -5378.73741499
590576523 -166.7979 -18.19098 -4968.68 574.3843 9998 33400 -5306.24687905
590576524 -166.7602 -18.15823 -4964.025 556.37 -1 33400 -4921.27334823
590576525 -166.7313 -18.16388 -5244.299 634.7058 -1 33400 -5209.46592474
590576526 -166.6874 -18.11524 -4979.774 575.1754 -1 33400 -5019.00479251
590576527 -166.6739 -18.06229 -5126.415 581.3561 -1 33400 -5132.90517856
590576528 -166.6795 -18.02343 -5158.361 549.7357 -1 33400 -5126.42689628
590576529 -166.7617 -18.00017 -5207.958 579.6569 -1 33400 -5246.75816793
590576530 -166.8514 -17.96854 -5390.134 594.3864 -1 33400 -5408.35753485
590576531 -167.0114 -17.99984 -5435.208 623.6497 -1 33400 -5430.99433148
590576533 -167.111 -18.08541 -5485.685 696.7147 -1 33400 -5462.22116112
590576534 -167.1268 -18.20679 -5481.384 710.2409 -1 33400 -5467.09312001
590576535 -167.0378 -18.20794 -5444.84 691.5385 9998 33400 -5387.95770712
590576536 -167.0196 -18.15206 -5420.331 671.1946 -1 33400 -5393.41174775
590576537 -167.0164 -18.14741 -5409.086 681.0124 -1 33400 -5395.80702743
590576538 -166.9914 -18.15576 -5383.195 662.3795 -1 33400 -5373.26178936
590576540 -166.9744 -18.19465 -5399.667 691.9556 -1 33400 -5394.42958841
590576541 -166.9889 -18.18296 -5417.995 685.1819 -1 33400 -5396.53324143
590576542 -166.9559 -18.21661 -5434.659 691.8826 -1 33400 -5415.82535092
590576543 -166.9681 -18.212 -5432.722 701.2367 -1 33400 -5416.5688128
590576544 -166.8588 -18.24818 -5457.527 722.9913 -1 33400 -5476.52874595
590576545 -166.9196 -18.16409 -5362.441 670.8249 -1 33400 -5365.55555602
590576546 -166.9747 -18.25783 -5410.992 713.554 -1 33400 -5412.43208068
590576547 -166.8907 -18.29029 -5429.985 741.8406 -1 33400 -5487.47290779
590576548 -166.781 -18.4004 -5483.36 780.0288 -1 33400 -5497.43340253
590576549 -166.5669 -18.43992 -5460.765 803.4276 -1 33400 -5464.05645559
590576550 -166.4923 -18.38128 -5422.396 797.0761 -1 33400 -5424.23756959
590576551 -166.4138 -18.3467 -5345.515 749.0974 -1 33400 -5270.29720257
590576552 -166.4081 -18.30428 -5390.328 750.5015 -1 33400 -5318.0946131
590576553 -166.4909 -18.26141 -5455.875 734.0828 -1 33400 -5474.51352964
590576554 -166.5297 -18.28222 -5452.573 746.0815 -1 33400 -5465.43337891
590576555 -166.5406 -18.27766 -5445.983 725.1974 -1 33400 -5451.81980274
590576556 -166.5663 -18.25849 -5420.784 727.804 -1 33400 -5421.70784581
590576557 -166.6279 -18.29264 -5454.703 738.135 -1 33400 -5452.21162059
590576558 -166.6081 -18.22258 -5480.312 734.1774 -1 33400 -5507.25658724
590576559 -166.6446 -18.30172 -5460.516 744.6748 -1 33400 -5461.99023983
590576560 -166.6256 -18.40322 -5431.598 774.4694 -1 33400 -5429.88729145
590576562 -166.7477 -18.52998 -5478.476 807.2997 -1 33400 -5411.81645716
590576563 -166.8283 -18.52569 -5430.591 782.5216 -1 33400 -5417.98851689
590576564 -166.901 -18.5776 -5392.281 732.825 -1 33400 -5405.98792311
590576565 -166.924 -18.56062 -5492.713 782.36 -1 33400 -5548.47998573
590576566 -166.9532 -18.67611 -5196.121 635.5717 -1 33400 -5190.4008023
590576567 -167.1373 -18.68042 -5111.388 603.4363 -1 33400 -5166.39409186
590576568 -167.165 -18.66503 -4936.006 570.0908 -1 33400 -5129.09411407
590576569 -167.2276 -18.61825 -5134.702 627.1199 -1 33400 -5141.3631899
590576570 -167.1081 -18.65381 -5226.013 634.1022 -1 33400 -5246.70417912
590576571 -167.3927 -18.66123 -5344.839 719.8 -1 33400 -5387.41091303
590576572 -167.3654 -18.85996 -5063.085 498.9655 -1 33400 -5099.75332245
590576573 -167.3172 -18.90463 -5047.828 428.4154 -1 33400 -5048.83285574
590576574 -167.2541 -18.8795 -5113.952 460.0723 -1 33400 -5137.38219882
590576576 -167.1547 -18.78992 -5095.824 520.5118 -1 33400 -5061.18686767
590576577 -167.1401 -18.70192 -5080.995 595.4064 -1 33400 -5009.21165135
590576578 -167.1471 -18.67697 -5104.011 621.1588 -1 33400 -5162.98857017
590576580 -166.8557 -18.90215 -5196.248 550.3843 -1 33400 -5207.41531563
590576586 -168.0639 -18.06739 -5281.871 1880.149 -1 33400 -5281.65744716
590576587 -168.3041 -17.86835 -5064.72 1975.935 -1 33400 -5067.96737967
590576589 -168.8862 -17.35701 -5143.401 787.6603 -1 33400 -5164.68091764
590576590 -169.1103 -17.15239 -5199.945 655.0692 -1 33400 -5204.89408885
590576591 -169.3123 -16.90068 -5237.47 573.9148 -1 33400 -5146.38668883
590576592 -169.589 -16.7065 -5222.577 518.7825 -1 33400 -5172.52127749
590576593 -169.8752 -16.42704 -5281.45 481.9849 -1 33400 -5231.40496463
590576594 -169.7963 -16.22472 -5250.843 587.0613 -1 33400 -5254.1880585
590576595 -169.5418 -15.97506 -5225.193 767.4527 -1 33400 -5220.74156899
590576596 -169.453 -15.70127 -5209.347 1045.838 -1 33400 -5200.59733441
590576597 -169.3611 -15.51187 -5191.633 1160.754 -1 33400 -5231.36189455
590576598 -169.159 -15.45551 -5193.976 1090.872 -1 33400 -5197.36185575
590576599 -168.992 -15.38934 -5183.607 1078.664 -1 33400 -5191.36864052
5905765100 -168.9174 -15.34651 -5175.756 1059.543 -1 33400 -5171.00137296
5905765101 -168.8595 -15.21995 -5156.954 1043.818 -1 33400 -5166.59966624
5905765102 -168.694 -14.96514 -5103.23 944.6561 -1 33400 -5100.13676443
5905765103 -168.601 -14.78132 -5077.151 989.1981 -1 33400 -5081.55382057
5905765104 -168.7372 -14.57853 -4920.311 776.4527 -1 33400 -4940.38259468
5905765105 -168.7623 -14.43777 -4899.155 700.3914 -1 33400 -4913.38038375
5905765106 -168.77 -14.43343 -4900.808 670.2245 -1 33400 -4916.02187789
5905765107 -168.7409 -14.39385 -4856.106 699.8261 -1 33400 -4872.78846662
5905765108 -168.7114 -14.248 -5073.776 842.1408 -1 33400 -5090.18930979
5905765109 -169.0643 -13.52773 -5089.762 1264.344 -1 33400 -5090.67472024
5905765110 -169.4942 -13.16581 -5036.227 1082.444 -1 33400 -5044.86553364
5905765111 -169.5651 -12.93746 -5051.718 906.2764 -1 33400 -5017.87260874
5905765112 -169.6311 -12.75921 -4985.502 783.7198 -1 33400 -4983.91123493
5905765113 -169.7459 -12.47462 -5058.998 762.6956 -1 33400 -5082.25098332
5905765114 -169.8055 -12.14797 -5086.741 730.3466 -1 33400 -5071.51935059
5905765115 -169.8947 -12.10233 -5050.036 680.8045 -1 33400 -5058.22973254
5905765116 -170.1745 -12.03041 -5108.905 702.3073 -1 33400 -5118.03704247
5905765117 -170.4877 -11.90742 -5041.623 727.5471 -1 33400 -5039.58293275
5905765118 -170.5383 -11.78602 -5041.063 704.2945 -1 33400 -5056.67998898
5905765119 -170.4632 -11.60441 -5035.365 670.8427 -1 33400 -5039.4517125
5905765120 -170.7463 -11.24365 -5008.812 374.603 -1 33400 -4977.70790289
5905765121 -170.617 -10.57591 -5119.365 560.7451 -1 33400 -5119.96764754
5905765122 -169.9695 -9.98809 -5007.758 310.4444 -1 33400 -5023.18332931
5905765123 -169.4199 -9.30418 -4984.932 358.4464 -1 33400 -5007.39604363
5905765124 -169.8529 -8.76599 -4722.982 898.8132 -1 33400 -4681.18227549
5905765125 -169.9185 -8.78777 -4922.126 985.6417 -1 33400 -4921.26710604
5905765126 -169.9773 -8.68559 -5036.319 1094.192 -1 33400 -5044.71007893
5905765127 -169.8875 -8.46891 -5070.446 1332.464 9998 33400 -5254.81050857
5905765131 -169.6533 -7.53013 -4999.646 2273.18 -1 33400 -5073.81599459
5905765133 -168.8949 -7.71196 -4955.408 1932.344 -1 33400 -5086.577775
5905765134 -168.8218 -7.87575 -4976.865 2052.564 -1 33400 -4860.41691658
5905765136 -168.7041 -8.21706 -4837.137 1278.055 -1 33400 -4734.88657394
5905765137 -168.8537 -7.95157 -5094.895 2083.434 -1 33400 -5102.76810166
5905765139 -168.8339 -8.06005 -4726.281 1607.192 -1 33400 -4718.84966136
5905765140 -169.0151 -8.05198 -5055.25 1864.836 -1 33400 -4989.41201634
5905765141 -169.0728 -7.98115 -5165.977 2109.699 -1 33400 -5086.20844081
5905765142 -169.1726 -7.87311 -5039.05 2143.608 -1 33400 -5078.11325412
5905765144 -168.9214 -7.9712 -4875.086 1832.192 -1 33400 -4882.27128351
5905765145 -168.9299 -8.02019 -4820.145 1716.454 -1 33400 -4714.048984
5905765146 -169.0322 -8.06861 -4979.076 1839.4 -1 33400 -4895.90158118
5905765147 -169.0295 -8.00191 -4958.773 2058.757 -1 33400 -4975.50650069
5905765148 -168.9424 -7.64024 -5143.978 2162.333 -1 33400 -5142.4814079
5905765168 -168.6698 -6.67143 -5429.22 2786.687 -1 33400 -5424.8896376
5905765169 -168.759 -6.76134 -5456.752 2751.68 -1 33400 -5489.81238667
5905765170 -168.6145 -6.86475 -5230.868 2595.961 -1 33400 -5239.1242416
5905765171 -168.3567 -6.84863 -5294.443 2759.186 -1 33400 -5248.93144541
5905765172 -168.3595 -6.86946 -5264.938 2694.19 -1 33400 -5236.02348064
5905765173 -168.3561 -6.99289 -5262.206 2693.402 -1 33400 -5267.14720974
5905765174 -168.4242 -7.06471 -5214.537 2493.234 -1 33400 -5201.40069165
5905765175 -168.6131 -7.16805 -5637.104 2935.744 -1 33400 -5654.35257362
5905765176 -168.9242 -7.1615 -5656.387 2842.057 -1 33400 -5671.26165418
5905765177 -169.1225 -7.1145 -5256.076 2434.942 -1 33400 -5129.56963405
5905765180 -169.4328 -6.66898 -5569.81 2863.075 -1 33400 -5522.15432199
5905765181 -169.5978 -6.40742 -5514.972 2929.794 -1 33400 -5506.38920221
5905765182 -169.7808 -5.90804 -5613.8 2700.689 -1 33400 -5586.24183231
5905765183 -169.4467 -5.52692 -5488.012 2535.717 -1 33400 -5517.6104895
5905765184 -169.0439 -5.42467 -5689.817 3006.485 9998 33400 -5927.10110217
5905765185 -168.9547 -5.52891 -5680.603 2908.459 9998 33400 -6119.07069663
5905765187 -169.1629 -5.73089 -5671.281 2887.237 9998 33400 -5804.19851502
5905765188 -169.2457 -5.75399 -5642.792 2769.624 9998 33400 -5832.68463118
5905765189 -169.3589 -5.77328 -5603.735 2781.187 9998 33400 -5575.71536136
5905765190 -169.3747 -5.58242 -5466.577 2563.957 -1 33400 -5460.79701757
5905765191 -169.1356 -5.31274 -5526.428 2776.203 9998 33400 -5351.05005995
5905765192 -168.9233 -5.15967 -5674.341 3397.181 9998 33400 -5686.91627931
5905765193 -168.9909 -5.02021 -5650.131 3597.635 9998 33400 -5583.35102689
5905765194 -169.0243 -5.12802 -5603.604 3343.905 9998 33400 -5579.87286051
5905765195 -169.0392 -5.15659 -5608.157 3405.629 9998 33400 -5487.34370557
5905765197 -168.9483 -4.88743 -5501.839 3791.73 9998 33400 -5491.14585101
5905765199 -168.6073 -4.57148 -5654.335 4671.314 -1 33400 -5673.13897755
5905765200 -168.6076 -4.41434 -5544.247 4738.436 -1 33400 -5569.67428525
5905765201 -168.6208 -4.18465 -5325.357 4766.011 -1 33400 -5371.7626176
5905765322 -176.8021 -2.67717 -5566.458 6655.487 9998 33400 -5813.35912452
5905765325 -176.2879 -2.92628 -5609.966 6615.915 9998 33400 -5518.99495173
5905765326 -176.5281 -2.92199 -5676.25 6828.721 9998 33400 -5886.26905878
590576610 -159.382 -17.03499 -5180.565 461.0477 9998 33400 -5217.56187942
590576611 -159.4053 -17.04986 -5158.432 453.3665 -1 33400 -5221.44084458
590576612 -159.3763 -17.07595 -5146.194 432.7044 -1 33400 -5160.60765519
590576613 -159.3178 -17.16336 -5068.406 391.7374 -1 33400 -5071.06913553
590576615 -159.5064 -17.3068 -5077.496 363.2933 9998 33400 -5109.15491416
590576616 -159.6441 -17.22464 -5130.818 383.0825 -1 33400 -5150.4171357
590576617 -159.6645 -17.2709 -5102.652 369.3805 -1 33400 -5108.90113314
590576618 -159.7237 -17.26588 -5107.313 370.4541 -1 33400 -5131.95416733
590576619 -159.7513 -17.20723 -5062.47 380.378 -1 33400 -5115.428104
590576620 -159.8763 -16.94627 -5133.998 542.4423 -1 33400 -5127.55470804
590576621 -159.946 -16.66927 -5176.877 753.2587 9998 33400 -5222.75407359
590576622 -159.9648 -16.40144 -5070.253 840.2504 -1 33400 -5136.90037544
590576623 -159.9497 -16.16414 -5143.908 853.2961 -1 33400 -5156.93462677
590576624 -160.0081 -15.97884 -5064.436 789.175 -1 33400 -5075.33989786
590576625 -160.246 -15.83247 -5020.864 783.4418 -1 33400 -5022.86697313
590576626 -160.2463 -15.43706 -4997.258 688.671 -1 33400 -4993.97417331
590576627 -160.0326 -15.2743 -5079.463 688.1491 -1 33400 -5064.75061486
590576628 -159.9816 -15.12946 -5004.519 707.1846 -1 33400 -5005.74906499
590576629 -160.1369 -14.85599 -5145.101 967.4222 -1 33400 -5145.34069626
590576630 -160.2881 -14.84487 -5139.667 933.1378 -1 33400 -5132.18610902
590576631 -160.23 -14.68481 -5288.292 1107.98 -1 33400 -5280.23819202
590576633 -160.0076 -14.59476 -5146.327 1176.905 -1 33400 -5167.70017218
590576634 -159.9255 -14.60711 -5089.428 1161.115 9998 33400 -4979.93721008
590576635 -159.8407 -14.63239 -5055.723 1143.271 -1 33400 -5012.32697669
590576636 -159.8026 -14.73755 -5227.827 1120.701 -1 33400 -5222.34682972
590576637 -159.779 -14.86471 -5201.883 954.1664 -1 33400 -5194.78029583
590576638 -159.7184 -14.72677 -5218.998 1051.915 -1 33400 -5211.21340815
590576639 -159.691 -14.42132 -5159.666 1264.174 -1 33400 -5266.78751805
590576640 -159.7327 -14.35255 -5200.451 1359.843 -1 33400 -4997.91453035
590576641 -159.725 -14.23868 -5220.082 1401.961 -1 33400 -5245.31994675
590576642 -159.7474 -14.22917 -5225.228 1371.098 -1 33400 -5225.50335265
590576643 -159.6982 -14.25788 -5168.44 1347.321 -1 33400 -5187.23961035
590576644 -159.7398 -14.37086 -4931.628 1225.229 -1 33400 -4951.83433618
590576645 -159.8018 -14.45076 -5219.645 1306.706 -1 33400 -5231.29798812
590576646 -159.8277 -14.48035 -5199.838 1288.826 -1 33400 -5204.53452825
590576647 -159.8358 -14.47533 -5195.861 1272.558 -1 33400 -5204.55335578
590576648 -159.8541 -14.42826 -5204.218 1328.723 -1 33400 -5200.47314084
590576649 -159.879 -14.44344 -5144.128 1299.055 -1 33400 -5157.6402926
590576650 -159.7966 -14.41582 -5216.547 1331.806 -1 33400 -5216.09622021
590576651 -159.8258 -14.32569 -5153.087 1346.534 -1 33400 -5159.56164078
590576652 -159.7844 -14.26257 -5164.167 1366.48 -1 33400 -5183.07282319
590576653 -159.7393 -14.16698 -5162.927 1345.849 -1 33400 -5183.70274321
590576654 -159.8054 -14.19673 -5203.883 1325.691 -1 33400 -5181.56551376
590576655 -159.8967 -14.33788 -5152.501 1321.791 -1 33400 -5155.8826739
590576656 -159.8782 -14.49605 -5238.267 1295.142 -1 33400 -5224.87966603
590576657 -159.6865 -14.54986 -5247.28 1307.158 -1 33400 -5240.52837817
590576658 -159.5648 -14.53685 -5043.021 1174.767 -1 33400 -5088.09206634
590576659 -159.4944 -14.52014 -5183.426 1262.773 -1 33400 -5245.68904928
590576660 -159.5003 -14.49469 -5145.378 1263.048 -1 33400 -5164.72555428
590576661 -159.586 -14.50403 -5125.862 1267.761 -1 33400 -5132.73567526
590576662 -159.5016 -14.40158 -5169.476 1333.5 -1 33400 -5212.62119984
590576663 -159.5536 -14.36329 -5149.68 1346.617 -1 33400 -5184.00464137
590576664 -159.5651 -14.45059 -5250.213 1352.601 -1 33400 -5262.65155645
590576665 -159.5183 -14.51024 -5148.385 1240.569 -1 33400 -5182.61264961
590576666 -159.5229 -14.5128 -5160.227 1248.622 -1 33400 -5193.7895961
590576667 -159.5051 -14.47572 -5129.558 1270.389 -1 33400 -5145.42082055
590576668 -159.4574 -14.41285 -5148.213 1334.279 -1 33400 -5186.72573804
590576669 -159.4877 -14.36706 -5137.35 1286.972 -1 33400 -5143.89872798
590576670 -159.5769 -14.41312 -5189.566 1338.025 -1 33400 -5215.0865258
590576671 -159.5888 -14.28379 -5168.24 1398.679 -1 33400 -5222.53513678
590576672 -159.5629 -14.18053 -5161.565 1382.688 -1 33400 -5216.53908773
590576673 -159.5755 -14.16431 -5117.977 1386.663 -1 33400 -5140.85474914
590576674 -159.5901 -14.1576 -5152.736 1370.611 -1 33400 -5127.96987556
590576675 -159.5813 -14.12189 -5150.221 1340.612 -1 33400 -5192.50520565
590576676 -159.5103 -14.1114 -5107.114 1324.437 -1 33400 -5107.05974846
590576677 -159.51 -14.17572 -5114.576 1377.01 -1 33400 -5105.93576682
590576678 -159.4906 -14.15837 -5056.509 1320.527 -1 33400 -5008.08853272
590576679 -159.4978 -14.09507 -5060.02 1334.94 -1 33400 -5049.14363259
590576680 -159.5739 -13.96994 -5138.798 1325.999 -1 33400 -5160.82494015
590576681 -159.6302 -13.93584 -5133.855 1278.922 -1 33400 -5109.53363833
590576682 -159.5867 -13.96045 -5126.858 1303.503 -1 33400 -5146.75637374
590576683 -159.524 -13.91614 -5157.45 1277.828 -1 33400 -5204.88651608
590576684 -159.5563 -13.79134 -5149.032 1165.535 -1 33400 -5146.39679979
590576685 -159.6709 -13.70078 -5170.409 1063.581 -1 33400 -5180.68292572
590576686 -159.7141 -13.5947 -5217.703 998.897 9998 33400 -5210.64621767
590576687 -159.755 -13.59275 -5195.768 981.7264 -1 33400 -5202.19985482
590576688 -159.7824 -13.61132 -5219.543 1006.674 -1 33400 -5215.31428896
590576689 -159.8945 -13.54504 -5162.969 958.5504 -1 33400 -5160.66315498
590576690 -159.9351 -13.43505 -5230.84 960.0511 -1 33400 -5220.19499644
590576691 -159.95 -13.53245 -5194.422 980.2266 9998 33400 -5194.29153955
590576692 -159.9584 -13.53473 -5195.975 960.8754 -1 33400 -5195.38463397
590576711 -158.0124 -12.13952 -5274.004 1313.6 -1 33400 -5287.52279211
590576712 -158.22 -12.1786 -5247.795 1223.092 -1 33400 -5277.65928143
590576713 -158.305 -12.15725 -5167.429 1164.761 -1 33400 -5186.96460064
590576714 -158.3441 -12.14671 -5203.154 1167.191 -1 33400 -5222.10625425
590576715 -158.4916 -12.05793 -5188.223 1172.618 -1 33400 -5211.76038025
590576718 -158.5408 -11.89876 -5296.758 1163.04 -1 33400 -5323.25395484
590576725 -157.8349 -11.92595 -5359.618 1387.597 -1 33400 -5360.95633036
590576726 -157.8476 -11.81734 -5367.594 1354.214 9998 33400 -5426.64634719
590576727 -157.8228 -11.73827 -5439.476 1400.876 -1 33400 -5451.21287869
590576728 -157.6472 -11.59128 -5282.069 1303.934 -1 33400 -5284.01272119
590576729 -157.6838 -11.45724 -5305.77 1299.504 -1 33400 -5287.86470641
590576730 -157.742 -11.6667 -5421.84 1380.915 -1 33400 -5435.14441575
590576731 -157.8107 -11.71132 -5451.698 1386.594 -1 33400 -5456.01672911
590576732 -157.7848 -11.70439 -5446.173 1415.288 -1 33400 -5456.5027503
590576733 -157.6311 -11.72309 -5292.523 1359.199 -1 33400 -5305.63873648
590576734 -157.4295 -11.62602 -5314.566 1386.73 -1 33400 -5316.10020826
590576735 -157.1754 -11.55114 -5286.928 1382.018 -1 33400 -5284.55813872
590576736 -157.0853 -11.5261 -5247.436 1421.044 -1 33400 -5232.66271818
590576737 -157.0265 -11.51056 -5061.803 1295.318 -1 33400 -5073.8219829
590576738 -156.9494 -11.41132 -5220.378 1357.896 -1 33400 -5218.3180246
590576739 -156.8984 -11.13321 -5134.027 1287.298 -1 33400 -5143.59759681
590576740 -156.9284 -11.06275 -5236.167 1302.99 -1 33400 -5231.07200945
590576741 -156.9912 -11.08611 -5230.339 1358.016 -1 33400 -5226.26929514
590576742 -157.0394 -11.09514 -5194.132 1316.803 -1 33400 -5191.33268026
590576743 -157.0451 -11.06419 -5217.628 1343.74 -1 33400 -5222.94645753
590576744 -157.0418 -11.06139 -5234.517 1342.122 -1 33400 -5229.94871769
590576745 -156.998 -11.08216 -5218.402 1338.018 -1 33400 -5229.35895951
590576746 -156.9104 -11.06002 -5229.083 1368.902 -1 33400 -5227.24048069
590576747 -156.9865 -11.14729 -5191.21 1312.837 -1 33400 -5180.42926625
590576748 -156.9178 -11.25852 -5155.269 1331.336 -1 33400 -5157.39913556
590576749 -156.9237 -11.11197 -5199.564 1373.968 -1 33400 -5186.50925987
590576750 -157.0275 -11.07123 -5232.381 1340.074 -1 33400 -5231.36467925
590576751 -157.0463 -11.19863 -5188.676 1359.902 -1 33400 -5190.46977074
590576752 -156.9158 -11.29868 -5175.067 1393.354 -1 33400 -5175.45167527
590576753 -156.8286 -11.25556 -5238.849 1428.827 -1 33400 -5233.09049739
590576754 -156.7714 -11.20814 -5254.774 1448.051 -1 33400 -5263.54501809
590576755 -156.7292 -11.18726 -5248.275 1405.166 -1 33400 -5254.0436229
590576756 -156.7342 -11.1723 -5248.764 1428.342 -1 33400 -5240.61299567
590576757 -156.7143 -11.16547 -5198.002 1375.075 -1 33400 -5205.15392606
590576758 -156.6164 -11.20972 -5187.024 1360.789 -1 33400 -5196.73805618
590576759 -156.5459 -11.1965 -5208.771 1395.548 -1 33400 -5209.34718545
590576760 -156.4551 -11.25151 -5220.991 1414.905 -1 33400 -5221.5466836
590576761 -156.3697 -11.28134 -5229.138 1414.427 -1 33400 -5230.5479828
590576762 -156.3883 -11.38704 -5214.657 1401.764 -1 33400 -5217.40145065
590576763 -156.3626 -11.28349 -5239.232 1401.187 -1 33400 -5235.52419025
590576764 -156.3702 -11.08642 -5169.28 1406.163 -1 33400 -5173.35527975
590576765 -156.4662 -11.01258 -5285.67 1455.469 -1 33400 -5274.56913283
590576766 -156.5413 -11.05753 -5301.284 1452.852 -1 33400 -5299.14294671
590576767 -156.5381 -11.14424 -5267.306 1400.952 -1 33400 -5263.72346372
590576768 -156.5215 -11.04163 -5220.447 1432.368 -1 33400 -5230.22762819
590576769 -156.6066 -10.904 -5250.269 1412.518 -1 33400 -5251.71291793
590576770 -156.6794 -10.94064 -5220.854 1379.604 -1 33400 -5224.76847875
590576771 -156.7238 -11.02662 -5269.073 1454.063 -1 33400 -5264.88133945
590576772 -156.7349 -11.05402 -5224.327 1391.914 -1 33400 -5230.18907245
590576777 -156.9598 -11.03919 -5256.455 1407.709 -1 33400 -5259.3212988
590576780 -157.3045 -11.03249 -5270.916 1288.426 -1 33400 -5268.81936878
590576781 -157.3595 -11.07332 -5227.624 1278.181 -1 33400 -5226.09249884
590576782 -157.435 -11.12229 -5219.85 1245.139 -1 33400 -5212.33810897
590576783 -157.4658 -11.08588 -5291.867 1275.372 -1 33400 -5278.80019499
590576784 -157.446 -11.01386 -5225.402 1259.989 -1 33400 -5221.65587942
590576785 -157.3914 -10.85829 -5261.922 1242.5 -1 33400 -5258.84922997
590576786 -157.3568 -10.73752 -5233.507 1243.228 -1 33400 -5229.81101359
590576787 -157.3544 -10.85277 -5208.736 1231.771 -1 33400 -5216.23366039
590576788 -157.2543 -10.83817 -5297.248 1330.604 -1 33400 -5297.48468563
590576789 -157.1616 -10.63393 -4926.222 1113.091 -1 33400 -4936.88327909
590576791 -157.0141 -10.70211 -5257.39 1318.878 -1 33400 -5268.659377
590576792 -157.0539 -10.80422 -5235.048 1299.723 -1 33400 -5276.0069186
590576793 -157.0707 -10.82364 -5028.702 1154.017 -1 33400 -5061.4846014
590576794 -157.072 -10.91448 -5225.129 1350.386 -1 33400 -5233.61548541
590576795 -157.0376 -10.92217 -5235.61 1326.845 -1 33400 -5234.23371886
590576797 -157.0755 -10.81179 -5293.372 1342.843 -1 33400 -5256.49163367
590576798 -157.1153 -10.99483 -5272.767 1340.046 -1 33400 -5265.59630324
5905767100 -157.2365 -10.93922 -5300.043 1310.448 -1 33400 -5298.88223635
5905767101 -157.2428 -10.76862 -5289.983 1321.175 -1 33400 -5289.93955393
5905767106 -156.5636 -10.79509 -5167.292 1373.157 -1 33400 -5174.46024255
5905767115 -155.0075 -10.72186 -5204.584 1248.842 -1 33400 -5181.670315
5905767122 -154.8651 -10.96249 -5431.286 1315.561 -1 33400 -5463.897241
5905767123 -154.9669 -10.92837 -5485.204 1341.725 -1 33400 -5485.83705058
5905767125 -154.9485 -10.92747 -5445.547 1315.256 -1 33400 -5460.3720672
5905767128 -155.0915 -10.89734 -5441.189 1320.57 -1 33400 -5450.03351293
5905767129 -155.1926 -10.93618 -5405.591 1304.889 -1 33400 -5405.5004242
5905767130 -155.2549 -10.9778 -5439.137 1336.449 -1 33400 -5443.2508284
5905767131 -155.1704 -10.87602 -5428.586 1323.973 -1 33400 -5436.92596505
5905767133 -154.9379 -11.12224 -5414.284 1325.033 -1 33400 -5418.1752862
5905767135 -155.2212 -11.31857 -5480.283 1520.935 -1 33400 -5484.83293294
5905767136 -155.1749 -11.41972 -5357.195 1435.921 -1 33400 -5360.21501746
5905767137 -155.129 -11.65648 -5368.693 1442.103 -1 33400 -5372.75458227
5905767138 -154.9409 -11.55274 -5471.8 1553.315 -1 33400 -5463.79743664
5905767139 -154.9319 -11.73222 -5380.705 1507.561 -1 33400 -5359.50115911
5905767140 -154.841 -11.74953 -5380.022 1493.924 -1 33400 -5338.66297195
5905767141 -154.8107 -11.68591 -5443.267 1522.566 -1 33400 -5436.99780955
5905767142 -154.8242 -11.64252 -5458.014 1560.713 -1 33400 -5454.06226097
5905767143 -154.854 -11.67498 -5361.802 1476.879 -1 33400 -5368.31879655
5905767144 -154.8552 -11.66511 -5357.729 1476.502 -1 33400 -5366.46429448
5905767145 -154.8062 -11.71136 -5438.511 1511.002 -1 33400 -5423.95641978
5905767146 -154.7029 -11.74109 -5399.034 1461.809 -1 33400 -5381.7107693
5905767147 -154.5757 -11.80443 -5442.564 1551.776 -1 33400 -5435.28499583
5905767148 -154.4907 -11.95636 -5327.599 1446.179 -1 33400 -5318.14288521
5905767149 -154.3002 -12.07237 -5354.933 1426.669 -1 33400 -5339.47083074
5905767150 -154.1241 -11.90977 -5336.631 1501.7 -1 33400 -5342.9105237
5905767151 -153.9786 -11.80354 -5389.809 1471.436 -1 33400 -5407.84902015
5905767152 -153.8729 -11.85728 -5440.324 1495.596 -1 33400 -5426.35475043
5905767154 -153.9864 -11.91744 -5422.275 1500.295 9998 33400 -5058.61969907
5905767155 -154.0119 -11.95826 -5412.278 1531.348 9998 33400 -5455.99935547
5905767156 -154.0744 -11.96799 -5296.744 1476.647 -1 33400 -5304.43346504
5905767157 -154.1811 -11.95198 -5324.884 1483.701 9998 33400 -5278.55467402
5905767158 -154.2672 -11.96351 -5366.886 1466.869 -1 33400 -5113.35748608
5905767159 -154.2653 -12.08361 -5292.257 1390.997 -1 33400 -5299.63379434
5905767160 -154.2636 -12.147 -5380.429 1428.378 -1 33400 -5364.00188961
5905767161 -154.1658 -12.03443 -5319.337 1437.986 -1 33400 -5304.52242682
5905767162 -154.1628 -12.15503 -5361.222 1369.078 -1 33400 -5366.40809637
5905767163 -154.1964 -12.32942 -5437.997 1296.325 -1 33400 -5432.78162046
5905767164 -154.1456 -12.32106 -5392.129 1240.578 -1 33400 -5397.67290867
5905767165 -154.0893 -12.32618 -5410.069 1373.538 -1 33400 -5408.7062442
5905767166 -154.0774 -12.28466 -5393.59 1389.317 -1 33400 -5394.62639865
5905767167 -153.9839 -12.23125 -5346.655 1369.038 -1 33400 -5344.56238173
5905767168 -153.9635 -12.3095 -5327.528 1302.527 -1 33400 -5329.11014045
5905767169 -153.9641 -12.32052 -5327.72 1274.875 -1 33400 -5347.22027632
5905767170 -153.9819 -12.33303 -5334.023 1273.035 -1 33400 -5332.40458181
5905767171 -154.1224 -12.5103 -5435.729 1132.791 -1 33400 -5433.09568104
5905767172 -154.3118 -12.38678 -5302.094 1120.813 -1 33400 -5307.09041679
5905767173 -154.2959 -12.20158 -5205.182 1258.877 -1 33400 -5208.01559052
5905767174 -154.2018 -12.17766 -5405.93 1390.412 -1 33400 -5408.64376885
5905767175 -154.061 -12.31249 -5384.274 1311.085 -1 33400 -5388.37147921
5905767176 -153.9534 -12.32504 -5381.168 1312.873 -1 33400 -5371.64911595
5905767177 -153.9502 -12.43953 -5331.673 1183.685 -1 33400 -5323.12008256
5905767178 -154.07 -12.53762 -5419.432 1079.02 -1 33400 -5415.15765981
5905767179 -154.1612 -12.56398 -5370.74 1031.221 -1 33400 -5367.49128587
5905767180 -154.2129 -12.58991 -5379.657 1007.915 9998 33400 -5367.30852329
5905767181 -154.296 -12.64175 -5334.348 993.6714 9998 33400 -5302.00610984
5905767182 -154.3132 -12.65217 -5348.313 955.7541 9998 33400 -5287.26486451
5905767183 -154.3161 -12.70199 -5313.573 949.7924 9998 33400 -5310.60068036
5905767184 -154.2744 -12.81043 -5260.766 860.8896 9998 33400 -5265.4168408
5905767185 -154.1264 -12.92769 -5204.161 791.5383 9998 33400 -5217.07996837
5905767186 -154.068 -12.91502 -5208.919 797.4561 9998 33400 -5207.13306853
5905767187 -153.9743 -12.8789 -5145.828 748.8873 9998 33400 -5180.96425539
5905767188 -153.8462 -12.72058 -5318.324 933.4274 9998 33400 -5227.59962387
5905767189 -153.7442 -12.6603 -5295.342 967.0897 9998 33400 -5181.38212113
5905767190 -153.6581 -12.76022 -5255.343 907.7545 9998 33400 -5192.08716565
5905767191 -153.6479 -12.80746 -5105.061 805.8406 9998 33400 -5160.9138435
5905767192 -153.677 -12.85275 -5184.083 827.7266 9998 33400 -5107.56812782
5905767193 -153.7274 -12.83212 -5199.619 848.8024 9998 33400 -5142.74860476
5905767194 -153.7499 -12.84832 -5192.724 812.8772 9998 33400 -5172.58234759
5905767195 -153.8177 -12.87955 -5285.787 810.4442 9998 33400 -5234.10378703
5905767196 -153.8178 -13.03803 -5162.396 722.6682 9998 33400 -5217.89038434
5905767197 -153.9071 -13.12916 -5207.418 728.6137 9998 33400 -5304.06621639
5905767198 -153.99 -13.1099 -5051.974 698.8784 9998 33400 -5230.63587969
5905767199 -154.0641 -13.10216 -5029.15 683.6418 9998 33400 -5125.61226642
5905767200 -154.085 -13.1044 -5073.925 703.6459 9998 33400 -5106.4519934
5905767201 -154.113 -13.09508 -5133.744 726.7714 9998 33400 -5126.9603937
5905767202 -154.096 -13.104 -5127.625 734.5748 9998 33400 -5109.87406612
5905767203 -154.1073 -13.13415 -5123.541 717.4041 9998 33400 -5121.91065301
5905767204 -154.1295 -13.14268 -5109.459 725.3477 9998 33400 -5169.398444
5905767205 -154.1129 -13.13516 -5114.51 713.3425 9998 33400 -5131.98239063
5905767206 -154.0981 -13.11803 -5122.961 721.4294 9998 33400 -5106.38845311
5905767207 -154.1681 -13.0725 -5285.94 784.2515 9998 33400 -5195.83963221
5905767208 -154.2858 -13.02405 -5163.467 774.0224 9998 33400 -5196.14868302
5905767209 -154.4315 -12.92768 -5162.905 792.7659 9998 33400 -5113.58854333
5905767210 -154.5168 -12.98412 -5189.686 796.9435 9998 33400 -5214.77954738
5905767211 -154.5613 -12.97471 -5199.297 771.0052 9998 33400 -5198.05451213
5905767212 -154.593 -12.91675 -5189.895 792.6938 9998 33400 -5178.00881541
5905767213 -154.6252 -12.91166 -5149.801 782.8896 9998 33400 -5179.78568695
590576810 -168.0157 -11.97789 -5453.487 725.9547 9998 33400 -5506.69708174
590576811 -168.0468 -11.95265 -5464.159 724.1755 -1 33400 -5454.0540437
590576812 -168.0769 -11.93345 -5465.519 722.6136 -1 33400 -5466.99082026
590576813 -168.0909 -11.93548 -5462.513 701.2895 9998 33400 -5464.69360099
590576814 -167.936 -12.04847 -5404.501 729.5059 -1 33400 -5423.23549185
590576815 -167.6404 -11.94718 -5481.223 717.6293 -1 33400 -5485.46882774
590576816 -167.4232 -11.73338 -5482.139 698.3491 -1 33400 -5491.11804926
590576819 -167.207 -11.73047 -5584.305 709.798 -1 33400 -5620.72023944
590576820 -167.2979 -11.78283 -5568.302 714.6866 -1 33400 -5580.72657182
590576821 -167.2355 -11.62792 -5587.813 723.3921 -1 33400 -5600.15279192
590576822 -167.2317 -11.5908 -5589.275 722.0124 -1 33400 -5597.81927677
590576823 -167.2558 -11.60272 -5560.295 728.8749 -1 33400 -5542.65901553
590576824 -167.3923 -11.50608 -5378.422 660.824 -1 33400 -5356.97112668
590576825 -167.472 -11.46916 -5393.56 678.5022 -1 33400 -5419.68278363
590576826 -167.6181 -11.52661 -5392.967 679.836 -1 33400 -5406.24022625
590576827 -167.7964 -11.5887 -5411.575 644.9678 -1 33400 -5429.25416254
590576828 -167.8572 -11.69195 -5369.461 650.4107 -1 33400 -5360.41733926
590576829 -167.9878 -11.83629 -5457.103 693.7971 -1 33400 -5479.53614177
590576830 -168.1917 -11.82918 -5473.491 645.2475 -1 33400 -5488.95366041
590576831 -168.4573 -11.70475 -5474.679 657.5705 -1 33400 -5488.12708648
590576832 -168.4929 -11.5803 -5476.74 699.5554 -1 33400 -5486.1223626
590576833 -168.4823 -11.47666 -5481.22 722.931 -1 33400 -5496.10459382
590576834 -168.4387 -11.4329 -5483.071 742.4022 -1 33400 -5492.96515168
590576835 -168.4218 -11.44168 -5475.119 747.4565 -1 33400 -5402.21588589
590576836 -168.4331 -11.55351 -5355.521 687.3526 -1 33400 -5378.29715776
590576837 -168.5874 -11.6438 -5469.844 674.5972 -1 33400 -5513.74049962
590576838 -168.7055 -11.51071 -5429.629 685.1664 -1 33400 -5381.94806127
590576839 -168.6926 -11.39667 -5411.128 707.0821 -1 33400 -5368.83109197
590576840 -168.5999 -11.34214 -5480.955 754.8038 -1 33400 -5465.97610973
590576841 -168.557 -11.19219 -5435.122 762.7374 -1 33400 -5436.68836237
590576842 -168.3749 -11.14919 -5344.635 768.4809 9998 33400 -5356.39986075
590576843 -168.1789 -11.27307 -5495.899 805.291 -1 33400 -5509.14085401
590576844 -168.3132 -11.42679 -5418.59 723.0092 -1 33400 -5445.14873425
590576845 -168.5645 -11.39661 -5479.976 734.5114 -1 33400 -5485.06026707
590576846 -168.7075 -11.4158 -5384.549 664.8207 -1 33400 -5359.31594583
590576847 -168.7323 -11.23946 -5334.239 660.636 -1 33400 -5337.74856254
590576848 -168.8115 -11.24823 -5289.411 624.4078 -1 33400 -5249.33334388
590576849 -168.9413 -11.28084 -5211.764 578.4313 -1 33400 -5214.24848829
590576850 -168.8866 -11.26395 -5183.616 577.1177 -1 33400 -5206.40270418
590576851 -168.8245 -11.21354 -5131.489 601.2455 -1 33400 -5109.92430953
590576852 -168.9317 -11.18841 -5229.059 685.2652 -1 33400 -5199.51444064
590576853 -169.0278 -11.24876 -5311.048 624.7565 -1 33400 -5325.53568713
590576854 -169.5327 -11.27355 -5175.169 586.8322 -1 33400 -5190.05211611
590576855 -169.9435 -10.73114 -5167.208 699.2289 -1 33400 -5191.58636352
590576856 -169.4545 -10.59054 -5212.762 650.2715 -1 33400 -5197.15173722
590576857 -169.3961 -10.77621 -5047.945 662.8495 -1 33400 -5041.83758104
590576858 -169.4106 -10.77771 -5071.646 677.0485 -1 33400 -5079.13124589
590576859 -169.6346 -10.89673 -5194.846 708.8339 -1 33400 -5201.27743659
590576860 -169.8039 -10.76378 -5142.249 723.701 -1 33400 -5149.94885551
590576861 -169.7895 -10.56318 -5183.158 704.9348 -1 33400 -5193.77656089
590576862 -169.582 -10.45628 -4772.541 581.3 -1 33400 -4909.16085734
590576863 -169.4156 -10.50489 -5189.479 684.6797 -1 33400 -5176.04570256
590576864 -169.4624 -10.7536 -5172.155 697.5242 -1 33400 -5159.36911084
590576865 -169.6421 -10.92911 -5198.529 719.9116 -1 33400 -5204.92653548
590576866 -169.8622 -10.88511 -5107.367 750.8947 -1 33400 -5101.83035269
590576867 -170.0497 -10.73664 -5155.848 777.0114 -1 33400 -5163.30926603
590576868 -170.1635 -10.62932 -5147.224 746.0343 -1 33400 -5162.63082922
590576869 -170.0186 -10.36507 -5055.203 602.7415 -1 33400 -5065.6520243
590576872 -169.2891 -9.57085 -4881.092 172.8139 -1 33400 -5198.30388386
590576873 -169.1509 -9.24689 -5075.873 391.2018 -1 33400 -5053.56829349
590576874 -169.3601 -9.32807 -5012.036 353.2968 -1 33400 -4986.780922
590576875 -169.2489 -9.34258 -5058.568 412.2092 -1 33400 -5063.08637661
590576876 -169.0766 -9.29597 -5092.085 322.3598 -1 33400 -5226.95620156
590576877 -169.1475 -8.78091 -4739.518 711.1304 -1 33400 -4712.8905264
590576878 -169.142 -8.5349 -4705.89 981.7891 -1 33400 -4705.54912341
590576880 -169.4941 -7.91531 -5113.644 1910.611 -1 33400 -5368.84582194
590576882 -169.7321 -7.31223 -5146.058 2288.29 -1 33400 -5143.17700424
590576895 -168.6119 -5.12547 -5599.244 3442.658 -1 33400 -5604.02260249
590576896 -168.653 -5.03088 -5466.919 3452.281 -1 33400 -5474.45458296
590576897 -168.7011 -4.80606 -5601.112 4011.093 -1 33400 -5521.64991211
590576898 -168.7754 -4.8471 -5423.679 3752.004 -1 33400 -5427.46747281
5905768100 -168.4715 -4.58716 -5503.319 4406.864 -1 33400 -5526.48338548
5905768101 -168.298 -4.39779 -5574.88 4801.246 -1 33400 -5616.02597535
5905768103 -168.3234 -4.1217 -5346.224 4889.62 9998 33400 -5284.50061085
5905768105 -168.225 -3.77038 -5588.205 5565.457 9998 33400 -5566.39028467
5905768106 -168.2099 -3.58489 -5398.357 5288.266 -1 33400 -5451.47580016
5905768107 -168.056 -3.40741 -5632.908 5852.591 -1 33400 -5657.75906261
5905768108 -168.1972 -3.09667 -5474.911 5777.372 -1 33400 -5499.04980649
5905768109 -168.33 -2.95061 -5366.572 5577.251 -1 33400 -5403.33662632
5905768110 -168.4522 -2.75065 -5669.38 6561.32 -1 33400 -5653.62232697
5905768111 -168.7444 -2.63381 -5391.327 5769.027 -1 33400 -5418.59249307
5905768113 -168.8363 -2.36256 -5570.06 6035.972 -1 33400 -5529.51889757
5905768114 -168.8018 -2.27283 -5303.725 5428.804 -1 33400 -5320.60361928
5905768115 -168.7128 -2.17829 -5191.417 5243.072 -1 33400 -5232.58264969
5905768116 -168.6468 -2.13161 -5142.188 5157.808 -1 33400 -5170.89238837
5905768117 -168.5421 -2.10045 -5521.015 5895.232 -1 33400 -5465.71191518
5905768118 -168.4852 -2.02699 -5560.38 6135.791 -1 33400 -5594.57509054
5905768119 -168.5088 -2.0043 -5611.849 6212.249 -1 33400 -5644.86442456
5905768120 -168.4792 -1.87087 -5204.632 5366.106 -1 33400 -5248.94441678
5905768121 -168.3496 -1.75997 -5132.875 5219.428 -1 33400 -5164.43267314
5905768122 -168.5007 -1.77864 -5283.749 5451.371 -1 33400 -5308.0399329
5905768127 -169.1958 -1.71155 -5263.66 5478.264 -1 33400 -5140.38006472
5905768128 -169.1899 -1.71626 -5148.123 5332.505 -1 33400 -5292.92308186
5905768131 -169.4646 -1.76895 -5456.348 5993.283 -1 33400 -5478.61887667
5905768137 -169.0146 -1.53549 -5162.307 5262.651 -1 33400 -5203.32236008
5905768143 -170.1035 -1.73718 -5322.958 5671.852 -1 33400 -5328.16922525
5905768144 -170.0134 -1.7079 -5271.716 5549.318 -1 33400 -5324.55425504
5905768145 -169.9386 -1.71028 -5402.032 5750.781 -1 33400 -5436.18470264
5905768146 -169.9328 -1.66839 -5471.674 5951.256 -1 33400 -5527.73579207
5905768148 -169.9442 -1.63973 -5062.456 5024.374 -1 33400 -5039.84537691
5905768149 -169.9397 -1.6544 -5451.89 5877.831 -1 33400 -5311.70189622
5905768155 -169.5225 -1.78608 -5627.072 6257.593 -1 33400 -6070.203731
5905768158 -169.8095 -2.03261 -5114.025 5439.591 -1 33400 -5098.3530802
5905768159 -169.7939 -2.02932 -5250.935 5676.648 -1 33400 -5157.74299753
5905768160 -169.806 -2.03916 -5086.05 5213.418 -1 33400 -5109.97224074
5905768161 -169.8217 -2.02553 -5036.699 5343.64 -1 33400 -4997.28054477
5905768162 -169.8924 -2.02522 -5327.8 5781.879 -1 33400 -5273.53176278
5905768163 -169.8627 -1.85599 -5660.696 6449.824 -1 33400 -5693.04575786
5905768164 -169.7127 -1.66276 -5354.787 5554.466 -1 33400 -5457.60996316
5905768169 -169.1322 -1.40435 -5593.452 5816.401 -1 33400 -5687.10657535
5905768170 -169.1374 -1.41049 -5604.308 6119.369 -1 33400 -5603.35343182
5905768173 -169.0302 -1.54673 -5157.645 5123.479 -1 33400 -5031.23696878
5905768174 -169.1071 -1.58006 -5215.611 5162.569 -1 33400 -5255.85088093
5905768175 -169.051 -1.54773 -5232.602 5171.044 -1 33400 -5222.06756193
5905768176 -168.9962 -1.60273 -5585.305 5920.432 -1 33400 -5445.38008316
5905768178 -169.0106 -1.60497 -5385.932 5552.877 -1 33400 -5282.26179249
5905768180 -168.2705 -1.62643 -5368.565 5580.057 -1 33400 -5165.22689884
5905768181 -168.0641 -1.36295 -5180.955 5076.179 -1 33400 -5178.29612808
5905768182 -167.9896 -1.34807 -5347.421 5258.821 -1 33400 -5379.60844222
5905768183 -167.8309 -1.29501 -5467.514 5432.016 -1 33400 -5436.45521265
5905768184 -167.6652 -1.21584 -5484.001 5243.699 -1 33400 -5511.28312908
5905768185 -167.6331 -1.22489 -5402.53 5117.69 -1 33400 -5440.62820351
5905768186 -167.6064 -1.20263 -5335.683 4882.678 -1 33400 -5309.37288177
5905768187 -167.7157 -1.2733 -5139.006 4755.089 -1 33400 -5235.30253357
5905768189 -167.675 -1.36728 -5063.337 4772.225 -1 33400 -5058.14800939
5905768190 -167.7502 -1.30823 -5192.511 4718.098 -1 33400 -5188.85857901
5905768193 -167.4477 -1.27821 -5015.439 4581.363 -1 33400 -4978.5164505
5905768195 -167.4366 -1.18589 -5075.873 4537.939 -1 33400 -5054.09657025
5905768196 -167.3608 -1.10957 -5101.81 4452.445 -1 33400 -5167.02721948
5905768199 -166.4868 -0.77321 -5105.021 3360.413 -1 33400 -5103.70776151
5905768200 -166.2718 -0.86064 -5238.439 3937.587 -1 33400 -5060.44481262
5905768201 -166.0375 -0.86879 -5367.514 3840.131 -1 33400 -5360.75653795
5905768202 -165.9987 -0.77382 -5318.903 3531.178 -1 33400 -5301.05355891
5905768203 -165.9583 -0.85311 -5390.605 3813.522 -1 33400 -5424.90581574
5905768204 -165.688 -0.89779 -5472.952 4100.926 -1 33400 -5519.65233625
5905768205 -165.6007 -0.81705 -5498.068 3803.183 -1 33400 -5555.91802691
5905768206 -165.3975 -0.81225 -5485.366 3687.125 9998 33400 -5544.21218723
5905768207 -165.222 -0.79883 -5662.272 3872.973 9998 33400 -5679.85442227
5905768208 -164.9619 -0.82767 -5131.632 3262.211 -1 33400 -5162.84024999
5905768209 -164.891 -0.89638 -5627.384 4143.581 -1 33400 -5705.06432102
5905768210 -164.5172 -1.13942 -5420.283 4355.872 9998 33400 -5476.75134422
5905768211 -164.0934 -1.35047 -5459.171 4747.157 9998 33400 -5458.25517826
5905768212 -163.7651 -1.67007 -5397.28 5097.481 9998 33400 -5491.47855311
5905768213 -163.5672 -1.79525 -5362.836 5212.393 9998 33400 -5397.8520418
5905768214 -163.2896 -1.70785 -5292.875 4900.078 9998 33400 -5319.52228798
590578611 173.3624 -58.47597 -5059.049 1925.13 -1 33400 -5216.48198458
590578612 174.0903 -58.6022 -5006.058 4007.496 -1 33400 -4997.04161971
590578613 174.4028 -58.74469 -5089.322 5325.311 9998 33400 -5115.05951571
590578614 174.437 -59.27526 -5086.585 5046.05 9998 33400 -4894.25940309
590578615 174.1223 -59.21115 -4951.02 4942.542 -1 33400 -4883.09380321
590578616 173.5944 -58.92042 -5128.818 4451.053 -1 33400 -5176.32014953
590578617 173.7059 -58.67884 -5182.411 3632.752 -1 33400 -5190.69878547
590578618 174.1258 -58.61709 -5028.796 4274.819 -1 33400 -5008.2327312
590578620 176.153 -59.08902 -5126.329 3026.35 -1 33400 -5120.43714385
590578621 176.3339 -59.79801 -4830.81 1452.194 -1 33400 -4951.13278948
590578624 175.8503 -60.1873 -4800.923 998.8799 -1 33400 -4791.805909
590578625 176.0041 -60.75157 -4751.788 2371.137 -1 33400 -4834.03906525
5905786137 178.8473 -60.46657 -4203.143 2376.856 -1 33400 -4343.42101207
5905786143 179.8986 -60.1465 -4376.745 4826.656 9998 33400 -4607.10343688
5905786144 -179.7996 -60.05266 -4261.452 4119.632 9998 33400 -4232.96032664
5905786145 -179.8596 -59.95735 -3813.884 3379.543 -1 33400 -4276.46398264
5905786147 179.8815 -59.90404 -4377.897 5285.28 9998 33400 -4588.50001457
5905786149 -179.209 -59.54077 -4389.283 4974.251 9998 33400 -4768.69113849
5905786151 -177.9967 -59.44195 -4396.111 4380.077 9998 33400 -4591.95581623
5905786152 -177.1888 -59.60967 -4394.888 3368.563 -1 33400 -4443.96642434
5905786153 -176.7614 -59.88147 -4136.408 1790.307 -1 33400 -4153.73570502
5905786155 -176.5165 -59.90471 -4356.544 2330.188 9998 33400 -4430.16602085
5905786156 -176.836 -60.09937 -4090.28 1822.549 -1 33400 -4073.82941766
5905786157 -176.7325 -60.11099 -3985.206 1677.023 -1 33400 -3988.73724945
5905786158 -176.7363 -60.05874 -4191.721 1936.125 -1 33400 -4211.08670734
5905786159 -176.6619 -59.93359 -4406.418 2445.708 9998 33400 -4293.48052844
5905786161 -176.2178 -59.60936 -4265.293 2582.028 -1 33400 -4401.39475076
5905786162 -176.7243 -59.41841 -4400.196 3689.025 -1 33400 -4543.08395084
5905786163 -177.6915 -59.0972 -4361.974 4375.11 -1 33400 -4847.38454938
5905786164 -177.4482 -58.96838 -4393.661 4387.738 9998 33400 -4724.96921234
5905786165 -177.5308 -58.98707 -4365.313 4675.979 -1 33400 -4874.70102709
5905786166 -177.1166 -59.04739 -4345.004 4755.149 -1 33400 -4761.54039199
5905786167 -177.0571 -58.9377 -4328.928 4557.792 -1 33400 -4653.31461328
5905786168 -176.9434 -58.9759 -4318.915 4553.321 9998 33400 -4672.39321248
5905786169 -176.8304 -59.02927 -4265.3 4461.821 9998 33400 -4549.78237278
5905786170 -176.9553 -59.03351 -4201.49 4479.318 9998 33400 -4599.49074515
5905786171 -176.7526 -59.02062 -4147.384 4514.923 9998 33400 -4488.02233947
5905786172 -176.7891 -59.06525 -4254.993 4228.931 9998 33400 -4388.39061999
59057879 175.6198 -57.68004 -5080.771 2621.573 -1 33400 -5103.90625139
590578710 175.8425 -57.5581 -5084.693 3207.035 -1 33400 -5103.08482369
590578712 177.7715 -57.20982 -5148.411 5494.948 -1 33400 -5133.28350977
590578713 178.7435 -57.43481 -5184.008 3070.157 9998 33400 -5097.9676343
590578714 177.753 -57.59448 -5046.257 3859.099 -1 33400 -5198.06180531
590578715 176.9529 -57.06915 -5075.708 3990.229 -1 33400 -5108.79990568
590578716 177.8238 -56.17318 -5080.642 529.8158 -1 33400 -5002.52547134
590578718 178.8427 -55.8908 -5156.051 3659.979 9998 33400 -5170.40384916
590578719 177.8965 -56.71177 -4935.682 3391.915 9998 33400 -4902.60054424
590578720 178.609 -56.59703 -5087.427 4026.29 -1 33400 -5080.48224364
590578721 179.2457 -56.93667 -5285.481 3146.475 -1 33400 -5220.87186342
590578722 178.5535 -57.14346 -5349.58 4842.907 -1 33400 -5235.43623862
590578723 178.0692 -57.05276 -4991.311 4937.27 9998 33400 -4556.8713923
590578724 178.7816 -56.57559 -5192.316 4521.636 -1 33400 -5074.62051023
590578725 -179.8821 -56.37181 -5023.933 5057.875 9998 33400 -5104.05797432
590578726 -179.0863 -56.27802 -5183.839 3942.854 -1 33400 -5319.19691931
590578727 -179.3796 -55.75743 -5272.086 2932.471 -1 33400 -5279.05704026
590578728 -179.3022 -55.45047 -5276.771 2258.689 9998 33400 -5266.6540494
590578729 -179.6622 -55.46276 -5354.792 1940.164 9998 33400 -5293.07848863
590578730 179.4575 -55.85284 -5197.571 3479.271 9998 33400 -5175.56352539
590578731 -179.56 -55.82879 -5257.838 3261.758 -1 33400 -5285.48448356
590578732 179.8167 -55.6471 -5238.288 2270.311 9998 33400 -5248.00301927
590578733 -179.4754 -56.25124 -5175.725 4591.662 -1 33400 -5149.11755553
590578734 -178.2741 -55.85176 -5181.706 2778.828 9998 33400 -5162.04566555
590578735 -178.1382 -55.30367 -5334.854 3484.952 -1 33400 -5369.36830884
590578736 -177.9315 -55.60769 -5237.338 3121.087 9998 33400 -5211.00754855
590578737 -178.945 -55.59242 -5309.39 2958.12 9998 33400 -5240.94229855
590578738 -179.0657 -55.35639 -5208.53 2300.558 -1 33400 -5216.21145653
590578739 179.7173 -55.51121 -5349.453 1733.22 9998 33400 -5309.91735581
590578740 178.1998 -55.70793 -5132.812 2387.341 9998 33400 -5171.73684034
590578741 177.2239 -55.90495 -5136.596 942.0112 -1 33400 -5157.95733507
590578742 175.761 -56.86434 -5096.312 1037.953 -1 33400 -5068.0327018
590578743 175.1627 -57.86068 -5214 1357.413 -1 33400 -5157.78247002
590578745 175.1374 -58.63179 -4834.852 5099.864 -1 33400 -4841.51044311
590578746 175.1991 -58.64017 -4958.027 5231.568 -1 33400 -4824.11073441
590578747 176.6696 -58.57461 -4660.449 3522.465 -1 33400 -4850.81471471
590578748 176.5849 -58.26493 -4932.717 4239.144 -1 33400 -5020.31498078
590578749 175.1185 -58.12854 -5052.711 2886.231 -1 33400 -5043.08300091
590578750 173.6431 -58.33083 -5251.026 1621.435 -1 33400 -5269.55247023
590578751 171.8662 -58.38495 -5253.13 3225.651 -1 33400 -5235.48564097
590578755 168.9971 -58.74511 -5110.606 5128.357 -1 33400 -5205.67038015
590578756 169.495 -58.90292 -5250.007 5932.91 9998 33400 -5174.69626974
590578757 170.3652 -58.99428 -5092.798 4491.042 9998 33400 -5096.96966285
590578758 170.6837 -58.79562 -5238.257 4702.215 -1 33400 -5283.14902104
590578759 170.4181 -58.59062 -5127.988 4048.765 -1 33400 -5188.03631607
590578760 168.8526 -59.13336 -5182.412 5601.695 9998 33400 -5329.27748076
590578761 166.1158 -58.69591 -4765.655 3431.922 -1 33400 -4766.47660814
590578763 166.0072 -59.16758 -4825.438 2720.793 -1 33400 -4599.73277225
590578768 172.5196 -54.86395 -5202.27 8937.039 9998 33400 -5374.16882232
590578769 174.0464 -55.04171 -5242.14 2657.498 -1 33400 -5492.93695374
590578771 175.4182 -54.97036 -5102.945 1505.975 -1 33400 -5095.00344425
590578772 176.1688 -54.83032 -5064.969 2193.414 -1 33400 -5062.23645369
590578773 177.618 -55.01049 -5120.25 1945.331 -1 33400 -5147.53263261
590578775 179.1077 -55.79055 -5182.506 3514.698 9998 33400 -5216.536
590578777 -178.62 -56.37324 -5155.935 3831.501 9998 33400 -5061.89080607
590578778 179.5155 -55.88012 -5183.338 4201.351 9998 33400 -5153.26070168
590578779 178.6477 -56.08164 -5110.489 3362.533 9998 33400 -5115.8841363
590578780 179.0071 -56.2832 -5103.724 5012.563 9998 33400 -5122.74795842
590578781 -179.5115 -56.41662 -5170.041 5752.25 -1 33400 -5203.79109103
590578782 -178.5356 -56.56563 -5051.631 3532.32 9998 33400 -5026.12592718
590578783 -178.138 -56.47983 -5159.951 3271.654 9998 33400 -4911.8897949
590578784 -177.8681 -56.41007 -5206.221 3195.696 9998 33400 -5103.95531941
590578786 -177.399 -56.56609 -4892.355 2971.957 9998 33400 -4726.06918684
590578788 -176.807 -56.16788 -5115.483 3138.374 9998 33400 -4879.43748751
590578789 -175.2574 -55.93617 -5138.711 3549.923 9998 33400 -5013.84198615
590578790 -173.6207 -56.32089 -5008.369 4515.877 9998 33400 -5090.08650163
590578793 -175.3228 -56.2287 -5129.778 4182.992 -1 33400 -5058.2629326
590578794 -175.7929 -55.94622 -5079.386 3147.897 -1 33400 -5221.84923409
590578795 -176.3257 -56.04878 -5163.914 3742.984 9998 33400 -5078.87207517
590578796 -176.0779 -55.82477 -5088.343 2567.948 -1 33400 -5060.73564393
590578797 -177.3983 -55.6238 -5129.269 3260.829 9998 33400 -5149.34898567
5905787102 -174.2138 -54.04268 -5219.96 4103.456 -1 33400 -5274.51302588
5905787103 -173.7665 -54.52554 -5187.622 3084.541 -1 33400 -5272.44739903
5905787104 -174.2452 -54.39165 -5245.822 3044.568 9998 33400 -5287.91262233
5905787105 -174.6643 -54.16068 -5262.275 3611.483 9998 33400 -5376.86286832
5905787106 -174.2693 -54.12982 -5281.826 4565.253 -1 33400 -5337.25463383
5905787107 -173.721 -53.89671 -4732.121 3644.314 -1 33400 -4646.97971549
5905787111 -170.4288 -52.84451 -5170.1 5604.473 -1 33400 -5252.31355425
5905787112 -169.5423 -53.46423 -5053.473 5695.277 9998 33400 -5127.55204085
5905787113 -167.8398 -53.02084 -5050.38 4061.198 -1 33400 -5169.91071206
5905787115 -169.2656 -53.22686 -5051.353 4535.103 9998 33400 -5111.44425226
5905787117 -166.7625 -53.36433 -5014.11 4154.813 9998 33400 -5113.56929778
5905787118 -165.6615 -53.46536 -5007.48 3974.876 9998 33400 -4837.64723341
5905787119 -165.1057 -53.11151 -5079.189 3514.23 9998 33400 -4870.76632347
5905787120 -164.8944 -52.3213 -4886.707 2504.721 9998 33400 -4811.39472658
5905787121 -165.0818 -52.27732 -4614.571 1991.299 9998 33400 -4577.80699123
5905787122 -165.0129 -52.20574 -4746.696 2110.406 9998 33400 -4624.87207536
5905787123 -165.15 -52.2886 -4733.183 2117.013 9998 33400 -4667.39913063
5905787124 -165.4395 -52.44001 -4804.666 2122.669 -1 33400 -5022.41741096
5905787127 -163.9642 -52.3867 -4848.982 2806.625 9998 33400 -4809.88068766
5905787128 -164.0623 -52.32561 -4646.37 2569.669 9998 33400 -4866.28226497
5905787130 -163.424 -52.03808 -4892.062 2731.392 -1 33400 -4917.67715931
5905787131 -163.1084 -51.91951 -4757.871 2716.146 -1 33400 -4793.27401566
5905787137 -161.4203 -52.1295 -4893.96 3767.063 9998 33400 -4828.04795838
5905787138 -161.2526 -52.57558 -4613.867 4023.008 9998 33400 -4441.93887488
5905787139 -161.2212 -52.41948 -4887.148 4294.252 -1 33400 -4795.07806106
5905787140 -161.1359 -52.72289 -4580.529 3732.348 -1 33400 -4528.37357361
5905787141 -160.7966 -52.49021 -4563.741 3816.707 -1 33400 -4375.81178942
5905787142 -160.724 -52.41835 -4341.063 3246.447 -1 33400 -4477.86620243
5905787143 -160.6657 -52.44226 -4651.559 3740.364 -1 33400 -4519.05996931
5905787144 -160.6114 -52.54257 -4487.245 3745.03 -1 33400 -4561.24472394
5905787145 -160.5826 -52.53078 -4464.438 3635.404 -1 33400 -4593.92965206
5905787146 -160.8303 -52.69905 -4425.246 3645.965 9998 33400 -4498.24216646
5905787147 -160.7779 -52.67892 -4409.718 3617.803 9998 33400 -4577.62638885
5905787148 -160.5611 -52.58129 -4782.02 4049.802 -1 33400 -4524.62407278
5905787149 -160.6118 -52.68577 -4525.136 3943.953 9998 33400 -4473.6941889
5905787150 -160.7788 -52.89054 -4547.374 3816.386 -1 33400 -4433.75403459
5905787151 -160.6993 -52.96551 -4364.161 3519.467 -1 33400 -4346.0904847
5905787152 -160.664 -52.98631 -4326.565 3519.165 -1 33400 -4378.69535485
590578810 176.3142 -58.46273 -4889.352 5240.947 -1 33400 -4863.03437185
590578811 176.9542 -58.48305 -4824.74 3119.787 -1 33400 -4982.42590647
590578812 177.2089 -58.74356 -4722.223 2440.139 -1 33400 -4850.7077651
590578813 177.0346 -58.6762 -5062.062 3278.14 -1 33400 -4980.71088708
590578814 177.0098 -58.15908 -5069.44 3604.449 -1 33400 -5046.99502669
590578816 175.384 -57.86012 -5078.855 2211.974 -1 33400 -5123.58742591
590578819 173.6305 -58.75473 -5067.837 3833.424 -1 33400 -5150.27766167
590578820 174.6041 -58.67409 -5207.074 5834.52 -1 33400 -5220.42666567
590578821 175.8282 -59.37105 -4999.936 3318.445 -1 33400 -5022.03829932
590578822 175.9926 -59.53675 -4936.659 2570.882 -1 33400 -4878.26298771
5905788120 175.067 -60.17785 -4468.621 1612.792 9998 33400 -4772.07686376
5905788124 175.687 -60.44991 -4282.289 1011.792 -1 33400 -4951.25573321
5905788125 175.4325 -60.54352 -4382.236 1293.58 -1 33400 -4362.9636251
5905788129 175.48 -61.17544 -4204.948 2406.319 -1 33400 -4363.51727633
5905788131 176.7294 -61.13964 -3933.354 2101.01 -1 33400 -4110.7785919
5905788132 176.7288 -61.1572 -3926.25 2075.542 -1 33400 -4154.16067527
5905788133 176.8543 -61.12918 -3606.115 1875.976 -1 33400 -3698.33432131
5905788134 176.9902 -61.07512 -3851.389 2069.315 -1 33400 -3892.34641418
5905788136 177.6281 -61.17498 -4193.196 2599.294 -1 33400 -4300.7319992
5905788137 178.4938 -61.47556 -3829.966 2811.012 -1 33400 -4218.97561645
5905788138 178.8953 -61.60036 -3908.223 3107.641 -1 33400 -3958.57618145
5905788139 179.1261 -61.62093 -3987.552 3198.134 -1 33400 -4058.72921276
5905788140 179.4734 -61.6224 -3778.555 2845.354 -1 33400 -3833.39846975
5905788142 178.5983 -61.19384 -4057.666 2377.594 -1 33400 -4032.56669036
5905788143 178.0993 -61.29347 -3808.132 2398.911 -1 33400 -3948.28545973
5905788144 178.4868 -61.26801 -3986.398 2654.226 -1 33400 -3966.69654883
5905788154 179.1988 -61.60363 -3966.463 3355.673 -1 33400 -4009.75340737
5905788155 179.0179 -61.43006 -3987.32 2744.323 -1 33400 -3978.32285434
5905788160 178.0321 -61.48365 -4003.342 3461.057 -1 33400 -4086.42829277
5905788162 178.2295 -61.8146 -3449.194 2872.349 -1 33400 -3608.81573408
5905788164 178.3939 -61.94028 -3929.61 3783.234 -1 33400 -3972.67124116
5905788165 178.3906 -61.9211 -3821.372 3560.061 -1 33400 -3978.95599045
5905788166 178.3095 -61.95523 -4008.737 3944.699 -1 33400 -4106.99905759
5905788167 178.358 -61.94631 -3971.122 4264.026 -1 33400 -3969.0717587
5905788171 177.7614 -62.57742 -3690.505 1504.598 -1 33400 -3729.64728535
5905788172 177.388 -62.70602 -3776.297 900.7269 -1 33400 -3670.14026501
5905788173 176.9103 -62.87337 -3722.733 493.6501 -1 33400 -3646.04052964
5905788174 176.4572 -63.31768 -3900.229 2957.707 -1 33400 -3836.0642505
5905788175 176.2564 -63.42445 -3850.409 3118.655 -1 33400 -3909.45770458
590610511 -167.6009 -45.07378 -5303.202 230.508 -1 33400 -5312.6944796
590610512 -167.6184 -45.04164 -5297.991 181.2561 -1 33400 -5298.50226523
590610513 -167.6225 -44.99506 -5281.559 202.8654 -1 33400 -5282.26739565
590610514 -167.6015 -44.8266 -5261.312 331.8689 -1 33400 -5263.23468603
590610515 -167.4948 -44.75113 -5265.318 363.0648 -1 33400 -5260.6811562
590610516 -167.4371 -44.70131 -5267.375 439.4437 -1 33400 -5262.40489833
590610517 -167.4239 -44.67349 -5267.873 423.3116 -1 33400 -5259.07650707
590610518 -167.5058 -44.68809 -5259.346 415.0002 -1 33400 -5253.02967762
590610519 -167.5347 -44.73553 -5260.195 405.9897 -1 33400 -5255.04737307
590610520 -167.6648 -44.62485 -5255.312 452.5676 -1 33400 -5251.4677899
590610521 -167.621 -44.24476 -5218.703 182.4969 -1 33400 -5218.04545573
590610522 -167.302 -44.1625 -5152.501 329.1745 -1 33400 -5152.85501225
590610523 -167.2924 -44.01219 -5170.201 413.5108 9998 33400 -5147.69299423
590610524 -167.0261 -43.74974 -5342.662 860.19 9998 33400 -5343.07199887
590610525 -167.0634 -43.5752 -5264.824 931.5521 -1 33400 -5268.31073218
590610526 -166.8566 -43.2731 -5164.45 907.6602 -1 33400 -5182.07479368
590610529 -166.2291 -43.49554 -5421.459 908.6951 -1 33400 -5438.30318332
590610530 -166.2498 -43.43927 -5395.362 936.6989 9998 33400 -5463.66614765
590610531 -165.6218 -43.65228 -5236.708 1057.701 -1 33400 -5271.01568951
590610532 -165.4948 -43.976 -5298.898 1068.96 -1 33400 -5298.46358896
590610533 -165.3694 -44.38473 -5510.097 998.1793 -1 33400 -5511.15876701
590610534 -165.4619 -44.25179 -5438.01 1178.198 -1 33400 -5454.16863462
590610535 -165.1456 -44.22696 -5334.2 810.4828 -1 33400 -5342.33900425
590610536 -165.0132 -44.38499 -5332.09 414.304 -1 33400 -5337.10384681
590610537 -165.0413 -44.66809 -5368.24 80.38808 -1 33400 -5376.22669186
590610538 -164.7167 -44.65506 -5369.408 224.3634 -1 33400 -5392.10698544
590610539 -164.3661 -44.71327 -5309.572 382.6495 -1 33400 -5344.71762371
590610540 -164.3184 -44.70634 -5405.955 422.9066 -1 33400 -5407.61010468
590610541 -164.1602 -44.6333 -5451.071 572.91 -1 33400 -5450.97604951
590610542 -164.1093 -44.93333 -5374.881 437.2823 -1 33400 -5371.95277199
590610543 -164.0888 -45.27168 -5351.588 238.7247 -1 33400 -5348.78962916
590610544 -163.6496 -45.47274 -5309.878 659.5063 -1 33400 -5324.92385754
590610545 -163.756 -45.92989 -5360.745 737.6777 -1 33400 -5370.40303137
590610546 -163.816 -46.13603 -5318.456 692.5479 -1 33400 -5320.89306204
590610547 -163.8986 -46.1462 -5314.967 716.0191 -1 33400 -5318.22236584
590610548 -164.0659 -46.16965 -5418.38 842.6551 -1 33400 -5409.79212275
590610549 -164.4232 -46.22281 -5423.48 927.0959 -1 33400 -5419.22098626
590610550 -164.8243 -46.183 -5360.233 884.9106 -1 33400 -5362.88876865
590610551 -165.3599 -46.06247 -5263.81 408.5311 -1 33400 -5244.35577981
590610552 -165.6567 -46.20414 -5342.034 461.1854 -1 33400 -5349.06658795
590610553 -165.9362 -46.18461 -5395.158 380.0646 -1 33400 -5397.72077923
590610554 -166.2656 -45.98278 -5484.821 461.2045 -1 33400 -5532.83279045
590610555 -166.7574 -46.16078 -5489.47 612.6251 -1 33400 -5488.58863348
590610556 -166.9767 -46.15053 -5557.829 461.3006 9998 33400 -5531.2404032
590610557 -166.9507 -46.22799 -5471.546 507.5172 -1 33400 -5453.69651093
590610558 -167.0544 -46.68167 -5382.044 1271.016 -1 33400 -5359.02303896
590610559 -166.7619 -47.34225 -5391.68 3527.762 -1 33400 -5383.47398447
590610560 -167.2163 -47.41964 -5312.022 2966.149 -1 33400 -5275.66504037
590610561 -167.7331 -47.28609 -5387.065 2540.402 -1 33400 -5367.38881123
590610563 -167.2145 -47.27482 -5430.113 3255.908 -1 33400 -5373.69010418
590610564 -166.6661 -47.45145 -5254.04 3098.305 -1 33400 -5250.75031546
590610565 -166.1565 -47.72677 -5097.355 2350.59 -1 33400 -5109.49376645
590610566 -166.3268 -48.10362 -5151.019 1966.583 -1 33400 -5181.35644503
590610567 -166.4254 -48.44938 -5106.023 2767.523 -1 33400 -5161.19145722
590610568 -166.7423 -48.40219 -5215.931 2519.692 -1 33400 -5288.574823
590610569 -167.2855 -48.06452 -5095.648 1327.571 -1 33400 -5098.01416355
590610570 -168.2522 -47.30738 -5331.718 1714.759 -1 33400 -5332.97357699
590610571 -168.4499 -47.09132 -5353.497 1158.832 -1 33400 -5356.70148641
590610572 -169.3437 -46.72723 -5306.748 140.196 -1 33400 -5310.82013576
590610573 -169.7475 -47.23911 -5507.875 734.5298 -1 33400 -5400
590610574 -169.3641 -47.05918 -5391.047 354.4974 -1 33400 -5371.17692295
590610575 -169.1511 -46.79131 -5356.547 34.60927 -1 33400 -5358.76813547
590610576 -169.3566 -46.47145 -5480.609 166.5057 -1 33400 -5481.92866874
590610577 -168.7545 -46.13937 -5402.145 464.4676 -1 33400 -5406.400556
590610578 -168.0298 -45.94785 -5320.58 780.4781 -1 33400 -5361.12917768
590610579 -167.547 -45.91752 -5465.706 559.5986 -1 33400 -5451.50445104
590610580 -167.7936 -46.16152 -5493.047 907.6778 -1 33400 -5436.59910547
590610581 -167.9581 -46.26243 -5429.458 1063.004 -1 33400 -5434.70855468
590610582 -167.9213 -46.4504 -5528.481 969.4511 -1 33400 -5518.90393939
590610584 -167.127 -46.67626 -5347.703 1198.156 -1 33400 -5335.08850527
590610585 -167.328 -46.45994 -5367.159 259.8247 -1 33400 -5337.81034936
590610586 -167.2554 -45.85186 -5333.691 320.5482 -1 33400 -5366.67808365
590610587 -167.3656 -45.18735 -5331.889 381.5538 -1 33400 -5318.3403776
590610588 -167.0989 -44.92656 -5302.306 255.7528 -1 33400 -5300.0248287
590610589 -166.8201 -44.56516 -5248.079 554.963 -1 33400 -5257.84923439
590610590 -167.0358 -44.1687 -5238.396 526.9944 -1 33400 -5255.73141943
590610591 -167.057 -43.89919 -5360.395 677.0431 -1 33400 -5350.49333242
590610592 -167.062 -43.71191 -5314.321 899.3277 -1 33400 -5305.04999658
590610593 -167.1424 -43.58381 -5240.421 819.1842 -1 33400 -5243.46064064
590610594 -166.9451 -43.48674 -5285.682 957.7464 -1 33400 -5287.4120453
590610595 -166.8784 -43.65689 -5346.386 1031.977 -1 33400 -5345.36413215
590610596 -166.9244 -43.92243 -5392.51 853.3962 -1 33400 -5400.0057043
590610597 -166.4632 -44.04285 -5359.26 576.2031 -1 33400 -5397.93528301
5906105100 -165.5323 -44.12594 -5391.441 1131.781 -1 33400 -5398.20421312
5906105101 -165.2809 -44.35641 -5413.288 861.2334 -1 33400 -5430.6499346
5906105102 -165.0468 -44.43956 -5323.256 340.5244 -1 33400 -5342.60023403
5906105103 -164.8563 -44.37299 -5400.897 227.289 -1 33400 -5407.98407569
5906105104 -164.708 -44.69867 -5425.404 266.9768 -1 33400 -5430.23338724
5906105105 -164.2731 -44.74693 -5455.947 438.8474 -1 33400 -5459.50415426
5906105106 -164.2821 -44.9902 -5436.672 289.3763 -1 33400 -5427.67648185
5906105107 -164.2803 -45.21675 -5400.67 97.30673 -1 33400 -5404.95697427
5906105108 -164.1304 -45.33499 -5382.229 391.0816 -1 33400 -5390.19504155
5906105109 -163.9306 -45.58164 -5437.73 871.5187 -1 33400 -5436.04242116
5906105110 -164.3652 -45.85557 -5489.816 782.578 -1 33400 -5464.71396595
5906105111 -164.8558 -45.76558 -5388.304 235.307 -1 33400 -5402.80633636
5906105112 -164.7246 -45.7726 -5554.929 362.241 -1 33400 -5519.46388498
5906105113 -165.3053 -45.80825 -5553.848 307.2628 -1 33400 -5572.5955249
5906105114 -165.8827 -45.76564 -5494.408 437.3946 9998 33400 -5517.03057541
5906105115 -165.8971 -45.7442 -5496.932 423.7389 -1 33400 -5501.49373028
5906105116 -166.2518 -45.74182 -5538.704 575.3647 -1 33400 -5533.62894533
5906105117 -166.3658 -45.75545 -5502.052 595.0516 -1 33400 -5500.56087111
5906105118 -166.4211 -45.6919 -5494.349 617.2804 -1 33400 -5494.15045661
5906105119 -166.8703 -45.69013 -5413.01 597.2946 -1 33400 -5416.30944358
5906105120 -167.189 -45.65077 -5384.297 557.2921 -1 33400 -5388.76960218
5906105121 -167.56 -45.50276 -5327.477 689.2489 -1 33400 -5350
5906105122 -167.7845 -45.25491 -5325.469 458.7116 9998 33400 -5303.76579805
5906105123 -168.2333 -44.97346 -5160.251 276.2715 -1 33400 -5164.42034812
5906105124 -168.4827 -44.96426 -5233.268 454.6105 -1 33400 -5242.21859171
5906105125 -168.6546 -45.18659 -5288.144 387.0942 -1 33400 -5284.65343587
5906105126 -168.6863 -45.66718 -5315.879 569.1351 9998 33400 -5213.23037799
5906105127 -168.4704 -45.67027 -5288.198 435.7549 9998 33400 -5272.18212296
5906105128 -168.3316 -45.60992 -5263.836 243.8073 -1 33400 -5268.74898785
5906105129 -167.9842 -45.20537 -5259.966 256.9414 -1 33400 -5247.60010867
5906105130 -167.3913 -44.97129 -5296.089 248.1371 -1 33400 -5294.86463455
5906105131 -167.3493 -45.11515 -5314.118 274.1233 -1 33400 -5309.50503302
5906105132 -167.6685 -44.95575 -5262.798 100.6062 -1 33400 -5262.77368709
5906105133 -167.6653 -44.56286 -5279.931 486.3965 -1 33400 -5284.6826373
5906105134 -167.1978 -44.42702 -5240.11 500.1177 -1 33400 -5251
5906105135 -166.7269 -44.18658 -5359.866 789.3515 9998 33400 -5329.47264594
5906105136 -166.6844 -43.71657 -5462.27 1078.084 9998 33400 -5442.96429733
5906105137 -165.8423 -43.36705 -5175.158 820.6422 9998 33400 -5250.92329386
5906105138 -165.0352 -43.69097 -5156.019 953.5973 9998 33400 -5185.90370339
5906105139 -164.5234 -44.14076 -5258.257 499.5305 9998 33400 -5226.9631388
5906105140 -164.2353 -44.2921 -5265.832 673.5872 9998 33400 -5233.5112464
5906105141 -164.2576 -44.37432 -5274.504 566.2095 9998 33400 -5186.76965027
5906105142 -163.8496 -44.62425 -5270.51 875.4451 9998 33400 -5278.7249563
5906105143 -163.1497 -44.81044 -5095.916 1000.881 9998 33400 -5225.99209208
5906105144 -162.8784 -44.82826 -5234.495 1059.14 9998 33400 -5171.86200245
5906105145 -162.9175 -44.91751 -5146.332 934.3793 9998 33400 -5242.2453438
5906105146 -162.4647 -45.15522 -5426.819 781.8502 9998 33400 -5305.3585953
5906105147 -162.7391 -45.38671 -5222.026 749.1666 9998 33400 -5327.15315847
5906105148 -162.8199 -45.47579 -5304.069 802.9878 9998 33400 -5330.66160796
5906105149 -162.861 -45.67421 -5357.872 858.872 9998 33400 -5341.30761552
5906105150 -163.0789 -45.83657 -5429.477 775.9802 -1 33400 -5451.51597359
5906105151 -163.0701 -46.18825 -5257.458 481.2424 9998 33400 -5332.87712545
5906105152 -162.5936 -46.52948 -5277.038 534.9999 9998 33400 -5305.5033232
5906105153 -162.3601 -46.66817 -5385.244 693.9891 -1 33400 -5397.24378978
5906105154 -162.4639 -46.71752 -5335.394 634.4252 -1 33400 -5343.9601515
5906105155 -162.3529 -46.82625 -5343.178 793.4623 9998 33400 -5321.45676906
5906105156 -162.3517 -46.87383 -5013.959 717.0534 9998 33400 -5122.85638967
5906105157 -162.5304 -46.77333 -5007.998 577.434 -1 33400 -5021.87000636
5906105158 -162.6622 -46.76896 -4931.052 539.5119 -1 33400 -4941.3063993
5906105160 -162.2601 -46.89896 -5345.657 867.0848 9998 33400 -5201.29518166
5906105163 -160.9167 -47.19949 -5090.145 748.8751 -1 33400 -5077.63070151
5906105164 -160.9194 -47.22341 -5094.976 752.6299 -1 33400 -5033.73749201
590610613 -156.8904 -35.80749 -5372.163 879.4256 -1 33400 -5390.43661825
590610614 -156.7474 -35.88336 -5405.535 863.7419 -1 33400 -5504.96294192
590610615 -156.6238 -35.87758 -5394.692 818.3098 -1 33400 -5344.72762281
590610616 -156.5262 -35.84308 -5278.676 763.6235 -1 33400 -5288.56468454
590610617 -156.6395 -35.73485 -5405.896 838.4114 -1 33400 -5359.79460433
590610618 -156.5473 -35.66196 -5407.673 803.0579 -1 33400 -5367.97995885
590610619 -156.4427 -35.61424 -5416.312 794.9589 -1 33400 -5358.13609803
590610620 -156.4155 -35.58527 -5410.614 775.5629 -1 33400 -5340.2226963
590610621 -156.4411 -35.5923 -5403.251 774.1403 -1 33400 -5373.40525836
590610622 -156.363 -35.53129 -5439.686 794.7869 -1 33400 -5418.59148307
590610623 -156.335 -35.5743 -5486.711 802.8158 -1 33400 -5417.18236803
590610624 -156.2649 -35.5691 -5426.887 767.3712 -1 33400 -5391.86481444
590610625 -156.3093 -35.57827 -5455.345 788.1022 -1 33400 -5381.9579069
590610626 -156.3439 -35.61759 -5448.357 796.5214 -1 33400 -5372.4672223
590610627 -156.4037 -35.70522 -5317.586 764.6418 -1 33400 -5303.32184784
590610628 -156.4387 -35.72004 -5400.286 797.6338 -1 33400 -5328.02120145
590610629 -156.4928 -35.67219 -5466.725 825.5522 -1 33400 -5395.97376612
590610630 -156.4542 -35.64833 -5384.149 792.1428 -1 33400 -5339.37574037
590610631 -156.4503 -35.58229 -5388.538 784.8124 -1 33400 -5369.0395979
590610632 -156.312 -35.37881 -5484.095 868.1855 -1 33400 -5479.90848364
590610634 -156.481 -35.00505 -5233.617 636.0025 -1 33400 -5454.81535297
590610635 -156.5945 -34.94415 -5401.329 528.5669 -1 33400 -5518.23411451
590610637 -156.6108 -34.71276 -5447.139 371.8477 -1 33400 -5447.5036191
590610638 -156.554 -34.47405 -5326.679 372.4586 -1 33400 -5454.30537912
590610639 -156.6455 -34.13424 -5224.319 420.8966 -1 33400 -5230.81016747
590610640 -156.7369 -34.13247 -5251.261 425.4796 -1 33400 -5252.22676517
590610641 -156.5479 -33.99119 -5228.26 527.6339 -1 33400 -5235.76109178
590610642 -156.464 -33.91541 -5339.042 593.1782 -1 33400 -5332.30024979
590610643 -156.2961 -33.89779 -5271.716 485.2025 -1 33400 -5351.4813316
590610644 -156.1656 -33.98749 -5249.098 370.5766 -1 33400 -5278.53254813
590610645 -156.0439 -34.19606 -5281.754 218.8883 -1 33400 -5299.13727646
590610646 -156.0345 -34.33819 -5294.674 268.5893 -1 33400 -5366.64856759
590610647 -156.0061 -34.49761 -5345.654 386.62 -1 33400 -5378.10894985
590610648 -156.0172 -34.53311 -5355.711 405.6602 -1 33400 -5366.55497309
590610649 -155.9726 -34.44164 -5294.24 282.0666 -1 33400 -5039.36621658
590610650 -155.9649 -34.56307 -5319.857 411.9806 -1 33400 -5452.10246903
590610651 -155.8318 -34.64316 -5258.395 436.1827 -1 33400 -5416.17071566
590610652 -155.4374 -34.66706 -5303.437 689.1671 -1 33400 -5294.01021526
590610653 -155.1024 -34.48855 -5276.584 532.3984 -1 33400 -5205.13086543
590610654 -154.7302 -34.43233 -5258.199 135.0251 -1 33400 -5274.01738441
590610655 -154.5703 -34.32828 -5143.681 244.6721 -1 33400 -5166.08913425
590610656 -154.6092 -34.31778 -5119.254 241.4319 -1 33400 -5174.22455743
590610657 -154.4888 -34.28693 -5181.992 313.9669 -1 33400 -5208.16651183
590610658 -154.3073 -34.28505 -5195.369 346.8765 -1 33400 -5202.59179464
590610659 -154.1434 -34.14509 -5183.993 436.5149 -1 33400 -5236.01632756
590610660 -153.9526 -34.04951 -5208.946 445.7242 -1 33400 -5283.50730136
590610661 -153.4626 -33.96901 -5233.019 545.243 -1 33400 -5265.54813244
590610662 -152.9931 -33.82554 -5182.972 735.936 -1 33400 -5224.7096247
590610663 -152.5516 -33.81205 -5260.224 668.4495 -1 33400 -5261.51802143
590610664 -152.4299 -33.79563 -5180.755 665.2628 -1 33400 -5248.12323006
590610665 -152.3687 -33.64156 -5268.439 832.8196 -1 33400 -5261.73298288
590610666 -152.1274 -33.62385 -5230.652 873.0784 -1 33400 -5230.49515005
590610667 -152.069 -33.64735 -5371.518 903.8171 -1 33400 -5359.35109815
590610668 -152.0256 -33.63764 -5265.631 877.0583 -1 33400 -5269.7657293
590610669 -151.9955 -33.6456 -5179.852 846.3544 -1 33400 -5211.74220676
590610670 -151.9973 -33.69853 -5361.131 873.9624 -1 33400 -5362.01221124
590610671 -151.8544 -33.66831 -5271.916 924.5488 -1 33400 -5251.65616285
590610672 -151.8266 -33.70576 -5223.057 844.2489 -1 33400 -5269.0710352
590610673 -151.7665 -33.71084 -5271.897 873.174 -1 33400 -5295.97310433
590610674 -151.7278 -33.53797 -5338.246 989.0469 -1 33400 -5331.3185328
590610675 -151.6435 -33.46846 -5221.029 923.6482 -1 33400 -5224.68203081
590610676 -151.6991 -33.33206 -5246.676 887.212 -1 33400 -5231.78169338
590610677 -151.6895 -33.29239 -5218.587 870.0258 -1 33400 -5222.06901634
590610678 -151.751 -33.10288 -5273.331 856.6209 -1 33400 -5272.81954957
590610680 -151.9137 -33.10467 -5135.782 840.4697 -1 33400 -5138.52955515
590610681 -151.8919 -33.20172 -5172.485 871.3916 -1 33400 -5155.71703597
590610682 -151.9797 -33.21898 -5119.539 900.7041 -1 33400 -5107.54862662
590610683 -151.9332 -33.15112 -5312.069 917.2191 -1 33400 -5290.43071271
590610684 -151.8767 -33.24548 -5053.967 837.2762 -1 33400 -5060.79439491
590610685 -151.8108 -33.31007 -5035.703 847.8694 -1 33400 -5043.8396031
590610686 -151.767 -33.25927 -5020.107 812.2378 -1 33400 -5039.16185501
590610687 -151.7645 -33.1317 -5144.788 789.8701 -1 33400 -5139.65503826
590610688 -151.7775 -33.1312 -5151.866 796.2596 -1 33400 -5140.14167986
590610689 -151.76 -33.11673 -5270.03 830.4697 -1 33400 -5186.82046053
590610690 -151.7298 -32.97095 -5261.761 781.2987 -1 33400 -5266.06749031
590610691 -151.5958 -32.90524 -5128.305 713.004 -1 33400 -5126.9679936
590610692 -151.5083 -32.85312 -5183.495 670.0351 -1 33400 -5180.58386832
590610693 -151.4359 -32.68432 -5082.334 622.882 -1 33400 -5107.75469274
590610694 -151.5222 -32.61763 -5080.423 596.078 -1 33400 -5178.4117568
590610695 -151.7929 -32.64515 -5151.881 494.1072 -1 33400 -5124.72632542
590610696 -151.9633 -32.70592 -5105.892 528.0345 -1 33400 -5097.34049308
590610697 -152.0524 -32.7523 -4918.724 567.4794 -1 33400 -4937.93133034
590610698 -152.0485 -32.89712 -4987.952 702.2537 -1 33400 -5000.49949439
590610699 -151.8694 -32.93647 -5301.313 809.8074 -1 33400 -5304.38540564
5906106100 -151.6788 -33.10061 -5138.595 781.9781 -1 33400 -5152.07418089
5906106101 -151.5431 -33.21355 -5262.526 791.819 -1 33400 -5264.0408745
5906106102 -151.3096 -33.26621 -5255.33 754.0773 -1 33400 -5271.33480803
5906106103 -151.0912 -33.27631 -5266.083 702.0765 -1 33400 -5268.32669135
5906106104 -150.9987 -33.06372 -5281.004 619.9775 -1 33400 -5267.92003533
5906106105 -151.025 -32.82699 -5080.042 515.1279 9998 33400 -5083.96820694
5906106106 -151.1649 -32.6505 -5162.448 565.8572 -1 33400 -5188.17692455
5906106107 -151.3669 -32.44604 -5222.836 619.952 -1 33400 -5346.40120561
5906106108 -151.4384 -32.33556 -5084.519 532.6215 -1 33400 -5066.17464116
5906106109 -151.792 -32.23915 -5221.181 139.4398 -1 33400 -5213.27734191
5906106110 -151.8861 -32.01353 -5242.604 113.4614 -1 33400 -5243.82137089
5906106111 -151.8697 -32.00754 -5263.735 116.1662 -1 33400 -5259.18946874
5906106112 -152.0095 -31.96856 -5259.682 203.4914 -1 33400 -5255.13035659
5906106113 -151.8451 -31.93379 -5191.454 180.9112 -1 33400 -5264.99715553
5906106114 -151.7722 -31.93411 -5374.131 194.8675 -1 33400 -5424.3035579
5906106115 -151.7136 -31.99076 -5012.781 136.372 -1 33400 -5194.83614639
5906106116 -151.6764 -32.00459 -5337.091 173.0222 -1 33400 -5359.54795079
5906106118 -151.5788 -32.20148 -5181.256 338.639 -1 33400 -5180.65368015
5906106119 -151.6666 -32.25218 -5223.598 292.5425 -1 33400 -5208.78419065
5906106120 -151.7133 -32.22696 -5125.977 207.2465 -1 33400 -5135.35761552
5906106121 -151.7594 -32.20749 -5194.633 153.7112 -1 33400 -5195.05556798
5906106122 -151.8174 -32.16768 -5115.141 64.63101 -1 33400 -5128.695754
5906106123 -151.9233 -32.09024 -5156.968 114.308 -1 33400 -5153.59716152
5906106124 -152.0083 -32.05437 -5113.25 164.6106 -1 33400 -5117.44299307
5906106125 -152.2025 -31.96227 -5163.811 252.9644 -1 33400 -5186.28257684
5906106126 -152.2306 -31.9779 -5203.65 252.1242 -1 33400 -5243.62780814
5906106127 -152.0929 -31.92908 -5218.31 276.0358 -1 33400 -5212.23656294
5906106128 -151.9995 -31.87237 -5238.206 283.9327 -1 33400 -5264.39551958
5906106129 -152.0819 -31.91308 -5251.08 293.0037 -1 33400 -5217.6353039
5906106130 -152.0726 -31.88811 -5212.22 284.1873 -1 33400 -5198.83706012
5906106131 -151.9102 -31.86195 -5239.083 278.5028 -1 33400 -5289.96067677
5906106132 -151.8354 -31.80979 -5193.059 328.4604 -1 33400 -5204.12675074
5906106133 -151.7213 -31.57014 -5258.885 564.7952 -1 33400 -5250.47033399
5906106134 -151.8195 -31.18951 -5085.582 863.7156 -1 33400 -5088.57483181
5906106135 -152.3508 -31.14119 -5150.196 727.4703 9998 33400 -5200.4355307
5906106136 -152.7196 -30.94818 -5083.063 907.6292 -1 33400 -5126.7200141
5906106137 -152.8956 -30.83576 -5170.008 1076.892 -1 33400 -5189.55270602
5906106138 -152.8168 -30.70032 -5196.148 1300.958 -1 33400 -5223.07645224
5906106139 -152.9317 -30.56123 -5267.265 1630.945 9998 33400 -5034.17510781
5906106140 -152.7641 -30.51833 -5070.435 1558.595 -1 33400 -5082.29125936
5906106141 -152.7375 -30.48645 -5113.225 1606.371 -1 33400 -5111.07800656
5906106142 -152.5094 -30.58479 -5140.924 1399.933 9998 33400 -5172.11054151
5906106143 -152.2932 -30.62641 -5282.456 1458.532 -1 33400 -5302.14690189
5906106144 -152.4037 -30.71534 -5035.621 1234.131 9998 33400 -5134.20074332
5906106145 -152.3389 -30.74684 -5087.802 1258.638 -1 33400 -5165.23881409
5906106146 -152.1792 -30.67092 -5027.78 1317.249 -1 33400 -5051.67881574
5906106147 -152.355 -30.7651 -5154.231 1248.015 -1 33400 -5175.09503752
5906106148 -152.4078 -30.78222 -5115.238 1182.762 -1 33400 -5199.49164261
5906106149 -152.4452 -30.872 -5119.08 1066.998 -1 33400 -5171.81196961
5906106150 -152.4225 -30.88362 -5100.646 1056.25 -1 33400 -5173.33084956
5906106151 -152.4531 -30.86736 -5168.347 1101.636 9998 33400 -5197.89480536
5906106152 -152.5504 -30.89231 -5265.864 1093.423 -1 33400 -5286.66862801
5906106153 -152.4879 -30.75797 -5105.838 1210.571 9998 33400 -5184.900137
5906106154 -152.7103 -30.62104 -5099.881 1351.856 -1 33400 -5182.66500799
5906106155 -152.8417 -30.3222 -5205.808 2035.727 9998 33400 -5138.20837636
5906106156 -152.5326 -30.25788 -5162.297 1909.49 9998 33400 -5139.3229522
5906106157 -152.377 -30.43757 -5065.52 1481.305 9998 33400 -5088.94781907
5906106158 -152.3513 -30.56693 -5093.211 1373.169 9998 33400 -5112.77846204
5906106159 -152.2867 -30.69932 -5068.226 1286.186 -1 33400 -5088.23630273
5906106160 -152.3729 -30.73569 -5083.83 1246.21 -1 33400 -5087.7479726
5906106161 -152.4143 -30.73754 -5052.591 1192.921 9998 33400 -5146.22035625
5906106162 -152.4807 -30.81187 -5212.68 1168.656 9998 33400 -5231.28586522
5906106163 -152.7956 -30.7235 -5277.374 1290.975 -1 33400 -5304.40373236
5906106164 -152.9279 -30.61166 -5024.214 1367.69 9998 33400 -5053.67183474
5906106165 -152.9796 -30.6286 -5039.15 1337.981 9998 33400 -5026.59219856
5906106166 -152.9641 -30.73122 -5076.167 1178.149 9998 33400 -5056.67541258
5906106167 -152.8803 -30.72833 -5178.974 1240.127 -1 33400 -5172.07785731
5906106168 -152.9439 -30.75694 -5012.124 1122.707 9998 33400 -5111.09656682
590610712 -153.5848 -37.53266 -5398.066 133.3562 -1 33400 -5366.8615822
590610713 -153.6443 -37.71185 -5438.058 259.7779 -1 33400 -5396.87406844
590610715 -153.7231 -37.94132 -5472.983 304.4413 -1 33400 -5522.02943721
590610716 -153.9343 -38.00343 -5463.952 301.6866 -1 33400 -5454.1931785
590610717 -153.9533 -38.04226 -5352.123 244.8392 -1 33400 -5350.84888163
590610718 -154.0728 -37.96638 -5331.63 302.5274 -1 33400 -5291.87176603
590610719 -154.1574 -37.91263 -5343.082 322.6805 -1 33400 -5311.77270174
590610720 -154.2347 -37.93613 -5302.106 307.2321 -1 33400 -5382.11542982
590610721 -154.2725 -37.94881 -5312.463 305.8842 -1 33400 -5418.74289748
590610722 -154.3432 -37.93732 -5266.365 313.7944 -1 33400 -5356.27282977
590610723 -154.468 -37.86264 -5237.63 354.3346 -1 33400 -5246.50249647
590610724 -154.6204 -37.88909 -5252.438 333.3943 -1 33400 -5162.42150776
590610725 -154.694 -37.96657 -5281.656 246.9196 -1 33400 -5287.41514361
590610726 -154.6931 -38.0198 -5123.793 217.3063 -1 33400 -5156.27696584
590610727 -154.7396 -38.05053 -5273.867 161.1472 -1 33400 -5390.84855611
590610728 -154.5594 -37.97546 -5241.451 288.685 9998 33400 -5169.81247966
590610729 -154.467 -37.92884 -5231.786 322.6853 -1 33400 -5201.06703475
590610730 -154.4678 -37.91883 -5230.434 352.3208 -1 33400 -5202.0838984
590610731 -154.3869 -37.8962 -5256.601 349.4352 -1 33400 -5341.97285561
590610732 -154.3459 -37.89544 -5322.561 354.3407 -1 33400 -5402.71043473
590610733 -154.2444 -37.90363 -5318.198 336.2879 -1 33400 -5348.31598089
590610734 -154.2599 -37.87244 -5314.824 348.5595 -1 33400 -5335.449697
590610735 -154.2943 -37.66679 -5317.149 360.2873 -1 33400 -5234.24014557
590610736 -154.4242 -37.65664 -5325.966 397.0687 -1 33400 -5371.47051997
590610737 -154.4312 -37.56184 -5365.521 353.5574 -1 33400 -5368.6476432
590610738 -154.3824 -37.41853 -5340.122 311.7733 -1 33400 -5304.72670759
590610739 -154.5104 -37.37317 -5307.12 240.642 -1 33400 -5256.36610964
590610740 -154.5564 -37.32042 -5415.594 221.2187 -1 33400 -5349.0227026
590610741 -154.414 -37.18815 -5368.798 298.3299 -1 33400 -5291.28634027
590610742 -154.3321 -37.12794 -5298.227 297.9231 -1 33400 -5286.7784958
590610743 -154.2498 -37.02092 -5375.171 364.0584 -1 33400 -5462.75070091
590610744 -154.31 -36.98818 -5358.145 436.7136 -1 33400 -5486.32913537
590610745 -154.3954 -36.97435 -5358.636 413.732 -1 33400 -5393.00991933
590610746 -154.3604 -36.88042 -5357.421 518.8576 -1 33400 -5515.4404257
590610747 -154.4765 -36.81633 -5359.388 554.8035 -1 33400 -5445.52532048
590610748 -154.6554 -36.89556 -5406.021 471.9987 -1 33400 -5396.79670656
590610749 -154.7065 -36.94403 -5419.745 439.9669 9998 33400 -5343.00240398
590610750 -154.702 -37.02553 -5366.841 339.619 -1 33400 -5291.59922609
590610751 -154.671 -37.16003 -5340.342 193.6355 -1 33400 -5302.40781803
590610752 -154.5189 -37.25131 -5368.768 250.9253 9998 33400 -5335.96964759
590610753 -154.2649 -37.24845 -5326.451 306.832 -1 33400 -5330.28954104
590610754 -153.9357 -37.37095 -5438.707 77.54329 -1 33400 -5420.51406019
590610755 -153.7274 -37.37436 -5426.508 38.89419 -1 33400 -5361.75172283
590610756 -153.6625 -37.3101 -5462.451 66.06159 -1 33400 -5492.2754301
590610757 -153.5606 -37.31545 -5354.987 81.31055 9998 33400 -5195.52981895
590610758 -153.6286 -37.18919 -5389.905 67.42572 -1 33400 -5465.41565854
590610759 -153.7389 -37.12751 -5453.15 78.87905 -1 33400 -5537.16061943
590610760 -153.7597 -37.10088 -5430.996 87.7054 -1 33400 -5497.16109893
590610761 -153.7099 -37.15078 -5461.269 72.13364 -1 33400 -5558.07863685
590610764 -153.5012 -37.71124 -5444.543 213.5078 -1 33400 -5369.77098893
590610765 -153.3387 -37.79851 -5429.594 194.772 -1 33400 -5451.35136627
590610766 -153.4167 -37.76298 -5309.938 193.7677 -1 33400 -5308.97121635
590610767 -153.5253 -37.69717 -5476.2 217.4646 -1 33400 -5454.97661732
590610768 -153.385 -37.61575 -5422.229 119.2498 -1 33400 -5522.43113542
590610769 -153.3035 -37.57435 -5364.353 72.32902 -1 33400 -5393.82247442
590610771 -153.1293 -37.60141 -5463.375 124.8977 9998 33400 -5398.58628744
590610773 -153.0262 -37.54977 -5479.658 167.8132 -1 33400 -5464.44172129
590610774 -153.1238 -37.61695 -5470.626 142.9257 -1 33400 -5388.81389397
590610775 -153.1728 -37.80442 -5422.814 231.0846 -1 33400 -5492.26400764
590610776 -153.2819 -37.95032 -5396.607 262.7035 -1 33400 -5336.53544958
590610777 -153.3796 -38.01671 -5401.898 253.5853 -1 33400 -5369.60856204
590610778 -153.5456 -38.05647 -5396.458 220.6991 -1 33400 -5434.42742012
590610779 -153.7124 -38.04272 -5385.913 216.5924 -1 33400 -5417.6407309
590610780 -153.8322 -37.9924 -5428.242 303.3597 -1 33400 -5364.85057815
590610781 -153.9192 -37.94733 -5450.526 326.7682 -1 33400 -5419.39496856
590610785 -153.9038 -37.5971 -5469.376 175.309 9998 33400 -5594.08948051
590610788 -154.0343 -37.91236 -5442.025 342.5771 -1 33400 -5427.6660413
590610789 -153.677 -37.97913 -5436.669 285.2654 -1 33400 -5516.8074924
590610791 -153.1318 -37.82338 -5337.992 256.2981 -1 33400 -5368.82690771
590610792 -153.2495 -37.82794 -5481.361 213.8482 -1 33400 -5613.97524808
590610793 -153.3143 -37.81892 -5370.143 198.2808 -1 33400 -5385.7339981
590610794 -153.3532 -37.91931 -5397.687 242.1189 -1 33400 -5380.22829408
590610795 -153.5084 -38.09126 -5439.326 217.2684 -1 33400 -5492.65406836
590610796 -153.7285 -38.11475 -5335.529 170.6085 -1 33400 -5283.47152
590610797 -153.9462 -38.07113 -5331 200.7504 -1 33400 -5315.5151157
590610798 -154.3267 -37.80885 -5350.491 383.4953 -1 33400 -5398.71353569
590610799 -154.4932 -37.69951 -5204.376 377.5943 -1 33400 -5314.1171581
5906107100 -154.5275 -37.6436 -5353.281 383.275 -1 33400 -5441.17342766
5906107101 -154.6055 -37.63781 -5303.313 353.5117 -1 33400 -5343.78702371
5906107102 -154.423 -37.47889 -5299.805 310.8951 -1 33400 -5247.63447856
5906107103 -154.4747 -37.33443 -5366.017 279.4256 -1 33400 -5287.4748715
5906107104 -154.5929 -37.37231 -5316.708 204.9997 -1 33400 -5337.7785544
5906107105 -154.7668 -37.56099 -5281.072 281.6089 -1 33400 -5219.67289806
5906107106 -154.7468 -37.76685 -5266.639 267.7361 -1 33400 -5251.86468637
5906107107 -154.728 -37.78522 -5261.012 319.1143 -1 33400 -5161.99283137
5906107108 -154.5948 -37.69371 -5348.126 371.3318 -1 33400 -5345.65609739
5906107109 -154.6251 -37.59286 -5262.652 325.5305 -1 33400 -5278.3890859
5906107110 -154.8118 -37.70551 -5264.537 287.9396 -1 33400 -5214.28179919
5906107111 -154.6407 -37.77859 -5361.06 310.53 -1 33400 -5258.25552085
5906107112 -154.4323 -37.71313 -5296.305 397.0434 -1 33400 -5397.04186142
5906107113 -154.446 -37.57803 -5335.979 388.7351 -1 33400 -5354.59677429
5906107114 -154.4321 -37.41255 -5300.029 321.1651 -1 33400 -5227.16370277
5906107115 -154.4619 -37.44351 -5300.402 294.7673 -1 33400 -5256.9605658
5906107116 -154.4219 -37.31101 -5362.93 273.0632 -1 33400 -5357.74326958
5906107117 -154.327 -37.22912 -5352.607 289.5523 -1 33400 -5264.24474593
5906107118 -154.4268 -37.21106 -5382.343 260.0316 -1 33400 -5376.24488882
5906107119 -154.4211 -36.94504 -5317.878 397.4364 -1 33400 -5324.57359262
5906107120 -154.423 -36.81471 -5394.829 637.472 9998 33400 -5453.69197314
5906107121 -154.4191 -36.82671 -5339.627 623.0142 9998 33400 -5451.29924048
5906107122 -154.4595 -36.81084 -5389.311 602.5239 -1 33400 -5469.22164711
5906107123 -154.5655 -36.89718 -5306.278 479.5392 -1 33400 -5228.10892188
5906107124 -154.5696 -37.02037 -5368.393 373.848 -1 33400 -5355.6137007
5906107125 -154.4528 -37.04621 -5324.513 355.7928 -1 33400 -5261.71367261
5906107126 -154.4046 -36.92303 -5301.713 494.9674 -1 33400 -5353.77504032
5906107127 -154.431 -36.79654 -5436.951 607.0555 -1 33400 -5518.53380773
5906107128 -154.5497 -36.78796 -5291.508 558.1794 -1 33400 -5327.14653145
5906107129 -154.6885 -36.87269 -5383.86 483.2007 -1 33400 -5413.93976565
5906107130 -154.7723 -36.96201 -5168.474 388.4471 -1 33400 -5256.14454813
5906107131 -154.7845 -36.9792 -5157.611 356.0428 -1 33400 -5122.94931524
5906107132 -154.831 -36.84551 -5116.477 424.069 -1 33400 -5325.55569695
5906107133 -154.7893 -36.75149 -5456.72 519.8456 -1 33400 -5538.31583638
5906107135 -154.7381 -36.7945 -5328.99 505.6676 -1 33400 -5345.625539
5906107136 -154.9615 -36.78732 -5477.028 515.3658 -1 33400 -5491.05549405
5906107137 -154.9277 -36.61547 -5447.88 539.7877 -1 33400 -5491.21456576
5906107138 -154.7919 -36.38495 -5455.831 659.1179 -1 33400 -5452.94845678
5906107139 -154.8707 -36.32629 -5323.496 603.2853 -1 33400 -5331.80766073
5906107140 -154.8642 -36.32636 -5375.114 606.0294 -1 33400 -5360.09392087
5906107141 -154.7819 -36.2555 -5401.001 651.9127 9998 33400 -5496.93156884
5906107142 -154.8318 -36.22197 -5441.195 660.9047 -1 33400 -5551.11052343
5906107143 -154.8929 -36.29522 -5383.456 609.8658 -1 33400 -5367.30459124
5906107144 -154.7607 -36.34817 -5482.661 658.0637 -1 33400 -5566.87158762
5906107145 -154.8634 -36.35972 -5353.988 593.6625 -1 33400 -5303.18289326
5906107146 -154.7913 -36.40885 -5393.957 608.857 -1 33400 -5395.10855454
5906107147 -154.6802 -36.50925 -5470.68 605.4625 -1 33400 -5525.05273763
5906107148 -154.6416 -36.67924 -5320.521 582.0463 -1 33400 -5338.78612515
5906107149 -154.5961 -36.79757 -5382.443 535.1713 -1 33400 -5384.2458417
5906107150 -154.597 -36.91783 -5379.287 457.9563 9998 33400 -5259.06619657
5906107151 -154.5292 -37.1081 -5257.648 288.9538 9998 33400 -5243.72605588
5906107152 -154.5837 -37.31959 -5348.497 185.6459 -1 33400 -5395.61701578
5906107153 -154.7118 -37.60487 -5268.556 310.7847 -1 33400 -5214.61339097
5906107154 -154.745 -37.59995 -5293.258 301.2908 -1 33400 -5224.93973864
5906107155 -154.8904 -37.69124 -5284.4 281.8834 -1 33400 -5305.34245405
5906107156 -154.8029 -37.81835 -5351.745 294.1238 -1 33400 -5292.7410408
5906107157 -154.6122 -37.74957 -5253.375 391.2774 -1 33400 -5188.01188894
5906107158 -154.7005 -37.69067 -5269.193 337.269 -1 33400 -5208.94178904
5906107159 -154.8285 -37.77128 -5251.138 289.4317 -1 33400 -5307.83767318
5906107160 -154.8098 -37.78791 -5252.68 284.1577 -1 33400 -5263.07783943
5906107161 -154.7979 -37.77852 -5303.344 306.0458 -1 33400 -5277.68490968
5906107162 -154.7117 -37.74882 -5329.7 368.8009 -1 33400 -5265.65693961
5906107163 -154.6136 -37.54012 -5246.595 307.47 -1 33400 -5338.66586679
5906107164 -154.6833 -37.44338 -5349.407 213.1025 -1 33400 -5440.88741201
5906107165 -154.5053 -37.25258 -5325.384 260.1919 9998 33400 -5321.69988166
5906107166 -154.3311 -36.98236 -5350.013 429.7168 -1 33400 -5466.30516351
5906107167 -154.5856 -36.90184 -5324.291 468.5315 -1 33400 -5225.49908103
5906107168 -154.5014 -37.03103 -5351.83 372.6818 -1 33400 -5267.98747108
590610811 -149.9268 -39.15502 -5407.348 412.8966 -1 33400 -5404.2938593
590610812 -150.0898 -39.22544 -5428.897 467.9598 -1 33400 -5475.08394469
590610813 -150.1825 -39.29138 -5458.093 507.8764 -1 33400 -5522.69367217
590610814 -150.1312 -39.39874 -5335.978 624.0212 -1 33400 -5418.55746773
590610815 -150.1735 -39.45992 -5368.769 678.3804 -1 33400 -5425.11716307
590610816 -150.2749 -39.44639 -5287.538 647.6594 -1 33400 -5296.59821682
590610817 -150.42 -39.31528 -5434.274 486.9923 -1 33400 -5426.56362627
590610818 -150.3901 -39.27449 -5325.387 425.3504 -1 33400 -5324.70924945
590610819 -150.3654 -39.20458 -5380.316 391.9048 -1 33400 -5379.48229014
590610820 -150.5006 -39.0726 -5079.983 284.2 -1 33400 -5134.07253491
590610821 -150.5541 -38.91728 -5433.114 354.297 -1 33400 -5367.57688129
590610822 -150.5778 -38.7742 -5407.34 396.1128 -1 33400 -5379.99378105
590610823 -150.5685 -38.66371 -5405.168 488.794 -1 33400 -5380.3408099
590610824 -150.5464 -38.61271 -5404.708 417.5863 -1 33400 -5406.8426156
590610825 -150.3419 -38.68447 -5433.228 448.4723 9998 33400 -5397.3236853
590610826 -150.3641 -38.73468 -5453.044 499.122 -1 33400 -5452.73111705
590610827 -150.2112 -38.74538 -5447.232 461.4594 -1 33400 -5491.22096238
590610828 -150.2175 -38.75534 -5463.873 458.8755 -1 33400 -5503.10526865
590610829 -150.4097 -38.7681 -5463.48 430.691 -1 33400 -5460.7921357
590610832 -150.1239 -39.13601 -5314.511 414.0977 -1 33400 -5365.70280563
590610833 -149.8092 -39.16742 -5426.41 414.0526 9998 33400 -5453.8799509
590610834 -149.6551 -39.12939 -5425.17 352.4845 -1 33400 -5488.81027026
590610835 -149.6513 -39.0489 -5434.308 372.9167 -1 33400 -5408.30973026
590610836 -149.4453 -39.12677 -5399.715 266.2605 -1 33400 -5405.96554842
590610837 -149.2408 -39.14583 -5470.746 236.5 -1 33400 -5475.61361264
590610838 -148.8486 -39.24871 -5483.758 333.1683 -1 33400 -5495.8694139
590610841 -148.3542 -39.31167 -5482.179 584.2878 -1 33400 -5510.07191474
590610844 -147.5569 -39.44043 -5472.438 452.9646 -1 33400 -5479.1525595
590610849 -146.863 -39.45975 -5334.98 462.3982 -1 33400 -5335.79296631
590610850 -146.922 -39.34509 -5482.355 443.9637 -1 33400 -5456.53371027
590610851 -146.6513 -39.32519 -5272.875 519.8433 -1 33400 -5298.64436873
590610853 -146.2877 -39.10857 -5335.246 689.7448 -1 33400 -5345.1307949
590610854 -146.2189 -38.88274 -5355.494 607.293 -1 33400 -5395.67429021
590610855 -146.1532 -38.81962 -5485.809 660.0492 -1 33400 -5492.68923575
590610856 -146.3296 -38.91467 -5333.306 606.9321 -1 33400 -5354.31885089
590610859 -146.0682 -38.80519 -5439.653 663.8041 -1 33400 -5413.48328392
590610863 -146.0532 -38.80738 -5383.8 643.3416 -1 33400 -5404.05924772
590610864 -145.9214 -38.6968 -5416.767 746.5912 -1 33400 -5427.5181604
590610865 -145.8596 -38.65258 -5398.978 781.3492 -1 33400 -5459.00873059
590610866 -145.6564 -38.6979 -5406.119 776.9106 9998 33400 -5478.05380768
590610867 -145.4154 -38.58638 -5418.177 773.1427 -1 33400 -5438.35196947
590610870 -145.5699 -38.3623 -5449.839 893.6932 -1 33400 -5406.14761592
590610873 -146.1284 -38.13005 -5436.692 784.1825 -1 33400 -5472.05506728
590610874 -146.3476 -38.07492 -5394.708 787.0135 -1 33400 -5406.1603771
590610875 -146.4643 -37.85527 -5427.05 558.3385 -1 33400 -5395.64738924
590610876 -146.5725 -37.59604 -5407.427 464.9603 -1 33400 -5396.89927943
590610877 -146.6027 -37.38801 -5173.318 391.6739 -1 33400 -5113.87611794
590610878 -146.6582 -37.24136 -5360.154 411.7812 -1 33400 -5361.63201246
590610879 -146.6335 -37.1448 -5431.459 425.184 -1 33400 -5440.59553757
590610883 -146.8191 -37.0505 -5463.738 412.6757 -1 33400 -5462.05651749
590610884 -146.9078 -36.9579 -5460.396 488.4727 -1 33400 -5458.3236786
590610888 -146.864 -37.08882 -5406.122 377.6156 -1 33400 -5402.75873509
590610889 -146.8693 -37.0351 -5449.71 421.414 -1 33400 -5451.00840351
590610890 -146.7587 -37.06629 -5474.861 417.7022 -1 33400 -5463.38270433
590610891 -146.8756 -37.08863 -5397.7 372.6177 -1 33400 -5397.2054512
590610892 -146.9458 -36.95349 -5466.592 471.7385 9998 33400 -5482.92944893
590610893 -146.9283 -36.88362 -5380.078 517.8898 -1 33400 -5364.49529705
590610894 -147.0012 -36.88612 -5400.313 517.7336 -1 33400 -5368.83770574
590610895 -147.0822 -36.90328 -5306.953 479.1762 -1 33400 -5454.76617943
590610898 -147.2099 -37.25932 -5231.323 384.7391 -1 33400 -5234.03622018
590610899 -147.0009 -37.10036 -5309.862 352.2537 -1 33400 -5314.64578717
5906108100 -147.0422 -36.9445 -5328.726 452.0794 -1 33400 -5368.42177377
5906108101 -146.9082 -36.85357 -5371.087 543.4415 -1 33400 -5351.73282454
5906108102 -146.9946 -36.82742 -4995.375 441.9273 -1 33400 -4960.7745907
5906108103 -146.985 -36.82666 -4979.566 496.8775 -1 33400 -4957.16432732
5906108104 -147.0665 -36.81971 -5133.937 529.7311 -1 33400 -5144.78581834
5906108105 -147.1485 -36.90786 -5078.251 425.2183 9998 33400 -5604.81484248
5906108106 -147.3658 -37.0812 -5403.318 449.6225 -1 33400 -5342.80307273
5906108107 -147.5515 -36.94984 -5234.276 549.6707 -1 33400 -5244.13186297
5906108108 -147.5948 -36.86492 -5215.227 636.8482 9998 33400 -5222.32870742
5906108109 -147.6678 -36.76411 -5293.264 757.8185 -1 33400 -5281.64548009
5906108110 -147.7542 -36.74249 -5333.566 792.2816 -1 33400 -5367.99540712
5906108111 -147.8405 -36.86361 -5416.104 722.848 -1 33400 -5414.44543275
5906108112 -148.0285 -36.83212 -5306.986 554.7726 -1 33400 -5337.46875012
5906108113 -147.9241 -36.62661 -5224.155 646.8422 -1 33400 -5252.7621758
5906108114 -147.9157 -36.63587 -5312.599 768.6282 -1 33400 -5300.97010766
5906108115 -147.9041 -36.54812 -5368.811 798.9342 -1 33400 -5343.71710491
5906108116 -148.1007 -36.5154 -5377.736 752.2639 -1 33400 -5383.4518595
5906108117 -148.3285 -36.54597 -5398.636 724.1957 -1 33400 -5389.60808696
5906108118 -148.5585 -36.59672 -5310.97 617.1849 -1 33400 -5303.60176329
5906108119 -148.6819 -36.65294 -5275.588 792.3593 -1 33400 -5299.66262657
5906108120 -148.7211 -36.65768 -5315.397 781.3296 -1 33400 -5326.45879576
5906108121 -148.6706 -36.60279 -5333.729 785.7537 -1 33400 -5394.28867822
5906108122 -148.5723 -36.47049 -5448.24 805.6335 9998 33400 -5462.7295968
5906108123 -148.4228 -36.31906 -5357.783 761.2043 -1 33400 -5365.36613969
5906108124 -148.2584 -36.32184 -5363.302 739.9565 9998 33400 -5301.05348674
5906108125 -148.1438 -36.16547 -5311.269 671.1334 -1 33400 -5318.00576726
5906108126 -147.9723 -36.07876 -5427.517 654.1085 -1 33400 -5434.10567867
5906108127 -147.9364 -36.17181 -5434.54 709.565 -1 33400 -5441.60990549
5906108128 -148.101 -36.35515 -5344.111 753.5156 -1 33400 -5327.37558054
5906108129 -148.1821 -36.53854 -5396.703 754.6326 -1 33400 -5397.13008523
5906108130 -148.262 -36.62285 -5360.739 700.2316 -1 33400 -5361.66855691
5906108131 -148.2872 -36.67068 -5399.544 671.3068 -1 33400 -5362.75864385
5906108132 -148.3173 -36.72764 -5233.119 649.7245 9998 33400 -5274.76771873
5906108133 -148.1884 -36.75588 -5352.735 642.2054 -1 33400 -5365.56215776
5906108134 -147.9331 -36.74201 -5399.704 741.2872 9998 33400 -5401.08065152
5906108135 -147.8332 -36.56692 -5359.797 843.6359 9998 33400 -5300.77668533
5906108139 -147.8571 -36.42634 -5335.071 852.9735 9998 33400 -5281.2112397
5906108140 -148.0198 -36.42164 -5357.251 787.2169 9998 33400 -5293.13132944
5906108141 -148.0071 -36.31511 -5360.11 778.8911 9998 33400 -5272.7856344
5906108142 -148.0009 -36.20705 -5362.678 687.8791 9998 33400 -5328.88258938
5906108143 -148.092 -36.12175 -5316.327 643.4489 9998 33400 -5386.94380923
5906108144 -148.023 -36.1884 -5384.863 691.0754 9998 33400 -5370.58732128
5906108145 -148.171 -36.35503 -5336.848 751.1418 9998 33400 -5320.95210367
5906108146 -148.2416 -36.45327 -5323.048 725.0419 9998 33400 -5357.31987584
5906108147 -148.4559 -36.66422 -5196.133 680.2402 9998 33400 -5192.11153052
5906108148 -148.4414 -36.79483 -5183.863 637.4695 9998 33400 -5271.43589726
5906108149 -148.4059 -36.82196 -5283.647 667.3815 9998 33400 -5293.53348532
5906108150 -148.2781 -36.79924 -5332.087 651.653 9998 33400 -5317.30962791
5906108151 -148.1858 -36.75534 -5322.326 646.8987 9998 33400 -5362.35035222
5906108152 -148.3049 -36.71655 -5265.678 649.2771 9998 33400 -5293.52120278
5906108153 -148.3751 -36.67356 -5233.629 660.6942 9998 33400 -5129.08251219
5906108154 -148.3825 -36.7396 -5296.859 664.0835 9998 33400 -5240.82260924
5906108155 -148.478 -36.75064 -5396.117 717.7561 9998 33400 -5295.64535425
5906108156 -148.5221 -36.74614 -5454.786 748.941 9998 33400 -5291.49654642
5906108157 -148.5648 -36.78178 -5304.878 715.5477 9998 33400 -5290.21939071
5906108158 -148.5703 -36.83051 -5427.157 757.6124 9998 33400 -5314.83736225
5906108159 -148.4582 -36.88322 -5356.258 695.8403 9998 33400 -5366.47611383
5906108160 -148.3505 -36.93207 -5414.814 668.6865 -1 33400 -5445.91468056
5906108161 -148.3518 -36.99604 -5446.535 687.5712 9998 33400 -5425.08421091
5906108162 -148.3649 -37.153 -5457.88 750.0887 9998 33400 -5374.91208691
5906108165 -148.3482 -37.38441 -5318.445 796.3447 9998 33400 -5610.60108222
59061109 -140.85 -39.05483 -5045.188 598.1895 9998 33400 -5039.47946113
590611010 -140.8088 -39.03908 -4944.152 593.7332 -1 33400 -4982.11430914
590611011 -140.782 -39.03057 -5150.753 639.3846 -1 33400 -5101.34310665
590611012 -140.736 -38.95186 -5086.629 606.4663 -1 33400 -5076.62415221
590611013 -140.6352 -38.94806 -4859.016 583.7372 -1 33400 -4937.03901513
590611014 -140.6213 -38.93852 -4980.857 614.8842 -1 33400 -4976.10028648
590611015 -140.6578 -38.90477 -4948.188 559.6177 -1 33400 -4901.43401165
590611016 -140.6802 -38.95644 -5065.495 620.1447 -1 33400 -5082.11921749
590611018 -140.5695 -38.93572 -4972.13 615.0045 -1 33400 -4949.09265083
590611019 -140.5923 -38.88522 -4986.214 583.4736 -1 33400 -4989.6005033
590611020 -140.6767 -38.93386 -4684.883 533.5467 -1 33400 -4791.69136114
590611021 -140.5926 -38.95936 -4864.057 596.5718 -1 33400 -4884.18262208
590611025 -140.4521 -38.73022 -4931.291 552.6262 -1 33400 -4944.40273268
590611026 -140.4747 -38.67073 -5108.471 535.3562 -1 33400 -5094.39692558
590611027 -140.5776 -38.54377 -5226.557 566.4678 -1 33400 -5233.13689772
590611028 -140.6084 -38.50863 -5148.67 551.4445 -1 33400 -5160.25079684
590611029 -140.5237 -38.4879 -5074.433 557.7061 -1 33400 -5089.04532464
590611030 -140.3739 -38.5043 -5350.739 661.0952 -1 33400 -5349.68953964
590611031 -140.3148 -38.62309 -5122.644 602.2147 -1 33400 -5151.31972918
590611032 -140.2386 -38.83713 -5217.796 688.4008 -1 33400 -5204.56971818
590611033 -140.1293 -38.91066 -5043.605 632.176 -1 33400 -5064.46085749
590611034 -140.0765 -38.95412 -5365.625 695.5868 -1 33400 -5369.00749611
590611035 -139.9442 -39.02751 -5179.049 578.9423 -1 33400 -5126.12828869
590611040 -139.7389 -39.12936 -5279.264 524.2698 -1 33400 -5274.5440742
590611041 -139.6182 -39.19895 -5296.856 496.9414 -1 33400 -5294.02803513
590611042 -139.5379 -39.2654 -4929.404 418.2061 -1 33400 -5117.39922299
590611044 -139.4377 -39.37273 -5381.88 419.8505 -1 33400 -5356.11379707
590611047 -139.2703 -39.46641 -5051.593 251.8786 -1 33400 -5093.53139567
590611048 -139.2573 -39.46289 -5247.434 272.7848 -1 33400 -5196.77154383
590611051 -139.3582 -39.43981 -4921.469 265.8601 -1 33400 -4918.68614785
590611053 -139.3092 -39.37286 -5276.242 397.8745 -1 33400 -5321.76372402
590611056 -139.3581 -39.35123 -5328.835 429.6696 -1 33400 -5329.04091871
590611057 -139.296 -39.40317 -5367.441 370.1198 -1 33400 -5351.47043356
590611058 -139.4701 -39.27145 -5334.684 497.9863 -1 33400 -5330.58650944
590611059 -139.3622 -39.28431 -5167.399 476.6195 -1 33400 -5075.74301377
590611060 -139.3746 -39.29591 -5052.446 449.9427 -1 33400 -5150.66780747
590611063 -139.2946 -39.73313 -5208.462 194.2473 -1 33400 -5187.87024069
590611064 -139.3431 -39.78694 -4984.354 187.1907 -1 33400 -5002.80570779
590611065 -139.4798 -39.81369 -4824.481 197.004 9998 33400 -5270.3323555
590611066 -139.415 -39.87184 -5364.309 224.6429 -1 33400 -5339.01982361
590611067 -139.3226 -39.84639 -5225.07 224.9923 -1 33400 -5236.26663135
590611068 -139.236 -39.92575 -5006.787 215.7229 -1 33400 -5034.71040737
590611069 -139.2061 -39.96638 -5140.046 207.5957 -1 33400 -5136.32795816
590611070 -139.0423 -40.00526 -5138.284 204.5138 -1 33400 -5144.59541404
590611071 -139.0266 -40.00035 -5183.341 186.6375 -1 33400 -5166.71175997
590611072 -139.2191 -39.78269 -5306.454 215.1599 -1 33400 -5290.32071408
590611073 -139.4189 -39.7054 -5272.887 215.3784 -1 33400 -5265.89974351
590611074 -139.5563 -39.79318 -5357.086 217.906 -1 33400 -5334.42003135
590611075 -139.5759 -39.86331 -5037.452 191.7358 -1 33400 -5064.5436461
590611076 -139.6411 -39.87308 -5382.507 196.2288 -1 33400 -5385.51844858
590611078 -139.6034 -39.86888 -5088.922 184.0402 -1 33400 -5109.50811397
590611080 -139.934 -39.82778 -5235.153 97.67159 -1 33400 -5058.08532762
590611081 -140.0493 -39.77363 -5040.401 93.62166 -1 33400 -5031.02335227
590611082 -140.1223 -39.74512 -5079.092 90.85835 -1 33400 -5059.01315419
590611083 -140.1266 -39.81833 -5289.684 65.33694 -1 33400 -5281.48563711
590611084 -140.127 -39.85443 -5200.073 58.2494 -1 33400 -5216.02830899
590611085 -140.0298 -39.84752 -5196.977 67.34097 -1 33400 -5219.20334739
590611086 -140.1154 -39.79531 -4942.358 76.4705 -1 33400 -5043.32947852
590611087 -140.0643 -39.9869 -5219.482 18.0392 -1 33400 -5249.91501882
590611088 -139.8645 -40.06326 -5310.579 77.28407 -1 33400 -5281.65626834
590611089 -139.7823 -40.15781 -5184.623 111.0054 -1 33400 -5205.16119737
590611090 -139.8113 -40.27311 -5124.108 124.4615 -1 33400 -5137.83606953
590611091 -139.8259 -40.36952 -5052.536 226.3346 -1 33400 -5085.24058964
590611092 -139.8848 -40.41961 -5195.252 306.7925 -1 33400 -5226.38570303
590611095 -139.1898 -40.57638 -5327.759 682.0728 -1 33400 -5316.89519208
590611096 -138.9585 -40.70987 -5334.858 549.9556 -1 33400 -5327.33111552
590611097 -138.8558 -40.74346 -5074.948 456.8372 -1 33400 -5094.10430656
590611098 -138.8875 -40.89306 -5048.708 442.1269 -1 33400 -5050.39175723
590611099 -138.5578 -41.03028 -5331.216 554.0561 -1 33400 -5327.82938448
5906110100 -138.3921 -41.22548 -5231.096 603.931 -1 33400 -5221.99309926
5906110101 -138.2788 -41.26768 -5196.013 590.8736 -1 33400 -5207.73721116
5906110102 -138.3121 -41.28348 -5224.192 596.0878 -1 33400 -5206.05432051
5906110103 -138.3531 -41.31663 -4890.369 559.4222 -1 33400 -4915.73541606
5906110104 -138.314 -41.4008 -5028.118 561.445 -1 33400 -5041.55920595
5906110105 -138.1739 -41.3842 -5318.266 632.4705 -1 33400 -5314.38529674
5906110106 -138.1558 -41.37441 -5007.87 560.7753 9998 33400 -5346.60756792
5906110107 -138.0331 -41.33769 -5187.939 597.6753 -1 33400 -5220.91622778
5906110108 -137.9097 -41.36777 -4763.151 534.9325 -1 33400 -4814.27689499
5906110110 -137.8459 -41.20228 -5117.859 661.0349 -1 33400 -5145.91925724
5906110111 -137.7803 -41.29214 -4993.462 553.0424 -1 33400 -5027.88304735
5906110112 -137.6721 -41.39182 -5138.894 657.7845 9998 33400 -5181.53006576
5906110113 -137.6866 -41.45136 -5381.443 725.3461 -1 33400 -5361.85195811
5906110114 -137.7329 -41.48761 -5120.536 640.4551 9998 33400 -5244.67296924
5906110115 -137.7182 -41.59687 -5349.043 703.8724 -1 33400 -5319.93808099
5906110116 -137.6998 -41.72585 -5374.339 620.5361 -1 33400 -5395.29564348
5906110120 -137.5968 -42.10623 -5170.042 451.0108 -1 33400 -5157.53835942
5906110121 -137.6384 -42.16041 -5326.987 459.6064 -1 33400 -5309.63064957
5906110123 -137.6303 -42.14106 -5004.222 426.7583 -1 33400 -5086.11202317
5906110128 -137.8802 -41.90588 -5222.829 635.9998 -1 33400 -5201.88844633
5906110130 -137.9232 -41.96834 -5045.304 595.3187 -1 33400 -5044.91468741
5906110131 -137.8783 -42.09884 -5034.291 536.648 -1 33400 -5084.01239393
5906110134 -137.8506 -42.12205 -5253.908 561.5317 -1 33400 -5283.64425652
5906110138 -138.0415 -42.54719 -5281.201 406.8834 9998 33400 -5125.90888092
5906110139 -137.9908 -42.6174 -5169.122 346.082 9998 33400 -5044.2775814
5906110140 -137.8074 -42.68226 -4973.244 244.7018 9998 33400 -5072.76964173
5906110141 -137.7065 -42.62566 -5169.408 217.9429 9998 33400 -5028.81629444
5906110142 -137.6124 -42.66596 -4924.093 155.9443 9998 33400 -5191.12592121
5906110143 -137.4743 -42.64987 -4999.239 133.0632 9998 33400 -5279.26193829
5906110144 -137.4526 -42.5572 -5339.667 156.0974 -1 33400 -5407.90637596
5906110145 -137.4056 -42.56452 -5038.34 128.3829 -1 33400 -5082.0361009
5906110146 -137.3623 -42.67857 -5285.494 132.5061 9998 33400 -5273.42997307
5906110147 -137.2592 -42.78585 -5079.522 142.8233 9998 33400 -5121.79636367
5906110148 -137.2479 -42.78426 -5138.333 149.0288 -1 33400 -5199.84046557
5906110149 -137.2558 -42.83225 -5314.945 134.5675 9998 33400 -5232.82722418
5906110150 -137.3296 -42.82272 -5245.146 132.8478 9998 33400 -5197.37813714
5906110154 -137.3103 -42.76389 -5261.247 134.2005 9998 33400 -5082.81778537
5906110155 -137.2824 -42.75656 -5000.546 118.6516 -1 33400 -5118.32629518
5906110156 -137.3026 -42.65333 -5353.462 134.6787 -1 33400 -5421.28976469
5906110158 -137.3172 -42.56935 -5264.536 131.7594 -1 33400 -5337.29088182
5906110160 -137.2952 -42.55779 -5249.437 134.5292 -1 33400 -5350.09522041
5906110161 -137.3018 -42.58255 -5242.066 120.1609 -1 33400 -5232.46594705
5906110162 -137.2776 -42.60933 -5231.207 129.6831 -1 33400 -5266.31823484
5906110163 -137.262 -42.61115 -5193.533 127.92 -1 33400 -5174.92773911
5906110164 -137.2399 -42.60118 -5048.112 118.4396 -1 33400 -5109.92008937
5906110165 -137.259 -42.61159 -5209.707 131.3909 -1 33400 -5168.44728271
5906110166 -137.2427 -42.62326 -5216.189 129.9562 -1 33400 -5237.27129358
5906110167 -137.2197 -42.61532 -5243.019 136.1471 -1 33400 -5132.99269721
5906110168 -137.1353 -42.6411 -5027.353 142.5844 -1 33400 -5140.09703543
5906110169 -137.11 -42.60959 -5097.53 157.0607 9998 33400 -5251.28004283
590611111 -155.4985 -30.1803 -5105.107 1163.257 -1 33400 -5109.80810918
590611114 -155.5078 -30.33708 -5274.437 1148.824 -1 33400 -5263.19599041
590611115 -155.5366 -30.34019 -5211.909 1092.819 -1 33400 -5211.14258477
590611117 -155.7551 -30.54664 -5217.251 921.3491 -1 33400 -5214.14309123
590611118 -156.0031 -30.63232 -5223.614 900.1092 -1 33400 -5213.22150102
590611119 -156.0328 -30.78657 -5385.971 849.6891 -1 33400 -5354.46554885
590611120 -156.0246 -30.93919 -4967.895 544.3519 -1 33400 -4987.72128568
590611121 -156.0009 -31.02468 -5344.691 494.9869 -1 33400 -5332.42298166
590611122 -155.8696 -30.99207 -5189.723 459.2642 -1 33400 -5185.35869795
590611123 -155.9038 -31.02768 -5357.867 461.0298 -1 33400 -5331.79328029
590611124 -155.8027 -31.10196 -5141.968 264.7842 -1 33400 -5140.22732884
590611125 -155.7271 -31.07285 -5174.272 266.1599 -1 33400 -5170.97445113
590611126 -155.7943 -31.00463 -5206.006 417.2594 -1 33400 -5197.69134097
590611127 -155.8089 -30.97598 -5153.562 458.1396 -1 33400 -5155.73575007
590611128 -155.8346 -30.94196 -5283.871 532.0448 -1 33400 -5232.04621593
590611129 -155.8934 -30.95019 -5162.688 529.7913 -1 33400 -5157.50903092
590611130 -155.922 -30.99199 -5289.955 510.8822 -1 33400 -5292.62246129
590611131 -155.8688 -30.97051 -5059.093 465.8813 -1 33400 -5094.78741854
590611133 -155.9099 -30.8157 -5237.011 734.1217 -1 33400 -5233.72939075
590611134 -155.9252 -30.7843 -5219.478 770.8729 -1 33400 -5218.93071158
590611135 -155.913 -30.80634 -5217.626 749.3298 -1 33400 -5220.35434184
590611136 -155.8912 -30.83024 -5273.548 700.1215 -1 33400 -5268.69646851
590611137 -155.9129 -30.92459 -5291.826 604.4926 -1 33400 -5270.40136116
590611138 -155.9958 -31.00449 -5243.328 512.6237 -1 33400 -5254.41271281
590611145 -156.1584 -32.24296 -5210.225 413.5406 -1 33400 -5224.82295967
590611150 -156.1181 -32.39655 -5276.841 561.516 -1 33400 -5190.55508859
590611157 -156.8336 -32.03685 -5366.044 349.8336 -1 33400 -5364.93561348
590611158 -156.824 -32.04272 -5362.07 352.7926 -1 33400 -5353.09687327
590611159 -156.6936 -31.96764 -5219.554 263.2173 -1 33400 -5213.89207325
590611160 -156.8738 -31.8405 -5338.811 285.6563 -1 33400 -5336.12912886
590611161 -157.0608 -31.59754 -5322.446 190.2151 -1 33400 -5301.91619005
590611162 -157.3167 -31.75049 -5111.729 257.9662 -1 33400 -5127.83739304
590611163 -157.3594 -31.80378 -5395.596 317.8595 -1 33400 -5394.1434346
590611164 -157.2852 -31.85745 -5143.686 337.5153 -1 33400 -5168.88422324
590611165 -157.2657 -31.88412 -5287.629 377.5885 -1 33400 -5268.14058349
590611166 -157.2346 -31.77672 -5258.408 289.2703 -1 33400 -5260.04514101
590611167 -157.0954 -31.72046 -5270.16 258.4715 -1 33400 -5282.14771103
590611168 -157.259 -31.69701 -5293.816 238.1417 -1 33400 -5246.21457419
590611169 -157.3705 -31.59613 -5251.023 167.1797 -1 33400 -5273.35359314
590611170 -157.2809 -31.57586 -5337.668 177.8374 -1 33400 -5341.41806312
590611171 -157.3622 -31.58268 -5318.287 167.8001 -1 33400 -5293.87215857
590611172 -157.4675 -31.59272 -5415.838 154.0866 -1 33400 -5400.60545839
590611173 -157.5495 -31.47837 -5295.074 87.99319 -1 33400 -5269.44938377
590611174 -157.7195 -31.53244 -5330.808 107.5771 -1 33400 -5324.66994508
590611175 -157.7861 -31.63411 -5517.013 153.7343 -1 33400 -5488.72587326
590611176 -157.867 -31.59034 -5489.923 192.6385 -1 33400 -5478.25275555
590611177 -157.8324 -31.62284 -5502.882 171.8105 -1 33400 -5460.22748261
590611178 -157.8505 -31.63352 -5324.271 171.4342 -1 33400 -5364.53546638
590611179 -157.8716 -31.63337 -5256.822 179.4874 -1 33400 -5271.91779535
590611180 -157.8742 -31.68423 -5460.927 185.487 -1 33400 -5448.5749729
590611181 -157.9482 -31.73319 -5119.204 203.0311 -1 33400 -5126.02100762
590611182 -157.9488 -31.79057 -5426.694 214.8723 -1 33400 -5415.08001016
590611183 -157.9034 -31.7389 -5270.443 190.9718 -1 33400 -5298.79675447
590611184 -158.0076 -31.75138 -5100.963 233.0145 -1 33400 -5147.57666639
590611185 -157.8076 -31.78153 -5309.091 188.1118 -1 33400 -5281.91059814
590611186 -157.7541 -31.75649 -5497.787 190.2666 -1 33400 -5482.55702693
590611187 -157.784 -31.79231 -5250.841 191.7657 -1 33400 -5258.72586895
590611188 -157.8386 -31.89748 -5392.843 299.1621 -1 33400 -5386.25718722
590611189 -157.9718 -31.83835 -5429.287 245.2297 -1 33400 -5405.90976241
590611190 -157.9112 -31.87006 -5337.249 249.7025 -1 33400 -5336.58497174
590611191 -157.9191 -32.23131 -5228.551 630.2278 -1 33400 -5226.07962362
590611192 -157.6922 -32.25374 -5316.247 664.8425 -1 33400 -5317.79894962
590611193 -157.6829 -32.40759 -5410.823 801.7273 -1 33400 -5300.48855269
590611194 -157.4604 -32.55244 -5381.798 721.786 -1 33400 -5357.95915652
590611195 -157.2357 -32.53982 -5243.246 606.6108 -1 33400 -5250.61537624
590611196 -157.2548 -32.4891 -5287.655 642.0197 -1 33400 -5320.26997332
590611197 -157.319 -32.74449 -5146.408 621.9107 -1 33400 -5396.78363633
590611198 -157.1054 -32.82848 -5360.362 634.8349 -1 33400 -5249.71382378
590611199 -157.0447 -33.00314 -5193.318 593.5113 -1 33400 -5220.01799929
5906111100 -157.0419 -33.15931 -5348.395 668.0631 -1 33400 -5355.14533154
5906111101 -157.1098 -33.28051 -5306.1 711.1542 -1 33400 -5309.48351257
5906111102 -157.1859 -33.3766 -5350.718 737.3821 -1 33400 -5323.00086369
5906111103 -157.227 -33.53168 -5430.842 758.9944 -1 33400 -5428.59266508
5906111104 -157.4441 -33.58699 -5475.453 778.536 -1 33400 -5456.42762936
5906111105 -157.6138 -33.4309 -5420.624 849.2672 -1 33400 -5413.94715511
5906111106 -157.7464 -33.36941 -5366.608 853.6674 -1 33400 -5348.37648437
5906111107 -157.8617 -33.34183 -5288.922 820.436 -1 33400 -5277.41601857
5906111108 -157.9085 -33.33008 -5043.067 752.267 -1 33400 -5268.22680415
5906111109 -157.9567 -33.2187 -5322.115 779.5384 -1 33400 -5245.08770374
5906111110 -158.0965 -33.13938 -5223.307 726.4937 -1 33400 -5209.21487058
5906111111 -158.2022 -33.10981 -5231.85 731.9943 -1 33400 -5219.63867261
5906111112 -158.3236 -33.02472 -5267.067 774.9257 -1 33400 -5298.75594415
5906111113 -158.3057 -32.90204 -5320.125 789.6804 -1 33400 -5352.48121327
5906111114 -158.0437 -32.94269 -4917.772 638.5957 -1 33400 -5114.29974748
5906111115 -157.8207 -32.90885 -5412.824 637.5635 -1 33400 -5464.57068929
5906111116 -157.3713 -32.94798 -5468.486 654.5929 -1 33400 -5445.3726574
5906111117 -157.0622 -32.7588 -5266.021 595.1613 -1 33400 -5432.65822875
5906111118 -157.1217 -32.62883 -5383.604 611.0144 -1 33400 -5417.13165968
5906111119 -157.1877 -32.7345 -5354.979 647.6384 -1 33400 -5435.1473187
5906111120 -157.0072 -32.84139 -5449.46 627.1559 -1 33400 -5271.3041882
5906111121 -157.0367 -33.1431 -5330.674 656.2141 -1 33400 -5375.03275838
5906111122 -156.9785 -33.38631 -5191.501 665.8452 -1 33400 -5184.16155074
5906111123 -156.8495 -33.53362 -5181.549 668.7141 -1 33400 -5185.24887883
5906111124 -156.8387 -33.51158 -5201.721 671.8234 -1 33400 -5192.44782468
5906111125 -156.8666 -33.4645 -5236.926 672.8051 -1 33400 -5119.06449135
5906111126 -156.8387 -33.44425 -5211.444 664.5827 -1 33400 -5204.98116289
5906111127 -156.8856 -33.40001 -5154.947 645.1447 -1 33400 -5157.30943639
5906111128 -156.8569 -33.39065 -5156.987 651.6938 -1 33400 -5161.81850039
5906111129 -157.0606 -33.42323 -4951.927 644.5115 -1 33400 -4979.93031962
5906111130 -157.0374 -33.47908 -5245.642 710.4288 -1 33400 -5267.23491009
5906111131 -157.0727 -33.52516 -5386.199 760.209 -1 33400 -5381.95618709
5906111132 -157.1116 -33.53605 -5398.106 752.5353 9998 33400 -5352.41920805
5906111133 -157.0813 -33.50549 -5434.727 768.0587 9998 33400 -5330.604303
5906111134 -157.1549 -33.55065 -5402.555 761.2415 9998 33400 -5350.28415267
5906111135 -157.2246 -33.74248 -5258.025 649.0605 9998 33400 -5288.72638499
5906111136 -157.0181 -33.84437 -5141.567 552.9529 9998 33400 -5199.58667636
5906111137 -157.2149 -34.09067 -5360.661 312.2345 9998 33400 -5290.56546129
5906111138 -156.8617 -34.24812 -5220.002 251.1782 9998 33400 -5248.7896
5906111139 -156.778 -33.76888 -5186.486 563.4608 9998 33400 -5245.35232589
5906111140 -157.1108 -33.73182 -5254.445 647.0372 9998 33400 -5270.81247209
5906111141 -157.0372 -34.03101 -5081.367 370.5564 9998 33400 -5195.49072023
5906111142 -157.0227 -34.00497 -5166.8 405.8856 9998 33400 -5184.42519165
5906111143 -156.9351 -34.00245 -5183.862 430.8603 9998 33400 -5164.35032907
5906111144 -156.8928 -33.85039 -5171.812 542.2031 9998 33400 -5198.13066088
5906111145 -157.0626 -33.95038 -5221.396 455.1819 9998 33400 -5197.8291962
5906111146 -157.2112 -34.2361 -5274.665 228.307 9998 33400 -5278.68239597
5906111147 -157.2407 -34.55555 -5288.374 236.106 -1 33400 -5308.41801102
5906111148 -157.1604 -34.86829 -5308.964 246.5041 -1 33400 -5252.10128707
5906111149 -157.0429 -34.88217 -5266.91 266.4443 9998 33400 -5280.89117106
5906111150 -157.063 -34.88545 -5239.389 261.4538 9998 33400 -5243.6904919
5906111151 -157.0152 -34.84812 -5407.087 242.1116 9998 33400 -5298.47122041
5906111152 -156.9423 -34.74076 -5328.688 212.0508 9998 33400 -5254.89659416
5906111153 -156.8096 -34.5513 -5230.819 243.5438 9998 33400 -5281.59105509
590611213 -160.0182 -32.56157 -5187.112 645.1627 -1 33400 -5222.62765445
590611214 -159.8652 -32.37887 -5266.48 623.8279 -1 33400 -5253.33704602
590611215 -159.7598 -32.16733 -5255.33 606.1625 -1 33400 -5256.82848052
590611216 -159.5721 -32.05601 -5368.264 557.9664 -1 33400 -5368.89534207
590611217 -159.3096 -32.03959 -4984.524 274.4924 -1 33400 -4991.70087534
590611218 -159.1532 -31.95405 -5121.536 191.426 -1 33400 -5138.09663291
590611219 -158.9835 -31.78462 -5021.696 149.0253 -1 33400 -5049.14325731
590611220 -158.854 -31.6326 -5364.771 251.9743 -1 33400 -5363.4886577
590611221 -158.4586 -31.70359 -5193.202 288.8535 -1 33400 -5198.56757776
590611222 -158.243 -31.64877 -5375.032 318.4099 -1 33400 -5364.33338024
590611223 -158.0431 -31.76825 -5364.42 261.2304 -1 33400 -5353.17564276
590611224 -158.059 -31.87105 -5262.244 251.9199 -1 33400 -5258.94415976
590611232 -157.3095 -32.73502 -5150.291 635.8274 -1 33400 -5459.9939894
590611234 -157.1185 -32.91696 -5286.884 639.8543 -1 33400 -5280.07310612
590611235 -157.0996 -32.98274 -5225.703 647.8061 -1 33400 -5321.67294456
590611236 -157.0403 -33.11115 -5292.03 694.1528 -1 33400 -5365.88052962
590611237 -157.116 -33.2072 -5262.625 724.3013 -1 33400 -5265.21055529
590611238 -156.9446 -33.29314 -5267.142 700.7803 -1 33400 -5255.1973697
590611239 -156.8455 -33.3242 -5251.525 696.4811 -1 33400 -5216.02136316
590611240 -156.9611 -33.44581 -5194.481 726.3939 -1 33400 -5195.33429303
590611241 -157.0389 -33.65461 -5175.388 715.9354 -1 33400 -5181.76351989
590611242 -157.1087 -33.91089 -5233.528 517.4621 -1 33400 -5236.80543333
590611243 -157.1248 -34.17255 -5156.16 249.1854 -1 33400 -5151.45883704
590611244 -157.0843 -34.41257 -5226.713 210.6412 -1 33400 -5227.69065882
590611245 -156.9996 -34.66544 -5181.144 227.5273 -1 33400 -5206.91277832
590611246 -156.8662 -34.4572 -5241.327 243.0256 -1 33400 -5241.81580109
590611247 -156.9199 -34.18798 -5203.36 310.1138 -1 33400 -5204.82552795
590611248 -156.9601 -34.00071 -5141.208 449.1721 -1 33400 -5148.87137281
590611249 -157.0044 -33.95336 -5209.862 485.9073 -1 33400 -5202.54926292
590611250 -156.9336 -33.88097 -5134.958 532.2009 -1 33400 -5148.49621285
590611251 -157.0068 -33.94184 -5172.645 491.7691 -1 33400 -5180.39670162
590611252 -157.1238 -34.18221 -5149.465 239.9849 -1 33400 -5148.60802763
590611253 -157.0901 -34.41909 -5237.855 211.2698 -1 33400 -5229.97712948
590611268 -157.1223 -34.46266 -5256.83 191.4004 -1 33400 -5257.62240001
5906112100 -157.8252 -34.91685 -5365.413 235.806 -1 33400 -5325.25668937
5906112102 -157.991 -34.81605 -5389.671 158.7723 -1 33400 -5402.60515643
5906112103 -158.1267 -34.74903 -5251.08 111.7916 -1 33400 -5323.97122785
5906112104 -158.1824 -34.73011 -5255.836 113.8811 -1 33400 -5253.0705298
5906112105 -158.2324 -34.7281 -5234.713 128.2036 -1 33400 -5229.20655549
5906112106 -158.2917 -34.76575 -5236.536 150.0202 -1 33400 -5237.99559029
5906112107 -158.3561 -34.81432 -5273.336 193.9236 -1 33400 -5276.87190792
5906112108 -158.3991 -34.88815 -5323.097 234.6733 -1 33400 -5323.47082102
5906112112 -158.4356 -35.35687 -5058.87 650.1358 -1 33400 -5081.85750675
5906112113 -158.4766 -35.3988 -5120.52 705.03 -1 33400 -5128.21283144
5906112114 -158.4831 -35.38427 -5245.17 729.8799 -1 33400 -5214.72060977
5906112116 -158.5582 -35.3376 -4874.646 627.5292 9998 33400 -5399.92241818
5906112118 -158.567 -35.27875 -4801.576 557.7488 9998 33400 -5312.01048611
5906112119 -158.6024 -35.28189 -5364.274 668.8774 -1 33400 -5374.93346375
5906112120 -158.5479 -35.26738 -5254.719 616.2096 -1 33400 -5269.57903041
5906112121 -158.4412 -35.3254 -5019.799 598.0137 -1 33400 -5031.92906697
5906112122 -158.3547 -35.39554 -5350.275 719.9742 -1 33400 -5368.3714965
5906112123 -158.2439 -35.45429 -5369.521 730.6722 -1 33400 -5385.20456088
5906112127 -158.1656 -35.77355 -5167.658 867.2418 -1 33400 -5188.78694029
5906112134 -158.9812 -35.99616 -5288.196 739.3754 -1 33400 -5290.21579431
5906112135 -159.1263 -36.0725 -5191.17 529.2778 -1 33400 -5118.22304156
5906112136 -159.2175 -36.15614 -5289.285 554.804 -1 33400 -5339.35198056
5906112138 -159.4739 -36.3383 -5354.384 538.0987 -1 33400 -5350.26525927
5906112139 -159.5994 -36.5814 -5182.604 314.809 -1 33400 -5186.34826424
5906112140 -159.7725 -36.83665 -4921.549 309.2129 9998 33400 -5436.57960713
5906112145 -159.8664 -37.3495 -4730.024 366.7467 -1 33400 -4769.83634506
5906112146 -159.7825 -37.4828 -4889.929 360.2883 9998 33400 -5058.18662315
5906112149 -159.5258 -37.49413 -4905.06 311.0646 -1 33400 -4910.45881223
5906112163 -158.5724 -36.58707 -5260.021 167.4965 9998 33400 -5378.94445659
5906112166 -158.6406 -36.43673 -5303.49 269.5761 9998 33400 -5359.74510578
5906112167 -158.6794 -36.33006 -5388.088 370.673 9998 33400 -5509.60472545
5906112168 -158.8036 -36.20785 -5317.158 461.3025 9998 33400 -5394.36595357
5906112169 -159.0085 -35.99669 -5272.793 723.5491 -1 33400 -5252.87114124
5906112170 -159.1415 -35.79628 -5241.881 844.2327 -1 33400 -5217.0284748
5906112171 -159.2927 -35.75084 -5323.765 849.8963 9998 33400 -5184.97447027
5906112172 -159.3734 -35.60639 -5387.17 892.4988 9998 33400 -5232.6640379
5906112173 -159.2334 -35.49606 -5335.119 929.1428 -1 33400 -5356.70836875
5906112174 -159.177 -35.3601 -5312.806 966.0267 9998 33400 -5459.51662477
5906112177 -158.8475 -35.34423 -5330.54 930.5336 9998 33400 -5572.10645346
5906112180 -158.454 -35.58427 -5069.339 881.27 9998 33400 -5337.61824815
5906112181 -158.5123 -35.7055 -5241.147 944.4416 9998 33400 -5275.63038767
5906112182 -158.4905 -35.82641 -4962.348 879.1473 9998 33400 -5377.69397027
5906112188 -158.2493 -36.13777 -5347.99 676.249 9998 33400 -5596.00129048
590611310 -162.8499 -35.25178 -5358.187 491.4893 -1 33400 -5358.21884296
590611311 -162.8308 -35.2274 -5313.642 527.799 9998 33400 -5353.74038511
590611312 -162.8972 -35.14628 -5355.33 619.7385 -1 33400 -5358.67865717
590611313 -163.0474 -35.08471 -5365.625 670.9769 -1 33400 -5377.74968528
590611314 -163.2338 -35.00736 -5436.06 808.5709 9998 33400 -5356.11259389
590611315 -163.2938 -34.84599 -5396.436 1059.845 -1 33400 -5395.05871412
590611316 -163.3045 -34.79316 -5399.462 1089.208 -1 33400 -5402.68791982
590611317 -163.1619 -34.76452 -5418.455 1104.885 -1 33400 -5423.70712521
590611318 -163.0933 -34.64281 -5414.541 1083.89 -1 33400 -5423.14752264
590611319 -163.1389 -34.58205 -5466.563 1098.931 -1 33400 -5479.95429064
590611320 -163.0598 -34.64007 -5458.598 1132.858 -1 33400 -5461.4797301
590611321 -162.8323 -34.71546 -5469.405 1106.2 -1 33400 -5491.36680223
590611322 -162.483 -34.94658 -5436.476 1008.103 -1 33400 -5429.52618222
590611323 -162.209 -34.97657 -5481.576 1036.072 -1 33400 -5447.79640854
590611324 -162.343 -34.79545 -5458.524 1056.626 -1 33400 -5490.56977456
590611326 -162.7521 -34.70212 -5456.826 1086.023 -1 33400 -5476.04804477
590611327 -162.9291 -34.59664 -5416.984 1049.145 -1 33400 -5427.73646188
590611328 -163.2116 -34.60047 -5415.627 1110.191 -1 33400 -5421.81239332
590611329 -163.5416 -34.56263 -5444.112 1072.519 -1 33400 -5444.42606151
590611332 -164.1514 -34.00824 -5467.898 574.0957 -1 33400 -5465.70571978
590611333 -164.1696 -33.67828 -5414.505 519.0272 -1 33400 -5401.01126167
590611334 -164.3149 -33.255 -5445.784 653.8007 -1 33400 -5442.61305342
590611335 -164.4213 -32.87849 -5213.923 565.6838 -1 33400 -5217.84286472
590611336 -164.5372 -32.49895 -5337.841 589.7271 -1 33400 -5314.79482918
590611337 -164.464 -32.1385 -5100.412 568.6694 -1 33400 -5118.29488243
590611338 -164.5095 -32.0701 -5276.016 641.6476 -1 33400 -5258.38617989
590611339 -164.5489 -32.0008 -5373.713 690.0912 9998 33400 -4852.13075109
590611340 -164.5905 -31.76395 -5259.964 618.4257 -1 33400 -5227.55708424
590611341 -164.5384 -31.69432 -5226.069 560.7662 -1 33400 -5226.11571764
590611342 -164.3497 -31.71692 -5363.377 515.5897 -1 33400 -5356.02191427
590611343 -164.4639 -31.64462 -5266.509 546.5221 -1 33400 -5271.0387805
590611344 -164.3942 -31.67948 -5283.164 502.1824 -1 33400 -5285.20819559
590611345 -164.5914 -31.53853 -5273.243 530.6434 -1 33400 -5248.95405142
590611346 -164.6594 -31.10505 -5440.559 376.8978 -1 33400 -5411.6249135
590611347 -164.4268 -30.81384 -5402.718 351.6752 -1 33400 -5414.72478533
590611348 -164.266 -30.64184 -5403.666 317.1266 -1 33400 -5398.04963967
590611349 -164.3505 -30.3807 -5214.897 398.2562 -1 33400 -5221.29996933
590611350 -164.5648 -30.20665 -5285.833 510.9104 -1 33400 -5200.04592235
590611351 -164.8707 -29.8717 -5103.195 732.4182 -1 33400 -5139.34212151
590611352 -165.0664 -29.42161 -5048.756 1230.337 -1 33400 -5002.48107092
590611356 -165.1 -29.4359 -4921.315 1174.505 -1 33400 -4906.58218542
590611359 -165.0135 -29.78346 -4979.616 845.9122 -1 33400 -4687.05833855
590611360 -165.0955 -29.44071 -4914.42 1156.005 -1 33400 -4884.17329122
590611362 -165.1738 -29.29154 -4971.559 1291.394 -1 33400 -5173.34214096
590611363 -165.0529 -29.07317 -5286.016 1390.848 -1 33400 -5260.37258738
590611364 -164.8713 -28.97932 -5069.502 1224.554 -1 33400 -5339.10918633
590611365 -164.7421 -28.92068 -5382.992 1324.862 -1 33400 -5467.40231429
590611366 -164.3235 -28.97165 -5424.339 1277.241 -1 33400 -5408.29046247
590611367 -164.1307 -28.95051 -5406.038 1230.45 -1 33400 -5400.78663549
590611368 -163.8253 -29.03231 -5310.749 1090.712 -1 33400 -5303.23977746
590611369 -163.6563 -28.95337 -5341.116 1184.408 -1 33400 -5339.84524767
590611370 -163.6288 -28.89108 -5321.566 1228.757 -1 33400 -5326.63313592
590611371 -163.5833 -28.8729 -5313.142 1247.372 -1 33400 -5321.97111767
590611372 -163.7989 -28.95596 -5364.664 1181.724 -1 33400 -5358.34884594
590611373 -164.0594 -29.05392 -5387.684 1152.855 -1 33400 -5393.67231041
590611374 -164.1028 -29.08255 -5480.86 1178.455 -1 33400 -5463.91294696
590611375 -164.1967 -29.1706 -5502.516 1214.718 -1 33400 -5495.10082038
590611376 -164.3205 -29.11626 -5455.083 1284.472 -1 33400 -5450.46981518
590611377 -164.456 -29.19909 -5417.365 1352.726 -1 33400 -5412.8468303
590611378 -164.4857 -29.303 -5371.009 1297.674 -1 33400 -5366.44411249
590611379 -164.2277 -29.36294 -5563.917 1191.164 -1 33400 -5556.50631466
590611380 -164.2816 -29.57151 -5526.647 1143.386 -1 33400 -5488.40913806
590611381 -164.4879 -29.83075 -5444.217 964.132 -1 33400 -5427.38001564
590611382 -164.5674 -29.8882 -5349.735 808.2446 -1 33400 -5340.00800748
590611383 -164.5665 -29.83577 -5386.479 908.4233 -1 33400 -5364.11692082
590611384 -164.7248 -29.63068 -5264.167 1092.909 -1 33400 -5278.03169696
590611385 -164.6077 -29.43894 -5312.227 1241.662 -1 33400 -5307.9873732
590611387 -164.953 -29.32816 -5453.538 1420.252 -1 33400 -5396.21872257
590611388 -164.4717 -29.188 -5415.433 1346.882 -1 33400 -5402.22930228
590611389 -164.3169 -29.39798 -5341.027 1143.958 -1 33400 -5350.15116581
590611390 -164.5839 -29.39699 -5301.099 1274.339 -1 33400 -5292.43876455
590611391 -165.013 -29.40512 -5165.169 1303.281 -1 33400 -5203.23662544
590611392 -165.3842 -29.45905 -5219.74 1282.135 -1 33400 -5237.80495936
590611393 -165.3945 -29.8041 -5039.871 892.0074 -1 33400 -5012.30406521
590611394 -165.1076 -30.02476 -5275.441 556.9425 9998 33400 -4801.97045625
590611396 -165.2086 -29.8084 -5296.08 929.2924 -1 33400 -5201.32020709
590611397 -165.5826 -29.70956 -5172.124 1032.252 -1 33400 -5180.93135297
590611398 -165.717 -29.42218 -5337.141 1305.606 -1 33400 -5337.93405134
590611399 -165.8878 -29.31781 -5398.423 1288.99 -1 33400 -5401.1845722
5906113100 -166.048 -29.35267 -5464.376 1266.046 -1 33400 -5469.00804743
5906113101 -166.0639 -29.44054 -5371.823 1234.471 -1 33400 -5370.66625583
5906113102 -166.1144 -29.51561 -5361.715 1234.783 9998 33400 -5360.34479813
5906113103 -166.3103 -29.56778 -5453.726 1193.601 -1 33400 -5461.22258051
5906113104 -166.3103 -29.64702 -5303.514 1118.612 9998 33400 -5323.61769116
5906113105 -166.1526 -29.74511 -5441.929 1127.31 -1 33400 -5434.59920928
5906113106 -166.0641 -29.76439 -5433.687 1141.803 -1 33400 -5453.43536731
5906113107 -165.9692 -29.85968 -5239.449 954.9146 9998 33400 -5426.12675006
5906113108 -166.1979 -29.80549 -5388.623 1085.299 -1 33400 -5366.48505073
5906113109 -166.0533 -29.7285 -5408.323 1133.907 -1 33400 -5424.31091013
5906113110 -166.0866 -29.85273 -5431.324 1067.315 -1 33400 -5417.10061942
5906113111 -166.1845 -29.82074 -5342.883 1078.549 -1 33400 -5333.17973951
5906113112 -166.2254 -29.87379 -5422.307 1054.497 -1 33400 -5455.93298138
5906113113 -166.2504 -30.02959 -5410.615 866.2595 -1 33400 -5482.47743104
5906113114 -166.2843 -30.11091 -5458.72 762.0574 -1 33400 -5459.64151756
5906113115 -166.4037 -30.13155 -5493.09 777.2135 -1 33400 -5515.18338182
5906113116 -166.5199 -30.08292 -5539.686 897.2579 -1 33400 -5583.01439973
5906113118 -166.4333 -29.62765 -5562.542 1188.052 -1 33400 -5564.65687467
5906113119 -166.4019 -29.21197 -5322.304 1079.561 -1 33400 -5368.65205998
5906113120 -166.4296 -29.03734 -5456.278 970.316 -1 33400 -5460.93306862
5906113121 -166.6017 -28.91212 -5258.455 745.8236 9998 33400 -5400.68269133
5906113122 -166.732 -28.86008 -5356.37 766.3887 -1 33400 -5368.88838389
5906113123 -166.7579 -29.06389 -5545.845 1011.041 -1 33400 -5538.12975318
5906113124 -166.8841 -29.30283 -5390.291 1164.968 -1 33400 -5393.04125189
5906113125 -167.0596 -29.38516 -5336.381 1209.98 -1 33400 -5337.43638677
5906113126 -166.9485 -29.58806 -5418.458 1244.299 -1 33400 -5416.17133879
5906113127 -166.9995 -29.76629 -5433.203 1092.057 -1 33400 -5441.72441734
5906113128 -167.0025 -29.67961 -5459.489 1193.88 -1 33400 -5451.11869873
5906113129 -167.0101 -29.73566 -5410.839 1133.602 -1 33400 -5416.05747761
5906113130 -167.075 -29.63259 -5461.252 1233.773 9998 33400 -5301.53420305
5906113131 -167.0108 -29.4989 -5336.042 1246.739 9998 33400 -5344.46270267
5906113132 -167.1923 -29.47117 -5356.888 1233.101 9998 33400 -5362.84861369
5906113133 -167.2998 -29.43613 -5377.735 1233.08 9998 33400 -5340.11899582
5906113134 -167.4198 -29.47856 -5325.004 1187.87 9998 33400 -5323.0199842
5906113135 -167.5882 -29.48577 -5297.088 1162.914 9998 33400 -5335.2063035
5906113136 -167.6539 -29.40453 -5374.067 1278.279 9998 33400 -5345.40127698
5906113137 -167.7328 -29.3573 -5471.057 1313.999 9998 33400 -5338.57419857
5906113138 -167.6051 -29.23137 -5474.113 1385.606 9998 33400 -5354.43524126
5906113139 -167.5245 -28.99631 -5185.991 1111.907 9998 33400 -5259.10940984
5906113140 -167.5203 -28.78449 -5543.449 1094.278 9998 33400 -5175.83582244
5906113141 -167.3671 -28.55814 -5513.625 889.4493 9998 33400 -5228.79857998
5906113142 -167.1647 -28.25365 -5574.466 830.4465 9998 33400 -5495.14136946
5906113143 -166.7784 -27.97939 -5457.983 579.754 9998 33400 -5545.85401792
5906113144 -166.2366 -27.85719 -5495.617 493.3814 9998 33400 -5558.02267784
5906113145 -166.3234 -28.13541 -5529.492 716.8242 9998 33400 -5557.33744893
5906113146 -166.7419 -28.42956 -5439.002 870.8635 9998 33400 -5461.18985649
5906113147 -166.7854 -28.78754 -5466.07 780.5524 9998 33400 -5457.64081802
5906113148 -166.6864 -29.08524 -5479.018 998.5882 9998 33400 -5461.90408533
5906113149 -166.6699 -29.06947 -5471.181 965.4376 9998 33400 -5446.37621051
5906113150 -166.6497 -28.82744 -5477.095 740.8419 9998 33400 -5519.14369094
5906113151 -166.5521 -28.37316 -5415.776 861.8962 9998 33400 -5476.03978209
5906113152 -166.4369 -28.0786 -5448.545 689.9988 -1 33400 -5434.46074289
5906113153 -166.1881 -27.9891 -5547.178 557.3815 9998 33400 -5584.41175729
5906113154 -166.3681 -28.14397 -5488.33 760.1633 -1 33400 -5484.41872389
5906113155 -166.671 -28.28584 -5573.483 937.4366 9998 33400 -5570.39102812
5906113156 -166.976 -28.35232 -5534.145 877.8127 9998 33400 -5422.50707011
5906113157 -167.2185 -28.36917 -5441.159 783.0125 9998 33400 -5351.67334372
5906113158 -167.4199 -28.28548 -5566.319 719.5762 9998 33400 -5555.27335247
5906113159 -167.4114 -28.23721 -5571.182 709.0274 9998 33400 -5595.87307511
5906113160 -167.0276 -28.47253 -5461.941 821.3369 9998 33400 -5403.9556566
5906113161 -166.8502 -28.65898 -5513.968 824.2274 9998 33400 -5389.77555152
5906113162 -166.9002 -28.84785 -5347.944 799.312 9998 33400 -5432.45540912
5906113163 -167.2966 -28.93076 -5476.857 1096.858 9998 33400 -5489.2656137
590611410 -173.091 -38.22072 -5294.999 832.8902 -1 33400 -5297.50486299
590611411 -173.3285 -38.02039 -5342.74 882.6368 -1 33400 -5341.72387439
590611412 -173.4503 -38.06197 -5319.188 806.7075 -1 33400 -5325.68030142
590611413 -173.6015 -38.18477 -5327.556 681.6313 -1 33400 -5323.46941901
590611414 -173.875 -38.211 -5289.095 517.3233 -1 33400 -5288.58
590611415 -174.1918 -38.26815 -5275.702 306.5714 -1 33400 -5274.32840945
590611416 -174.4162 -38.06711 -5304.272 497.1711 -1 33400 -5306.040983
590611417 -174.277 -37.94651 -5340.354 642.6303 -1 33400 -5332.54180654
590611418 -174.4542 -38.10213 -5294.279 438.7761 -1 33400 -5296.49522625
590611419 -174.3193 -38.2433 -5285.69 291.3416 -1 33400 -5285.81828575
590611420 -174.3414 -38.27791 -5282.284 228.386 -1 33400 -5280.43519887
590611421 -174.2139 -38.47271 -5228.625 14.83053 9998 33400 -5240.88245287
590611422 -174.2034 -38.68861 -5203.333 166.2446 -1 33400 -5205.34218112
590611423 -174.3622 -38.55212 -5219.964 146.1538 -1 33400 -5223.3517044
590611424 -174.4819 -38.51162 -5236.065 143.7276 -1 33400 -5242.02400392
590611425 -174.3541 -38.43395 -5247.92 40.37192 -1 33400 -5247.52393247
590611426 -174.3096 -38.49518 -5235.201 82.05518 -1 33400 -5237.38431603
590611427 -174.5063 -38.40203 -5265.661 58.17906 -1 33400 -5259.96683594
590611428 -174.5913 -38.06277 -5261.947 449.9482 -1 33400 -5259.14937773
590611429 -174.6176 -37.87637 -5284.41 648.0944 -1 33400 -5293.75968624
590611431 -174.3644 -37.79523 -5353.112 704.2046 -1 33400 -5353.22210133
590611433 -174.0874 -37.76878 -5377.04 681.9814 -1 33400 -5371.59376034
590611434 -174.3053 -37.88353 -5341.935 682.4511 -1 33400 -5330.52756606
590611435 -174.5438 -37.70386 -5332.045 692.6072 -1 33400 -5325.966308
590611437 -174.8429 -37.59046 -5389.035 563.6432 -1 33400 -5390.26843079
590611438 -175.2536 -37.52398 -5316.151 387.2617 -1 33400 -5322.9334112
590611439 -175.9399 -37.41088 -5194.917 407.8332 -1 33400 -5239.0837527
590611440 -176.5362 -37.25486 -5232.487 474.0255 -1 33400 -5227.86217935
590611441 -177.4984 -36.76872 -5357.765 984.9067 -1 33400 -5393.95465158
590611446 -179.1588 -34.95171 -5042.852 269.6003 -1 33400 -5312.38775218
590611474 -177.0161 -31.73012 -5668.82 715.3408 -1 33400 -6092.07506148
5906114103 -175.3178 -28.28587 -5720.311 1216.29 -1 33400 -5918.53802005
5906114104 -175.2751 -28.29412 -5874.581 1361.275 -1 33400 -5869.1569345
5906114105 -175.2951 -28.31271 -5788.211 1296.904 -1 33400 -5756.10178242
5906114106 -175.3286 -28.48106 -5832.142 1318.118 -1 33400 -5811.52444026
5906114110 -175.3201 -28.41627 -5837.683 1379.444 9998 33400 -5480.52063212
5906114121 -175.3354 -29.06778 -5834.971 1875.721 -1 33400 -5830.48882842
5906114122 -175.2983 -29.05324 -5825.016 1860.454 -1 33400 -5803.03343528
5906114123 -175.0138 -29.05525 -5736.899 1911.88 -1 33400 -5734.64039668
5906114124 -174.9208 -28.82056 -5717.75 1571.212 -1 33400 -5749.20966407
5906114125 -174.8326 -28.70195 -5749.344 1365.306 -1 33400 -5802.77316148
5906114126 -175.0122 -28.70828 -5840.259 1617.732 -1 33400 -5849.70147949
5906114130 -174.974 -28.23639 -5801.399 1452.979 9998 33400 -5817.29368896
5906114131 -174.9245 -28.16843 -5789.533 1397.891 -1 33400 -5794.27375947
5906114133 -175.0063 -28.31587 -5843.917 1539.085 9998 33400 -5832.09164521
5906114134 -174.9707 -28.38896 -5783.727 1468.134 9998 33400 -5858.07601749
5906114135 -174.9548 -28.56383 -5831.621 1525.502 -1 33400 -5850
5906114136 -175.0731 -28.67633 -5857.583 1644.883 9998 33400 -5936.36620023
5906114137 -175.1145 -28.72079 -5867.426 1624.052 9998 33400 -5914.64522497
5906114139 -175.1286 -28.65499 -5871.903 1653.782 9998 33400 -5889.13877054
5906114142 -175.1918 -28.0935 -5641.136 1416.227 -1 33400 -5765.37411567
5906114147 -175.2751 -28.31346 -5761.318 1294.886 -1 33400 -5885.22568088
5906114148 -175.2294 -28.24638 -5265.512 1201.85 -1 33400 -5539.68768206
5906114149 -175.2367 -28.09752 -5383.334 1144.282 9998 33400 -5543.53914259
5906114152 -175.0248 -28.294 -5865.491 1534.626 9998 33400 -5842.72442225
5906114157 -175.1144 -27.85826 -5811.336 1211.192 -1 33400 -5849.55610961
5906114158 -175.2132 -27.68765 -5759.756 899.9391 -1 33400 -5704.84106796
5906114159 -175.1532 -27.60926 -5849.358 857.5214 -1 33400 -5916.40911917
5906114161 -175.2251 -27.5446 -5523.156 699.8755 9998 33400 -5668.45550608
590636010 -150.2167 -51.2154 -4162.332 963.5019 -1 33400 -4321.57954828
590636011 -150.252 -51.24821 -4203.246 1071.117 -1 33400 -4263.47281782
590636012 -150.2733 -51.27692 -4211.399 1094.263 9998 33400 -4206.19147569
590636014 -150.7149 -51.62842 -4528.379 2133.324 9998 33400 -4460.96373653
590636015 -150.8408 -51.73924 -4488.829 2464.188 9998 33400 -4381.19331591
590636016 -150.9957 -51.91336 -4352.041 3168.144 9998 33400 -4454.13502667
590636017 -151.0303 -52.01002 -4557.435 3889.866 9998 33400 -4337.49624226
590636018 -150.8874 -52.10662 -4645.394 4497.637 9998 33400 -4621.62893169
590636019 -150.8571 -52.22516 -4645.247 4790.355 9998 33400 -4594.50637566
590636020 -150.8267 -52.36202 -4441.981 5175.186 9998 33400 -4348.56736695
590636021 -150.7645 -52.51733 -4523.554 6080.209 9998 33400 -4832.41724532
590636023 -150.5903 -53.03551 -4394.14 8019.719 -1 33400 -4369.8778776
590636024 -150.0364 -53.52199 -4300.038 6864.941 -1 33400 -4402.29703842
590636028 -147.0492 -53.29119 -3950.731 2152.556 9998 33400 -4082.13641188
590636031 -146.8339 -54.13076 -3969.992 6033.734 9998 33400 -3983.99197798
590636033 -145.9109 -53.52186 -3912.898 1244.037 9998 33400 -4065.69382552
590636035 -145.7547 -53.95583 -3791.865 3384.619 -1 33400 -3870.69016403
590636036 -145.2859 -54.17486 -3797.244 4880.161 9998 33400 -3649.35816038
590636037 -143.7103 -54.36848 -3719.968 1655.152 9998 33400 -3559.0368
590636039 -144.0984 -54.4238 -3537.28 2643.07 9998 33400 -3599.82342588
590636040 -143.5102 -54.55815 -3516.186 1731.621 9998 33400 -3471.0851939
590636041 -143.0853 -54.55619 -3489.867 2195.536 9998 33400 -3520.10211596
590636042 -143.0415 -54.51553 -3574.48 2472.952 9998 33400 -3598.90809722
590636044 -141.9184 -55.35676 -3502.784 2257.556 -1 33400 -3059.71601828
590636045 -141.1786 -55.06337 -3252.71 1579.792 -1 33400 -2970.15372722
590636046 -141.9192 -54.32939 -3221.882 1732.185 9998 33400 -3521.67321883
590636047 -142.1267 -53.95045 -3517.933 2359.361 9998 33400 -3739.95109251
5906360868 -136.8826 -53.85392 -1755.959 1830.817 9998 33400 -2959.57269001
5906360869 -136.5557 -53.54728 -1810.347 2874.059 9998 33400 -2931.90245148
5906360870 -136.7744 -53.37389 -1786.596 2896.607 9998 33400 -2807.82222631
5906360871 -137.0973 -52.8743 -1770.067 2691.833 9998 33400 -3740.0693065
5906360872 -136.9773 -52.57689 -1762.448 2776.204 9999 33400 -4391.73110848
5906360878 -136.0699 -52.29644 -4140.931 5117.158 9998 33400 -4132.75002734
5906360880 -135.9567 -52.15435 -4350.587 4883.098 9998 33400 -4268.84068402
5906360882 -135.871 -51.429 -4405.356 2386.715 9998 33400 -4418.83891689
5906360883 -135.1398 -51.31304 -4518.121 1897.31 9998 33400 -4418.41265017
5906360884 -134.8526 -51.33569 -4330.119 1602.205 -1 33400 -4376.49449296
5906360885 -134.7056 -51.39673 -4546.913 1780.688 -1 33400 -4709.94495071
5906360886 -134.7208 -51.71361 -4730.13 2114.586 -1 33400 -4725.59344005
5906360887 -135.616 -51.76041 -4499.013 2607.555 9998 33400 -4538.8770651
5906360888 -135.6826 -51.8435 -4458.401 3121.605 9998 33400 -4470.57660514
5906360889 -135.7095 -51.48812 -4438.542 2181.63 9998 33400 -4512.69360064
5906360890 -135.2314 -51.26671 -4508.628 1869.67 9998 33400 -4374.23349945
5906360893 -135.0307 -50.51964 -4692.911 1101.096 -1 33400 -4626.33099729
5906360894 -134.7305 -50.55212 -4591.806 1165.879 -1 33400 -4639.34465463
5906360895 -134.4231 -50.45764 -4603.004 1021.567 9998 33400 -4673.67905899
5906360896 -134.0583 -50.39746 -4463.061 819.7533 9998 33400 -4606.88740139
5906360897 -133.7775 -50.31496 -4727.624 799.5555 9998 33400 -4765.68328969
5906360898 -132.9155 -50.21025 -4690.521 824.6387 9998 33400 -4621.82309612
5906360900 -132.3986 -50.11516 -4883.704 932.3809 9998 33400 -4673.71371332
5906360903 -132.1417 -49.73394 -4493.429 486.9695 -1 33400 -4450.25669075
5906360905 -133.0421 -49.34699 -4491.257 358.5643 -1 33400 -4555.85354521
5906360909 -133.9161 -49.42235 -4619.158 373.0255 -1 33400 -4633.46271843
5906360910 -133.9376 -49.70764 -4564.4 507.9993 9998 33400 -4812.25491678
5906360911 -134.1957 -49.98848 -4629.011 645.5958 -1 33400 -4646.98324775
5906360912 -134.2415 -49.95508 -4536.829 585.2399 -1 33400 -4551.24298033
5906360913 -134.1428 -50.12292 -4925.663 832.1549 9998 33400 -5022.42563843
5906360914 -134.2159 -50.25208 -4947.696 855.8764 9998 33400 -5204.5653211
5906360917 -134.3064 -50.48483 -3983.641 851.5783 9998 33400 -4322.71063808
5906360919 -133.7478 -50.88609 -4652.597 1220.45 9998 33400 -4679.30768874
5906360920 -133.4822 -51.04346 -4643.8 1651.659 9998 33400 -4610.72499787
5906360921 -133.1953 -51.23501 -4674.567 2628.305 9998 33400 -4630.75944
5906360922 -132.9676 -51.33788 -4659.877 3267.741 -1 33400 -4670.52031475
5906360923 -132.4881 -51.46925 -4692.024 3287.495 -1 33400 -4689.95510919
5906360924 -131.909 -51.45046 -4579.013 2735.81 9998 33400 -4601.97310283
5906360925 -131.7989 -51.43618 -4398.265 2481.132 9998 33400 -4477.37143614
5906360927 -131.7462 -51.43615 -4496.911 2740.755 9998 33400 -4354.98254361
5906360928 -131.6733 -51.42065 -4393.9 2753.079 9998 33400 -4312.30051623
5906360929 -131.7679 -51.52333 -4411.825 2715.833 9998 33400 -4357.29587417
5906360930 -132.0057 -51.5344 -4550.642 2863.575 9998 33400 -4582.22742439
5906360931 -132.0775 -51.35488 -4461.898 2899.87 -1 33400 -4394.83724856
5906360932 -132.0743 -51.20409 -4480.89 2906.989 -1 33400 -4466.77861734
5906360933 -132.1452 -51.08816 -4558.686 2753.146 -1 33400 -4573.34614423
5906360935 -131.9375 -50.82988 -4691.809 2583.657 -1 33400 -4669.98969288
5906360936 -131.8954 -50.76265 -4526.888 2422.868 -1 33400 -4595.20186444
5906360937 -131.8473 -50.63169 -4580.903 2333.691 -1 33400 -4616.01762836
5906360940 -130.5604 -50.6061 -4349.445 1885.361 9998 33400 -4454.79008276
5906360942 -130.5978 -51.09564 -4496.466 2346.108 9998 33400 -4596.72326001
5906360943 -130.7322 -51.23051 -4328.8 2155.603 9998 33400 -4275.50340766
5906360945 -130.7006 -51.53271 -4167.949 2294.687 9998 33400 -4236.03375266
5906360947 -130.3837 -51.6597 -4116.957 2237.298 9998 33400 -4138.88610835
5906360950 -129.9829 -51.65757 -4243.715 2265.089 9998 33400 -4175.98733988
5906360952 -129.4076 -53.09365 -3889.593 1346.852 9998 33400 -3988.03681383
5906360954 -130.7625 -53.58964 -3591.142 1881.598 9998 33400 -4058.75597571
590636112 -149.7881 -43.094 -5223.905 425.487 -1 33400 -5260.86452699
590636114 -149.751 -43.04026 -5163.98 431.0367 -1 33400 -5154.11470531
590636116 -149.5905 -43.16509 -4972.441 396.6167 -1 33400 -5029.13970778
590636119 -149.279 -43.32839 -5272.205 382.9044 -1 33400 -5265.46263355
590636120 -149.2049 -43.33141 -5314.799 398.1854 -1 33400 -5302.021531
590636121 -149.161 -43.31823 -5286.732 396.2583 -1 33400 -5272.10581531
590636122 -149.1505 -43.28105 -5356.732 405.6295 -1 33400 -5329.43292642
590636123 -149.0872 -43.2842 -5222.07 379.3739 -1 33400 -5245.02817813
590636124 -149.0661 -43.29112 -5328.562 390.3787 -1 33400 -5296.10131405
590636125 -149.0845 -43.30447 -5307.939 390.3116 -1 33400 -5297.73787106
590636126 -149.073 -43.34844 -5361.345 421.8078 -1 33400 -5347.53577848
590636127 -148.8583 -43.4012 -5378.931 386.8788 -1 33400 -5375.48961931
590636128 -148.803 -43.40555 -5440.176 382.2938 -1 33400 -5440.63629814
590636129 -148.8297 -43.37775 -5329.101 363.5414 -1 33400 -5323.86035224
590636130 -148.7562 -43.38162 -5443.478 360.0586 -1 33400 -5433.20817795
590636131 -148.719 -43.30745 -5305.129 361.7002 -1 33400 -5110.27654306
590636132 -148.7066 -43.2778 -5157.087 364.1945 -1 33400 -5188.86031307
590636133 -148.7179 -43.23868 -5147.709 392.5133 -1 33400 -5151.700156
590636134 -148.7623 -43.26964 -5123.574 379.8221 -1 33400 -5109.02374036
590636136 -148.7502 -43.34183 -5376.638 363.8265 -1 33400 -5333.16615508
590636137 -148.7009 -43.29571 -5251.598 368.6694 -1 33400 -5199.5217398
590636138 -148.7581 -43.16397 -5155.3 418.6803 -1 33400 -5162.68690431
590636139 -148.8989 -43.09029 -5119.396 421.1775 -1 33400 -5102.20419996
590636140 -149.0173 -43.104 -5189.812 395.9334 -1 33400 -5183.78139185
590636141 -149.0871 -43.1276 -5309.283 383.5135 -1 33400 -5300.43797521
590636142 -149.0782 -43.22194 -5310.689 362.8683 -1 33400 -5308.18682245
590636143 -149.0558 -43.28337 -5327.115 396.4748 -1 33400 -5316.39388275
590636144 -149.021 -43.31999 -5311.222 406.8908 9998 33400 -5270.93821495
590636145 -148.9972 -43.33001 -5259.715 399.5359 -1 33400 -5252.02999339
590636146 -149.0266 -43.33935 -5325.055 426.5414 -1 33400 -5305.6898434
590636147 -149.1327 -43.31196 -5311.71 396.2853 9998 33400 -5305.528517
590636148 -149.2057 -43.29876 -5279.771 387.2191 -1 33400 -5277.12097181
590636149 -149.301 -43.24496 -5240.003 340.8585 -1 33400 -5252.93850344
590636150 -149.3454 -43.20307 -5122.636 345.8621 -1 33400 -5131.88740522
590636151 -149.4404 -43.1792 -5010.336 350.6745 -1 33400 -5016.98973156
590636152 -149.5154 -43.19842 -4951.097 384.0626 -1 33400 -4992.28375442
590636153 -149.5591 -43.2276 -4623.636 345.2755 9998 33400 -5163.74139758
590636155 -149.7834 -43.22821 -5223.744 421.5145 -1 33400 -5275.81751978
590636158 -150.1529 -43.21043 -5337.217 454.7717 -1 33400 -5309.2344353
590636159 -150.239 -43.25071 -5289.766 455.4909 -1 33400 -5311.59173703
590636160 -150.2885 -43.22426 -5463.484 499.0332 -1 33400 -5376.69849981
590636161 -150.3618 -43.18927 -5173.499 481.5832 -1 33400 -5217.67893301
590636162 -150.279 -43.11362 -5220.215 487.8784 -1 33400 -5233.86979187
590636163 -150.2526 -43.06754 -4936.128 456.9652 -1 33400 -4971.16772697
590636164 -150.2527 -43.04323 -5036.375 486.2814 -1 33400 -5035.93560989
590636166 -150.052 -43.13245 -5333.771 444.372 -1 33400 -5344.20203768
590636167 -150.126 -43.24482 -5264.888 451.9563 -1 33400 -5307.6442858
590636168 -150.3684 -43.3028 -5327.588 505.1063 9998 33400 -5399.09573278
590636169 -150.524 -43.34107 -5183.208 512.4601 -1 33400 -5181.31128368
590636172 -150.6248 -43.56724 -5149.878 440.7448 -1 33400 -5168.73738931
590636173 -150.6089 -43.61328 -5054.521 506.99 -1 33400 -5082.53387249
590636175 -150.4801 -43.69734 -5193.982 380.4067 -1 33400 -5254.10834892
590636176 -150.5468 -43.71243 -4912.953 534.2156 9998 33400 -5185.75864014
590636177 -150.4041 -43.68738 -5196.311 374.4807 -1 33400 -5201.57329082
590636178 -150.2611 -43.69995 -5170.834 433.4299 -1 33400 -5179.71869617
590636180 -150.1418 -43.6566 -5062.545 469.012 -1 33400 -5170.80831322
590636182 -150.1077 -43.67263 -4934.884 400.108 -1 33400 -4946.60951563
590636183 -150.1109 -43.70855 -5181.774 402.8326 -1 33400 -5254.61106103
590636184 -150.0752 -43.76131 -5396.557 353.1646 -1 33400 -5399.76977798
590636185 -150.073 -43.77539 -5362.584 331.4913 -1 33400 -5370.72397816
590636186 -150.1138 -43.81639 -5263.254 298.5869 -1 33400 -5300.42850871
590636187 -150.1344 -43.86673 -5199.421 259.8031 -1 33400 -5162.01509813
590636188 -150.1028 -43.90228 -5038.398 214.4309 -1 33400 -5110.72792251
590636189 -150.0512 -43.94655 -5308.108 216.7291 -1 33400 -5266.21942005
590636190 -149.9919 -43.96045 -5311.103 192.4908 -1 33400 -5319.05516195
590636191 -150.0021 -43.92367 -5342.093 214.8822 -1 33400 -5358.52155723
590636192 -149.9709 -43.90122 -5349.942 216.9076 -1 33400 -5366.43880173
590636193 -149.9654 -43.8338 -5295.774 243.5685 -1 33400 -5320.54421804
590636194 -149.8714 -43.75395 -5039.437 297.58 -1 33400 -5181.03289233
590636195 -149.8354 -43.65272 -5014.867 337.6355 -1 33400 -4935.33075546
590636196 -149.9709 -43.55912 -5209.446 420.8665 -1 33400 -5244.33646736
590636197 -150.0083 -43.54281 -5184.468 409.9175 -1 33400 -5192.82320971
590636198 -149.8779 -43.48259 -5219.942 375.5065 -1 33400 -5310.08690623
590636199 -149.9695 -43.40652 -5147.921 384.8289 -1 33400 -5191.95626319
5906361100 -149.982 -43.40304 -5188.796 408.1493 -1 33400 -5210.28885653
5906361102 -150.113 -43.47332 -5183.726 463.5744 -1 33400 -5182.81787529
5906361103 -150.1118 -43.477 -5156.508 429.0098 -1 33400 -5164.31285373
5906361104 -150.2466 -43.55884 -5076.738 396.8086 9998 33400 -5075.07851483
5906361105 -150.3078 -43.56198 -5004.344 442.2379 -1 33400 -5025.82955258
5906361107 -150.4967 -43.63155 -5088.525 386.9184 -1 33400 -5108.39766589
5906361108 -150.6227 -43.80934 -5007.525 353.4819 -1 33400 -5054.77840675
5906361109 -150.6832 -43.87365 -5146.44 365.453 9998 33400 -5244.23965533
5906361110 -150.6314 -43.86886 -5183.343 327.0179 9998 33400 -5192.5104643
5906361111 -150.4104 -43.88718 -4817.734 228.9628 9998 33400 -5099.70865827
5906361112 -150.4707 -43.79797 -5119.353 474.2383 -1 33400 -5139.64706457
5906361114 -150.2911 -43.6266 -4855.581 417.7265 -1 33400 -4899.2866736
5906361115 -150.2881 -43.61504 -4948.677 421.7621 -1 33400 -4893.71310401
5906361116 -150.2876 -43.54793 -5059.495 484.3948 9998 33400 -5046.16331487
5906361117 -150.2726 -43.50917 -5205.306 521.4258 9998 33400 -5154.21016939
5906361119 -150.4294 -43.46235 -5232.055 561.2603 9998 33400 -5244.28402162
5906361120 -150.4176 -43.44542 -5087.449 500.4627 9998 33400 -5226.92470203
5906361121 -150.4042 -43.43046 -5152.074 496.2927 9998 33400 -5217.16203027
5906361122 -150.4023 -43.41156 -5150.437 489.3278 9998 33400 -5210.96736209
5906361123 -150.4107 -43.37626 -5115.676 487.3309 9998 33400 -5220.68078921
5906361124 -150.399 -43.35211 -5236.756 503.3413 9998 33400 -5259.45705268
5906361125 -150.3502 -43.35461 -5219.422 480.3771 9998 33400 -5256.13345458
5906361126 -150.2865 -43.35912 -5217.967 464.0412 9998 33400 -5206.53848955
5906361127 -150.3367 -43.36125 -5194.917 466.4305 9998 33400 -5239.47247671
5906361128 -150.3209 -43.41372 -5178.719 472.4927 9998 33400 -5198.265308
5906361129 -150.3241 -43.40708 -5088.824 447.5918 9998 33400 -5200.10437215
5906361130 -150.3908 -43.43964 -5070.689 461.8355 9998 33400 -5218.31238125
5906361131 -150.4754 -43.48735 -5249.956 508.503 -1 33400 -5254.47740714
5906361132 -150.5841 -43.59913 -5105.108 432.8817 -1 33400 -5138.07625946
5906361133 -150.5928 -43.70458 -5072.503 368.9446 9998 33400 -5160.14303287
5906361134 -150.6777 -43.75783 -5135.646 373.8986 -1 33400 -5147.27340809
5906361135 -150.5969 -43.79975 -4949.272 351.0548 -1 33400 -4995.26105635
590639414 134.8953 -39.65883 -1953.276 151.0501 9998 33400 -5415.7570482
590639416 134.8677 -39.67623 -1918.172 132.8581 9998 33400 -5435.35864791
590639427 134.5288 -40.07185 -5469.222 749.3897 9998 33400 -5453.18308157
590639428 134.7313 -40.03624 -5491.688 708.9445 9998 33400 -5478.28838472
590639429 134.9179 -39.92836 -5253.313 441.6637 9998 33400 -5388.04755278
590639430 135.0853 -39.84562 -5486.654 289.7477 9998 33400 -5392.0949357
590639431 135.0933 -39.88594 -5491.279 337.5504 9998 33400 -5385.99596888
590639432 135.766 -39.71387 -5461.174 451.4061 9998 33400 -5456.38041793
590639433 136.0277 -39.19014 -5496.366 432.444 9998 33400 -5433.78951734
590639434 136.3017 -38.81522 -5512.323 441.3855 -1 33400 -5518.05064542
590639435 136.2113 -38.63982 -5519.086 321.4898 9998 33400 -5517.74127808
590639436 136.0329 -38.46012 -5523.046 294.452 9998 33400 -5508.21746326
590639437 135.885 -38.26351 -5521.208 393.3978 9998 33400 -5478.31156232
590639438 136.2439 -38.08297 -5503.59 240.922 9998 33400 -5476.0663868
590639439 136.457 -38.43075 -5517.643 306.0831 -1 33400 -5527.93947635
590639440 136.2971 -38.69943 -5516.444 370.2442 9998 33400 -5560.43952159
590639441 136.2196 -38.87503 -5511.907 443.7458 -1 33400 -5517.36967362
590639442 136.0846 -39.05556 -5247.53 362.7666 9998 33400 -5438.17101627
590639443 136.0865 -39.22892 -5498.959 456.6999 9998 33400 -5434.81318256
590639444 136.0204 -39.32171 -5486.333 512.3447 9998 33400 -5456.28555206
590639445 135.987 -39.25268 -5502.721 498.5797 9998 33400 -5451.596208
590639446 136.0155 -39.00996 -5516.967 382.516 9998 33400 -5461.95675642
590639447 136.0824 -38.90385 -5512.666 408.0848 9998 33400 -5515.35974168
590639448 135.9788 -39.07629 -5505.227 386.1984 9998 33400 -5442.91434561
590639449 135.9756 -39.24866 -5502.432 503.7938 9998 33400 -5459.27959918
590639450 135.9048 -39.3617 -5488.443 570.0696 9998 33400 -5602.67619206
590639451 135.9895 -39.32016 -5493.496 520.4728 9998 33400 -5473.58718546
590639452 136.0183 -39.34203 -5480.035 525.5982 9998 33400 -5460.70632575
590639453 135.9925 -39.31504 -5494.949 526.6808 9998 33400 -5465.91922384
590639454 136.0021 -39.30621 -5498.92 519.2812 9998 33400 -5457.98142271
590639455 136.0199 -39.37721 -5475.856 521.8559 9998 33400 -5466.93888287
590639456 135.8763 -39.50257 -5483.148 580.7048 9998 33400 -5551.21253025
590639458 135.733 -39.55816 -5012.48 460.1656 9998 33400 -5476.88667018
590639460 135.6184 -39.539 -5080.931 435.4344 9998 33400 -5437.98340975
590639461 135.568 -39.56858 -5234.016 429.8785 9998 33400 -5362.42453096
590639462 135.6533 -39.58422 -5358.156 472.6273 9998 33400 -5388.97712556
590639463 135.7062 -39.59062 -5402.296 496.3521 9998 33400 -5422.82999155
590639464 135.6378 -39.5999 -5161.05 426.1676 9998 33400 -5371.06149732
590639465 135.7167 -39.58289 -5119.099 464.4717 9998 33400 -5447.84291176
590639466 135.7387 -39.54318 -5256.5 511.5055 9998 33400 -5473.16742113
590639467 135.6264 -39.52453 -5252.925 474.9756 9998 33400 -5427.83356291
590639468 135.5758 -39.56847 -5207.571 421.0679 9998 33400 -5373.50654637
590639469 135.5259 -39.60577 -5110.075 379.1313 9998 33400 -5270.28414779
590639470 135.4292 -39.6564 -5478.621 388.4337 9998 33400 -5392.8119567
590639471 135.3265 -39.66106 -5496.518 396.8496 9998 33400 -5484.40245084
590639472 134.9946 -39.62852 -5524.205 424.855 9998 33400 -5520.55974771
590639473 134.5256 -39.76449 -5526.362 142.3307 9998 33400 -5497.56629298
590639474 133.8519 -39.84828 -5413.881 168.7696 9998 33400 -5245.24857317
590639475 133.488 -39.95884 -5188.592 358.6962 9998 33400 -5307.28520904
590639476 133.3292 -39.95467 -5238.192 355.2238 9998 33400 -5185.00469008
590639477 133.3772 -40.0521 -5517.124 575.4213 9998 33400 -5432.18551978
590639478 133.4879 -40.07766 -5419.962 620.9771 9998 33400 -5477.63125143
590639479 133.5585 -39.95537 -5373.077 370.531 9998 33400 -5350.67890867
590639480 133.2633 -39.92819 -5300.186 322.7605 9998 33400 -5486.35769424
590639481 133.4023 -40.03268 -5386.592 526.8704 9998 33400 -5407.40504453
590639482 133.4326 -39.92724 -5384.126 324.7148 9998 33400 -5327.05991633
590639483 133.532 -39.82097 -5526.914 208.9352 9998 33400 -5524.70495253
590639484 134.2507 -39.62831 -5545.101 243.8297 9998 33400 -5527.17509155
590639485 135.1541 -39.45961 -5523.903 559.564 9998 33400 -5421.19293744
590639486 135.4695 -39.04362 -5521.304 402.7451 9998 33400 -5470.04478385
590639487 135.4284 -38.53138 -5528.622 457.3395 9998 33400 -5435.02823785
590639488 135.5919 -38.19231 -5523.275 681.3079 9998 33400 -5476.00933088
590639489 135.8367 -38.42622 -5525.385 414.3376 9998 33400 -5525.80186288
590639490 135.4775 -38.76605 -5533.245 280.1466 -1 33400 -5540.71200297
590639491 134.8785 -39.1404 -5537.606 416.4482 9998 33400 -5501.46912024
590639492 134.2306 -39.43558 -5556.418 427.153 9998 33400 -5538.78582292
590639493 133.8194 -39.7105 -5555.893 90.59759 9998 33400 -5559.82192937
590639494 133.6348 -39.74453 -5561.002 152.9589 9998 33400 -5340.62025395
590639495 133.6555 -39.73461 -5559.46 144.2756 9998 33400 -5335.73610835
590639496 134.0384 -39.55251 -5331.256 243.0318 9998 33400 -4670.06460126
590639497 134.1874 -39.64322 -5545.094 207.7473 9998 33400 -5540.49109489
590639498 134.09 -39.8562 -5444.459 202.1903 9998 33400 -5432.46246881
590639499 134.0897 -39.9 -5533.646 307.1513 9998 33400 -5460.82304278
5906394100 133.9572 -39.89945 -5301.653 269.5504 9998 33400 -5430.19440531
5906394101 133.9025 -39.90885 -5535.479 304.4913 9998 33400 -5454.81596041
5906394102 133.7074 -39.91686 -5440.656 299.9048 9998 33400 -5470.64943911
5906394103 133.4094 -39.89926 -5560.248 306.8356 9998 33400 -5483.05210078
5906394104 133.2326 -39.89419 -5561.217 316.322 9998 33400 -5565.7873447
5906394105 133.1066 -39.8516 -5563.076 273.4105 9998 33400 -5558.40532248
5906394106 133.0763 -39.87854 -5562.87 217.5168 9998 33400 -5543.99780336
5906394107 133.0167 -39.85678 -5564.234 273.8848 9998 33400 -5575.24466088
5906394108 132.8179 -39.84007 -5563.373 226.8343 9998 33400 -5562.84267666
5906394109 132.3987 -39.88226 -5566.833 267.8083 9998 33400 -5731.67012914
5906394110 132.1364 -40.01517 -5564.735 389.712 9998 33400 -5591.83958859
5906394111 132.0911 -40.16085 -5563.597 511.4268 9998 33400 -5580.84368346
5906394112 132.1276 -40.23592 -5527.77 545.4929 9998 33400 -5518.42336425
5906394113 132.1493 -40.1843 -5561.941 493.0681 9998 33400 -5571.46560634
5906394114 132.0622 -40.1589 -5563.114 529.8554 9998 33400 -5577.16066545
5906394115 131.8748 -40.36398 -5172.997 628.4632 -1 33400 -5408.85139599
5906394116 131.8586 -40.44752 -5579.7 796.8484 9998 33400 -5518.02282914
5906394117 132.319 -40.3013 -5529.672 391.3983 9998 33400 -5567.3786526
5906394118 132.4163 -40.28938 -5385.691 508.5404 9998 33400 -5436.40496491
5906394119 133.1748 -40.29922 -5555.983 659.0952 -1 33400 -5606.03444186
5906394120 133.338 -40.30435 -5554.626 647.7747 9998 33400 -5509.38713846
5906394121 133.2531 -40.28228 -5555.604 667.5503 -1 33400 -5565.06370998
5906394122 133.22 -40.24716 -5326.176 630.3399 -1 33400 -5370.94175896
5906394123 133.0806 -40.22597 -5213.266 583.4493 9998 33400 -5174.69108419
5906394124 133.1917 -40.22495 -5397.145 640.3098 9998 33400 -5342.95628006
5906394125 133.0257 -40.18317 -5054.948 539.7294 9998 33400 -5195.92798902
5906394126 132.9954 -40.25292 -5560.746 671.0854 9998 33400 -5508.3075404
5906394127 133.1089 -40.24817 -5186.13 596.6182 -1 33400 -5248.96835954
5906394128 133.0719 -40.23824 -5049.01 560.9719 9998 33400 -5164.06435509
5906394129 132.9261 -40.25012 -5557.651 655.3864 9998 33400 -5543.25979216
5906394130 132.3295 -40.23326 -5560.079 485.6152 9998 33400 -5518.80778971
5906394131 132.0444 -40.16796 -5563.884 553.5164 9998 33400 -5572.1295657
5906394132 132.0095 -40.10134 -5564.691 524.9899 9998 33400 -5527.63367808
5906394133 131.7532 -40.03403 -5565.983 560.6501 9998 33400 -5557.32118704
5906394134 131.594 -39.82447 -5558.351 487.2435 9998 33400 -5544.86452496
5906394135 131.5057 -39.62717 -5562.609 483.7974 9998 33400 -5560.05904363
5906394136 131.7892 -39.47011 -5564.816 438.489 9998 33400 -5436.87121963
5906394137 132.1058 -39.27643 -5569.169 363.479 9998 33400 -5569.73043592
5906394138 132.4155 -39.44146 -5567.346 253.2968 9998 33400 -5671.05048525
5906394139 132.4531 -39.47055 -5566.751 241.9206 9998 33400 -5635.76915018
5906394140 132.8576 -39.55812 -5563.611 76.03526 9998 33400 -5618.07563822
5906394141 133.0338 -39.7844 -5562.82 209.0137 9998 33400 -5567.95426078
5906394142 133.2269 -39.81831 -5561.836 251.0468 9998 33400 -5567.10566787
5906394143 133.4069 -39.71056 -5561.31 215.9762 9998 33400 -5567.99140458
5906394144 133.4011 -39.67119 -5554.752 218.2869 9998 33400 -5560.9776799
5906394145 133.0764 -39.78785 -5562.238 215.522 9998 33400 -5565.49919438
5906394146 132.7253 -39.83492 -5565.31 220.029 9998 33400 -5567.44788115
5906394147 132.3236 -39.92683 -5565.069 284.2876 9998 33400 -5695.58039542
5906394148 132.1306 -39.87644 -5564.417 368.4811 9998 33400 -5573.1112064
5906394150 132.1275 -39.84515 -5562.112 365.2026 9998 33400 -5646.10539827
5906394151 132.353 -39.79442 -5567.941 298.8219 9998 33400 -5753.55265424
5906394152 132.627 -39.61808 -5563.388 168.5386 9998 33400 -5524.69390132
5906394153 132.7383 -39.22748 -5569.678 174.556 9998 33400 -5591.56186536
590639515 129.0834 -38.99622 -5303.636 433.001 9998 33400 -5411.42716605
590639518 128.843 -38.8962 -5459.256 641.7154 9998 33400 -5244.07234157
590639519 128.7112 -38.89951 -5323.534 632.2664 9998 33400 -5447.23956805
590639520 128.6433 -38.93317 -5457.205 631.1938 9998 33400 -5368.46894628
590639521 128.5902 -38.98654 -5445.276 570.2217 9998 33400 -5148.88624546
590639522 128.6033 -39.03992 -5461.217 526.6908 9998 33400 -5265.0020805
590639525 128.1832 -38.94732 -5463.972 542.0673 9998 33400 -5444.7409116
590639526 128.0031 -39.0026 -5485.719 416.8256 9998 33400 -5450.64279783
590639527 127.7896 -38.8945 -5393.633 490.7299 9998 33400 -5414.63331892
590639529 127.602 -38.72003 -5388.49 556.0013 9998 33400 -5475.32512891
590639536 128.5973 -38.97772 -5442.957 563.1223 9998 33400 -5118.74553383
590639537 129.0264 -38.94207 -5388.188 514.0578 9998 33400 -5413.8064
590639538 129.3401 -39.01045 -5466.264 365.6451 9998 33400 -5447.50718271
590639539 129.428 -38.95081 -5580.167 430.8969 9998 33400 -5512.84756017
590639540 129.4166 -39.09591 -5579.901 312.162 9998 33400 -5567.66457306
590639541 129.379 -38.99385 -5579.855 396.234 9998 33400 -5475.26856142
590639542 129.3489 -38.80067 -5461.141 541.8965 9998 33400 -5486.44292001
590639543 129.276 -38.67189 -5550.029 665.1089 9998 33400 -5542.17644621
590639544 128.9851 -38.71392 -5451.796 735.4618 9998 33400 -5434.77303494
590639545 128.977 -38.83691 -5454.93 646.0533 9998 33400 -5371.56241934
590639546 128.9641 -38.83824 -5444.187 645.5203 9998 33400 -5364.17014956
590639547 128.9249 -38.87779 -5135.222 557.1068 9998 33400 -5383.80667579
590639548 128.8605 -38.86509 -5158.776 589.2784 9998 33400 -5210.6095916
590639549 128.7557 -38.86641 -5428.203 660.4495 9998 33400 -5406.07972573
590639550 128.5854 -38.86888 -5313.478 644.6786 9998 33400 -5339.9612951
590639551 128.4884 -38.88289 -5305.336 634.1934 9998 33400 -5303.03134358
590639552 128.2402 -38.9492 -5432.808 535.5501 9998 33400 -5464.12911174
590639553 127.8164 -38.98556 -5566.511 412.835 -1 33400 -5557.72659625
590639554 127.4434 -38.90436 -5282.567 342.2748 -1 33400 -5437.0124527
590639555 127.1147 -38.76647 -5491.641 528.0717 -1 33400 -5522.69211512
590639556 127.0443 -38.49332 -5269.977 699.748 9998 33400 -5421.41242617
590639557 126.7484 -38.43714 -5426.573 650.7547 9998 33400 -5217.73976843
590639559 126.7676 -38.38437 -5678.805 700.0638 9998 33400 -5319.78692932
590639560 126.8018 -38.38038 -5385.459 648.3444 9998 33400 -5308.25779171
590639561 126.8649 -38.29308 -5513.84 689.4479 9998 33400 -5246.52864754
590639562 127.0508 -38.27107 -5354.724 741.9915 9998 33400 -5486.51687989
590639563 127.1411 -38.20406 -5414.006 773.5065 9998 33400 -5506.23215124
590639564 127.1533 -38.34666 -5611.131 873.4926 9998 33400 -5509.72172708
590639568 127.0281 -38.42537 -5574.627 805.4496 9998 33400 -5414.41572862
590639569 127.2231 -38.44605 -5526.439 789.9576 9998 33400 -5572.2884652
590639570 127.4234 -38.42138 -5638.366 864.9083 9998 33400 -5523.9032
590639571 127.5762 -38.39759 -5371.413 796.7065 9998 33400 -5512.94669421
590639572 127.609 -38.38708 -5503.246 837.2865 9998 33400 -5531.36517304
590639573 127.636 -38.396 -5434.917 811.197 9998 33400 -5555.23478983
590639574 127.6902 -38.39225 -5477.503 818.0754 9998 33400 -5554.11739817
590639575 127.7828 -38.41196 -5511.555 788.5555 9998 33400 -5488.65502322
590639576 127.9428 -38.43909 -5434.993 711.2429 9998 33400 -5495.78119697
590639579 127.826 -38.42498 -5563.6 778.3364 9998 33400 -5472.67298436
590639580 127.816 -38.43941 -5629.171 798.793 9998 33400 -5489.49503816
590639581 127.7969 -38.49654 -5517.222 748.13 9998 33400 -5475.95982884
590639582 127.9062 -38.69372 -5424.9 662.1901 9998 33400 -5418.87951855
590639583 128.1654 -38.68038 -5554.186 735.0035 9998 33400 -5513.17474501
590639584 128.2944 -38.6944 -5583.197 800.8547 9998 33400 -5541.00537215
590639585 128.3702 -38.69925 -5604.087 823.8286 9998 33400 -5507.57755135
590639586 128.4365 -38.72865 -5671.572 868.7787 9998 33400 -5498.74895311
590639592 128.3528 -38.74101 -5641.106 847.0308 9998 33400 -5546.51210177
590639594 128.7734 -38.68114 -5453.747 790.7751 9998 33400 -5418.25680923
590639595 129.0585 -38.6526 -5667.356 787.3915 9998 33400 -5414.06296094
590639596 129.1564 -38.57883 -5567.972 738.9261 9998 33400 -5470.25623487
590639597 129.1878 -38.44506 -5561.268 743.3824 9998 33400 -5530.56380542
590639598 129.0931 -38.42113 -5572.017 712.2766 9998 33400 -5536.14662459
590639599 129.0733 -38.45278 -5517.243 710.1526 9998 33400 -5558.43277638
5906395100 129.1007 -38.40193 -5578.122 705.9094 9998 33400 -5527.59587487
5906395101 129.1838 -38.43142 -5579.461 745.3499 9998 33400 -5530.41431843
5906395102 129.2026 -38.45451 -5457.44 726.4255 9998 33400 -5527.876
5906395103 129.1912 -38.50111 -5577.975 756.8748 9998 33400 -5525.04510994
5906395104 129.1975 -38.53906 -5487.302 730.9145 9998 33400 -5482.65687696
5906395105 129.2861 -38.56736 -5440.157 678.6909 9998 33400 -5566.69599046
5906395106 129.4465 -38.5455 -5360.789 631.5239 9998 33400 -5556.77166755
5906395107 129.3985 -38.52896 -5581.83 716.1549 9998 33400 -5553.20517123
5906395108 129.438 -38.23172 -5588.75 712.6833 9998 33400 -5550.47969811
5906395109 129.7866 -38.04544 -5588.747 653.1093 9998 33400 -5508.55922818
5906395110 129.9502 -37.96435 -5243.879 501.2404 9998 33400 -5389.36064331
5906395111 129.9104 -37.85389 -5590.003 600.1506 9998 33400 -5481.81444756
5906395112 129.7757 -37.76301 -5590.532 569.4773 -1 33400 -5600.30469418
5906395113 129.5999 -37.69544 -5592.21 527.8992 -1 33400 -5604.8948968
5906395114 129.1702 -37.60242 -5562.268 506.4073 -1 33400 -5567.68025507
5906395115 128.9805 -37.36878 -5591.405 535.4774 9998 33400 -5573.75948244
5906395116 128.7347 -37.40389 -5598.353 470.4051 9998 33400 -5552.70980473
5906395117 128.0332 -37.37175 -5595.951 387.4875 -1 33400 -5608.26817622
5906395118 127.6793 -37.3992 -5584.425 356.403 -1 33400 -5579.16868519
5906395119 127.352 -37.34586 -5432.136 280.1876 -1 33400 -5563.6206259
5906395120 126.9213 -37.18304 -5588.596 276.3027 -1 33400 -5564.19282738
5906395121 126.8234 -37.07567 -5590.293 379.3654 9998 33400 -5591.39817733
5906395122 126.8243 -36.7696 -5581.738 611.3449 9998 33400 -5532.82326742
5906395123 126.6318 -36.58566 -5569.155 618.3357 9998 33400 -5569.26882065
5906395124 126.4144 -36.30103 -5552.652 678.9727 9998 33400 -5547.67171851
5906395125 126.4952 -36.07138 -5531.767 769.4227 9998 33400 -5525.39974772
5906395126 126.7702 -35.92973 -5496.51 757.0995 -1 33400 -5469.16873517
5906395127 127.182 -35.88436 -5460.331 700.5724 9998 33400 -5537.74999324
5906395128 127.7131 -35.84248 -5491.326 563.0371 9998 33400 -5436.96972474
5906395129 128.225 -35.90518 -5520.04 378.7282 9998 33400 -5523.08063501
5906395130 128.8331 -35.98304 -5548.84 465.1017 9998 33400 -5549.47110832
5906395131 129.1886 -36.10545 -5569.197 570.6632 9998 33400 -5564.8564521
5906395132 129.2727 -36.18287 -5573.417 608.2266 -1 33400 -5539.18565712
5906395133 129.3083 -36.15377 -5570.915 585.2508 9998 33400 -5544.08425294
5906395134 129.4521 -36.08452 -5563.498 477.7698 9998 33400 -5562.99597191
5906395135 129.7592 -35.99828 -5551.735 348.7934 9998 33400 -5555.12742076
5906395136 130.1546 -36.01947 -5548.725 315.6122 9998 33400 -5547.8817033
5906395137 130.2213 -36.29383 -5574.136 343.5073 -1 33400 -5521.95805271
5906395138 130.1743 -36.66873 -5584.304 522.8666 9998 33400 -5558.06683786
5906395139 130.4788 -36.54534 -5583.784 519.8023 9998 33400 -5577.3306551
5906395140 130.8638 -36.15268 -5561.336 297.0502 9998 33400 -5529.9883037
5906395141 131.5361 -36.29041 -5565.526 874.6823 -1 33400 -5563.92884597
5906395142 131.9439 -36.64178 -5581.511 602.011 9998 33400 -5553.99420578
5906395143 131.8495 -37.00637 -5589.361 460.5133 9998 33400 -5579.97062141
5906395144 131.5178 -37.31528 -5590.562 322.4367 9998 33400 -5605.79325122
590639614 124.809 -38.70497 -5291.281 265.1319 9998 33400 -4898.03241613
590639616 124.503 -38.71844 -5284.496 350.8677 9998 33400 -5097.28399691
590639617 124.4448 -38.69742 -5273.755 354.1907 9998 33400 -5151.48481196
590639622 124.0208 -38.60316 -5279.804 477.722 9998 33400 -5274.67612029
590639623 124.0035 -38.54129 -5118.319 404.0341 9998 33400 -5117.63284292
590639624 123.9622 -38.55895 -5201.941 446.8315 9998 33400 -5126.6203093
590639625 123.9445 -38.55742 -5131.008 428.3429 9998 33400 -5125.77234427
590639626 123.9017 -38.54499 -5199.622 447.9713 9998 33400 -5152.73487292
590639628 123.818 -38.45665 -5067.467 349.351 9998 33400 -5141.06243336
590639629 123.7403 -38.36666 -5073.228 313.872 9998 33400 -5160.75146729
590639630 123.7098 -38.29089 -4940.993 321.5792 9998 33400 -5180.3397594
590639632 123.3495 -38.2353 -5244.236 541.7025 9998 33400 -5190.11778185
590639633 123.2356 -38.19914 -4920.662 464.7281 9998 33400 -5198.64530148
590639634 122.9879 -38.1945 -5081.547 320.9409 9998 33400 -5144.6847217
590639636 122.5426 -38.07233 -5220.189 225.551 9998 33400 -5342.29739068
590639637 122.5085 -38.13335 -5045.704 214.4147 9998 33400 -5225.53108064
590639638 122.358 -38.10748 -5222.691 261.3838 9998 33400 -5178.40056697
590639639 122.3719 -38.10059 -5257.28 262.8645 9998 33400 -5211.71275737
590639640 122.4119 -38.05288 -5033.231 246.9688 9998 33400 -5485.67745024
590639642 122.2478 -38.01506 -5151.999 300.8675 9998 33400 -5208.42071727
590639643 122.0649 -37.88859 -5075.288 537.6767 9998 33400 -5065.34056552
590639645 121.7879 -37.91447 -4767.552 471.2491 9998 33400 -4330.56218758
590639648 122.1138 -38.10347 -4899.36 237.3418 9998 33400 -5085.17971031
590639651 122.2833 -38.03879 -4890.753 265.9498 9998 33400 -5184.51529024
590639658 121.736 -37.58507 -4837.095 1267.334 9998 33400 -4908.26104842
590639666 121.9115 -37.42293 -4767.664 1303.725 9998 33400 -4362.46357256
590639667 121.9071 -37.4191 -4654.343 1184.651 9998 33400 -4407.13685901
590639668 121.8308 -37.44542 -5094.878 1361.6 9998 33400 -4766.17614891
590639677 122.0365 -37.4166 -5139.383 1328.903 9998 33400 -4491.84110329
590639680 123.1457 -37.33813 -4986.711 761.8652 -1 33400 -4978.4525298
590639681 123.2626 -37.27589 -4893.222 687.2059 -1 33400 -5252.10469727
590639686 121.8268 -37.05216 -5234.52 1199.24 9998 33400 -5116.67449623
590639687 121.3513 -37.14711 -5186.511 1343.091 9998 33400 -5375.65585913
590639691 122.107 -37.1973 -4841.338 1100.993 9998 33400 -5083.08324998
590639692 122.1201 -37.18674 -4964.082 1156.558 9998 33400 -5031.42127545
590639693 122.1175 -37.20241 -4757.176 1060.928 9998 33400 -5040.99122395
5906396100 123.556 -37.52833 -5015.818 769.0579 -1 33400 -4866.72985393
5906396106 124.4348 -37.30788 -5190.701 635.6207 -1 33400 -5057.06255462
5906396119 123.8084 -36.71031 -5447.64 613.0234 -1 33400 -5366.64049255
5906396120 123.4323 -36.69251 -5472.332 610.8311 -1 33400 -5452.11661348
5906396121 123.1542 -36.52343 -5391.191 486.6006 9998 33400 -5521.41437745
5906396122 123.1149 -36.46818 -5386.763 442.2085 9998 33400 -5449.44065148
5906396123 122.8431 -36.4717 -5395.96 551.0746 -1 33400 -5409.77963331
5906396124 122.5298 -36.39641 -5367.14 723.4427 9998 33400 -5330.68939931
5906396125 122.2509 -36.32782 -5335.02 912.3486 9998 33400 -5250.79567061
5906396126 122.1642 -36.24047 -5211.929 1169.308 9998 33400 -5203.20225845
5906396127 122.2587 -36.2239 -5229.379 1197.731 9998 33400 -5214.3624759
5906396128 122.33 -36.20363 -5291.975 1251.278 -1 33400 -5263.32299628
5906396129 122.3603 -36.45871 -5338.542 631.6885 -1 33400 -4866.56821744
5906396130 122.1087 -36.68986 -5413.961 644.5457 9998 33400 -5358.20617019
5906396131 121.9576 -37.01416 -5322.979 1114.021 9998 33400 -5125.88920997
5906396133 121.8912 -37.15105 -5459.141 1315.913 9998 33400 -5017.00309898
5906396134 122.1524 -37.14853 -5104.61 1148.338 9998 33400 -4934.76992545
5906396135 122.2148 -36.7768 -4928.756 739.5272 9998 33400 -5234.06490946
5906396136 122.3281 -36.60709 -5404.029 684.0959 9998 33400 -5404.06719664
5906396137 122.6369 -36.40681 -5365.683 669.1528 9998 33400 -5359.71956785
5906396138 122.8893 -36.40954 -5163.105 443.9474 9998 33400 -5335.07218309
5906396139 122.9887 -36.27256 -5302.211 449.627 -1 33400 -5304.40342931
5906396140 123.1193 -36.19969 -5284.809 450.0521 -1 33400 -5273.20199211
5906396141 123.3073 -36.45006 -5411.172 380.0696 -1 33400 -5412.60555772
5906396142 123.2687 -36.41701 -5404.894 344.1499 -1 33400 -5409.66185188
5906396143 123.5467 -36.30288 -5315.951 247.7 9998 33400 -5314.71979782
5906396144 123.7464 -36.17362 -5241.514 245.995 9998 33400 -5339.16306074
590639712 120.1395 -39.05917 -4918.244 526.7559 9998 33400 -4880.81590577
590639719 120.1982 -39.02906 -5096.093 546.6887 9998 33400 -4940.08238456
590639720 120.2508 -39.09067 -4872.537 451.2124 9998 33400 -4887.94076755
590639721 120.3449 -39.24352 -5013.398 430.3289 9998 33400 -4960.90541793
590639722 120.4688 -39.19401 -4848.623 335.8268 9998 33400 -4802.2403118
590639723 120.2797 -39.09207 -4857.303 429.4268 9998 33400 -4873.80812967
590639724 120.105 -39.05443 -4936.482 561.4108 9998 33400 -4862.90145102
590639725 119.9258 -39.02256 -4930.87 692.2169 9998 33400 -4895.85715533
590639730 120.3056 -39.01955 -4991.585 429.4818 9998 33400 -4910.02405295
590639731 120.3958 -39.04909 -5047.13 375.6369 9998 33400 -4888.40744983
590639732 120.3782 -39.02769 -4930.965 376.4376 9998 33400 -4896.05069287
590639733 120.4183 -38.9839 -4989.467 366.4963 9998 33400 -4868.2203778
590639734 120.3047 -38.91277 -4908.997 460.2628 9998 33400 -4848.05518563
590639736 119.9945 -38.81364 -4994.393 774.3063 9998 33400 -4918.65807824
590639737 119.8589 -38.73551 -4943.608 855.9615 9998 33400 -4666.76078257
590639738 119.8436 -38.76959 -4604.244 762.1094 9998 33400 -4733.52168365
590639739 119.7906 -38.75181 -4975.704 882.8607 9998 33400 -4761.54343981
590639740 119.6805 -38.86385 -4871.472 812.6505 9998 33400 -4940.55026039
590639741 119.5904 -38.89197 -5068.82 837.8996 9998 33400 -5035.11176328
590639743 119.4274 -38.86981 -5006.489 718.3823 9998 33400 -4955.27630364
590639750 119.2768 -39.19068 -5061.51 397.3523 -1 33400 -5078.96289347
590639752 119.2902 -39.19586 -5069.167 408.7906 -1 33400 -5047.14669363
590639753 119.3072 -39.17795 -5073.247 442.0197 -1 33400 -5121.28352902
590639754 119.4389 -39.10353 -4828.188 554.8917 -1 33400 -4844.85627352
590639755 119.4284 -39.14951 -4716.348 498.6665 -1 33400 -4876.58735791
590639756 119.4673 -39.0693 -4898.838 610.319 -1 33400 -4894.75374217
590639757 119.4978 -39.07335 -4848.966 611.6768 -1 33400 -4843.01596353
590639758 119.5333 -39.04586 -4815.984 639.1009 -1 33400 -4819.88516653
590639759 119.7335 -39.09259 -4673.94 664.8604 9998 33400 -4802.47940337
590639760 119.9393 -39.08161 -4913.771 657.8911 9998 33400 -4867.76111259
590639761 120.0707 -39.08172 -4903.101 564.222 9998 33400 -4863.91386206
590639762 120.0295 -39.042 -4920.871 608.7603 9998 33400 -4937.00703014
590639764 120.2244 -39.00608 -4838.71 468.9866 9998 33400 -4922.08875459
590639765 120.343 -39.03763 -4837.629 380.4307 9998 33400 -4897.72698237
590639766 120.4626 -38.98771 -4869.186 319.3659 9998 33400 -4913.3338488
590639767 120.464 -38.97587 -4845.71 320.1894 9998 33400 -4929.00276141
590639768 120.4844 -38.98515 -4869.867 307.5401 9998 33400 -4936.47973516
590639769 120.5522 -38.93485 -4888.71 285.8723 9998 33400 -5022.90723351
590639770 120.5125 -38.89631 -4834.683 324.8488 9998 33400 -5060.3136
590639771 120.3862 -38.89019 -4878.252 414.0321 9998 33400 -5022.55098863
590639772 120.2079 -38.85294 -4821.212 551.7564 9998 33400 -4852.00498105
590639773 120.1893 -38.8459 -4737.546 551.9701 9998 33400 -4835.48308756
590639779 118.6331 -39.37249 -4830.497 217.6279 9998 33400 -5031.1228257
590639780 117.9385 -39.56054 -4599.155 560.4114 9998 33400 -4652.65056016
590639781 117.8623 -39.59939 -4783.135 668.3003 9998 33400 -4617.0677739
590639782 117.9108 -39.56968 -4647.908 615.7063 9998 33400 -4630.4981288
590639783 117.4296 -39.64788 -4908.961 637.7886 9998 33400 -4797.82054583
590639784 117.2344 -39.49147 -4681.831 495.8608 9998 33400 -4780.35605439
590639785 116.8117 -39.29538 -4732.888 188.0878 -1 33400 -4744.794589
590639786 116.5036 -39.46924 -4870.43 284.2358 -1 33400 -4901.55508689
590639787 116.1544 -39.63266 -4788.168 577.6682 9998 33400 -4760.0499173
590639788 115.6136 -39.7916 -4811.39 639.1708 9998 33400 -4811.33819767
590639789 115.3542 -39.90389 -4812.797 551.6592 9998 33400 -4798.6348676
590639790 115.286 -39.97037 -4945.287 570.7932 9998 33400 -4884.29717465
590639791 115.3333 -39.96464 -4853.039 557.8962 9998 33400 -4833.97325134
590639792 115.295 -39.90828 -4758.542 520.4186 9998 33400 -4762.77933674
590639793 115.4501 -39.9569 -4802.002 547.2545 9998 33400 -4808.78396591
590639794 115.465 -39.86512 -4771.179 576.5329 9998 33400 -4787.09760385
590639795 115.5689 -40.12386 -4750.781 474.5038 9998 33400 -4774.08313353
590639796 116.2559 -40.1993 -4806.457 574.5552 9998 33400 -4849.16115026
590639797 116.7171 -40.13984 -4827.346 672.468 9998 33400 -4798.07600723
590639798 116.8393 -40.07726 -4585.438 593.6157 9998 33400 -4782.24719859
590639799 116.7673 -39.99808 -4734.237 594.1482 9998 33400 -4828.00963714
5906397100 116.7703 -40.04004 -5047.163 689.2561 9998 33400 -4815.91315038
5906397101 116.9659 -39.76019 -4708.806 515.5972 -1 33400 -4730.51605902
5906397102 117.4342 -39.67275 -4805.425 607.0933 9998 33400 -4821.47194128
5906397103 117.7123 -39.91382 -4822.108 670.9073 9998 33400 -4747.89820268
5906397104 117.8029 -39.96941 -4754.537 588.9093 9998 33400 -4764.60420205
5906397105 117.8366 -40.00324 -5042.913 622.3158 9998 33400 -4763.41169519
5906397106 117.8798 -39.97355 -4953.722 598.0406 9998 33400 -4777.13808423
5906397107 117.624 -39.82879 -4659.355 679.1989 9998 33400 -4694.15127535
5906397108 117.6242 -39.8825 -4672.441 668.4693 9998 33400 -4723.19606768
5906397109 117.6882 -40.00602 -4860.491 623.1844 9998 33400 -4763.28999283
5906397110 117.6882 -40.09456 -4901.682 587.9287 9998 33400 -4760.11446315
5906397225 119.5316 -39.90589 -4668.936 268.6482 9998 33400 -5166.01336463
5906397226 119.537 -39.89736 -4599.694 264.9327 9998 33400 -5234.55933954
5906397227 119.5439 -39.89583 -4708.748 285.4814 9998 33400 -5259.74394741
5906397228 119.5509 -39.9038 -4883.626 309.3246 9998 33400 -5248.48965692
5906397229 119.5742 -39.97567 -4969.141 328.4876 9998 33400 -4994.51643281
5906397230 119.558 -39.96552 -4912.991 323.2514 9998 33400 -4925.53913008
5906397231 119.5412 -39.96009 -4738.136 305.144 9998 33400 -4836.89082945
5906397232 119.5502 -39.94374 -4940.837 335.7753 9998 33400 -4979.49167911
5906397235 119.7141 -39.87308 -5011.658 440.9045 -1 33400 -5087.95060603
5906397236 119.7897 -39.87786 -5014.176 448.8931 -1 33400 -5161.9540429
5906397237 119.8013 -39.94038 -4942.099 432.6062 -1 33400 -4955.77564637
5906397238 119.8873 -40.01837 -4992.006 427.377 9998 33400 -4878.69552837
5906397239 120.0424 -40.01201 -5041.359 404.8974 9998 33400 -4836.63877039
5906397240 120.2369 -40.04399 -5022.342 334.0946 9998 33400 -4878.11644406
5906397241 120.2778 -40.00162 -4860.59 314.4109 9998 33400 -4831.73677804
59063989 115.448 -38.84452 -4688.223 428.5471 9998 33400 -4671.7667169
590639810 115.489 -38.82533 -4802.008 392.3314 9998 33400 -4718.61449301
590639811 115.5236 -38.7992 -4681.833 351.6966 -1 33400 -4680.09796431
590639813 115.3125 -38.65589 -4858.367 936.8714 -1 33400 -4808.40687276
590639814 115.166 -38.49889 -4761.672 1082.326 9998 33400 -4733.23367286
590639815 114.7472 -38.46182 -4796.924 700.4326 9998 33400 -4790.00090717
590639816 114.6607 -38.16216 -4837.622 569.8233 9998 33400 -4801.70834321
590639817 114.4273 -37.64376 -4796.596 694.8395 9998 33400 -4612.77232255
590639818 113.8792 -37.39648 -4803.205 900.8329 -1 33400 -4803.30369129
590639819 113.5151 -37.4536 -4952.615 986.9438 9998 33400 -4986.74363476
590639821 113.5144 -37.46445 -4999.167 1014.67 9998 33400 -4959.80641824
590639824 113.4855 -37.36732 -4987.281 881.7522 9998 33400 -5041.4729773
590639825 113.4793 -37.61278 -4670.385 916.9845 9998 33400 -4706.29585976
590639826 113.5688 -37.71607 -4762.588 1000.988 9998 33400 -4626.92111133
590639827 113.3199 -37.74003 -4308.363 945.623 9998 33400 -4317.8746213
590639828 113.3703 -37.79659 -4461.695 975.1972 9998 33400 -4053.80724761
590639829 113.4923 -37.77128 -4727.71 1065.906 9998 33400 -4652.82173326
590639837 113.93 -37.86327 -4762.429 790.9234 -1 33400 -4688.21661901
590639838 113.8292 -37.85316 -4752.336 918.7908 -1 33400 -4821.74038399
590639839 113.6528 -37.86892 -4739.223 962.1722 9998 33400 -4776.06374066
590639840 113.3291 -37.86494 -4284.967 872.744 9998 33400 -4552.66425157
590639841 113.0001 -38.03256 -4818.171 928.376 9998 33400 -4454.37647384
590639842 113.1545 -38.06519 -4778.749 849.9312 9998 33400 -4457.61450826
590639843 113.0145 -38.05865 -4890.26 949.8016 9998 33400 -4431.03255823
590639844 112.8237 -38.17248 -4709.966 889.3352 9998 33400 -4337.8990763
590639846 112.6967 -38.35024 -4900.708 1004.487 9998 33400 -4600.19582453
590639847 112.569 -38.3756 -4873.142 1058.562 9998 33400 -4615.14463348
590639848 112.547 -38.38586 -4526.286 917.7095 9998 33400 -4569.2128
590639849 112.6203 -38.40749 -4476.419 911.1982 9998 33400 -4410.76442239
590639850 112.5807 -38.42417 -4349.338 869.5982 9998 33400 -4347.11318923
590639851 112.5202 -38.43081 -4466.009 930.8707 9998 33400 -4383.79753335
590639852 112.5145 -38.44036 -4463.187 923.1888 9998 33400 -4363.27316466
590639853 112.5265 -38.41194 -4485.457 918.2221 9998 33400 -4450.54126663
590639854 112.5687 -38.47626 -4319.557 871.7885 9998 33400 -4271.81049061
590639855 112.5057 -38.55812 -4429.116 919.0143 9998 33400 -4316.43322733
590639856 112.7739 -38.64756 -4713.067 773.5341 9998 33400 -4544.94459489
590639857 112.7735 -38.7615 -4757.289 785.5009 9998 33400 -4360.70751012
590639858 112.994 -38.97622 -4710.791 511.181 9998 33400 -4432.67591307
590639859 112.9814 -39.02979 -4785.323 549.3015 9998 33400 -4440.14185474
590639860 113.1835 -39.62285 -4717.312 516.6146 9998 33400 -4491.42260644
590639861 113.8524 -39.68393 -4657.28 544.5279 -1 33400 -4715.29559591
590639862 114.0527 -39.42671 -4820.962 730.0841 9998 33400 -4731.12969531
590639863 113.7892 -39.09009 -4659.667 444.4555 -1 33400 -4619.33383119
590639864 113.3728 -38.92077 -4796.046 227.5247 9998 33400 -4592.33340446
590639865 112.899 -38.80406 -4809.103 664.3324 9998 33400 -4342.33791955
590639866 112.6091 -38.77637 -4783.2 984.3649 9998 33400 -4427.84471193
590639867 112.2204 -38.76534 -4602.788 864.6635 9998 33400 -4482.3972733
590639868 112.0555 -38.89267 -4673.345 744.6029 9998 33400 -4624.00309305
590639869 111.8407 -38.98224 -4709.526 627.2557 9998 33400 -4634.10915651
590639870 111.7903 -38.85953 -4397.593 497.6725 9998 33400 -4571.74194246
590639871 111.3527 -38.99731 -4647.858 181.5529 9998 33400 -4613.44191301
590639872 111.0828 -39.01404 -4498.625 217.6862 9998 33400 -4624.88614962
590639873 110.6995 -39.20245 -4482.513 305.8315 -1 33400 -4538.06654572
590639874 110.5073 -39.39131 -4450.946 236.6875 9998 33400 -4533.71445689
590639875 110.5328 -39.45957 -4449.947 139.258 -1 33400 -4537.82069672
590639876 110.6177 -39.50741 -4458.189 110.168 -1 33400 -4485.96651341
590639877 110.6814 -39.43601 -4466.188 135.1866 -1 33400 -4497.9771628
590639878 110.4516 -39.28319 -4620.349 379.5917 9998 33400 -4556.84866961
590639879 110.4028 -38.99971 -4560.334 288.5898 -1 33400 -4556.84220582
590639880 110.4156 -38.60901 -4553.11 333.7403 9998 33400 -4368.9603459
590639881 110.287 -38.47372 -4434.496 341.6455 9998 33400 -4629.44220363
590639882 110.4885 -38.3854 -4300.721 289.4832 9998 33400 -4402.98847158
590639883 110.5153 -38.32252 -4397.611 333.225 9998 33400 -4332.60158527
590639885 110.7474 -38.19823 -4669.46 434.6556 9998 33400 -4498.61151625
590639886 110.824 -38.22217 -4711.887 428.9666 -1 33400 -4780.48662133
590639887 110.7883 -38.32735 -4462.648 339.9827 -1 33400 -4503.01383551
590639888 111.24 -38.23303 -4563.175 307.6906 -1 33400 -4589.73847148
590639889 111.3249 -38.15757 -4407.302 282.6051 -1 33400 -4472.92213088
590639890 111.2123 -38.05064 -4693.121 293.6839 9998 33400 -4728.05365097
590639891 111.3289 -38.05219 -4311.258 251.983 -1 33400 -4305.63175363
590639892 111.2534 -37.72511 -4624.104 171.8745 -1 33400 -4797.82414072
5906398100 111.804 -37.64948 -4866.181 298.7689 9998 33400 -4915.08915635
5906398101 112.3088 -37.58866 -4796.037 419.7993 9998 33400 -4836.72772823
5906398102 112.3726 -37.60203 -4725.742 518.1143 9998 33400 -4802.09947373
5906398103 112.4448 -37.62786 -4723.984 581.778 9998 33400 -4752.50517507
5906398104 112.5693 -37.58734 -4510.476 568.9013 9998 33400 -4650.73760858
5906398107 112.8938 -37.49648 -4599.134 711.5676 9998 33400 -4930.24030267
5906398111 112.3253 -37.65268 -4759.897 539.4029 9998 33400 -4781.54742738
5906398112 112.2175 -37.83266 -4835.629 642.3927 9998 33400 -4594.85495875
5906398113 112.1522 -37.70269 -4812.003 480.4168 9998 33400 -4743.70576548
5906398117 112.3519 -37.78435 -4870.294 693.5189 9998 33400 -4642.65286958
5906398119 111.9456 -37.76938 -4621.852 399.3171 9998 33400 -4675.17935472
5906398132 108.4786 -36.89397 -4864.178 732.3936 9998 33400 -5007.0280011
5906398133 108.2899 -36.86947 -4964.318 821.7028 9998 33400 -4824.76995025
5906398134 108.5605 -36.99264 -4649.856 600.1584 9998 33400 -4608.21297581
5906398136 108.1368 -37.31248 -4627.674 622.2073 9998 33400 -4851.99984189
5906398139 107.8101 -37.52193 -4944.339 565.4426 9998 33400 -4982.92546027
5906398140 107.7909 -37.54503 -4760.623 539.1337 9998 33400 -4994.55480674
5906398141 107.946 -37.59404 -4783.998 513.1861 9998 33400 -4802.95977318
5906398142 107.9107 -37.76976 -5042.474 500.4109 -1 33400 -4968.9805756
5906398143 107.7845 -37.60118 -4662.426 519.0479 9998 33400 -4888.25585042
5906398144 107.8395 -37.51652 -5172.096 618.8563 9998 33400 -4968.98326985
5906398145 107.9519 -37.62595 -4615.401 474.0802 9998 33400 -4623.33140618
5906398147 107.9691 -37.73785 -4628.276 434.4975 9998 33400 -4451.02990108
59064129 175.1517 -55.68351 -5129.243 1499.129 -1 33400 -5215.60703671
590641311 174.4424 -57.39069 -5307.322 1090.279 -1 33400 -5299.88068614
590641312 172.6434 -57.53205 -5389.611 517.5046 -1 33400 -5351.67337137
590641314 170.9252 -56.02078 -5371.839 4016.285 -1 33400 -5471.50682108
590641315 171.6388 -54.93959 -5042.752 10194.21 -1 33400 -5070.82036254
590641316 171.656 -55.02086 -5061.981 9305.697 -1 33400 -5144.18432579
590641317 172.5547 -55.76844 -5420.957 680.7966 -1 33400 -5429.67829947
590641318 173.0621 -56.47305 -5452.519 1536.822 9998 33400 -5362.00656423
590641319 173.9037 -57.1974 -5348.396 338.3425 -1 33400 -5292.11337149
590641320 174.04 -57.63406 -5284.301 60.8918 -1 33400 -5323.55128483
590641321 173.3935 -57.94511 -5253.224 653.1144 -1 33400 -5300.09782125
590641322 172.4433 -57.68046 -5459.982 1106.388 -1 33400 -5495.42353348
590641323 171.5228 -57.09434 -5373.766 640.5901 -1 33400 -5436.51898227
590641324 172.6804 -56.68115 -5308.799 1201.334 9998 33400 -5402.01319511
590641325 173.4189 -57.33445 -5359.739 678.5976 -1 33400 -5435.62575562
590641326 173.2231 -57.6055 -5466.104 384.7274 -1 33400 -5515.62315375
590641327 172.4352 -57.07914 -5427.697 1173.247 -1 33400 -5444.49855481
590641328 172.3327 -56.26452 -5435.802 1732.578 -1 33400 -5469.04788401
590641329 173.0572 -56.26045 -5431.648 1109.674 -1 33400 -5440.14473679
590641331 173.9708 -58.38118 -5275.562 2020.229 -1 33400 -5312.27697958
590641332 174.5402 -58.71845 -5127.548 4825.592 -1 33400 -5122.89667189
590641333 176.1947 -58.31102 -5059.021 4775.179 -1 33400 -5016.6159976
590641334 176.6211 -58.67144 -5440.793 4173.062 -1 33400 -5050.14678136
590641335 175.2718 -58.5757 -5159.82 5599.344 -1 33400 -5109.1520804
590641336 175.0451 -58.52308 -4907.049 4846.356 -1 33400 -4963.20016472
590641337 175.5565 -58.84563 -4924.058 4604.526 -1 33400 -4901.49680676
590641338 175.8665 -58.78438 -5193.681 4873.673 -1 33400 -5113.60800982
590641339 176.7736 -58.64408 -5137.641 3458.112 -1 33400 -4741.09716439
590641340 177.5241 -58.59192 -5170.841 2108.054 -1 33400 -5178.14971793
590641341 177.9442 -58.64292 -4912.714 1370.837 9998 33400 -5027.69757359
590641342 177.8285 -58.64666 -5009.331 1572.03 9998 33400 -5076.07691864
590641344 177.0743 -58.98594 -5271.048 2064.973 -1 33400 -5282.47447205
590641345 176.603 -58.83101 -4862.377 2784.335 -1 33400 -5076.73206716
590641346 175.9211 -57.96297 -5075.909 3685.626 -1 33400 -5084.26166505
590641347 177.8702 -57.36743 -5048.579 4569.171 -1 33400 -5031.59510012
590641348 179.2293 -57.26221 -5008.841 1729.805 9998 33400 -5043.10857652
590641349 178.7749 -57.65429 -5430.624 2171.801 9998 33400 -5240.40298439
590641350 177.899 -57.24598 -5043.211 4737.647 -1 33400 -4915.49665668
590641351 178.2415 -56.67669 -4955.742 3654.573 9998 33400 -4858.16966929
590641352 178.1437 -55.80196 -5119.321 1934.478 9998 33400 -5230.81769735
590641353 178.126 -54.8618 -5187.373 1229.487 9998 33400 -5134.58406185
590641354 178.7709 -54.23162 -5326.746 358.1698 -1 33400 -5282.68995959
590641355 179.6007 -53.92985 -5212.466 1017.68 -1 33400 -5185.1079489
590641356 -178.4509 -53.70547 -5455.276 6872.896 -1 33400 -5357.35682738
590641357 -177.8089 -54.92235 -5217.432 3825.596 -1 33400 -5327.8788536
590641358 -177.7666 -55.45853 -5299.298 3274.517 9998 33400 -5222.68248328
590641359 -177.1825 -55.24495 -5282.473 3997.569 -1 33400 -5185.61811071
590641360 -175.7296 -54.35058 -5286.462 5875.317 -1 33400 -5528.21262872
590641361 -174.687 -54.88796 -5281.574 1559.291 9998 33400 -5216.02069996
590641362 -174.0842 -54.21807 -5196.468 3232.966 -1 33400 -5218.20874389
590641363 -174.474 -53.66281 -5337.166 4212.919 -1 33400 -5327.77906408
590641364 -176.5495 -53.33236 -5447.336 3584.23 9998 33400 -5565.68694368
590641365 -178.2015 -53.68486 -5356.3 6574.193 -1 33400 -5394.56566863
590641366 -178.7183 -54.70008 -5391.398 2258.811 9998 33400 -5370.04530745
590641367 -179.5797 -54.82551 -5391.243 1604.278 -1 33400 -5291.60322394
590641368 -179.4642 -55.04353 -5429.222 1023.691 9998 33400 -5275.03180638
590641369 179.4424 -55.41933 -5388.26 1327.104 -1 33400 -5334.28227219
590641370 178.0972 -54.96876 -5191.968 1569.218 9998 33400 -5165.36237899
590641371 178.4836 -53.93529 -4938.319 1651.985 9998 33400 -4984.93274675
590641372 178.9449 -53.51145 -4955.841 1326.589 9998 33400 -4880.77258022
590641373 -179.7118 -52.79499 -5015.719 1968.76 9998 33400 -5075.06420658
590641374 -179.0483 -52.2522 -5094.971 1603.181 -1 33400 -5174.66623298
590641375 -177.7046 -51.93153 -5209.037 2930.117 9998 33400 -5246.93990025
590641376 -176.7149 -51.62378 -5185.181 1865.091 -1 33400 -5151.80854017
590641377 -175.8034 -52.30047 -5032.015 2011.486 -1 33400 -5783.02588898
590641379 -177.322 -52.82812 -5405.337 4132.56 -1 33400 -5491.02119232
590641380 -177.0843 -53.46353 -5361.818 461.7542 9998 33400 -5513.55803134
590641381 -175.8609 -54.06696 -5288.239 7267.868 -1 33400 -5565.60174852
590641382 -176.0823 -53.8275 -5344.243 6930.559 9998 33400 -5586.12217603
590641383 -177.1886 -52.94533 -5422.199 3764.235 -1 33400 -5480.43583658
590641384 -177.0061 -53.68378 -5469.975 1943.2 -1 33400 -5517.31791963
590641385 -176.6063 -54.26611 -5334.562 7231.608 -1 33400 -5403.92599752
590641386 -177.381 -53.86044 -5419.247 4096.757 -1 33400 -5445.66236872
590641387 -178.0728 -53.78422 -5404.59 6366.973 -1 33400 -5389.92498633
590641388 -179.2779 -52.25943 -5147.336 1319.431 -1 33400 -4977.17693565
590641389 -179.7624 -51.89419 -4905.497 922.6763 -1 33400 -4826.1088902
590641390 179.066 -51.88926 -4985.035 1206.441 -1 33400 -4974.60370764
590641391 178.0888 -52.05676 -4999.488 125.4438 9998 33400 -4957.57701553
590641392 177.1994 -51.81906 -5024.388 1425.278 9998 33400 -5059.08769243
590641393 177.4206 -51.28481 -4837.249 454.0659 9998 33400 -4888.13964189
590641395 179.3293 -51.43964 -4906.86 1771.357 9998 33400 -4897.41593216
590641396 178.6921 -52.27522 -4970.914 1855.588 -1 33400 -4938.5671809
590641397 178.4752 -53.15927 -4975.754 1086.822 9998 33400 -4996.55988941
590641398 179.853 -52.592 -5009.805 1202.505 9998 33400 -5073.94051965
590641399 179.6151 -51.94329 -5023.266 1373.079 9998 33400 -4963.31063765
5906413100 178.8004 -51.94809 -4938.803 753.2664 -1 33400 -4930.55020096
5906413101 178.5027 -52.35856 -4993.639 2204.848 9998 33400 -4915.00754616
5906413102 179.0892 -52.82822 -5041.268 1617.328 9998 33400 -5032.46697744
5906413103 179.5283 -52.65823 -5056.835 1457.463 9998 33400 -5045.88161746
5906413104 -179.5365 -52.54485 -5086.416 1324.813 -1 33400 -5131.83081562
5906413105 -179.0191 -52.04862 -4935.464 1405.596 -1 33400 -4942.42788113
5906413106 -178.2699 -51.62251 -4994.356 1733.612 -1 33400 -4989.78057315
5906413107 -177.0915 -51.24289 -4861.885 1675.333 -1 33400 -4863.58385486
5906413108 -175.6002 -50.73506 -4893.605 2936.89 -1 33400 -4968.55358157
5906413109 -174.7922 -49.62689 -5338.518 5464.153 -1 33400 -5363.14286182
5906413110 -173.6344 -50.0017 -5402.65 5363.026 -1 33400 -5484.16026752
5906413111 -172.9283 -49.50061 -5450.954 4640.979 9998 33400 -5425.23114695
5906413112 -171.8424 -49.19176 -5312.417 6311.403 9998 33400 -5377.29343971
5906413113 -171.1629 -49.10611 -5332.678 7567.207 9998 33400 -5292.87900285
5906413114 -171.2865 -48.33432 -5255.451 2090.553 9998 33400 -5109.48063571
5906413115 -170.9236 -47.97307 -5284.271 1440.741 9998 33400 -5223.98981434
5906413116 -170.1469 -47.97316 -5285.239 2102.187 9998 33400 -5266.57187904
5906413117 -170.0084 -48.09109 -5319.821 2591.278 9998 33400 -5331.23486758
5906413118 -170.2623 -48.1794 -5314.361 2872.916 9998 33400 -5286.68861756
5906413119 -169.9489 -48.01584 -5304.474 2244.618 9998 33400 -5363.19840081
5906413120 -170.8336 -47.36237 -5205.007 1001.483 9998 33400 -5255.46334925
5906413121 -171.704 -47.6675 -5282.775 2012.721 9998 33400 -5226.95897267
5906413122 -171.5996 -48.52663 -5349.696 2805.71 9998 33400 -5374.89069804
5906413123 -171.3265 -48.83156 -5352.642 5375.711 9998 33400 -5373.8512267
5906413124 -171.1885 -49.16799 -5331.583 7679.168 9998 33400 -5314.69610413
5906413125 -170.8946 -49.07514 -5268.354 7505.144 9998 33400 -5263.89581379
5906413126 -170.412 -49.23442 -5118.148 7243.802 9998 33400 -5219.32259209
5906413127 -169.4593 -49.52129 -5359.173 6233.973 9998 33400 -5292.29985642
5906413128 -169.0361 -49.21222 -5296.928 6181.972 9998 33400 -5274.88601724
5906413129 -168.6551 -49.00588 -5257.258 5111.747 9998 33400 -5256.35598172
5906413130 -168.32 -49.28175 -5278.994 5869.863 9998 33400 -5198.31264202
590641426 166.8889 -56.751 -5111.746 6030.931 -1 33400 -5228.6519447
590641428 166.885 -57.7357 -5288.124 6264.562 9998 33400 -5333.81542907
590641429 169.1689 -57.63677 -5210.907 1148.656 -1 33400 -5321.23788773
590641430 170.5609 -56.71269 -5331.504 2724.612 -1 33400 -5395.5538417
590641431 169.5739 -56.02393 -5282.023 6928.609 -1 33400 -5216.64648623
590641432 171.5752 -55.44266 -5284.704 4746.937 -1 33400 -5327.42110675
590641433 173.6606 -54.29568 -5155.602 7980.578 -1 33400 -5177.52852646
590641434 174.0812 -54.7119 -5247.127 3394.271 -1 33400 -5293.45032406
590641435 174.5993 -54.61352 -5039.797 2585.657 -1 33400 -5088.65030195
590641437 176.4485 -53.47052 -4922.247 1213.227 -1 33400 -4900.3720565
590641438 178.2813 -52.75998 -5134.523 2640.919 9998 33400 -4938.98353872
590641439 177.7149 -53.11225 -4826.476 2209.225 9998 33400 -4863.42969232
590641440 176.9405 -51.85245 -5001.129 753.2481 -1 33400 -5016.14819047
590641441 176.7996 -52.04665 -4989.614 1121.79 -1 33400 -5005.40910556
590641445 -179.8141 -51.16369 -4825.669 345.0485 -1 33400 -4841.97647855
590641451 -179.0345 -51.41098 -4828.665 958.5808 -1 33400 -4998.534916
590641452 -179.2478 -51.95703 -5087.651 1182.832 -1 33400 -5129.6528857
590641453 -178.3996 -51.90646 -5035.485 1860.794 -1 33400 -5077.17274397
590641454 -178.1815 -51.73161 -5010.288 1956.751 9998 33400 -5053.02803214
590641455 -177.8187 -51.64658 -5072.204 2114.275 -1 33400 -5107.49147992
590641456 -178.0961 -51.6393 -4986.793 1807.277 9998 33400 -5015.14680347
590641457 -178.6862 -51.90779 -4980.28 1678.618 9998 33400 -5025.34077024
590641458 -178.4418 -51.64934 -4953.079 1576.634 -1 33400 -5041.68111767
590641459 -178.2166 -52.15041 -5233.221 2632.719 -1 33400 -5348.90208451
590641460 -178.785 -53.05415 -5202.71 4073.5 -1 33400 -5169.07742357
590641461 -177.1169 -54.19402 -5362.344 5779.644 -1 33400 -5377.71732762
590641462 -175.2971 -54.55679 -5284.917 3297.229 -1 33400 -5303.15494618
590641463 -173.91 -53.68519 -5308.048 4226.427 -1 33400 -5292.12200173
590641464 -173.7787 -54.07698 -5163.539 3683.851 -1 33400 -5218.32093397
590641465 -173.776 -54.0518 -5250.428 3745.449 -1 33400 -5225.6181774
590641466 -173.6151 -53.69523 -5343.918 4159.808 -1 33400 -5272.74543602
590641467 -173.1004 -53.89249 -5227.768 4115.483 9998 33400 -5229.78786574
590641468 -173.0676 -55.12608 -5091.069 1731.985 9998 33400 -5085.97532829
590641469 -172.6102 -56.06992 -5248.833 3545.331 -1 33400 -5105.45562561
590641471 -171.331 -56.13496 -4984.244 1574.64 -1 33400 -5013.17857682
590641472 -170.9413 -55.96815 -4997.967 1271.915 -1 33400 -4976.36497181
590641482 -159.8166 -54.53373 -4384.532 2708.454 -1 33400 -4314.76838085
590641485 -159.8864 -54.29353 -4372.583 3932.498 -1 33400 -4502.53968222
590641489 -158.2469 -54.3202 -4205.013 3155.371 9998 33400 -4186.32827835
590641490 -158.0396 -54.34596 -4350.035 2901.705 9998 33400 -4304.04715155
590641491 -158.012 -54.67855 -4109.344 1990.658 9998 33400 -3963.40195493
590641492 -157.5952 -54.59727 -4288.851 2247.93 9998 33400 -4155.08763823
590641493 -157.2048 -54.78182 -4041.541 1862.619 9998 33400 -3999.02200227
590641494 -157.4212 -54.89836 -3947.839 1821.824 9998 33400 -3808.96328876
590641495 -157.5924 -54.82173 -4038.61 1923.615 9998 33400 -3975.2202581
590641496 -157.5666 -54.78256 -3833.934 1704.564 9998 33400 -3824.72379142
590641497 -157.6957 -54.76211 -4096.871 1994.22 9998 33400 -3855.12229723
590641498 -157.7544 -54.63762 -4247.55 2148.211 9998 33400 -4191.25137965
590641499 -157.9377 -54.39043 -4371.283 2780.531 9998 33400 -4225.38386582
5906414104 -159.0366 -53.76378 -4385.507 4115.853 9998 33400 -4295.97262469
5906414106 -159.1173 -53.9622 -4211.17 3647.853 9998 33400 -4270.64266334
5906414107 -159.1051 -53.97366 -4158.588 3531.136 9998 33400 -4252.64016911
5906414108 -158.9508 -53.93586 -4314.062 3948.795 9998 33400 -4225.90174419
5906414111 -158.7274 -53.67054 -4407.486 4557.03 9998 33400 -4388.75642934
5906414113 -158.1542 -53.48041 -4377.654 5058.716 -1 33400 -4325.64596925
5906414121 -157.7918 -52.93984 -4288.505 3611.474 -1 33400 -4502.92572192
5906414122 -157.911 -53.17642 -4379.422 4292.334 9998 33400 -4295.48550275
5906414123 -158.0491 -53.23595 -4392.121 4511.263 9998 33400 -4356.15279557
5906414127 -157.6709 -52.24803 -4051.1 2742.69 -1 33400 -4440.38839821
5906414128 -157.9091 -52.34731 -4398.002 3263.002 -1 33400 -4451.86883014
5906414132 -158.428 -54.05002 -4361.218 3807.231 9998 33400 -4256.26238582
5906414133 -158.675 -54.4948 -4288.015 2827.188 9998 33400 -4172.46760788
590641515 -178.1874 -31.73326 -4476.282 780.322 9998 33400 -4418.65957162
590641525 -177.0666 -30.38739 -4857.445 569.5706 -1 33400 -4725.37531923
590641534 -177.0912 -30.3138 -5298.095 663.1512 9998 33400 -5255.68735877
590641541 -176.5235 -28.79706 -4691.831 1721.824 9998 33400 -4565.45359445
590641547 -175.5075 -25.30998 -4727.754 550.5709 -1 33400 -4663.74347744
590641558 -174.5931 -22.1543 -4687.542 1022.985 -1 33400 -4703.54406953
590641567 -173.66 -23.27546 -5289.606 1054.18 9998 33400 -5946.66064274
590641623 -177.6369 -34.50652 -5623.091 739.2538 -1 33400 -5633.48835935
590641625 -177.5943 -34.71261 -5459.435 668.3896 9998 33400 -5785.69292444
590641626 -177.5434 -34.82556 -5790.822 877.6858 9998 33400 -5206.34430263
590641628 -177.4273 -34.93356 -5859.783 801.9451 -1 33400 -5923.33279872
590641629 -177.3675 -35.01131 -5815.767 708.1605 -1 33400 -5752.67080761
590641630 -177.338 -35.0944 -5800.741 705.176 -1 33400 -5794.0862445
590641631 -177.2294 -35.31038 -5668.259 600.3657 9998 33400 -5631.18203171
590641632 -176.9086 -35.52877 -5577.993 448.8307 9998 33400 -5567.72656558
590641633 -176.3882 -35.5539 -5609.617 700.5032 -1 33400 -5597.9440519
590641634 -176.2525 -35.70347 -5611.382 970.351 -1 33400 -5607.93518339
590641635 -176.1512 -35.8108 -5611.62 971.8126 -1 33400 -5635.00671119
590641636 -175.793 -35.79549 -5604.081 935.5448 -1 33400 -5601.39626946
590641637 -175.5025 -35.94375 -5628.773 689.0203 -1 33400 -5628.045
590641638 -175.188 -36.1127 -5635.654 399.8459 -1 33400 -5650
590641639 -174.7241 -36.05277 -5649.225 330.6064 -1 33400 -5652.34490771
590641640 -174.416 -36.00967 -5713.752 246.3769 -1 33400 -5703.67280428
590641641 -174.3193 -36.10388 -5720.183 306.8818 -1 33400 -5712.22459806
590641642 -174.3226 -36.26199 -5664.21 416.199 -1 33400 -5663.1923331
590641643 -174.3407 -36.31753 -5664.084 430.513 -1 33400 -5669.09543764
590641644 -174.3278 -36.23843 -5666.252 393.4912 -1 33400 -5665.73359635
590641645 -174.2932 -36.10843 -5687.979 319.0584 -1 33400 -5688.60086302
590641646 -174.1652 -36.1327 -5657.891 424.0494 9998 33400 -5635.76452633
590641647 -174.0979 -36.2319 -5676.894 545.703 -1 33400 -5681.06546164
590641648 -174.088 -36.35241 -5647.626 575.4718 -1 33400 -5688.04642668
590641649 -174.1832 -36.49921 -5631.691 492.1596 -1 33400 -5654.47586579
590641650 -174.2774 -36.44646 -5632.781 490.8185 -1 33400 -5662.98308327
590641651 -174.31 -36.43151 -5638.012 481.1351 -1 33400 -5657.00405125
590641652 -174.2933 -36.44316 -5635.877 474.1159 9998 33400 -5657.02311694
590641653 -174.3076 -36.49333 -5629.565 488.8097 -1 33400 -5612.03343232
590641654 -174.3618 -36.58844 -5623.424 437.7997 -1 33400 -5661.34177217
590641655 -174.4236 -36.59538 -5622.551 415.8909 -1 33400 -5680.60144731
590641656 -174.4424 -36.58859 -5619.749 426.9728 -1 33400 -5696.49397459
590641657 -174.465 -36.61999 -5616.251 380.4805 -1 33400 -5674.86930708
590641658 -174.474 -36.56709 -5624.306 405.8034 9998 33400 -5690.75513523
590641659 -174.4027 -36.60396 -5621.385 412.5499 -1 33400 -5658.41865513
590641660 -174.3186 -36.59413 -5621.487 428.8549 -1 33400 -5634.61348002
590641661 -174.262 -36.52636 -5627.228 485.7461 -1 33400 -5663.6090485
590641662 -174.1669 -36.47847 -5633.151 518.4037 -1 33400 -5666.18025428
590641663 -174.153 -36.47591 -5632.282 520.836 -1 33400 -5671.38512816
590641664 -174.1773 -36.53311 -5626.935 472.6222 -1 33400 -5621.75203215
590641666 -174.2527 -36.33071 -5651.215 512.2792 -1 33400 -5670.69515041
590641669 -174.0918 -36.60868 -5620.803 432.6967 -1 33400 -5606.48987434
590641670 -174.056 -36.62579 -5618.569 379.8529 -1 33400 -5583.00619308
590641712 -178.7903 -32.7743 -3321.218 1329.595 -1 33400 -3267.14328487
590641715 -178.2957 -32.34391 -4662.506 886.5798 -1 33400 -4797.81339755
590641716 -178.2652 -32.02724 -4445.341 631.1178 9998 33400 -4473.82028491
590641717 -178.1649 -31.71087 -4493.309 742.0168 -1 33400 -4472.7283096
590641722 -178.1844 -31.22424 -3326.336 765.045 9998 33400 -3115.49575099
590641724 -178.132 -31.16542 -3498.643 787.2891 9998 33400 -3436.47979008
590641734 -176.5134 -29.18298 -4859.755 1695.349 -1 33400 -4773.27018079
590641735 -176.3883 -28.67648 -4676.422 1698.517 9998 33400 -4549.4351266
590641756 -176.025 -27.49428 -5175.243 392.2823 -1 33400 -4921.53977144
590641757 -175.8954 -26.85891 -5304.941 464.4695 -1 33400 -5474.60990384
590641767 -175.1546 -28.7722 -5177.742 1990.665 9998 33400 -5850.14184953
590643315 -178.6825 -3.37654 -5745.393 5594.491 9998 33400 -5754.19137611
590643316 -178.8963 -3.24779 -5595.023 5456.862 9998 33400 -5428.4064402
590643317 -178.9777 -3.32219 -5761.862 5700.387 9998 33400 -5774.14757627
590643318 -178.9432 -3.28421 -5698.804 5517.915 9998 33400 -5659.98950196
590643319 -178.8213 -3.05027 -5795.678 5967.803 9998 33400 -5551.55980734
590643320 -178.8158 -2.93541 -5514.967 5498.836 9998 33400 -5457.57334123
590643321 -178.7724 -3.00173 -5287.096 5052.664 9998 33400 -5376.38317738
590643322 -178.7738 -3.12218 -5812.717 5919.893 9998 33400 -5730.06151493
590643323 -178.6975 -3.14754 -5857.256 5999.185 9998 33400 -5700.04703644
590643324 -178.7325 -3.00517 -5591.16 5607.37 9998 33400 -5467.99286896
590643325 -178.8612 -3.00185 -5776.312 5948.481 9998 33400 -5522.26123418
590643326 -178.8979 -2.98364 -5658.03 5730.021 9998 33400 -5650.54444217
590643327 -179.1236 -2.77471 -5378.514 5469.184 9998 33400 -5362.46688455
590643328 -179.3509 -2.5961 -5451.952 5755.859 9998 33400 -5400.00926718
590643329 -179.5304 -2.49079 -5490.844 5852.945 9998 33400 -5468.7811546
590643330 -179.6207 -2.38695 -5383.964 5699.705 -1 33400 -5389.73172013
590643331 -179.5597 -2.34846 -5490.17 6034.629 9998 33400 -5466.36177567
590643332 -179.6043 -2.3749 -5381.539 5756.815 9998 33400 -5426.13701831
590643333 -179.8214 -2.49104 -5389.295 5845.724 -1 33400 -5396.07971924
590643334 179.9755 -2.61051 -5476.584 NaN 9998 33400 -5449.31538729
590643335 179.8196 -2.63955 -5476.389 5846.198 9998 33400 -5418.00485911
590643336 179.6758 -2.74082 -5455.631 5860.92 9998 33400 -5462.7032
590643337 179.6161 -2.80487 -5455.531 5716.518 9998 33400 -5470.45972485
590643338 179.6757 -2.82994 -5478.416 5886.03 9998 33400 -5441.44625799
590643339 179.6933 -2.81586 -5476.865 5742.716 9998 33400 -5439.96843111
590643340 179.4713 -2.91145 -5402.179 5388.747 9998 33400 -5468.38631967
590643341 179.134 -3.10699 -5422.732 5370.234 9998 33400 -5397.2848
590643342 178.7824 -3.11467 -5233.802 4824.672 9998 33400 -5239.89585045
590643343 178.4762 -2.94133 -5314.176 5263.87 -1 33400 -5304.41150364
590643344 178.4343 -2.67738 -5422.172 5728.178 9998 33400 -5274.57191212
590643346 177.9652 -2.8462 -5362.6 6111.356 9998 33400 -5347.36081633
590643347 177.9233 -2.94219 -5221.481 5676.902 9998 33400 -5303.97186809
590643348 178.0255 -2.87433 -5330.385 6100.574 9998 33400 -5298.03181922
590643349 178.0867 -2.64272 -5340.391 6405.403 9998 33400 -5289.2151476
590643350 178.1549 -2.52442 -5493.072 6759.613 9998 33400 -5333.8111178
590643351 178.2056 -2.50941 -5500.249 6742.437 9998 33400 -5314.99204597
590643355 178.3621 -2.63355 -5459.418 6426.086 9998 33400 -5312.80715135
590643356 178.1652 -2.62791 -5356.498 6195.89 9998 33400 -5271.87171595
590643357 178.05 -2.70824 -5295.846 5973.179 9998 33400 -5283.75007741
590643358 178.0346 -2.73083 -5311.372 5818.958 9998 33400 -5286.21101774
590643359 177.824 -2.70439 -5313.799 5868.791 -1 33400 -5326.5531316
590643360 177.7681 -2.74165 -5333.303 5793.624 9998 33400 -5328.55621455
590643361 177.7356 -2.90134 -5386.366 5831.854 9998 33400 -5384.86726152
590643362 177.8632 -3.01892 -5391.017 5836.868 -1 33400 -5362.12879552
590643363 177.9462 -2.80787 -5333.493 5836.082 9998 33400 -5297.42116059
590643364 178.1069 -2.57316 -5467.761 6542.214 9998 33400 -5333.91987223
590643365 178.0242 -2.76245 -5297.687 5884.292 9998 33400 -5291.78923041
590643366 177.7519 -2.86732 -5380.159 5850.721 9998 33400 -5380.39654391
590643367 177.6054 -2.70218 -5344.657 6016.318 9998 33400 -5314.39091598
590643368 177.4554 -2.47508 -5392.498 6455.572 -1 33400 -5399.68235589
590643369 177.2823 -2.21022 -5179.181 6210.736 -1 33400 -5229.35169119
590643370 177.1486 -1.9152 -5325.378 6595.686 9998 33400 -5323.00389982
590643371 177.0569 -1.66618 -4940.986 5725.169 9998 33400 -4946.50290879
590643372 176.9841 -1.55347 -5045.845 5842.721 9998 33400 -5224.45325891
590643373 177.0327 -1.55077 -5375.746 6718.728 9998 33400 -5203.92295015
590643374 177.0231 -1.50907 -5366.725 6683.474 9998 33400 -5260.54859802
590643375 177.1096 -1.5535 -5407.373 6558.484 9998 33400 -5235.10029742
590643376 177.0389 -1.56403 -5183.377 6272.215 9998 33400 -5160.67509942
590643377 176.949 -1.36157 -5303.462 6377.794 9998 33400 -5247.131499
590643378 176.4417 -0.91736 -5229.411 6416.932 9998 33400 -4910.16682524
590643379 175.814 -0.5198 -5067.819 5572.545 9998 33400 -5056.67748422
590643380 175.4287 -0.04806 -4938.966 4440.025 -1 33400 -4953.58010753
590643381 175.5269 0.35596 -4920.787 3952.685 9998 33400 -4880.44469341
590643382 175.6632 0.52707 -4996.404 3948.569 9998 33400 -5004.03521998
590643394 175.5931 1.20075 -4919.514 4719.524 9998 33400 -4720.15274997
590643395 175.6255 1.32689 -4774.038 4510.207 9998 33400 -4780.97507792
590668112 -168.9359 4.93248 -5623.78 4739.223 9998 33400 -5654.25930404
590668113 -168.967 4.91507 -5613.413 4739.877 9998 33400 -5705.7568
590668114 -169.0076 4.90417 -5728.907 4954.038 9998 33400 -5760.31046409
590668115 -169.262 4.91047 -5585.306 4694.981 9998 33400 -5756.59562173
590668116 -169.3283 4.7316 -5609.261 4398.069 9998 33400 -5568.83097914
590668118 -169.3138 4.56033 -5576.127 4103.196 9998 33400 -5687.84099555
590668119 -169.1067 4.55571 -5639.221 4299.548 -1 33400 -5699.77201982
590668120 -168.8881 4.51527 -5631.762 4242.392 9998 33400 -5463.69570672
590668122 -168.8737 4.61129 -5603.939 4263.665 9998 33400 -5576.3475816
590668123 -168.7481 4.85372 -5657.219 4900.554 9998 33400 -5651.1037164
590668124 -168.9642 5.00566 -5575.508 4904.542 9998 33400 -5719.94691911
590668125 -169.126 4.78773 -5646.081 4708.327 9998 33400 -5774.81282487
590668126 -169.0381 4.87476 -5674.657 4748.957 9998 33400 -5763.33078165
590668127 -169.0608 5.02151 -5802.6 5146.349 9998 33400 -5879.63902939
590668128 -168.9648 4.74273 -5615.171 4543.645 9998 33400 -5611.88732803
590668129 -168.7796 4.7564 -5603.444 4671.087 9998 33400 -5598.33679092
590668130 -168.766 4.9965 -5609.819 4958.613 9998 33400 -5702.08993286
590668131 -168.6663 4.94795 -5666.512 4946.729 9998 33400 -5663.87813711
590668132 -168.4072 4.92714 -5665.255 4738.769 9998 33400 -5804.53294891
590668133 -168.3798 5.11564 -5622.989 4956.15 9998 33400 -4729.94766985
590668137 -168.5009 5.61209 -5237.406 5125.641 -1 33400 -5291.74614656
590668138 -168.5342 5.68463 -5121.661 4860.4 -1 33400 -5163.66339101
590668141 -168.6998 5.63118 -5627.978 5844.767 -1 33400 -5632.91355824
590668142 -168.7311 5.72085 -5642.311 5507.393 -1 33400 -5658.28996687
590668143 -168.8464 5.98072 -5522.096 4916.674 9998 33400 -5465.728
590668144 -168.9169 6.08094 -5443.444 4966.797 9998 33400 -5404.34851347
590668145 -168.9669 5.86593 -5677.662 5422.886 9998 33400 -5538.69796203
590668146 -168.954 5.70624 -5666.73 5186.201 9998 33400 -5619.15234066
590668147 -168.9719 5.82571 -5597.236 5197.154 9998 33400 -5539.02370885
590668148 -168.9664 5.84389 -5653.442 5085.952 9998 33400 -5541.72148782
590668149 -169.106 6.02033 -5622.124 5099.192 9998 33400 -5418.56884561
590668151 -169.1303 6.09665 -5493.384 5036.627 9998 33400 -5334.28725012
590668155 -168.9685 6.41672 -5660.451 4999.628 9998 33400 -5501.6876875
590668156 -169.0156 6.45476 -5651.533 5226.98 9998 33400 -5622.6439964
590668157 -168.9723 6.31696 -5715.975 5119.062 9998 33400 -5402.14596401
590668159 -169.0848 6.12617 -5627.926 5161.459 9998 33400 -5480.14712499
590668161 -169.4415 5.90024 -5462.956 4905.336 9998 33400 -5463.18969897
590668163 -169.7696 6.07343 -5604.576 5290.622 9998 33400 -5560.77107111
590668165 -170.0586 5.84721 -5327.447 5107.231 9998 33400 -5343.70877011
590668167 -170.3754 5.90811 -5406.897 4762.764 9998 33400 -5492.02625929
590668169 -170.3805 5.7535 -5774.345 5469.53 -1 33400 -5753.55704352
590668170 -170.4841 5.85574 -5478.67 4915.125 9998 33400 -5659.92563231
590668171 -170.4907 5.98126 -5560.291 5155.283 9998 33400 -5547.99112358
590668173 -170.7249 6.05599 -5381.757 4915.012 9998 33400 -5492.46966742
590668175 -171.0525 5.95677 -5381.282 4872.932 9998 33400 -5582.99884106
590668178 -171.4027 5.92108 -5475.948 4947.02 9998 33400 -5567.46489731
590668183 -171.6759 5.96138 -5664.766 5191.775 9998 33400 -5647.95498026
590668190 -172.0042 6.282 -5651.262 4801.598 9998 33400 -5624.75498742
590668191 -171.9811 6.19188 -5676.076 5007.485 9998 33400 -5686.9063686
590668192 -171.9372 6.11931 -5762.394 5190.275 9998 33400 -5769.49111184
590668197 -171.9329 6.12066 -5733.724 5130.203 9998 33400 -5772.08906671
590668198 -172.0048 6.08744 -5805.298 5262.767 9998 33400 -5754.78820738
590668199 -172.0275 6.02829 -5774.509 5232.87 9998 33400 -5717.96597197
5906681100 -172.0541 5.99692 -5771.123 5300.867 9998 33400 -5748.46782683
5906681101 -172.0491 6.01551 -5761.339 5309.473 9998 33400 -5749.44211749
5906681102 -172.1271 6.0119 -5664.76 5013.876 9998 33400 -5660.09820716
5906681103 -172.2503 6.07223 -5643.145 4825.961 9998 33400 -5671.86861791
5906681105 -172.3394 6.22358 -5746.788 5076.192 9998 33400 -5719.49863119
5906681106 -172.2939 6.15497 -5746.311 5076.216 9998 33400 -5706.6007276
5906681107 -172.2349 6.07823 -5656.419 5117.589 9998 33400 -5669.17983081
5906681110 -172.4436 6.07319 -5712.418 6324.316 9998 33400 -5701.99994848
5906681111 -172.4092 6.10519 -5704.665 5312.974 9998 33400 -5694.5444244
5906681112 -172.4668 6.10168 -5687.809 5271.424 9998 33400 -5694.60456353
5906681113 -172.4927 6.13364 -5728.492 5074.014 9998 33400 -5678.66550452
5906681114 -172.6317 6.10788 -5743.508 4897.037 9998 33400 -5691.59367578
5906681115 -172.7603 6.0473 -5724.627 4969.827 9998 33400 -5735.50837989
5906681116 -172.8283 5.91928 -5801.83 6796.225 9998 33400 -5789.05507175
5906681117 -172.8248 5.91475 -5463.44 6650.619 9998 33400 -5788.51516818
590668213 -171.5258 2.04427 -5371.85 4753.428 9998 33400 -5359.70790869
590668214 -171.5372 2.03798 -5374.374 4826.091 9998 33400 -5354.06098378
590668215 -171.5511 2.03141 -5371.172 4823.682 9998 33400 -5344.6374745
590668216 -171.5617 2.04453 -5367.193 4813.597 9998 33400 -5335.76336695
590668217 -171.6131 2.12065 -5245.203 4440.308 9998 33400 -5297.29568756
590668218 -171.5408 2.10013 -5358.557 4834.838 9998 33400 -5353.73200878
590668219 -171.498 2.20138 -5398.038 4652.706 9998 33400 -5373.13870014
590668220 -171.4174 2.21208 -5405.023 4552.343 9998 33400 -5362.60527088
590668221 -171.4166 2.25772 -5359.424 4356.92 9998 33400 -5377.37460541
590668222 -171.5329 2.19001 -5449.641 4790.243 9998 33400 -5362.65651553
590668223 -171.7601 1.99151 -5311.984 4631.133 9998 33400 -5349.76044423
590668224 -171.7386 1.98049 -5343.23 4771.293 9998 33400 -5369.64016454
590668225 -171.664 2.11429 -5406.772 4755.824 9998 33400 -5347.08435396
590668226 -171.6733 1.97292 -5379.129 4800.128 9998 33400 -5392.13658434
590668227 -171.41 1.75358 -5394.756 4813.816 9998 33400 -5392.88953463
590668228 -171.065 1.65975 -5415.808 4903.201 9998 33400 -5399.98796675
590668229 -171.1153 1.3717 -5494.082 4591.504 9998 33400 -5548.2889865
590668230 -171.2561 1.28468 -5453.161 4116.341 9998 33400 -5454.33643265
590668231 -171.1332 1.60086 -5406.013 4764.315 9998 33400 -5464.16844036
590668232 -171.0644 1.74732 -5381.077 4738.047 9998 33400 -5443.81917223
590668233 -171.0118 1.70103 -5408.338 4920.528 9998 33400 -5404.22955637
590668234 -170.9122 1.86378 -5196.282 4687.238 9998 33400 -5339.10527816
590668235 -170.8073 2.02353 -5214.919 4798.253 9998 33400 -5308.44471379
590668236 -170.9715 1.87608 -5448.197 5279.681 9998 33400 -5355.90546815
590668237 -171.1366 1.72195 -5388.547 4965.566 9998 33400 -5559.54193684
590668238 -171.1549 1.76059 -5381.465 4922.134 9998 33400 -5542.36468412
590668239 -171.1562 1.69686 -5360.704 4823.457 9998 33400 -5537.00183557
590668240 -171.5185 1.47259 -5444.135 4753.365 9998 33400 -5425.12399739
590668241 -171.761 1.28983 -5470.326 4308.202 9998 33400 -5321.02533383
590668242 -171.8744 1.26869 -5428.816 4189.954 9998 33400 -5263.01840532
590668245 -171.555 0.60968 -5210.095 2187.221 9998 33400 -5218.83946146
590668247 -171.159 0.94304 -5464.902 3268.586 9998 33400 -5447.47163235
590668248 -171.0902 1.12411 -5526.084 3807.343 9998 33400 -5520.64926795
590668249 -171.049 1.30876 -5571.742 4414.51 9998 33400 -5564.96565616
590668250 -171.0374 1.40474 -5543.53 4592.459 9998 33400 -5518.70062829
590668251 -170.9767 1.47005 -5499.704 4643.925 9998 33400 -5509.49382685
590668252 -171.0325 1.4848 -5450.633 4577.296 9998 33400 -5513.042
590668253 -171.1344 1.38797 -5574.067 4591.407 9998 33400 -5518.77015607
590668254 -171.133 1.36384 -5551.868 4455.498 9998 33400 -5523.41293578
590668255 -171.1681 1.41154 -5518.031 4471.718 9998 33400 -5469.93219121
590668256 -171.1848 1.57314 -5456.16 4707.82 9998 33400 -5461.26785759
590668257 -171.2214 1.75265 -5417.164 4850.268 9998 33400 -5385.308303
590668258 -171.0837 1.86234 -5386.604 4989.187 9998 33400 -5356.73273336
590668259 -170.834 1.87305 -5304.612 4796.347 9998 33400 -5405.41306689
590668260 -170.5603 2.0773 -5312.952 4941.435 9998 33400 -5320.88272071
590668261 -170.4325 2.1101 -5338.472 4923.5 9998 33400 -5333.93722385
590668262 -170.5915 1.98023 -5308.2 4972.239 9998 33400 -5329.50837165
590668263 -170.5384 2.01177 -5337.796 4985.223 9998 33400 -5317.42276673
590668264 -170.4251 2.30767 -5347.003 4610.771 9998 33400 -5364.44176712
590668265 -170.6042 2.2344 -5320.03 4700.023 9998 33400 -5318.99518465
590668266 -170.8886 1.87628 -5164.627 4624.578 9998 33400 -5374.85392067
590668270 -170.9063 1.61529 -5418.623 4539.54 9998 33400 -5439.26327972
590668271 -170.7006 1.69446 -5407.465 4809.928 9998 33400 -5444.35543814
590668272 -170.6716 1.76917 -5374.577 4965.935 9998 33400 -5354.9735455
590668274 -170.8862 1.66372 -5401.937 5068.147 9998 33400 -5465.98817249
590668275 -170.7737 1.65021 -5417.748 4844.161 9998 33400 -5470.11891401
590668276 -170.6319 1.74757 -5402.128 4855.215 9998 33400 -5356.01269392
590668277 -170.65 1.90711 -5357.301 5108.301 9998 33400 -5340.41303903
590668278 -170.7269 1.84794 -5376.515 4865.94 9998 33400 -5431.80668293
590668279 -170.728 1.65366 -5425.993 4958.782 9998 33400 -5504.70119575
590668280 -170.7192 1.56002 -5491.75 4807.061 9998 33400 -5509.49658561
590668281 -170.7988 1.52899 -5483.799 4776.805 9998 33400 -5459.92105477
590668282 -170.7751 1.57539 -5478.562 4770.924 9998 33400 -5464.25905677
590668283 -170.5418 1.56542 -5510.949 4881.439 9998 33400 -5510.62802833
590668284 -170.4644 1.52314 -5450.632 4658.495 9998 33400 -5483.44354095
590668285 -170.4567 1.43828 -5506.589 4716.198 9998 33400 -5483.93679152
590668286 -170.3507 1.55595 -5508.234 4858.8 9998 33400 -5510.38481284
590668287 -170.0372 1.6445 -5484.766 4944.095 -1 33400 -5487.93522343
590668288 -169.7294 1.75519 -5537.703 5246.13 9998 33400 -5525.57076734
590668289 -169.5564 1.69448 -5244.732 4588.991 9998 33400 -5222.62999549
590668290 -169.3889 1.56614 -5300.739 4786.158 -1 33400 -5317.72337505
590668291 -169.3154 1.62626 -5311.898 4871.514 -1 33400 -5323.909002
590668292 -169.211 1.62781 -5318.497 4787.406 9998 33400 -5322.02833408
590668293 -169.0005 1.73152 -5336.834 4898.1 -1 33400 -5363.21881332
590668294 -168.7082 1.7142 -5358.084 5212.919 -1 33400 -5357.25983842
590668295 -168.4701 1.73738 -5322.667 5112.898 9998 33400 -5346.74789379
590668296 -168.3381 1.68086 -5519.381 5437.138 9998 33400 -5530.91580591
590668297 -168.4175 1.568 -5330.24 5087.729 -1 33400 -5331.18699513
590668298 -168.5414 1.4886 -5361.001 4792.526 9998 33400 -5364.3279943
590668299 -168.7064 1.44517 -5366.242 4597.029 9998 33400 -5354.89588426
5906682101 -169.0484 1.40405 -5380.213 4291.02 9998 33400 -5377.24815193
5906682102 -169.2682 1.33659 -5334.613 4241.229 9998 33400 -5335.04433532
5906682103 -169.3904 1.20441 -5549.933 5340.017 9998 33400 -5527.41507726
5906682104 -169.2344 1.22085 -5066.352 5530.601 -1 33400 -5401.65089113
5906682105 -169.2204 1.25856 -5427.458 5231.596 9998 33400 -5404.85336062
5906682106 -169.4426 1.43351 -5363.428 5038.986 -1 33400 -5342.52445728
5906682107 -169.5208 1.46665 -5317.435 4704.753 9998 33400 -5345.87084782
5906682108 -169.7345 1.29514 -5404.178 4479.536 9998 33400 -5407.89414826
5906682109 -170.0738 1.30595 -5533.935 4562.655 -1 33400 -5559.93056031
5906682110 -170.4944 1.14826 -5566.026 4009.567 -1 33400 -5559.45463128
5906682111 -170.721 1.20522 -5468.388 3964.082 9998 33400 -5501.23984352
5906682112 -170.8421 1.1886 -5550.806 4173.92 9998 33400 -5542.01382716
5906682113 -170.8643 1.1374 -5565.736 3817.094 9998 33400 -5504.97840062
5906682114 -170.8094 1.10914 -5484.101 3712.708 9998 33400 -5459.0691828
5906682115 -170.8787 1.06602 -5522.306 3723.63 -1 33400 -5521.70903955
5906682116 -170.9355 1.0761 -5513.287 3684.111 9998 33400 -5498.0184312
5906682117 -170.801 1.09184 -5471.494 3679.664 9998 33400 -5483.71646318
5906682118 -170.7218 1.13714 -5471.396 3842.965 9998 33400 -5463.16208654
590668313 -164.3168 -1.38385 -5365.37 4879.896 -1 33400 -5298.56201084
590668315 -164.2177 -1.43644 -5389.137 5090.098 -1 33400 -5403.03279122
590668316 -164.5055 -1.4645 -5331.505 4830.924 -1 33400 -5368.57048023
590668317 -164.561 -1.45565 -5371.479 4980.261 -1 33400 -5394.10633305
590668318 -164.6866 -1.5401 -5348.484 4935.27 -1 33400 -5368.76896282
590668319 -164.6234 -1.49613 -5365.561 4870.818 -1 33400 -5361.12227824
590668320 -164.6963 -1.44175 -5368.764 4908.501 -1 33400 -5377.54485554
590668321 -165.0824 -1.41469 -5553.224 5152.538 -1 33400 -5578.97185494
590668322 -165.4459 -1.50832 -5376.039 4804.704 -1 33400 -5398.28182008
590668324 -166.1525 -1.3653 -5464.506 5047.822 -1 33400 -5509.02301168
590668325 -166.3085 -1.23829 -5428.914 4928.563 9998 33400 -5264.92601616
590668326 -166.4202 -1.09173 -5276.099 4392.319 -1 33400 -5261.44890683
590668327 -166.466 -0.99553 -5298.131 4448.464 9998 33400 -5289.54590912
590668330 -166.2447 -0.57103 -5015.546 2508.251 -1 33400 -5062.66529455
590668331 -165.9782 -0.57912 -5189.609 2577.654 -1 33400 -5255.83037204
590668333 -165.6743 -0.8054 -5520.176 3503.818 -1 33400 -5574.58278703
590668335 -165.6371 -0.70143 -5548.778 3301.202 -1 33400 -5609.31619459
590668336 -165.5708 -0.93157 -5475.084 3642.655 -1 33400 -5484.18991376
590668337 -165.4838 -0.96648 -5555.851 4254.141 -1 33400 -5560.51181219
590668338 -165.0828 -1.2175 -5480.025 4713.446 -1 33400 -5500.87075483
590668339 -164.5682 -0.95452 -5400.692 3663.832 -1 33400 -5432.24042411
590668340 -164.2142 -0.6102 -5367.324 2561.6 -1 33400 -5347.03889965
590668341 -164.1651 -0.53019 -5372.661 2158.248 -1 33400 -5389.35391954
590668342 -164.1298 -0.7123 -5264.942 2733.013 -1 33400 -5290.95748069
590668343 -164.1223 -0.91878 -5291.242 3567.472 -1 33400 -5298.17836736
590668345 -164.0064 -0.81705 -5327.248 3252.924 -1 33400 -5337.07684979
590668346 -163.9777 -1.0838 -5419.12 4167.754 -1 33400 -5514.58485807
590668348 -163.9005 -1.64437 -5433.947 5000.224 -1 33400 -5483.36403909
590668349 -163.8284 -1.68108 -5313.062 5026.74 -1 33400 -5387.10376499
590668352 -164.0172 -1.05515 -5409.323 4016.099 -1 33400 -5335.47832745
590668353 -164.2005 -0.89637 -5203.586 3380.846 -1 33400 -5237.60120773
590668354 -164.4678 -0.86169 -5424.362 3602.22 -1 33400 -5463.76930832
590668356 -165.0687 -0.6661 -5415.828 2851.222 -1 33400 -5422.08275309
590668357 -165.1772 -0.61261 -5325.212 2757.193 -1 33400 -5330.98357323
590668358 -165.4482 -0.79684 -5482.651 3691.843 -1 33400 -5490.46010934
590668359 -165.3809 -0.75483 -5524.249 3294.875 -1 33400 -5515.6966625
590668360 -165.2889 -0.27213 -5317.355 1566.377 9998 33400 -5156.06624776
590668361 -165.2821 0.20084 -4878.304 774.6187 -1 33400 -5095.39784748
590668362 -165.2395 -0.2437 -5153.101 1512.425 -1 33400 -5147.78859106
590668364 -165.0086 -0.21625 -5233.398 1415.377 9999 33400 -2042.96015959
590668365 -164.782 -0.25832 -5239.805 1521.304 -1 33400 -5236.58050502
590668372 -165.9867 -0.36051 -4527.427 1689.33 -1 33400 -4658.7484475
590668376 -165.3508 -0.74123 -5430.959 3251.658 9998 33400 -5506.39249957
590668377 -165.4573 -0.61086 -5466.07 2723.208 9998 33400 -5519.60775186
590668378 -165.4906 -0.71506 -5491.089 3073.802 9998 33400 -5520.76233906
590668379 -165.4784 -0.65363 -5485.174 2952.476 9998 33400 -5509.97465038
590668380 -165.6518 -0.70564 -5553.819 3270.069 9998 33400 -5608.10576895
590668381 -165.7205 -0.8359 -5550.327 3637.832 9998 33400 -5579.19800054
590668382 -166.0317 -0.86207 -5293.184 3465.349 -1 33400 -5340.53598624
590668383 -166.2455 -1.01978 -5219.216 4060.277 9998 33400 -5273.0281279
590668386 -165.8136 -1.37587 -5535.193 5091.143 -1 33400 -5547.32764935
590668387 -165.5077 -1.47341 -5564.759 5342.758 9998 33400 -5442.97148186
590668388 -165.2532 -1.58146 -4942.737 4542.394 -1 33400 -5323.12203141
590668389 -165.1686 -1.56336 -5063.429 4714.585 9998 33400 -5181.42264613
590668391 -164.9243 -1.56433 -5276.185 4800.394 -1 33400 -5315.52180501
590668392 -165.1546 -1.25344 -5467.127 4444.501 -1 33400 -5500.74810398
590668393 -164.9436 -1.2275 -5504.267 4609.884 9998 33400 -5732.12322196
590668394 -165.1058 -1.10958 -5525.6 4291.189 -1 33400 -5552.34121227
590668395 -165.4221 -1.00823 -5518.525 4222.808 9998 33400 -5619.53419203
590668396 -165.3792 -1.02091 -5575.432 4180.779 9998 33400 -5644.26254135
590668397 -165.4157 -1.13125 -5515.517 4327.435 9998 33400 -5631.973912
590668398 -165.41 -1.15285 -5532.58 4623.957 9998 33400 -5563.65184987
590668399 -165.9332 -1.1142 -5558.465 4581.531 9998 33400 -5578.14818911
5906683100 -166.1746 -1.22488 -5409.32 4574.799 -1 33400 -5438.53752445
5906683101 -166.4509 -1.25222 -5335.294 4781.613 -1 33400 -5300.77878434
5906683102 -166.59 -1.4059 -5231.731 5199.923 -1 33400 -5256.94402229
5906683103 -166.5877 -1.49708 -4899.287 4882.462 -1 33400 -4961.02954576
5906683105 -166.8998 -1.18852 -5286.191 4703.612 -1 33400 -5279.20730707
5906683106 -166.6998 -1.12234 -5257.268 4707.177 -1 33400 -5290.13529194
5906683107 -166.5137 -0.97291 -5287.748 4327.422 -1 33400 -5265.94838596
5906683110 -166.1995 -0.55694 -5148.923 2592.583 -1 33400 -5049.1827735
590668412 -173.1566 -35.82098 -5625.254 530.2725 -1 33400 -5699.50295773
590668413 -173.1383 -35.82027 -5610.841 501.8558 -1 33400 -5704.2926927
590668414 -173.1149 -35.8153 -5601.363 482.6397 -1 33400 -5672.83403561
590668415 -173.1316 -35.8746 -5576.565 524.6586 -1 33400 -5611.27579822
590668420 -172.9924 -35.95582 -4538.828 281.8894 -1 33400 -4548.18561775
590668423 -173.0022 -36.02158 -5572.044 335.3461 -1 33400 -5527.79885137
590668424 -173.0132 -36.17097 -5523.396 382.1291 -1 33400 -5539.95959306
590668428 -173.4052 -36.34544 -5601.005 431.4004 -1 33400 -5588.32821589
590668430 -173.6193 -36.28633 -5625.122 529.8073 -1 33400 -5588.52787765
590668431 -173.4967 -36.23853 -5603.961 540.0837 -1 33400 -5573.82230699
590668432 -173.4367 -36.08067 -5584.108 675.2178 -1 33400 -5604.28716595
590668433 -173.4741 -36.04099 -5621.566 689.3679 -1 33400 -5674.0587057
590668434 -173.5416 -36.03729 -5626.309 745.2734 9998 33400 -5698.05709524
590668435 -173.5694 -36.01174 -5642.862 766.15 -1 33400 -5661.98575738
590668436 -173.4362 -35.95706 -5653.915 754.9973 -1 33400 -5692.16162293
590668437 -173.3603 -35.84327 -5635.014 716.5096 -1 33400 -5604.17298904
590668439 -173.2116 -35.84651 -5643.525 581.6771 -1 33400 -5726.93823658
590668440 -173.2592 -35.94235 -5583.983 590.1648 -1 33400 -5622.99511881
590668441 -173.2254 -35.9844 -5553.387 559.002 -1 33400 -5554.89865842
590668443 -173.11 -36.07092 -5277.603 461.9981 -1 33400 -5265.24794789
590668445 -172.7749 -36.08067 -5327.097 158.4782 -1 33400 -5333.41784404
590668447 -172.4298 -36.14651 -5481.501 33.45395 -1 33400 -5494.11039282
590668448 -172.3302 -36.08117 -5439.133 64.05555 -1 33400 -5513.38132492
590668449 -172.1817 -36.21375 -5462.109 124.2926 -1 33400 -5443.93761085
590668450 -172.0106 -36.2301 -5436.545 101.1809 -1 33400 -5428.64208059
590668452 -171.9862 -36.20406 -5482.344 85.2878 -1 33400 -5451.56388095
590668453 -171.9791 -36.14259 -5527.958 83.07276 9998 33400 -5144.53038257
590668455 -171.8672 -36.20416 -5258.262 68.04379 -1 33400 -5162.23449618
590668458 -171.5763 -36.10227 -5457.323 172.2339 9998 33400 -5765.51726767
590668459 -171.4476 -35.90721 -5436.312 162.2904 -1 33400 -5409.95050516
590668460 -171.5023 -35.76842 -5437.249 120.5716 -1 33400 -5533.64842223
590668461 -171.7433 -35.79749 -5462.018 122.8018 9998 33400 -5461.10976135
590668462 -171.8835 -35.85556 -5459.473 99.39832 9998 33400 -5403.4296281
590668463 -171.9924 -35.85627 -5439.821 47.39912 9998 33400 -5221.7301044
590668464 -172.0546 -35.8791 -5452.685 3.60666 -1 33400 -5527.42407193
590668465 -172.1046 -35.98146 -5445.28 60.86309 -1 33400 -5458.25209071
590668466 -172.0057 -35.72459 -5512.482 89.0739 9998 33400 -4842.75279299
590668467 -172.1184 -35.58913 -5322.387 163.6018 -1 33400 -5408.57390754
590668468 -172.106 -35.54085 -5109.017 144.9597 -1 33400 -5149.49206458
590668473 -171.8948 -35.60273 -5529.379 141.0165 9998 33400 -5065.65185658
590668475 -171.5636 -35.6363 -5417.463 122.4117 9998 33400 -5081.17676689
590668478 -171.1859 -35.56316 -5490.976 174.4029 -1 33400 -5500.26182351
590668479 -171.1095 -35.56729 -5471.615 176.0457 -1 33400 -5500.91774409
590668480 -170.9879 -35.48264 -5020.895 157.9594 9998 33400 -5131.11163817
590668482 -170.7091 -35.14073 -5292.661 139.4637 -1 33400 -5339.09961847
590668484 -170.5584 -34.86199 -4402.164 265.4668 -1 33400 -4407.00476455
590668486 -169.919 -35.03778 -5258.797 264.0352 9998 33400 -5267.94009606
590668487 -170.114 -35.06126 -5168.56 220.7914 9998 33400 -5065.70768809
590668488 -170.319 -35.02514 -5224.112 150.1862 9998 33400 -5206.19874183
590668489 -170.4098 -34.96274 -5187.99 185.3228 9998 33400 -5174.77592994
590668490 -170.5663 -35.03483 -5154.419 171.7372 -1 33400 -5177.35415458
590668491 -170.6391 -35.04429 -5081.409 183.1126 -1 33400 -5090.75299065
590668492 -170.5246 -34.93147 -5045.188 231.6582 9998 33400 -4938.4468741
590668494 -170.2375 -34.94122 -5163.379 180.1952 9998 33400 -5066.93110463
590668495 -170.2629 -35.0138 -5254.835 166.5311 9998 33400 -5205.92113606
590668496 -170.2335 -35.12994 -5057.224 227.0063 9998 33400 -5000.70716825
590668497 -170.3692 -35.14834 -4777.94 179.7223 9998 33400 -4802.38361158
590668498 -170.5911 -35.19222 -4417.501 94.18544 -1 33400 -4713.00764469
5906684100 -170.7873 -35.52618 -5457.501 182.6176 9998 33400 -5457.26577594
5906684101 -170.7634 -35.69036 -5397.202 221.7997 9998 33400 -5333.42622659
5906684102 -170.6723 -35.89502 -5234.375 219.2157 9998 33400 -5002.44307146
5906684103 -170.6076 -36.09955 -5252.593 249.0429 9998 33400 -5058.00867326
5906684105 -170.4279 -36.57188 -5173.4 304.5983 9998 33400 -5226.22081294
5906684106 -170.2914 -36.65392 -5159.504 309.3992 9998 33400 -5277.14797389
5906684107 -170.2839 -36.78466 -5151.206 418.0662 9998 33400 -5332.8771384
5906684108 -170.1155 -36.91875 -4930.925 333.2589 9998 33400 -5067.658876
590674410 -162.005 -40.18239 -5185.096 592.3951 -1 33400 -5177.59584026
590674411 -161.9967 -40.22378 -5125.487 653.554 -1 33400 -5128.52151247
590674412 -161.9944 -40.2616 -5092.908 665.4966 -1 33400 -5080.52218853
590674413 -161.9588 -40.29034 -5012.825 616.7355 -1 33400 -4985.62537106
590674414 -161.9805 -40.2972 -4855.997 584.0624 -1 33400 -4828.3144655
590674415 -161.9568 -40.27607 -5175.364 666.709 -1 33400 -5127.89515782
590674416 -161.8351 -40.21764 -5119.966 589.7171 -1 33400 -5136.53815497
590674417 -161.8266 -40.14334 -5133.374 559.0174 -1 33400 -5137.45157943
590674418 -161.8282 -40.11632 -5117.301 548.608 -1 33400 -5093.04545761
590674419 -161.8389 -40.1201 -5034.426 530.9378 -1 33400 -5056.85522076
590674420 -161.7572 -40.1106 -5179.317 535.3093 -1 33400 -5178.09952872
590674421 -161.708 -40.09825 -5220.203 513.0073 -1 33400 -5216.41967086
590674422 -161.6273 -40.24067 -5247.547 588.7963 9998 33400 -5287.7118939
590674423 -161.4998 -40.32809 -5231.912 601.0853 -1 33400 -5231.06164705
590674424 -161.3502 -40.43871 -5177.128 486.4679 -1 33400 -5191.58399035
590674425 -160.885 -40.43184 -5179.359 577.6733 -1 33400 -5285.69590922
590674426 -160.6908 -40.40346 -5194.485 771.7854 -1 33400 -5188.41889863
590674427 -160.7232 -40.27034 -5167.325 729.5714 -1 33400 -5328.04494185
590674428 -160.7674 -40.1059 -5253.326 676.9063 -1 33400 -5445.71466058
590674429 -160.8435 -40.0657 -5162.964 588.1094 -1 33400 -5212.55545726
590674430 -160.9785 -40.07023 -5127.885 424.8321 -1 33400 -5130.45091066
590674431 -161.022 -40.1911 -5168.233 439.1921 -1 33400 -5168.56440615
590674432 -161.246 -40.36571 -5207.484 394.6137 -1 33400 -5224.59502192
590674433 -161.3586 -40.4514 -5183.032 461.7032 -1 33400 -5173.33571167
590674434 -161.3923 -40.53825 -5195.39 511.2592 -1 33400 -5206.11960028
590674435 -161.3404 -40.60931 -5175.498 483.0872 -1 33400 -5184.05381973
590674436 -161.1665 -40.73183 -5212.444 378.3448 -1 33400 -5187.90459833
590674437 -160.8826 -40.84708 -5124.13 465.083 -1 33400 -5145.98931247
590674438 -160.5452 -40.88888 -5207.72 787.1884 -1 33400 -5226.80879295
590674439 -160.5456 -40.93141 -5218.548 849.1314 -1 33400 -5283.81000696
590674440 -160.6463 -41.062 -5094.861 747.2554 -1 33400 -5108.22415251
590674441 -160.5289 -41.19965 -5260.163 922.4737 -1 33400 -5247.40990772
590674443 -160.4091 -41.31311 -4942.257 810.9795 -1 33400 -4907.2202397
590674444 -160.3462 -41.34125 -5178.154 868.2611 -1 33400 -5174.97101541
590674448 -159.9642 -41.58319 -5252.037 544.6569 -1 33400 -5252.56507078
590674449 -160.0495 -41.60667 -5253.188 584.1871 -1 33400 -5250.92426494
590674450 -160.3149 -41.58744 -5263.462 767.2925 -1 33400 -5255.17646123
590674451 -160.4838 -41.38966 -5287.571 932.865 -1 33400 -5253.19404059
590674452 -160.5557 -41.35415 -5281.488 991.8339 -1 33400 -5275.07651497
590674454 -160.489 -41.15201 -5201.105 916.5305 -1 33400 -5202.68450458
590674456 -160.2344 -41.52708 -5271.721 684.6781 -1 33400 -5258.70927838
590674457 -160.3608 -41.57815 -5249.909 740.5656 -1 33400 -5241.59634102
590674458 -160.3006 -41.46787 -5289.954 785.0016 -1 33400 -5263.3712016
590674460 -160.1415 -41.53941 -5257.965 639.703 -1 33400 -5257.6767591
590674461 -160.2004 -41.64019 -5208.137 576.1125 -1 33400 -5188.53532659
590674463 -160.2376 -42.15866 -5167.11 801.7728 -1 33400 -5166.88073771
590674464 -160.3169 -42.3095 -5117.438 761.537 -1 33400 -5131.73811383
590674465 -160.4619 -42.36209 -5262.894 694.861 -1 33400 -5257.43510829
590674466 -160.6654 -42.34953 -5194.626 525.2733 -1 33400 -5191.23898141
590674467 -160.9215 -42.59256 -5221.918 377.3565 -1 33400 -5203.48361003
590674468 -160.9552 -42.63473 -5139.083 327.9541 -1 33400 -5136.80776401
590674469 -161.1344 -42.59967 -5228.888 105.6657 -1 33400 -5225.30510986
590674470 -161.258 -42.52596 -4905.15 138.8196 -1 33400 -4912.42877799
590674471 -161.2975 -42.53777 -5287.789 284.8893 -1 33400 -5290.80606657
590674472 -161.3833 -42.32174 -5218.659 277.5677 -1 33400 -5200.65657779
590674473 -161.2711 -42.28725 -5215.188 214.7135 9998 33400 -5104.09126548
590674474 -161.2014 -42.47243 -5235.534 67.30266 9998 33400 -5081.46435662
590674475 -161.325 -42.43282 -5263.054 204.2678 9998 33400 -5185.02764605
590674476 -161.153 -42.31329 -5176.724 94.4687 9998 33400 -5092.95651233
590674477 -160.7116 -42.21393 -5170.572 450.3541 9998 33400 -5180.02417218
590674478 -160.6487 -42.25139 -5212.881 549.5034 9998 33400 -5178.86498219
590674479 -160.6288 -42.16615 -4986.761 468.2578 9998 33400 -4644.09314683
590674481 -160.6403 -42.13681 -5210.999 451.0542 9998 33400 -5084.22496368
590674482 -160.7991 -42.24603 -5149.147 384.8092 9998 33400 -5236.52059046
590674483 -160.9114 -42.27667 -5224.201 291.8553 9998 33400 -5215.31815341
590674484 -161.0729 -42.32494 -5217.107 131.5703 9998 33400 -5124.04446337
590674485 -161.1683 -42.4509 -5250.65 98.59256 9998 33400 -5137.25896968
590674486 -161.2857 -42.50529 -5278.316 107.9213 9998 33400 -5160.75239577
590674487 -161.2531 -42.37526 -5220.861 151.5987 9998 33400 -5164.39690461
590674488 -161.271 -42.4061 -5262.583 115.24 9998 33400 -5192.34894284
590674489 -161.2871 -42.43561 -5286.386 176.2414 9998 33400 -5200.98308036
590674490 -161.4394 -42.27826 -5242.406 337.6894 9998 33400 -5153.35024472
590674491 -161.4627 -42.06025 -5160.667 251.8921 9998 33400 -5176.98020404
590674492 -161.6257 -42.15947 -5186 365.8619 9998 33400 -5163.85856907
590674493 -161.9311 -42.04523 -5172.299 457.0075 9998 33400 -5319.42112677
590674494 -161.9368 -42.05543 -5158.248 462.0284 9998 33400 -5295.3800501
590674495 -162.2327 -41.76843 -4974.437 339.1041 -1 33400 -4977.26650664
590674496 -162.2288 -41.64126 -5049.138 191.4143 9998 33400 -4958.28704167
590674497 -162.0823 -41.42275 -5034.99 280.0331 -1 33400 -5051.79820122
590674498 -161.9743 -41.30505 -4946.14 276.4153 9998 33400 -4976.85560308
590674499 -161.8385 -41.29195 -5013.725 297.0351 9998 33400 -5054.48240528
5906744100 -161.9113 -41.07934 -5083.805 197.5771 -1 33400 -5077.56452001
5906744101 -162.1367 -40.93107 -4989.458 195.684 9998 33400 -5161.6820131
5906744102 -162.2485 -40.89193 -4947.102 248.8626 9998 33400 -5003.03682859
5906744103 -162.3622 -40.93876 -4951.444 229.8811 9998 33400 -4983.64796447
5906744104 -162.2687 -41.05726 -4981.742 190.8893 9998 33400 -5056.27701983
5906744105 -162.1881 -41.16595 -5009.904 219.2432 -1 33400 -5011.99749485
5906744106 -162.085 -41.2125 -4932.023 205.7109 -1 33400 -4939.22684375
590674511 -163.12 -35.06279 -5427.9 737.9964 -1 33400 -5427.63999461
590674512 -163.1149 -35.02786 -5353.448 781.5253 9998 33400 -5371.4456095
590674513 -163.1079 -34.99681 -5347.07 807.2333 -1 33400 -5344.61800035
590674514 -163.0771 -34.96829 -5343.306 844.6257 -1 33400 -5344.83485754
590674515 -163.0078 -34.95921 -5370.429 868.3447 -1 33400 -5374.61411582
590674516 -162.9177 -34.96982 -5397.347 889.8079 -1 33400 -5402.36216422
590674517 -162.9201 -34.96819 -5385.048 885.5261 -1 33400 -5398.28176737
590674518 -162.9428 -34.90783 -5430.298 990.1752 -1 33400 -5423.94184808
590674519 -162.9187 -34.84115 -5396.341 1070.477 -1 33400 -5398.96382905
590674520 -163.1453 -34.83949 -5344.237 1019.097 -1 33400 -5353.37936574
590674521 -163.3302 -34.8848 -5267.684 953.9761 -1 33400 -5276.97509418
590674522 -163.348 -34.88812 -5287.351 956.3758 -1 33400 -5297.29631235
590674523 -163.4827 -34.75595 -5377.787 1157.262 -1 33400 -5383.84773617
590674525 -163.7355 -34.61496 -5405.162 1054.122 -1 33400 -5417.95069578
590674529 -164.1244 -34.46548 -5463.133 825.1988 -1 33400 -5463.46817788
590674530 -164.0827 -34.36407 -5487.48 737.5016 -1 33400 -5479.6690016
590674531 -164.0962 -34.45241 -5482.211 827.5623 -1 33400 -5479.68664083
590674532 -164.0737 -34.4457 -5480.859 828.4019 -1 33400 -5481.9214559
590674538 -164.0124 -34.64413 -5425.871 1022.982 -1 33400 -5426.97259175
590674539 -163.7812 -34.95946 -5466.289 1032.583 -1 33400 -5464.85940769
590674540 -163.4657 -35.34793 -5419.633 560.4402 -1 33400 -5434.15664818
590674541 -163.064 -35.44326 -5322.163 373.6928 -1 33400 -5313.35104505
590674542 -163.1812 -35.30793 -5328.522 490.9568 -1 33400 -5333.17049544
590674543 -163.1766 -35.4537 -5409.03 412.3903 -1 33400 -5400.98356752
590674544 -163.0168 -35.61738 -5454.843 267.6519 -1 33400 -5440.8627601
590674545 -162.9377 -35.47345 -5281.656 327.3723 -1 33400 -5279.13743818
590674546 -163.1347 -35.37447 -5380.888 444.6776 -1 33400 -5372.24351718
590674547 -163.1686 -35.37418 -5389.701 446.4611 -1 33400 -5386.06484377
590674548 -163.1637 -35.33824 -5378.097 453.8032 -1 33400 -5374.36249017
590674549 -163.1753 -35.37064 -5394.931 450.0569 -1 33400 -5391.082404
590674550 -163.1324 -35.41832 -5341.159 391.9768 -1 33400 -5349.04232011
590674551 -162.9797 -35.50953 -5310.8 316.1172 -1 33400 -5315.43461246
590674552 -162.9734 -35.40183 -5344.17 NaN -1 33400 -5337.14747393
590674553 -163.0375 -35.29488 -5456.061 497.5263 9998 33400 -5436.12976213
590674554 -162.9716 -35.2424 -5269.362 489.6613 9998 33400 -5276.05275764
590674555 -163.0646 -35.1479 -5347.484 609.0642 -1 33400 -5347.01603997
590674556 -163.2696 -35.14162 -5295.954 653.4067 -1 33400 -5313.02959614
590674557 -163.2839 -35.22323 -5387.641 581.8071 -1 33400 -5344.84529849
590674558 -163.2314 -35.35243 -5337.509 463.6189 -1 33400 -5341.19866371
590674559 -163.159 -35.4812 -5285.141 369.0848 -1 33400 -5291.63248868
590674560 -163.0606 -35.46769 -5292.703 355.1674 -1 33400 -5295.73831107
590674561 -163.1518 -35.46756 -5379.198 386.2802 -1 33400 -5334.0146741
590674562 -163.0917 -35.50299 -5321.942 347.906 -1 33400 -5323.73357642
590674563 -163.0628 -35.43509 -5326.914 374.958 -1 33400 -5324.55272801
590674564 -163.0689 -35.2724 -5387.23 502.6166 -1 33400 -5379.35162131
590674565 -163.0687 -35.08793 -5441.928 704.6448 -1 33400 -5421.92184347
590674566 -163.0097 -34.95779 -5376.918 892.6407 -1 33400 -5374.40604676
590674567 -162.9596 -34.94612 -5366.271 925.7156 -1 33400 -5368.95776437
590674568 -162.7869 -35.05715 -5413.38 786.2603 9998 33400 -5422.90470985
590674569 -162.6246 -35.33387 -5381.779 429.6118 -1 33400 -5375.72533785
590674570 -162.6073 -35.72015 -5477.93 157.6167 -1 33400 -5467.45085077
590674571 -162.9868 -36.0809 -5372.131 162.9041 -1 33400 -5355.86471358
590674572 -163.248 -36.18586 -5396.774 207.1713 9998 33400 -5327.8941398
590674573 -163.472 -36.20285 -5312.704 213.1868 9998 33400 -5316.04091383
590674574 -163.4807 -36.28804 -5326.904 202.2993 9998 33400 -5339.30873679
590674575 -163.1775 -36.37475 -5384.193 137.7881 9998 33400 -5324.89162474
590674576 -162.7366 -36.40358 -5271.441 134.9538 9998 33400 -5308.42702988
590674577 -162.5867 -36.62 -5293.137 184.4185 9998 33400 -5345.41005543
590674578 -162.4858 -36.89137 -5386.756 227.0651 -1 33400 -5266.70661563
590674579 -162.4491 -37.02165 -5246.644 252.0071 9998 33400 -5352.78318377
590674580 -162.2703 -37.14453 -5199.208 311.7347 9998 33400 -5374.66926116
590674581 -162.1743 -36.93092 -5414.717 239.3807 9998 33400 -5518.08757207
590674582 -162.1432 -36.92708 -5403.198 232.7809 9998 33400 -5528.06134111
590674583 -161.9826 -36.8125 -5385.341 179.3742 -1 33400 -5391.17661964
590674584 -161.9034 -36.83656 -5356.281 183.1054 -1 33400 -5427.9433199
590674585 -161.9989 -36.88441 -5424.42 209.9754 -1 33400 -5510.53134172
590674586 -162.133 -36.84676 -5420.76 207.1932 -1 33400 -5421.77770264
590674587 -162.0816 -36.80664 -5335.473 190.4472 -1 33400 -5359.18583342
590674588 -161.9256 -36.73298 -5295.118 156.7843 -1 33400 -5198.23198627
590674589 -161.821 -36.75625 -5381.204 159.2314 -1 33400 -5346.578668
590674590 -161.8841 -36.86481 -5370.211 192.4929 9998 33400 -5443.64542195
590674591 -161.8319 -36.68491 -5288.65 156.4951 -1 33400 -5180.31653865
590674592 -162.1566 -36.66654 -5279.651 169.634 9998 33400 -5231.38256103
590674593 -162.1161 -36.69769 -5227.03 162.2657 9998 33400 -5179.65179417
590674594 -162.1805 -36.59676 -5270.674 167.5987 9998 33400 -5280.84594383
590674595 -162.1348 -36.48567 -5261.329 172.4364 9998 33400 -5245.67533907
590674596 -162.1219 -36.46183 -5266.571 185.9387 9998 33400 -5265.37576099
590674597 -162.1023 -36.38711 -5251.588 194.8805 9998 33400 -5283.11125943
590674598 -162.1418 -36.30057 -5287.474 198.7022 9998 33400 -5334.98898414
590674599 -162.3311 -36.23737 -5256.599 198.8256 9998 33400 -5256.47393154
5906745100 -162.4471 -36.28274 -5368.259 203.3419 9998 33400 -5291.95892566
5906745101 -162.5986 -36.277 -5401.959 196.5915 9998 33400 -5283.03112345
5906745102 -162.6207 -36.3238 -5311.776 191.3598 9998 33400 -5283.212
5906745104 -162.4424 -36.34133 -5291.814 206.197 9998 33400 -5307.14753217
5906745105 -162.5862 -36.43797 -5414.663 173.4632 9998 33400 -5327.10140312
5906745106 -162.6562 -36.46348 -5414.457 159.6266 9998 33400 -5308.3301413
590674619 -158.8101 -15.06067 -5037.851 594.7223 -1 33400 -5023.03876914
590674620 -158.8072 -15.09684 -5073.873 566.5394 -1 33400 -5060.24514888
590674621 -158.8076 -15.09804 -5064.163 579.7994 -1 33400 -5060.73210955
590674622 -158.8768 -15.08809 -4804.528 526.5364 -1 33400 -4795.26132378
590674623 -158.8987 -15.08896 -4554.815 458.644 -1 33400 -4363.57705604
590674624 -158.9803 -15.06885 -5092.816 556.671 -1 33400 -5091.71553049
590674625 -159.0479 -15.19784 -5061.419 473.6181 -1 33400 -5112.49675879
590674626 -159.0211 -15.42642 -5056.606 392.6287 -1 33400 -5057.7204037
590674627 -158.9337 -15.50463 -4944.392 385.7199 9998 33400 -4938.40991845
590674628 -158.9391 -15.44858 -4955.579 378.247 -1 33400 -4945.35258515
590674629 -158.9519 -15.54317 -5040.068 403.7274 -1 33400 -5028.49577421
590674630 -158.9613 -15.62502 -4994.009 413.9105 9998 33400 -4932.51404349
590674631 -158.9528 -15.57519 -5065.99 412.8109 -1 33400 -5066.52597722
590674632 -159.0137 -15.48466 -5063.973 392.4504 -1 33400 -5042.90161119
590674633 -159.0211 -15.43847 -5059.322 389.5838 -1 33400 -5055.77563903
590674634 -159.043 -15.40933 -5079.334 401.2362 -1 33400 -5070.51006479
590674635 -159.2054 -15.5209 -5034.634 398.2997 9998 33400 -5015.88070541
590674636 -159.3229 -15.56628 -5111.241 424.8296 -1 33400 -5144.64430794
590674637 -159.3775 -15.56216 -5096.193 431.4851 -1 33400 -5118.3766722
590674638 -159.4431 -15.58784 -5040.446 443.6715 -1 33400 -5073.24229075
590674639 -159.4028 -15.66035 -5088.887 473.8621 -1 33400 -5119.90331844
590674640 -159.2822 -15.71363 -5117.808 482.1623 -1 33400 -5110.15761255
590674641 -159.2816 -15.77794 -5077.4 517.0986 -1 33400 -5077.38089407
590674642 -159.3405 -15.82597 -5107.488 564.4699 -1 33400 -5108.78660941
590674643 -159.4427 -15.7952 -5060.985 539.8873 -1 33400 -5133.2998608
590674644 -159.459 -15.79363 -4970.555 532.1654 -1 33400 -5108.07216273
590674645 -159.5173 -15.82616 -4949.659 557.3124 -1 33400 -4962.16048042
590674646 -159.5497 -15.84253 -4964.812 569.8154 -1 33400 -4975.76582532
590674647 -159.6374 -15.82988 -4918.565 583.1246 -1 33400 -4995.24645716
590674648 -159.6768 -15.8383 -4952.183 583.8698 -1 33400 -4951.9401098
590674649 -159.7104 -15.85868 -4913.798 595.071 -1 33400 -4905.75641188
590674650 -159.747 -15.91819 -4867.621 557.9647 -1 33400 -4900.76665256
590674651 -159.7475 -15.92122 -4904.939 664.7826 -1 33400 -4909.074133
590674652 -159.849 -15.9366 -5015.691 712.3432 -1 33400 -5026.83588774
590674653 -159.9544 -15.93117 -5049.686 749.1862 -1 33400 -5052.29430921
590674654 -159.9725 -15.89054 -5027.844 717.6671 9998 33400 -5051.80737495
590674655 -160.0008 -15.77366 -5026.124 696.4303 -1 33400 -5037.29154796
590674656 -160.0499 -15.63979 -5029.264 696.3603 -1 33400 -5046.28663683
590674657 -160.0233 -15.48021 -5089.416 664.2653 -1 33400 -5050.65726231
590674658 -159.9795 -15.31142 -5086.834 653.4455 -1 33400 -5052.20493341
590674659 -159.9524 -15.22262 -5063.841 649.2465 -1 33400 -5051.60432147
590674660 -159.905 -15.20535 -5102.299 659.7708 -1 33400 -5084.53825073
590674661 -159.8181 -15.18107 -5119.782 630.2909 -1 33400 -5098.51381407
590674662 -159.8056 -15.25676 -5054.024 572.9478 -1 33400 -5050.85284419
590674663 -159.8159 -15.27186 -5056.255 571.2115 -1 33400 -5045.35939314
590674664 -159.8836 -15.2362 -5081.803 626.6691 -1 33400 -5062.12496186
590674665 -160.0039 -15.15333 -5001.211 677.3324 -1 33400 -5004.99926074
590674666 -160.1369 -15.00791 -4736.478 692.8197 -1 33400 -4756.19276583
590674667 -160.2511 -14.92152 -5102.657 839.4651 -1 33400 -5101.85174587
590674668 -160.3397 -14.83224 -5132.874 874.5023 -1 33400 -5133.04921418
590674669 -160.3689 -14.74096 -4990.23 830.2078 -1 33400 -5006.81745288
590674670 -160.338 -14.60584 -4925.454 889.0364 -1 33400 -4948.43761085
590674671 -160.3631 -14.54702 -4985.514 889.9222 -1 33400 -4984.64214274
590674672 -160.4346 -14.48334 -5002.141 888.3206 -1 33400 -5006.14236393
590674673 -160.4522 -14.43945 -4949.688 873.2324 -1 33400 -4954.76718279
590674674 -160.5168 -14.37189 -4961.652 867.0729 -1 33400 -5025.23438041
590674675 -160.5466 -14.36636 -4932.698 848.1842 -1 33400 -4922.3082479
590674676 -160.6166 -14.41768 -4948.234 813.0908 9998 33400 -5033.9912857
590674677 -160.6199 -14.53109 -4829.83 748.7592 9998 33400 -5009.75407705
590674678 -160.5551 -14.49371 -4795.907 764.5408 9998 33400 -5133.05185278
590674679 -160.4903 -14.22016 -5055.427 941.5583 9998 33400 -5024.8610918
590674680 -160.3602 -14.06849 -5046.137 981.9283 9998 33400 -5061.92396928
590674681 -160.3815 -13.9815 -5093.548 991.1371 9998 33400 -5071.37480699
590674682 -160.4238 -14.01576 -5010.694 956.1569 9998 33400 -4986.96294333
590674683 -160.4478 -14.06108 -4904.582 911.2448 9998 33400 -4959.11876966
590674684 -160.5027 -14.00732 -4905.079 913.3862 9998 33400 -4901.14176881
590674685 -160.5309 -13.93434 -4827.138 923.3071 9998 33400 -4793.69062324
590674686 -160.5889 -13.81013 -4999.373 973.4778 9998 33400 -4968.35564832
590674687 -160.5955 -13.71686 -4890.853 945.2852 9998 33400 -4844.468683
590674688 -160.6619 -13.73721 -4905.331 967.8131 9998 33400 -5083.4961637
590674689 -160.6082 -13.63898 -5010.095 979.9224 9998 33400 -5085.40136844
590674690 -160.5073 -13.44464 -4884.591 905.124 -1 33400 -4899.47192103
590674691 -160.4731 -13.38222 -5037.93 935.9384 -1 33400 -5084.85071838
590674692 -160.398 -13.23414 -4882.788 827.7997 -1 33400 -4829.08803024
590674693 -160.3027 -13.08344 -5001.175 815.9102 -1 33400 -5005.50127938
590674694 -160.2844 -13.02545 -4622.865 735.3492 -1 33400 -4743.17102014
590674695 -160.2363 -13.05179 -5036.931 873.3315 9998 33400 -5022.15026817
590674697 -160.142 -13.41799 -5181.633 934.6047 9998 33400 -5221.64891296
5906746100 -160.3436 -13.45236 -5063.169 921.3018 -1 33400 -5058.86191459
5906746102 -160.3638 -13.3067 -5017.062 892.6413 9998 33400 -5031.48777822
5906746105 -160.2917 -12.94209 -4966.811 881.8043 -1 33400 -4974.90514103
5906746106 -160.3126 -12.84889 -5088.253 949.1099 9998 33400 -5097.97007968
5906746107 -160.3396 -12.79136 -5017.652 929.5956 9998 33400 -5004.13606858
5906746108 -160.47 -12.51673 -5122.695 983.5329 -1 33400 -5113.3019224
59067479 -169.9326 -8.0271 -5031.064 1644.179 -1 33400 -5073.05667233
590674710 -169.9132 -8.00657 -5049.72 1774.868 -1 33400 -5050.2021796
590674716 -169.4069 -4.90616 -5128.429 3208.962 -1 33400 -5123.93088927
590674720 -169.5078 -4.82764 -5017.111 3253.629 -1 33400 -4931.42406323
590674721 -169.5813 -4.90387 -5072.871 3146.13 -1 33400 -5086.65194111
590674722 -169.5379 -4.89473 -5193.102 3403.198 -1 33400 -5183.31333802
590674723 -169.5898 -4.92144 -5159.504 3321.455 9998 33400 -5110.84737727
590674738 -171.1446 -4.33438 -4701.137 4074.83 -1 33400 -4800.97801356
590674739 -171.1957 -4.28437 -4853.853 4334.143 -1 33400 -4904.75839996
590674741 -171.2096 -4.2338 -5185.967 4819.904 -1 33400 -5208.04647245
590674742 -171.4098 -4.176 -5145.479 4597.034 -1 33400 -5168.36585568
590674754 -170.7088 -3.97569 -5146.173 4416.658 -1 33400 -5163.04237401
590674767 -169.2955 -2.59463 -4914.514 4897.563 -1 33400 -4881.19071447
590674768 -168.8488 -2.52629 -5152.077 5307.702 -1 33400 -5150.23671047
590674783 -168.2911 -1.86661 -5540.22 5579.951 -1 33400 -5517.85924842
590674784 -168.3155 -1.83169 -5145.499 4883.157 -1 33400 -5134.40207052
590674785 -168.4265 -1.81607 -5380.298 5087.424 -1 33400 -5240.59228052
590674786 -168.4079 -1.74826 -5438.114 5300.829 -1 33400 -5439.89643442
590674787 -168.5425 -1.78362 -5229.974 4929.689 -1 33400 -5191.54316283
590674788 -168.572 -1.80938 -5321.597 5117.909 -1 33400 -5328.26366433
590674789 -168.6396 -1.84088 -5360.409 5455.699 -1 33400 -5369.81384182
590674790 -168.8859 -1.81535 -5324.314 5352.13 -1 33400 -5358.46537081
590674794 -169.1673 -1.70208 -5103.447 4814.065 -1 33400 -5190.83393804
590674796 -168.8436 -1.94377 -5193.076 5195.553 -1 33400 -5142.47363996
590674797 -168.8164 -1.94242 -5042.044 4994.205 -1 33400 -4973.41334356
5906747100 -167.2025 -1.57212 -5450.146 5282.332 -1 33400 -5450.74662634
5906747101 -167.2166 -1.63962 -5154.827 4681.258 -1 33400 -5108.4143756
59067489 -167.7984 -15.54497 -4720.798 695.8861 -1 33400 -4687.03525534
590674810 -167.8006 -15.53151 -4635.685 676.8635 -1 33400 -4625.84551048
590674811 -167.8069 -15.54067 -4707.377 654.5668 -1 33400 -4664.78179399
590674812 -167.7836 -15.52946 -4719.83 650.7438 9998 33400 -4688.44541135
590674813 -167.7903 -15.50568 -4704.175 655.9037 -1 33400 -4663.79570224
590674814 -167.7268 -15.40974 -5184.281 739.3472 -1 33400 -5273.15316686
590674816 -167.7402 -15.41437 -4781.703 645.1747 -1 33400 -5040.88851287
590674821 -167.6845 -15.56795 -5386.138 789.9445 -1 33400 -5384.94699023
590674822 -167.7249 -15.48199 -5385.19 779.9518 -1 33400 -5356.70752079
590674823 -167.7675 -15.4337 -5393.349 777.8503 -1 33400 -5393.61525831
590674824 -167.8429 -15.42341 -5210.871 711.7997 -1 33400 -5203.86093978
590674825 -167.6858 -15.38307 -5269.784 724.0067 9998 33400 -5318.00850515
590674826 -167.6703 -15.36934 -5257.271 715.1406 -1 33400 -5260.14483572
590674827 -167.6901 -15.37954 -5267.844 716.3177 -1 33400 -5296.35766784
590674828 -167.6992 -15.34629 -5239.713 713.2743 -1 33400 -5197.27053644
590674829 -167.702 -15.37494 -5066.815 664.2296 -1 33400 -5169.4112162
590674830 -167.7238 -15.38262 -5141.771 702.941 -1 33400 -4984.92061228
590674831 -167.6891 -15.28599 -5163.054 671.7589 -1 33400 -5176.97985246
590674832 -167.6333 -15.11904 -4942.829 601.7676 -1 33400 -4940.45027306
590674833 -167.6072 -15.05735 -5268.991 663.7231 9998 33400 -5192.01031291
590674834 -167.6971 -15.04769 -5337.678 656.6223 -1 33400 -5348.02740467
590674835 -167.7327 -15.0704 -5054.845 587.9007 -1 33400 -5063.02140376
590674836 -167.7052 -15.07628 -4964.02 578.4361 -1 33400 -4999.89439485
590674837 -167.622 -15.09514 -5278.877 648.5692 -1 33400 -5185.97869999
590674838 -167.6408 -15.05888 -5104.081 618.5197 -1 33400 -5269.4455315
590674839 -167.6816 -15.06783 -4927.488 575.1732 -1 33400 -5106.58786929
590674840 -167.8898 -15.1206 -5250.151 617.9462 -1 33400 -5228.14164475
590674841 -167.9455 -15.24155 -5283.596 650.2582 -1 33400 -5297.61003231
590674842 -167.95 -15.2116 -5292.044 645.5643 -1 33400 -5302.62719662
590674843 -167.9921 -15.21353 -5287.581 630.0604 -1 33400 -5291.87083652
590674844 -168.0404 -15.31317 -5251.56 666.8349 -1 33400 -5260.13748531
590674845 -168.0772 -15.29911 -5225.362 659.2761 -1 33400 -5228.6263563
590674846 -168.0859 -15.1808 -5263.527 636.7104 -1 33400 -5268.82498354
590674847 -168.1707 -15.18151 -5253.92 677.4814 -1 33400 -5256.61953654
590674848 -168.2285 -15.19389 -5250.229 716.1147 -1 33400 -5252.21490226
590674849 -168.2651 -15.23823 -5256.333 759.7506 9998 33400 -5251.50290357
590674850 -168.2176 -15.08644 -5250.354 690.4039 -1 33400 -5256.6133307
590674851 -168.0256 -15.00261 -5327.116 517.1343 9998 33400 -5322.81754927
590674852 -167.8502 -14.93819 -5331.981 521.7227 -1 33400 -5331.00578654
590674853 -167.897 -15.03712 -5334.868 586.0599 9998 33400 -5345.74974154
590674854 -167.9925 -15.14053 -5314.569 625.3798 -1 33400 -5320.87742318
590674855 -167.9753 -15.25051 -5150.637 621.6107 9998 33400 -5299.35574286
590674856 -167.9769 -15.3831 -5294.427 704.6459 9998 33400 -5274.6376641
590674857 -167.8981 -15.37157 -5241.162 685.281 -1 33400 -5288.83587119
590674858 -168.0219 -15.29632 -5282.903 683.7808 -1 33400 -5295.67256961
590674859 -167.9722 -15.19462 -5307.57 646.1315 -1 33400 -5312.33551533
590674860 -168.1359 -15.05106 -5286.262 593.4821 9998 33400 -5302.78570552
590674861 -168.013 -14.98994 -5328.186 512.6989 -1 33400 -5329.4673132
590674862 -167.7854 -14.93341 -5340.229 579.207 9998 33400 -5373.11325563
590674863 -167.7997 -14.95196 -5341.291 578.8061 -1 33400 -5384.55099285
590674864 -167.8306 -14.96495 -5340.414 565.4379 -1 33400 -5379.29684016
590674865 -167.8323 -14.99371 -5339.827 567.3514 -1 33400 -5386.59297649
590674866 -167.9355 -15.04407 -5329.628 575.9136 -1 33400 -5338.06265942
590674867 -167.8811 -14.93807 -5330.818 524.5571 -1 33400 -5379.73888941
590674868 -167.8251 -14.99002 -5340.02 582.7551 -1 33400 -5386.6108692
590674869 -167.8995 -15.05368 -5330.79 585.6926 -1 33400 -5341.05176325
590674870 -167.9363 -15.0856 -5328.55 605.1362 -1 33400 -5340.2810907
590674871 -168.0688 -15.08711 -5302.843 590.7041 -1 33400 -5309.34259394
590674872 -168.0056 -14.81503 -5197.237 330.6935 9998 33400 -5231.95797221
590674873 -167.9286 -14.26716 -5173.195 961.3555 9998 33400 -5160.4946528
590674874 -168.0081 -14.14344 -5122.934 999.2714 -1 33400 -5081.79598825
590674875 -168.2721 -14.02982 -5213.821 1145.075 9998 33400 -5151.63004415
590674876 -168.5613 -13.99164 -5200.63 1070.534 9998 33400 -5164.94374777
590674877 -168.7916 -13.71673 -5161.766 1047.875 -1 33400 -5175.54350787
590674878 -169.0955 -13.31561 -5116.608 1099.633 9998 33400 -5138.75460937
590674879 -169.2955 -12.97591 -5078.03 915.0521 9998 33400 -5077.03234352
590674880 -169.5759 -12.58954 -5047.32 717.6496 -1 33400 -5062.85964192
590674881 -169.7258 -12.3553 -5018.223 666.8845 -1 33400 -5001.31064493
590674882 -169.9548 -12.13437 -5053.818 631.903 -1 33400 -5061.28660253
590674883 -170.196 -11.95747 -5068.907 620.8975 -1 33400 -5079.99715271
590674884 -170.354 -11.70075 -5042.923 660.4802 -1 33400 -5056.90384584
590674885 -170.6046 -11.44426 -5027.525 506.338 -1 33400 -5046.61980279
590674886 -170.7512 -11.15599 -5038.554 359.9083 -1 33400 -5049.20098721
590674887 -170.8099 -10.97254 -5114.247 677.8058 -1 33400 -5123.5298373
590674888 -170.8262 -10.8167 -5113.205 778.0326 9998 33400 -5163.96505791
590674889 -170.7052 -10.71571 -5100.986 580.4619 -1 33400 -5111.18625551
590674890 -170.4468 -10.34719 -5157.952 457.1164 9998 33400 -5183.28411264
590674891 -169.8115 -9.85465 -5178.228 286.4175 -1 33400 -5159.48192341
590674893 -169.9641 -9.05164 -4856.181 718.5969 -1 33400 -4848.63075396
590674894 -170.0316 -9.0433 -4717.108 664.3173 -1 33400 -4774.71511159
590674895 -170.0074 -8.84552 -4970.615 910.2075 -1 33400 -4975.51107653
590674898 -169.9759 -7.54109 -5189.626 1952.875 9998 33400 -5139.40930159
590674899 -169.7582 -7.16657 -5177.536 2280.711 9998 33400 -5042.25999292
5906748100 -169.8719 -6.25893 -5194.626 2821.055 9998 33400 -5077.7499811
5906748101 -170.0095 -5.56735 -4846.753 2170.841 -1 33400 -4892.81931753
5906748103 -170.1856 -5.25974 -5168.797 2985.293 9998 33400 -5175.33724995
5906748104 -170.1117 -5.21589 -5101.015 2919.718 -1 33400 -5153.45513069
590674910 -166.9868 -23.24479 -5640.875 531.0619 -1 33400 -5638.02490713
590674911 -166.8629 -23.29859 -5647.729 557.3457 -1 33400 -5650.97042598
590674912 -166.7572 -23.40586 -5632.971 621.8882 -1 33400 -5632.43926708
590674915 -166.2323 -23.70487 -5649.802 903.9584 -1 33400 -5699.89110496
590674923 -165.7036 -23.85151 -5428.412 1015.309 -1 33400 -5632.05477534
590674924 -165.6422 -23.81528 -5591.273 1078.392 -1 33400 -5598.47188686
590674926 -165.3544 -23.66949 -5559.175 1010.364 -1 33400 -5576.80264019
590674927 -165.3363 -23.57495 -5550.105 894.2846 9998 33400 -5539.60031922
590674928 -165.2455 -23.62841 -5506.495 925.7533 -1 33400 -5516.94890042
590674929 -165.1401 -23.58105 -5426.379 874.6781 -1 33400 -5423.31575038
590674930 -165.1944 -23.72464 -5289.446 918.1911 -1 33400 -5238.71080163
590674931 -165.238 -23.9129 -5423.737 1084.377 -1 33400 -5313.1202619
590674932 -165.2549 -23.93238 -5074.972 947.0674 -1 33400 -5191.40624287
590674933 -165.3411 -23.86189 -5659.519 1129.943 -1 33400 -5655.70002438
590674934 -165.3426 -23.88499 -5628.044 1098.867 -1 33400 -5627.05422561
590674935 -165.4373 -23.87393 -5129.144 938.7579 -1 33400 -5162.77144196
590674936 -165.4531 -23.90544 -5383.615 1026.722 -1 33400 -5343.5679153
590674937 -165.4223 -23.86706 -5107.7 915.9548 -1 33400 -5189.82665158
590674938 -165.4351 -23.89579 -5187.351 960.9731 -1 33400 -5220.89459991
590674939 -165.4247 -23.87958 -5118.274 916.9305 -1 33400 -5123.2517028
590674940 -165.4403 -23.86068 -5311.408 983.2686 -1 33400 -5360.6207788
590674941 -165.4868 -23.91133 -5555.112 1095.328 -1 33400 -5560.9648524
590674942 -165.5376 -23.89756 -5584.754 1093.386 -1 33400 -5608.77232493
590674943 -165.5003 -23.82739 -5622.16 1114.407 -1 33400 -5635.76971444
590674944 -165.4721 -23.82261 -5626.907 1104.166 -1 33400 -5639.72232149
590674945 -165.4402 -23.79028 -5567.556 1058.205 -1 33400 -5569.31343576
590674946 -165.5176 -23.8332 -5634.842 1120.444 -1 33400 -5635.25003228
590674947 -165.5685 -23.87039 -5565.685 1105.98 -1 33400 -5591.80915423
590674948 -165.6135 -23.93834 -5595.778 1114.663 -1 33400 -5630.08968882
590674949 -165.6337 -23.93171 -5625.509 1116.313 -1 33400 -5657.85941823
590674951 -165.6514 -23.8086 -5596.505 1074.646 -1 33400 -5613.33402498
590674952 -165.6535 -23.80088 -5643.858 1093.81 -1 33400 -5641.89047784
590674954 -165.4817 -23.70216 -5674.393 1057.137 -1 33400 -5668.95337499
590674955 -165.3566 -23.56864 -5453.905 894.2679 -1 33400 -5472.92386803
590674956 -165.3481 -23.62666 -5531.585 960.471 -1 33400 -5434.18050097
590674957 -165.2224 -23.66379 -5567.991 998.3541 -1 33400 -5565.93808167
590674958 -165.0817 -23.61065 -5423.558 905.8074 -1 33400 -5390.38239719
590674959 -165.081 -23.58159 -5317.036 841.8588 -1 33400 -5329.36890735
590674960 -165.1268 -23.60944 -5300.153 857.2858 -1 33400 -5311.5885263
590674961 -165.0559 -23.50278 -5338.394 806.2523 9998 33400 -5266.72203895
590674962 -165.1344 -23.35769 -5362.1 704.6808 -1 33400 -5365.12067356
590674963 -165.344 -23.2906 -5466.604 710.1095 9998 33400 -5391.01550001
590674964 -165.4309 -22.99059 -5441.034 552.0617 -1 33400 -5416.70437387
590674965 -165.3606 -22.95162 -5097.727 455.8372 -1 33400 -4959.6618008
590674966 -165.4887 -22.92958 -5586.667 548.3544 -1 33400 -5572.38560045
590674967 -165.409 -22.89097 -5507.057 501.2854 -1 33400 -5501.10709461
590674968 -165.3574 -22.46668 -5527.749 435.5632 -1 33400 -5512.44971736
590674969 -165.3379 -22.44194 -5515.454 417.1306 9998 33400 -5561.77649003
590674970 -165.3235 -22.27829 -5476.852 330.6025 9998 33400 -5426.2480049
590674971 -165.0057 -22.08347 -5537.089 358.7277 9998 33400 -5394.65052224
590674972 -164.9279 -22.33516 -5490.301 306.2021 9998 33400 -5412.14708649
590674973 -164.9063 -22.41143 -5374.359 291.9387 9998 33400 -5339.24552826
590674974 -164.9233 -22.38848 -5497.452 306.9319 9998 33400 -5447.13413493
590674975 -164.7734 -22.2764 -5252.226 365.779 9998 33400 -5358.94517735
590674976 -164.645 -21.86255 -5426.41 599.5737 9998 33400 -5279.28579551
590674978 -164.7934 -21.12266 -5105.216 564.4294 9998 33400 -5264.58926564
590674979 -165.2504 -21.22213 -5194.466 376.0093 9998 33400 -5196.16433578
590674980 -165.5407 -20.79061 -5018.916 240.0984 9998 33400 -4972.06498292
590674981 -165.696 -20.78494 -5243.601 186.6553 9998 33400 -5022.10215216
590674984 -165.9335 -20.5642 -5418.706 131.4835 9998 33400 -5341.07858334
590674986 -166.1157 -20.3171 -5070.035 214.1189 9998 33400 -5113.73141713
590674993 -168.2587 -17.96456 -4805.195 2382.403 9998 33400 -5074.92525894
590674997 -168.7068 -17.39337 -5227.244 711.0986 -1 33400 -5225.62849083
590674998 -168.7066 -17.15698 -5099.381 623.1171 9998 33400 -5277.13860641
590674999 -168.8781 -16.9215 -5126.238 643.9753 9998 33400 -5364.60633349
5906749100 -169.1109 -16.82579 -5238.945 657.1976 9998 33400 -5310.74199936
5906749101 -169.3865 -16.77574 -5108.996 511.8091 9998 33400 -5064.8698811
5906749102 -169.5545 -16.74084 -5150.359 480.7956 9998 33400 -5156.44233468
5906749103 -169.7634 -16.61217 -5225.319 451.3676 9998 33400 -5299.51596178
590675012 -172.1133 -30.69321 -5763.137 601.913 -1 33400 -5791.2590479
590675013 -172.54 -30.40325 -5782.713 680.5303 9998 33400 -5782.52291082
590675014 -172.5045 -29.85489 -5686.228 1458.234 -1 33400 -5704.02831073
590675015 -172.4123 -29.61264 -5683.337 1288.561 -1 33400 -5692.59598975
590675016 -172.0688 -29.68684 -5654.952 1246.579 -1 33400 -5716.55081983
590675017 -171.6146 -30.12033 -5712.134 930.1071 -1 33400 -5704.04391389
590675018 -171.5754 -30.61938 -5753.5 841.5045 -1 33400 -5757.04900106
590675019 -171.864 -30.77917 -5754.102 736.3965 -1 33400 -5763.43810173
590675020 -172.3567 -30.82628 -5664.595 339.4431 -1 33400 -5664.7336247
590675021 -172.638 -31.28322 -5613.195 319.7613 -1 33400 -5668.03903806
590675022 -172.5458 -31.66412 -5743.531 261.6971 -1 33400 -5745.47084255
590675023 -172.3782 -31.80316 -5791.723 395.9828 -1 33400 -5796.23062056
590675024 -172.3367 -31.93335 -5781.12 489.8843 -1 33400 -5780.03356749
590675025 -172.2886 -31.99582 -5651.764 527.6302 -1 33400 -5641.14521134
590675026 -171.6608 -31.41324 -5625.619 288.638 -1 33400 -5595.62639354
590675027 -171.8303 -31.08912 -5628.283 463.8012 -1 33400 -5625.01706196
590675028 -172.6358 -30.65483 -5608.352 291.1658 -1 33400 -5652.1788303
590675029 -172.9422 -29.95714 -5495.104 1302.894 -1 33400 -5516.2239151
590675030 -173.0129 -29.54977 -5593.941 1713.436 -1 33400 -5603.31252076
590675031 -172.7822 -29.48867 -5686.974 1595.894 -1 33400 -5711.89117683
590675032 -172.8536 -29.53787 -5711.141 1640.979 -1 33400 -5700.11908654
590675033 -172.866 -29.52666 -5718.402 1669.627 -1 33400 -5701.04952556
590675116 -178.6528 5.88702 -5844.631 4598.545 9998 33400 -5461.21969603
590675118 -178.7472 6.22009 -5617.062 3728.95 9998 33400 -5498.416082
590675119 -178.7744 6.13019 -5233.763 3352.692 9998 33400 -5424.46582942
590675120 -178.4724 6.29871 -5541.741 3628.313 9998 33400 -5367.64343122
590675121 -178.4557 6.29521 -5558.221 3628.11 9998 33400 -5346.54741003
590675122 -178.8051 6.30045 -5691.662 3709.907 9998 33400 -5623.2971201
590675123 -178.5745 6.37769 -5621.89 3578.316 9998 33400 -5536.78891781
590675124 -178.5941 6.6065 -5579.801 3254.43 9998 33400 -5637.4340322
590675125 -178.5974 6.49685 -5615.771 3389.585 9998 33400 -5581.67209472
590675126 -178.6459 6.44507 -5682.151 3579.606 9998 33400 -5687.34539308
590675127 -178.538 6.45176 -5656.475 3543.377 9998 33400 -5579.39895407
590675128 -178.4268 6.62285 -5511.457 3144.235 9998 33400 -5600.79629267
590675129 -178.3449 6.74757 -5529.863 3037.133 9998 33400 -5495.55364972
590675130 -178.2406 6.85187 -5515.89 2904.081 9998 33400 -5341.74517677
590675131 -178.2357 6.84671 -5241.159 2666.044 9998 33400 -5347.54407855
590675132 -178.3205 6.76036 -5521.329 3037.093 -1 33400 -5477.6540367
590675133 -178.2423 6.83582 -5219.708 2716.741 9998 33400 -5235.93257203
590675134 -178.2049 6.87272 -5252.708 2619.348 9998 33400 -5389.85731103
590675135 -178.1894 6.87945 -5352.562 2717.077 9998 33400 -5365.28562822
590675136 -178.1702 6.9273 -5354.108 2674.402 9998 33400 -5346.33585534
590675137 -178.1333 6.90725 -5268.039 2627.91 9998 33400 -5260.16646729
590675138 -178.1707 6.82521 -5244.948 2687.781 9998 33400 -5320.57051792
590675139 -178.1621 6.79632 -5238.156 2728.194 9998 33400 -5307.13224608
590675198 -176.0978 6.8295 -4954.732 2757.777 9998 33400 -4894.49839039
590680918 179.4792 12.24458 -5797.391 3431.329 9998 33400 -5893.46297992
590680919 179.4779 12.26927 -5742.482 3295.089 9998 33400 -5913.793214
590680920 179.4664 12.266 -5769.501 3365.077 9998 33400 -5943.37219741
590680921 179.4458 12.31585 -5732.014 3345.694 9998 33400 -5857.49575903
590680922 179.4023 12.44244 -5621.557 3198.214 9998 33400 -5807.69338958
590680923 179.423 12.50896 -5743.495 3482.502 9998 33400 -5865.36100024
590680933 179.7423 12.70536 -5815.39 3704.54 9998 33400 -5746.7618404
590680939 179.8936 12.46906 -5890.267 5287.516 9998 33400 -6447.72869344
590680940 179.8913 12.46871 -5890.654 5273.467 9998 33400 -6448.21848856
590680941 179.8845 12.47992 -5890.265 5293.674 9998 33400 -6470.51381498
590680942 179.8569 12.47779 -5889.684 5345.702 9998 33400 -6439.96376359
590680943 179.8356 12.48453 -5889.489 5305.323 9998 33400 -6404.77797564
590680944 179.8145 12.47906 -5891.425 5272.134 9998 33400 -6351.71701462
590680945 179.8008 12.48362 -5891.424 5362.226 9998 33400 -6311.90306128
590680946 179.7769 12.49274 -5887.165 5375.807 9998 33400 -6209.15819238
590680949 179.7171 12.56671 -5379.663 3113.862 9998 33400 -5793.70417341
590680953 179.2706 12.59532 -5858.298 3513.054 9998 33400 -5925.08217712
590680954 179.1835 12.68962 -5770.471 3603.023 9998 33400 -5786.0954946
590680955 179.1499 12.77329 -5745.565 3597.288 9998 33400 -5718.77378401
590680956 179.1454 12.73856 -5846.65 3683.97 9998 33400 -5742.14510695
590680957 179.1882 12.73316 -5772.882 3611.8 9998 33400 -5701.32952073
590680958 179.2247 12.70228 -5644.17 3418.86 9998 33400 -5732.91904445
590680961 179.431 12.47342 -5539.082 3129.34 9998 33400 -5780.47213652
590680962 179.4629 12.41241 -5581.641 3230.552 9998 33400 -5661.654243
590680963 179.624 12.38288 -5426.446 3188.709 9998 33400 -5704.86701249
590680965 179.791 12.56988 -5835.654 3589.781 9998 33400 -6087.68150599
590680969 179.9859 12.48702 -5825.702 NaN 9998 33400 -6236.38694361
590680970 -179.9536 12.43384 -5552.756 3259.125 9998 33400 -5773.70520738
590680974 -179.8882 12.40083 -5805.778 3480.881 9998 33400 -5784.50178917
590680975 -179.9358 12.39669 -5495.283 3271.107 9998 33400 -5608.80069002
590680978 179.8826 12.25718 -5708.686 3363.685 9998 33400 -6070.73400737
590680979 179.951 12.33189 -5438.772 NaN 9998 33400 -5871.31119084
590680980 -179.9856 12.35396 -5424.513 3141.815 9998 33400 -5493.17616222
590680983 179.8136 12.67128 -5497.648 3284.937 9998 33400 -5899.45364155
590682814 179.927 -4.80234 -5773.567 NaN 9998 33400 -5786.51833867
590682817 179.651 -4.66105 -5866.147 3791.2 -1 33400 -5873.725449
590682818 179.335 -4.59337 -5835.657 3864.22 9998 33400 -5851.28923201
590682819 179.1801 -4.60111 -5766.902 3749.872 -1 33400 -5776.79888628
590682820 178.9237 -4.56327 -5240.99 3197.552 -1 33400 -5313.89866573
590682822 178.9822 -4.31828 -5643.794 4173.706 -1 33400 -5661.93323146
590682823 179.162 -4.23959 -5669.962 4526.001 9998 33400 -5671.38195825
590682824 179.2607 -4.36414 -5483.652 3740.314 -1 33400 -5502.48005822
590682826 179.6549 -4.17354 -5777.299 4758.982 -1 33400 -5774.218733
590682827 179.6395 -4.35653 -5839.839 4489.688 9998 33400 -5805.96203204
590682829 179.5535 -4.60913 -5838.85 3775.205 9998 33400 -5846.1795613
590682830 179.5988 -4.46681 -5873.037 4251.661 -1 33400 -5867.45622579
590682831 179.5185 -4.4637 -5792.771 4013.57 -1 33400 -5791.84286943
590682832 179.3062 -4.51961 -5882.036 4043.59 -1 33400 -5884.1775257
590682834 179.4318 -4.59449 -5876.899 3828.742 -1 33400 -5876.9708531
590682835 179.4406 -4.60486 -5875.639 3800.243 -1 33400 -5870.53908907
590682836 179.3584 -4.68872 -5853.753 3545.312 -1 33400 -5856.00938489
590682837 179.3667 -4.7476 -5855.877 3383.406 -1 33400 -5845.57824133
590682838 179.478 -4.82084 -5601.694 2827.089 -1 33400 -5625.90795885
590682839 179.674 -4.89916 -5630.179 2673.379 -1 33400 -5641.23685349
590682840 179.7432 -4.92518 -5550.312 2532.1 -1 33400 -5549.07903606
590682842 179.9181 -5.21231 -5553.969 NaN 9998 33400 -5505.85813529
590682843 179.826 -5.10981 -5487.664 2230.479 9998 33400 -5682.06474996
590682844 179.9411 -5.03756 -5860.208 NaN 9998 33400 -5799.64255157
590682845 179.8881 -4.95677 -5569.987 2498.77 9998 33400 -5542.6175271
590682846 179.7834 -4.79474 -5782.477 3092.679 9998 33400 -5798.47433962
590682847 179.5333 -4.69388 -5850.074 3345.469 9998 33400 -5815.55002126
590682848 179.3892 -4.69482 -5862.466 3423.426 -1 33400 -5847.75111867
590682849 179.3787 -4.50526 -5845.636 3877.45 9998 33400 -5847.3492585
590682850 179.3829 -4.27361 -5583.032 4055.655 9998 33400 -5621.177376
590682851 179.5285 -4.02861 -5511.603 4542.269 9998 33400 -5574.3998031
590682852 179.4322 -4.02097 -5539.623 4711.788 9998 33400 -5523.47162923
590682853 179.3423 -4.03299 -5542.627 4777.363 9998 33400 -5462.2031873
590682854 179.0911 -4.06146 -5285.578 4270.601 9998 33400 -5278.56298407
590682855 178.7544 -4.09985 -5283.343 4537.521 9998 33400 -5232.32051517
590682857 178.1517 -4.04894 -4938.059 4140.777 9998 33400 -4986.09342823
590682858 177.9551 -3.90436 -5162.686 4838.84 9998 33400 -5143.999793
590682859 177.6566 -3.84197 -4946.82 4873.179 9998 33400 -4920.66856023
590682860 177.4639 -3.62992 -4832.111 4831.384 -1 33400 -4860.23558535
590682863 177.3152 -3.55067 -4792.046 5038.409 9998 33400 -4995.10941504
590682864 177.3405 -3.51083 -4786.31 5073.818 9998 33400 -5071.27135045
590682865 177.4355 -3.45127 -5088.803 5896.859 9998 33400 -5127.33630175
590682866 177.5699 -3.24538 -4864.708 5467.483 -1 33400 -4873.51360244
590682868 177.7753 -2.67438 -5317.488 6475.614 9998 33400 -5350.44901741
590682869 178.1861 -2.9408 -5290.012 6463.732 9998 33400 -5274.13103948
590682870 178.6502 -3.0696 -5187.592 6560.327 9998 33400 -5178.47016133
590682871 178.6352 -3.0616 -5187.689 6205.803 9998 33400 -5200.51911848
590682872 178.936 -3.32899 -4763.753 5131.052 -1 33400 -4791.79502428
590682873 178.9696 -3.29978 -4972.995 5669.289 -1 33400 -4989.13386302
590682874 178.9463 -3.23811 -5097.267 5996.857 -1 33400 -5114.59706343
590682911 179.926 1.92435 -5409.98 NaN 9998 33400 -5501.40050364
590682915 179.7274 1.72883 -5695.872 4858.327 9998 33400 -5692.48155254
590682916 179.6961 1.65711 -5669.036 4825.88 -1 33400 -5682.9118922
590682917 179.4018 1.51983 -5480.114 4513.507 9998 33400 -5469.99903166
590682918 179.2066 1.46389 -5380.988 4759.19 9998 33400 -5380.41986371
590682919 179.3184 1.36708 -5373.326 4862.542 9998 33400 -5390.21506226
590682920 179.5048 1.50013 -5512.018 4821.145 9998 33400 -5514.72703547
590682921 179.2615 1.65826 -5492.716 4754.885 9998 33400 -5487.05488651
590682922 179.0426 1.69059 -5528.591 4783.907 9998 33400 -5542.81087989
590682923 179.0197 1.5503 -5500.38 4851.608 -1 33400 -5514.90012709
590682924 179.3213 1.4377 -5430.267 4636.007 9998 33400 -5425.66900604
590682925 179.6069 1.5046 -5583.757 4963.299 -1 33400 -5581.40562028
590682926 179.7093 1.66428 -5685.797 5160.591 -1 33400 -5691.79435353
590682927 179.8247 1.70745 -5771.816 5051.569 9998 33400 -5758.32786261
590682930 179.554 1.92771 -5516.852 4492.692 -1 33400 -5540.35711687
590682931 179.5301 2.05142 -5539.632 4601.898 -1 33400 -5557.42249334
590682932 179.6836 2.12558 -5582.574 4276.054 9998 33400 -5635.13968645
590682933 179.8613 2.07923 -5446.542 4294.873 9998 33400 -5560.14791031
590682934 -179.9046 2.01193 -5209.288 3951.346 -1 33400 -5185.50947831
590682935 -179.9313 1.95485 -5144.426 4112.375 -1 33400 -5160.74194616
590682936 -179.899 1.82414 -5328.099 4612.24 9998 33400 -5405.05276199
590682937 -179.9922 1.59513 -5429.583 4784.014 -1 33400 -5370.82718967
590682940 -179.7601 1.56445 -5518.512 4713.559 9998 33400 -5536.74806534
590682941 -179.7841 1.71458 -5351.777 4459.768 -1 33400 -5391.61410844
590682942 -179.8656 1.76118 -5520.445 4776.129 -1 33400 -5649.7192764
590682943 -179.9075 1.89983 -5208.225 4281.9 -1 33400 -5236.70884316
590682944 179.9631 1.99586 -5466.621 NaN -1 33400 -5440.74795792
590682946 179.6612 2.04952 -5500.364 4248.448 9998 33400 -5568.22275745
590682947 179.6333 2.05479 -5505.989 4212.558 -1 33400 -5511.79750877
590682948 179.4577 2.10465 -5587.129 4173.352 9998 33400 -5620.88668581
590682949 179.1655 2.12854 -5590.037 4278.96 9998 33400 -5535.03736084
590682950 178.8156 2.05177 -5551.556 4302.124 9998 33400 -5554.01369925
590682951 178.5419 2.0464 -5498.91 4380.666 -1 33400 -5516.53786542
590682952 178.3595 2.02459 -5501.044 4370.321 9998 33400 -5486.00764753
590682953 178.1329 2.05145 -5449.258 4186.762 9998 33400 -5435.2931709
590682954 177.9033 2.14146 -5402.502 3901.416 9998 33400 -5435.07373567
590682955 177.6436 2.34676 -5465.443 3328.426 9998 33400 -5482.38097741
590682956 177.4131 2.56309 -5454.378 2461.67 9998 33400 -5462.47230192
590682958 177.1117 2.95846 -5616.556 1166.176 9998 33400 -5657.31649952
590682960 176.8062 3.04577 -5483.835 865.9407 9998 33400 -5324.41305686
590682966 176.8194 1.64767 -5509.589 4602.279 9998 33400 -5361.15221784
590682967 176.9077 1.51218 -5532.863 4976.343 9998 33400 -5534.46318346
590682968 177.366 1.66085 -5537.028 5049.271 9998 33400 -5526.05384479
590682969 177.6386 1.65496 -5548.758 4824.733 9998 33400 -5580.49695685
590682970 177.9007 1.54394 -5449.663 4620.126 9998 33400 -5517.83337578
590682971 177.7735 1.68516 -5482.922 4602.399 9998 33400 -5447.28242598
590682972 177.6072 1.79647 -5575.315 5004.088 9998 33400 -5549.51414268
590683028 -141.8242 -62.83144 -4148.476 620.196 -1 33400 -4123.77923214
590683029 -141.7746 -62.81887 -3879.855 485.8822 -1 33400 -4040.25797474
590683030 -141.7215 -62.78548 -4135.378 444.1694 -1 33400 -4112.84414657
590683032 -141.0624 -62.51554 -4221.993 176.3677 -1 33400 -4202.21476138
590683033 -140.4113 -62.66972 -4063.036 218.9219 -1 33400 -4167.55451364
590683034 -140.0992 -62.81263 -4461.017 356.2183 -1 33400 -4443.80750648
590683037 -140.2088 -62.91174 -4267.498 533.7369 -1 33400 -4448.03249791
590683038 -140.373 -63.01667 -4262.416 627.2541 9998 33400 -4475.03928085
590683039 -140.217 -63.18857 -4391.338 877.1581 9998 33400 -4683.9641987
590683040 -140.7628 -63.14015 -4520.259 417.4076 9998 33400 -4456.18947795
590683042 -140.8226 -62.81515 -4146.344 599.9039 9998 33400 -4315.19582246
590683043 -140.8011 -62.67665 -4223.496 596.9352 -1 33400 -4416.26846235
590683044 -140.2195 -62.6919 -4351.913 190.8474 -1 33400 -4252.07389774
590683045 -139.906 -62.63412 -4134.163 191.2139 9998 33400 -4276.69533813
590683061 -139.3363 -62.85299 -4303.724 298.4402 9998 33400 -4346.8700858
590683062 -139.6353 -62.96201 -4061.684 288.5181 -1 33400 -4233.19495131
590683063 -139.4968 -63.05075 -4420.974 502.2952 -1 33400 -4478.13354676
590683064 -139.5447 -63.08267 -4499.429 101.3082 -1 33400 -4436.13095247
590683065 -139.3276 -63.17664 -4441.206 177.0851 9998 33400 -4263.61106043
590683067 -139.2417 -62.89265 -4007.675 204.3958 9998 33400 -4302.71416639
590683068 -139.3357 -62.92459 -4273.998 161.9435 9998 33400 -4341.86939843
590683069 -139.1122 -62.97008 -4377.245 298.032 9998 33400 -4313.27589647
590683070 -139.08 -62.84519 -4468.184 580.6233 9998 33400 -4409.36694563
590683072 -139.9002 -63.04385 -4129.956 622.8915 9998 33400 -4267.27296223
590683073 -139.5637 -63.30163 -4173.97 653.0276 -1 33400 -4483.79223045
590683074 -139.0382 -63.48231 -4695.966 465.2059 -1 33400 -4499.51917162
590683077 -138.8586 -63.04902 -4555.194 409.0965 -1 33400 -4480.05200242
590683111 -135.1742 -67.11855 -4628.118 623.327 -1 33400 -4633.24161979
590683112 -135.2154 -67.1321 -4611.739 604.1722 -1 33400 -4656.83113705
590683113 -135.2608 -67.15604 -4608.146 415.6289 -1 33400 -4623.17475465
590683114 -135.414 -67.31725 -4566.428 1042.227 -1 33400 -4603.39766458
590683115 -135.3944 -67.46319 -4559.696 1172.472 -1 33400 -4499.54329296
590683116 -135.4765 -67.44344 -4473.913 1217.861 -1 33400 -4519.99738887
590683117 -135.4274 -67.30949 -4555.575 1101.741 -1 33400 -4622.3282908
590683118 -135.2375 -67.19003 -4606.004 774.1736 -1 33400 -4558.4909319
590683119 -135.1057 -67.17128 -4599.324 559.446 -1 33400 -4645.07123727
590683120 -135.1328 -67.29174 -4594.15 870.3499 -1 33400 -4531.30220829
590683121 -135.1011 -67.17158 -4604.944 577.97 -1 33400 -4644.31079974
590683122 -135.122 -67.27939 -4583.107 861.6738 -1 33400 -4514.14355937
590683123 -135.4698 -67.54855 -4525.359 2183.898 9998 33400 -4475.63044631
590683124 -135.5 -67.58216 -4530.293 1525.251 9998 33400 -4471.83556978
590683154 -148.8219 -69.83056 -4349.513 437.2378 -1 33400 -4317.15959076
590683155 -148.5764 -70.06558 -4334.709 318.7758 9998 33400 -4327.98080163
590683156 -148.1027 -70.21454 -4318.86 146.9966 9998 33400 -4329.99411124
590683157 -147.471 -70.23185 -4317.497 69.57594 9998 33400 -4335.01522755
590683158 -147.3278 -69.94245 -4336.099 350.019 -1 33400 -4303.95964467
590683159 -146.5416 -69.64166 -4347.816 394.5574 9998 33400 -4316.40928589
590683160 -146.0848 -70.18278 -4318.479 285.6203 -1 33400 -4336.65604024
59068328 -115.6154 -66.98748 -4671.562 549.6085 -1 33400 -4660.00627628
59068329 -115.8518 -66.9549 -4715.162 650.1367 -1 33400 -4638.28810713
590683210 -116.1192 -66.93606 -4640.479 668.7699 -1 33400 -4589.40477772
590683211 -117.2697 -67.07966 -4589.952 1236.53 -1 33400 -4592.73133762
590683212 -118.056 -67.2094 -4499.286 1137.469 -1 33400 -4561.68046364
590683213 -118.5577 -67.2687 -4540.951 1108.469 -1 33400 -4510.77899471
590683214 -118.0129 -67.01457 -4611.678 1642.5 -1 33400 -4636.59429138
590683215 -118.2417 -66.82637 -4629.662 1755.443 -1 33400 -4579.63865824
590683216 -119.1363 -66.7483 -4662.821 1927.106 -1 33400 -4610.75715302
590683217 -119.7704 -66.69751 -4671.266 1908.492 -1 33400 -4569.14791068
590683218 -120.2284 -66.6441 -4615.863 1714.082 -1 33400 -4606.24830754
590683219 -120.0613 -66.74212 -4596.742 1966.578 -1 33400 -4553.85928181
590683220 -119.6661 -66.62134 -4701.706 1778.152 -1 33400 -4706.43356643
590683221 -119.3935 -66.74997 -4679.871 2048.709 -1 33400 -4629.84276033
590683247 -111.5788 -66.88707 -4620.922 1587.176 -1 33400 -4664.06392508
590683248 -111.084 -66.5682 -4720.417 2601.968 -1 33400 -4725.27553645
590683249 -110.2251 -66.02513 -4803.874 4226.574 9998 33400 -4732.39777321
590683250 -108.2294 -66.22326 -4733.796 5239.11 -1 33400 -4732.63426009
590683251 -107.0084 -66.38527 -4745.656 4641.783 -1 33400 -4702.57068371
590683252 -106.4395 -66.57492 -4758.669 4134.857 -1 33400 -4771.16093234
590683253 -107.0186 -66.36665 -4740.239 4861.173 -1 33400 -4711.06917581
590683254 -107.2431 -66.51633 -4703.774 3663.692 -1 33400 -4662.63552009
590683255 -107.405 -66.77142 -4666.979 2697.402 -1 33400 -4702.92191943
590683256 -107.751 -66.93279 -4671.386 2034.172 -1 33400 -4682.19445793
590683257 -108.2987 -67.23291 -4474.654 718.2117 -1 33400 -4555.75449342
590683310 -124.916 -66.86821 -4416.482 652.6305 -1 33400 -4418.3329143
590683311 -124.963 -66.89246 -4384.371 902.1996 -1 33400 -4402.65265993
590683312 -125.028 -66.9149 -4376.798 672.6312 -1 33400 -4372.32277093
590683337 -126.1908 -67.68441 -4186.288 98.21649 9998 33400 -4197.00277785
590683338 -126.1798 -67.41302 -4297.102 869.6285 -1 33400 -4331.98926706
590683339 -125.7825 -67.39675 -4343.581 410.2536 -1 33400 -4354.36600419
590683340 -126.0224 -67.45658 -4125.958 617.2082 -1 33400 -4311.81619468
590683373 -132.4886 -68.23468 -4376.713 928.8447 -1 33400 -4301.45153582
590683375 -132.3154 -68.40868 -4317.202 326.4925 -1 33400 -4316.18095998
590683376 -132.4496 -68.43616 -4316.806 207.37 -1 33400 -4307.54592653
590683377 -132.8504 -68.32602 -4364.951 678.2359 -1 33400 -4360.68096491
590683380 -132.7862 -68.04572 -4384.816 932.4089 -1 33400 -4322.8587729
590689310 -161.5953 -41.95856 -5217.38 226.8674 -1 33400 -5215.67716223
590689311 -161.6519 -41.92039 -5272.5 170.9986 -1 33400 -5257.9142713
590689312 -161.6505 -41.87168 -5193.595 165.0903 -1 33400 -5218.79967139
590689313 -161.8447 -41.7026 -4671.568 147.2995 9998 33400 -5055.51495463
590689314 -161.9189 -41.78312 -5128.149 152.0543 -1 33400 -5112.90661453
590689315 -162.1692 -41.67814 -5039.719 195.7265 -1 33400 -5035.88213979
590689316 -162.3746 -41.59476 -4932.82 231.7366 -1 33400 -4942.23831453
590689317 -162.4193 -41.58537 -5091.033 263.1196 -1 33400 -5069.20858547
590689318 -162.5032 -41.63326 -5099.538 408.8511 -1 33400 -5086.14390211
590689319 -162.5478 -41.80918 -5038.787 745.6844 -1 33400 -5066.07909644
590689320 -162.7101 -41.83865 -5084.712 966.116 -1 33400 -5089.22200319
590689321 -163.4487 -41.76795 -4742.499 1439.38 -1 33400 -4697.75757834
590689332 -165.2125 -40.20472 -5112.995 149.0147 9998 33400 -5305.66142207
590689333 -164.9824 -40.23874 -5074.115 565.0684 9998 33400 -5148.61826852
590689334 -165.0571 -40.34502 -5059.333 185.6164 9998 33400 -5141.57649591
590689335 -165.2701 -40.28467 -5198.029 291.1743 9998 33400 -5239.55097771
590689336 -165.5485 -39.87316 -5135.342 665.2439 9998 33400 -5113.30344612
590689337 -165.9429 -39.28685 -4996.215 230.524 9998 33400 -5018.46039586
590689338 -165.7348 -39.25263 -5095.215 446.1958 -1 33400 -5114.93087656
590689339 -165.2887 -39.48138 -5220.399 829.5305 9998 33400 -5114.67062467
590689340 -165.0362 -39.81339 -5118.701 1422.443 9998 33400 -5388.53032606
590689341 -164.9846 -39.74776 -5288.943 1521.574 9998 33400 -5461.42915129
590689342 -164.9805 -39.72465 -5254.283 1308.855 9998 33400 -5436.32349063
590689343 -164.9766 -39.64038 -5067.411 1006.593 9998 33400 -5079.59283369
590689344 -164.9414 -39.46529 -4838.122 364.7126 9998 33400 -4793.60790159
590689345 -165.2331 -39.43188 -4938.253 587.0977 9998 33400 -4955.64823106
590689346 -165.5215 -39.2282 -5056.839 401.3528 -1 33400 -5085.13247293
590689347 -165.8955 -38.9073 -5005.695 372.8176 9998 33400 -4971.74407043
590689348 -167.0009 -38.52622 -5187.035 368.5265 9998 33400 -5113.11976258
590689349 -166.9703 -38.37761 -5179.74 395.2293 9998 33400 -5165.78262367
590689350 -166.7179 -38.32492 -5246.421 550.3749 9998 33400 -5166.53144782
590689351 -166.9422 -38.67525 -5241.704 386.6897 9998 33400 -5388.46073253
590689352 -167.0102 -38.715 -5211.557 512.8423 9998 33400 -5246.99324662
590689353 -167.1053 -38.7499 -4978.517 646.1618 9998 33400 -5052.87629155
590689355 -166.9829 -38.48664 -5196.065 374.1006 9998 33400 -5140.17231298
590689356 -166.6529 -38.476 -5282.093 388.0041 9998 33400 -5287.07484266
590689358 -167.0352 -38.32659 -5084.104 442.9753 9998 33400 -5106.11718275
590689359 -166.7622 -38.139 -5123.157 492.3333 -1 33400 -5142.02046727
590689360 -166.715 -38.12431 -5128.688 505.2004 -1 33400 -5129.62942215
590689361 -166.6612 -38.10678 -5138.776 564.0477 -1 33400 -5134.86254891
590689362 -166.6025 -38.271 -5211.861 558.3338 9998 33400 -5360.17799549
590689410 -137.1229 -38.71062 -5091.781 853.2722 -1 33400 -5081.5952433
590689414 -137.2206 -38.64506 -5141.435 790.8251 -1 33400 -5190.59375997
590689415 -137.255 -38.60404 -5039.286 744.4995 -1 33400 -5116.51043941
590689416 -137.3412 -38.65144 -5012.987 759.6757 -1 33400 -5048.2383657
590689417 -137.4057 -38.70228 -5023.437 789.8068 -1 33400 -5036.46963837
590689418 -137.4727 -38.74148 -5082.945 858.6359 -1 33400 -5004.89364272
590689420 -137.7035 -38.73168 -4966.015 806.584 -1 33400 -4939.74233815
590689421 -137.7214 -38.75053 -4828.05 789.528 -1 33400 -4867.08921156
590689422 -137.7738 -38.74644 -5026.519 840.9525 -1 33400 -5006.75725052
590689423 -137.9386 -38.78307 -5017.775 819.8127 -1 33400 -5084.86288846
590689424 -137.9481 -38.80436 -4649.395 691.7936 -1 33400 -4814.30430338
590689425 -137.8295 -38.84678 -4914.458 814.3991 -1 33400 -4707.52379519
590689427 -137.8226 -38.86143 -4981.376 817.4113 -1 33400 -5030.09589231
590689430 -138.143 -38.90356 -5118.638 797.7346 -1 33400 -5107.92872494
590689434 -138.5658 -38.55114 -5109.979 862.5233 9998 33400 -4958.80722302
590689435 -138.5553 -38.55243 -5217.542 796.4298 9998 33400 -4949.79409163
590689436 -138.5953 -38.53862 -5194.005 801.6917 9998 33400 -4970.81681646
590689437 -138.7587 -38.50062 -5242.173 815.4354 9998 33400 -5221.45571558
590689438 -138.7778 -38.52509 -5028.656 749.045 9998 33400 -5171.7745328
590689439 -138.8134 -38.5258 -5021.383 736.0363 9998 33400 -5162.0537503
590689440 -138.8168 -38.5214 -4970.86 668.7214 9998 33400 -5164.60138466
590689441 -138.8596 -38.52701 -5148.565 685.6281 9998 33400 -5112.39889984
590691528 179.52 -54.96226 -4907.656 1394.146 9998 33400 -5320.828578
590691533 176.8749 -55.83844 -5122.208 1596.563 -1 33400 -5124.537494
590691537 172.6813 -55.89193 -5377.311 1436.031 -1 33400 -5382.83280224
590691539 174.836 -56.28332 -5186.642 2247.595 -1 33400 -5225.03582833
590691540 174.7088 -57.45242 -5377.566 1453.639 -1 33400 -5437.17400872
590691541 172.7135 -58.13024 -5209.822 1499.531 -1 33400 -5420.22644712
590691542 172.806 -58.39275 -5304.753 1583.923 -1 33400 -5342.89791133
590691543 173.1797 -58.83924 -5119.564 2674.93 -1 33400 -5153.12460628
590691544 173.6286 -58.56439 -4986.229 2433.473 -1 33400 -5155.73354492
590691545 172.6779 -58.36744 -5301.477 1526.562 -1 33400 -5356.17348265
590691547 170.2482 -57.18195 -5365.414 2188.258 -1 33400 -5337.40481068
590691548 171.5695 -55.53395 -5256.812 4337.591 -1 33400 -5280.08661054
590691553 172.485 -54.68782 -5319.476 10733.97 9998 33400 -5458.69770074
590691554 174.7608 -54.73667 -5167.692 2547.587 -1 33400 -5263.97957478
590691557 171.7615 -56.95467 -5345.799 261.6129 -1 33400 -5338.02555196
590691612 175.2303 -54.63121 -1973.197 997.4413 9999 33400 -5042.70369387
590691613 175.1791 -54.54468 -1950.435 1284.328 9999 33400 -5099.13153413
590691614 175.1049 -54.44892 -1922.861 1248.075 9999 33400 -5118.40726197
590691623 175.9387 -54.03039 -4992.125 529.9025 -1 33400 -4944.56278425
590691624 176.2436 -54.37863 -4956.432 776.0837 -1 33400 -4972.79091991
590691625 177.0535 -54.8246 -4778.652 1842.725 -1 33400 -4946.72959268
590691626 177.3578 -54.50085 -4721.304 1214.918 -1 33400 -4872.90913161
590691627 176.1575 -54.02804 -5000.551 293.8167 -1 33400 -4946.80407523
590691628 175.2684 -53.8313 -5038.497 2841.366 -1 33400 -5110.43115862
590691629 176.4251 -53.28219 -4911.575 1565.538 -1 33400 -4921.7557631
590691630 176.9385 -53.0878 -4599.978 2606.898 -1 33400 -4570.60565273
590691631 177.0778 -53.25047 -4888.337 2840.148 -1 33400 -4860.19140452
590691632 177.567 -53.11666 -4815.62 2460.514 9998 33400 -4838.87164335
5906916112 -179.9454 -52.43821 -4809.513 500.0103 -1 33400 -5162.56429217
590691714 176.6953 -56.48109 -4960.472 837.0333 -1 33400 -5006.66272699
590691715 177.3413 -56.30888 -4964.321 1522.317 -1 33400 -4920.88378295
590691720 178.566 -53.85901 -4979.321 1828.802 -1 33400 -5018.04051695
590691721 175.8388 -53.6203 -4903.388 1459.719 -1 33400 -4785.27219847
590691722 176.9239 -53.76985 -5021.58 1201.397 -1 33400 -5089.86664055
590691723 176.9908 -54.65695 -5034.066 2053.876 -1 33400 -5088.99149959
590691724 176.3694 -54.11891 -4897.554 75.62515 -1 33400 -4950.1410063
590691725 177.3202 -53.67653 -5036.532 2345.318 -1 33400 -5010.46247158
590691726 176.7738 -54.28292 -4764.144 423.387 -1 33400 -4750.61581756
590691727 175.3444 -54.72934 -4944.078 1440.847 -1 33400 -4929.66041134
590691728 175.8898 -54.39523 -5044.347 708.9962 -1 33400 -5051.90269769
590691729 176.6369 -54.35462 -4782.725 687.6723 -1 33400 -4754.86961878
590691730 176.7417 -53.50044 -4987.322 2150.349 -1 33400 -5103.4347581
590691731 176.8054 -53.18249 -4967.607 3086.862 -1 33400 -4968.62909629
590691732 177.1654 -53.17398 -4577.532 2537.163 -1 33400 -4693.12548708
590691733 177.6895 -53.23829 -4969.908 2447.079 9998 33400 -5024.38138655
590691734 178.055 -53.25241 -4962.347 1825.259 9998 33400 -5129.71721287
590691735 177.7444 -52.91563 -5065.337 2649.575 9998 33400 -4878.93304281
590691736 177.5535 -52.71003 -4974.306 1682.494 9998 33400 -4983.02295193
590691737 178.912 -52.15158 -4951.403 1539.971 -1 33400 -4942.12715217
590691738 179.6183 -51.56454 -4945.851 1951.064 -1 33400 -4996.70867802
590691739 179.8962 -51.38612 -4899.229 1403.504 -1 33400 -4735.99529255
590691740 179.6952 -51.1629 -4886.342 1161.691 -1 33400 -4787.33962351
590691741 179.9146 -51.09029 -4837.042 562.7402 -1 33400 -4837.56520824
590691742 179.4858 -51.96806 -5026.451 1501.598 9998 33400 -4962.81918394
590691743 179.5963 -52.65322 -5060.518 1623.392 9998 33400 -5048.59587026
590691744 -179.9849 -52.86339 -5029.632 2567.964 9998 33400 -5090.67961991
590691745 -179.2138 -52.27832 -5062.139 1573.174 -1 33400 -5048.89941018
590691746 179.1654 -51.85556 -4960.542 1486.901 9998 33400 -4923.50408054
590691747 177.9818 -51.83348 -4983.51 1550.764 9998 33400 -4955.98056397
590691748 178.6765 -52.41036 -4981.799 2561.52 -1 33400 -5006.0523621
590691749 -179.9474 -52.19563 -4691.33 570.3123 9998 33400 -4973.80433
590691750 -178.79 -51.61897 -4939.141 1362.003 -1 33400 -5021.60766717
590691751 -177.9133 -51.40041 -4846.503 1608.939 -1 33400 -4860.26418502
590691752 -177.239 -51.35418 -4909.902 1743.903 -1 33400 -4953.64371171
590691753 -177.0511 -51.27868 -4909.16 1640.203 -1 33400 -4877.06597027
590691754 -177.227 -51.37457 -4920.26 1732.055 -1 33400 -4991.43372807
590691755 -177.272 -51.52103 -5025.587 2103.774 -1 33400 -5056.82097288
590691756 -177.6171 -51.34441 -4844.783 1884.566 -1 33400 -4993.32279595
590691757 -177.1898 -51.36417 -4936.057 1759.478 -1 33400 -5003.65238258
590691758 -176.4716 -51.22742 -4989.206 1020.968 -1 33400 -4989.8680288
590691814 177.3684 -57.80993 -4866.468 3569.281 -1 33400 -4911.62565595
590691815 177.3486 -57.7777 -4966.03 3652.777 -1 33400 -4955.20459127
590691817 177.2776 -56.73197 -4961.528 2368.428 -1 33400 -5025.47102386
590691820 177.3413 -56.83977 -4987.043 3289.065 -1 33400 -4988.99909374
590691821 177.2955 -56.84642 -4966.418 3186.278 -1 33400 -4986.01922798
590691823 178.3629 -58.10172 -4958.538 1603.943 -1 33400 -4902.56530208
590691833 179.3364 -58.45023 -4599.997 571.3618 -1 33400 -5008.43817998
590691834 179.3468 -58.45751 -4726.017 582.3248 -1 33400 -5001.34526274
590691836 179.6048 -58.29731 -4907.334 644.2072 9998 33400 -5085.07101886
590691837 -179.9543 -58.74484 -5096.578 1635.421 -1 33400 -5001.59005132
590691838 -179.8866 -58.85316 -4851.714 1795.75 -1 33400 -5007.61174225
590691839 -179.8168 -58.85576 -5047.666 2110.853 9998 33400 -4868.31041954
590691840 -179.7718 -58.85958 -4761.715 1935.297 9998 33400 -4740.69993084
590691842 179.4626 -59.30246 -4660.27 2377.781 9998 33400 -4512.05229893
590691843 179.4147 -59.37181 -4828.942 2762.024 9998 33400 -4492.75542444
590691844 179.5282 -59.35594 -4817.906 2782.318 9998 33400 -4368.94514151
590691845 179.9263 -59.45463 -4839.758 NaN 9998 33400 -4588.73797644
590691847 -179.7156 -59.39512 -4590.625 3342.893 9998 33400 -4635.03418727
590691848 -179.7207 -59.37481 -4634.067 3382.55 9998 33400 -4553.25244798
590691849 -179.7297 -59.39746 -4524.582 3229.228 9998 33400 -4644.25924802
590691850 -179.7097 -59.23524 -4360.081 2866.416 9998 33400 -4354.98266448
590691852 -179.8577 -59.28374 -4360.063 2858.425 -1 33400 -4158.08207194
590691853 -179.9562 -59.32965 -4124.155 2663.199 -1 33400 -4311.71946817
590691854 -179.8509 -59.32626 -4612.369 3291.457 9998 33400 -4287.99372215
59069318 -179.4048 -34.67663 -3968.8 481.766 -1 33400 -3999.46930749
59069319 -179.4185 -34.77157 -4031.516 512.4297 -1 33400 -4065.12792353
590693123 -178.4451 -32.35573 -4310.858 1115.874 -1 33400 -4278.78016441
590693124 -178.3183 -32.36066 -4766.739 1003.584 -1 33400 -4790.56599427
590693148 -175.5291 -29.53906 -5768.022 1970.084 -1 33400 -5805.37625056
590693150 -175.3849 -29.14468 -5792.286 1905.292 9998 33400 -5680.07788052
590693151 -175.2644 -29.05372 -5793.293 1832.559 9998 33400 -5827.86488997
590693152 -175.0364 -28.87685 -5759.617 1694.173 9998 33400 -5673.44684432
590693213 -179.7191 -35.24052 -3424.089 659.7726 9998 33400 -3505.3904883
590693234 -178.6978 -33.22285 -4896.497 1272.222 -1 33400 -4856.33842554
590693235 -178.6495 -32.96833 -4641.467 1599.403 -1 33400 -4701.8251028
590693236 -178.5245 -32.71556 -4246.488 1294.694 -1 33400 -4552.44573734
590693237 -178.3223 -31.98481 -4288.216 698.1066 -1 33400 -4300.01184165
590693238 -178.145 -31.5526 -4402.518 873.6007 9998 33400 -4561.88061096
590693239 -177.8921 -31.16555 -4483.006 509.785 9998 33400 -4467.2052647
590693240 -177.5563 -30.85935 -4665.796 106.4457 9998 33400 -4826.98028841
590693250 -175.8355 -26.73977 -5373.225 492.6874 -1 33400 -5581.82690649
590693259 -173.8495 -21.0914 -5327.007 775.3499 9998 33400 -5869.07324641
590693317 -179.6706 -35.40043 -3611.224 788.046 -1 33400 -3602.23906696
590693318 -179.6709 -35.23575 -3616.448 674.494 9998 33400 -3608.58346228
590693319 -179.546 -35.08879 -3506.665 522.8781 9998 33400 -3497.32851586
590693320 -179.5983 -35.07746 -3497.782 538.9165 9998 33400 -3494.6581143
590693321 -179.6204 -35.05494 -3458.528 556.8868 -1 33400 -3459.07219514
590693322 -179.6066 -34.82287 -3476.667 546.231 9998 33400 -3430.54888852
590693323 -179.7478 -34.65841 -3409.412 723.7764 9998 33400 -3399.67292771
590693324 -179.7145 -34.45046 -3417.875 796.18 -1 33400 -3441.62866752
590693325 -179.7251 -34.34835 -3333.675 797.2352 -1 33400 -3328.16617651
590693326 -179.5259 -34.19957 -3399.093 631.5723 9998 33400 -3387.52537094
590693327 -179.3811 -34.04092 -3236.396 445.166 9998 33400 -3217.64285962
590693328 -179.3836 -33.97213 -3179.01 450.5606 9998 33400 -3152.52152041
59069348 -179.4194 -34.73221 -3980.669 574.2324 -1 33400 -4004.67703113
59069349 -179.4322 -34.81324 -4003.052 581.3839 -1 33400 -4024.82292645
590693410 -179.4358 -34.87044 -3932.674 571.2899 -1 33400 -3940.30918427
590693411 -179.4548 -34.87566 -3833.235 546.6434 -1 33400 -3880.06290141
590693412 -179.4638 -34.88192 -3807.099 532.9236 -1 33400 -3841.30088307
590693413 -179.4489 -34.97843 -3816.136 550.7621 -1 33400 -3846.1704274
590693414 -179.4404 -34.95883 -3894.922 550.1616 -1 33400 -3869.54220991
590693415 -179.448 -34.86417 -3917.276 570.1436 -1 33400 -3916.39127366
590693416 -179.4867 -34.76924 -3769.197 532.9497 -1 33400 -3809.65061974
590693417 -179.5804 -34.57935 -3726.143 689.668 -1 33400 -3743.56535361
590693418 -179.4416 -34.38145 -3682.202 603.5258 9998 33400 -3815.97324293
590693419 -179.2886 -34.28448 -3940.378 562.4351 9998 33400 -3880.47906665
590693423 -178.6189 -32.71009 -3843.597 1505.07 -1 33400 -3942.40693709
590693433 -177.6793 -31.54223 -5380.407 1072.837 -1 33400 -5440.91213415
590693434 -177.938 -31.63622 -5180.433 934.2463 -1 33400 -5279.33366957
590693435 -177.8695 -31.73442 -5269.087 1280.807 9998 33400 -5173.1375294
590693437 -177.524 -31.22244 -5262.331 680.7852 -1 33400 -5177.83916313
590693443 -175.6042 -26.17736 -5572.913 1333.545 -1 33400 -5546.83307787
790067710 130.5544 -58.36963 -4686.506 1379.432 -1 33400 -4680.93016447
790067711 130.7771 -57.74954 -4697.701 2224.117 -1 33400 -4689
790067712 132.037 -58.01307 -4669.777 3868.549 -1 33400 -4678.2131601
790067713 132.5579 -58.05759 -4686.53 5148.771 -1 33400 -4696.79213629
790067714 132.5582 -57.90045 -4623.963 5252.374 -1 33400 -4546.74318307
790067715 132.0543 -57.53322 -4672.485 3688.846 -1 33400 -4693.18062932
79006786 131.2291 -61.81018 -4413.143 3141.172 9998 33400 -4546.56869072
79006787 130.6434 -61.46685 -4417.625 3665.087 -1 33400 -4572.96475965
79006788 131.4522 -61.60647 -4512.93 2892.483 9998 33400 -4541.98650913
79006789 129.9 -61.60852 -4511.667 4306.126 -1 33400 -4519.17231716
790067810 130.3209 -61.45891 -4512.205 3977.9 -1 33400 -4546.8559067
790067811 130.556 -62.26172 -4480.214 4305.313 -1 33400 -4486.98377373
790067812 131.1 -62.78936 -4394.187 5380.565 -1 33400 -4370.91739456
790067813 131.3373 -62.84465 -4367.68 4680.816 -1 33400 -4336.7548822
790067814 131.2438 -62.84114 -4375.056 4740.001 -1 33400 -4346.62030174
790067815 130.9482 -62.75519 -4417.482 5790.657 -1 33400 -4428.0553967
790067816 132.5939 -62.53238 -4400.772 5749.472 -1 33400 -4425.73090808
790067817 133.5965 -62.04332 -4368.527 3828.923 -1 33400 -4363.1330126
790067818 133.7593 -61.88647 -4402.154 4109.615 -1 33400 -4390.8790803
790067819 134.0215 -61.82065 -4380.635 4377.817 -1 33400 -4389.10339207
790067820 134.9103 -61.90872 -4326.454 5013.099 -1 33400 -4334.40811011
790067821 135.584 -62.00893 -4297.98 4355.876 -1 33400 -4301.25743139
790067822 135.8067 -61.76604 -4345.232 8081.918 -1 33400 -4367.07644152
790067823 135.2351 -62.06987 -4298.349 3062.645 -1 33400 -4277.2579845
7900678259 140.8333 -63.45714 -3782.02 5140.892 -1 33400 -3784.97827556
7900678261 140.571 -62.70558 -4061.179 1630.605 -1 33400 -4079.73103352
7900678263 141.8746 -62.7498 -3978.85 5156.195 -1 33400 -4016.04398328
790067913 140.0981 -60.81711 -4378.162 1469.346 -1 33400 -4382.87993943
790067914 139.3745 -60.39149 -4429.642 3594.058 -1 33400 -4423.91525547
790067915 138.6728 -59.83404 -4480.482 4028.422 9998 33400 -4440.76772337
790067916 138.4336 -59.88421 -4481.337 3834.971 9998 33400 -4483.41273323
790067917 137.8338 -59.95363 -4493.535 3794.465 -1 33400 -4499.00798752
790067918 137.642 -60.21441 -4490.532 3182.852 9998 33400 -4524.02243598
790067919 137.6981 -60.71853 -4439.521 4571.346 -1 33400 -4452.10694687
790067920 138.6644 -61.05601 -4387.008 4547.169 -1 33400 -4402.0270426
790067921 138.8434 -61.58797 -4313.359 6698.962 -1 33400 -4360.20206517
790067922 138.4571 -61.79642 -4212.32 5853.765 -1 33400 -4229.59337231
790067923 138.2088 -61.68316 -4245.566 5475.863 -1 33400 -4340.79620287
790067924 139.0023 -61.75916 -4191.259 7370.641 -1 33400 -4243.17209826
790067925 138.6037 -61.77847 -4216.113 6414.29 -1 33400 -4242.25905375
790067926 137.5667 -62.02802 -4140.569 3834.392 -1 33400 -4133.12831488
7900679124 109.1412 -59.44343 -4383.979 3268.372 -1 33400 -4419.66637354
7900679125 108.185 -59.3991 -4456.676 2050.046 -1 33400 -4442.38984399
7900679126 107.8202 -59.0678 -4032.886 2388.202 -1 33400 -4198.96597672
7900679127 107.9784 -58.94931 -4440.636 2329.846 -1 33400 -4601.19537044
7900679128 107.6518 -59.06506 -4337.426 2146.043 -1 33400 -4393.61783463
7900679129 107.111 -59.14529 -4245.352 2020.616 9998 33400 -4337.16000145
7900679130 106.5999 -59.23021 -4208.999 1568.427 -1 33400 -4217.80181862
7900679131 106.0122 -59.43933 -4326.908 2849.089 -1 33400 -4543.62104175
7900679132 104.7621 -59.61646 -4317.429 1043.369 -1 33400 -4331.50908087
7900679133 104.5221 -59.8754 -4496.861 2391.881 -1 33400 -4510.80547773
7900679134 104.3817 -60.39558 -4461.85 2273.087 -1 33400 -4558.80451672
7900679135 104.0897 -60.83406 -4425.8 1587.425 -1 33400 -4458.11949896
7900679136 104.0641 -61.23011 -4405.87 1593.432 -1 33400 -4438.10785916
7900679137 104.2535 -61.35548 -4393.892 2412.821 -1 33400 -4398.8979367
7900679138 104.3117 -61.4668 -4385.51 3413.341 -1 33400 -4413.49823504
7900679139 104.2623 -61.55469 -4380.918 4102.138 -1 33400 -4421.8726839
7900679140 104.4443 -61.64771 -4359.829 4730.057 9998 33400 -4441.88286663
7900679155 104.558 -63.10771 -3978.063 2478.028 -1 33400 -3873.14859495
7900679156 104.8484 -62.72443 -3994.992 1021.405 -1 33400 -3986.56525534
7900679157 104.8934 -62.6466 -4005.61 637.7323 -1 33400 -4051.22187075
7900679158 106.4366 -62.5825 -4038.187 624.4515 -1 33400 -4057.62475154
7900679159 107.2607 -62.36447 -4051.567 1294.212 -1 33400 -4100.91866696
7900679160 108.1332 -62.44423 -3881.132 3275.623 -1 33400 -3887.71309478
7900679161 106.5403 -62.93304 -3765.627 2902.165 -1 33400 -3745.253025
7900679162 105.6037 -63.22629 -3835.488 1205.106 -1 33400 -3844.73068299
7900679163 105.2259 -63.42562 -3892.516 3101.135 -1 33400 -3813.02082705
7900679170 104.2653 -61.20042 -4403.745 1640.191 -1 33400 -4410.31700565
7900679190 105.7122 -60.15132 -4260.156 3663.429 -1 33400 -4277.48386261
7900679191 105.6022 -60.32195 -4435.002 2208.805 -1 33400 -4317.70048471
7900679192 104.8014 -60.4791 -4338.681 1815.638 -1 33400 -4344.52532569
7900679193 103.4931 -60.58815 -4474.103 3420.191 -1 33400 -4470.3418434
7900679194 102.6672 -60.42851 -4391.883 2807.123 -1 33400 -4404.94788616
7900679195 102.623 -59.84836 -4424.4 4111.85 -1 33400 -4602.26583846
7900679196 102.4717 -59.14026 -4306.916 2030.081 9998 33400 -4171.16888295
7900679197 102.1416 -59.03562 -4297.923 1156.178 9998 33400 -4089.68500577
7900679198 102.0883 -58.98072 -4512.708 1341.227 9998 33400 -4246.65635518
7900679199 102.2748 -58.96129 -4504.081 1792.802 -1 33400 -4278.85981254
7900679200 101.9886 -58.92396 -4420.364 1550.055 9998 33400 -4346.28551625
7900679201 100.9353 -58.98927 -4257.06 595.9231 -1 33400 -3870.76936104
7900679202 100.9526 -59.98676 -4122.382 4375.64 -1 33400 -4431.2459749
7900679203 99.83583 -60.98191 -4437.293 2234.511 -1 33400 -4475.00368866
7900679204 99.36031 -61.28461 -4391.005 3113.899 9998 33400 -4342.32368725
7900679205 99.37846 -60.29581 -4491.375 1783.589 -1 33400 -4515.44747046
7900679206 101.137 -59.89702 -4266.845 3744.271 -1 33400 -4371.34480775
7900679207 101.9837 -59.5982 -4263.841 1958.396 -1 33400 -4228.12878535
7900679208 102.5658 -59.13024 -4385.45 2264.578 -1 33400 -4285.77847481
7900679209 103.3204 -58.83775 -4477.836 1424.598 -1 33400 -4376.19380905
7900679210 103.4786 -58.80429 -4510.541 277.7498 9998 33400 -4407.77995204
7900679211 103.501 -58.88628 -4480.826 332.9994 9998 33400 -4483.03851823
7900679212 103.5594 -58.89194 -4514.874 596.5992 9998 33400 -4450.36405718
7900679213 103.1371 -59.03337 -4419.257 1626.395 -1 33400 -4508.15363194
7900679214 103.1575 -58.79867 -4417.595 2582.062 -1 33400 -4548.35881909
7900679215 102.965 -58.53453 -4334.799 3164.217 -1 33400 -4447.36980852
7900679216 102.1745 -58.48678 -4314.913 546.8655 -1 33400 -4316.59155568
7900679217 101.0581 -58.13898 -4302.318 3074.77 9998 33400 -4087.27855057
7900679218 100.7347 -58.39969 -4203.942 2913.559 -1 33400 -4174.06128447
7900679219 100.5042 -58.30195 -4043.153 2688.704 9998 33400 -3752.15982656
7900679220 99.38352 -58.3899 -4369.215 2615.59 -1 33400 -4242.55871538
790063518 151.8959 -64.85106 -3256.611 1821.778 -1 33400 -3246.39158178
790063519 152.1542 -64.85275 -3302.725 1921.989 -1 33400 -3316.70725264
790063520 152.4184 -64.87147 -3316.466 2037.939 -1 33400 -3282.55466105
790063521 152.6089 -64.88986 -3319.484 2252.962 -1 33400 -3143.75859741
790063522 152.8342 -64.93801 -3241.379 1940.02 -1 33400 -3215.67896674
790063523 152.7607 -64.54642 -3413.321 1203.309 -1 33400 -3394.11646706
790063585 160.3037 -65.27955 -2994.072 571.118 -1 33400 -3000.49719433
790063586 161.0819 -65.14685 -3047.979 284.2506 -1 33400 -3037.11366241
790063587 160.9593 -64.88725 -2820.316 273.3369 -1 33400 -3010.80667642
790063588 161.4164 -64.66676 -2909.935 182.6202 -1 33400 -2926.7614268
790063589 161.3516 -64.79432 -3211.474 225.8976 -1 33400 -2986.71780275
790063590 161.3749 -64.91892 -3137.703 156.9317 -1 33400 -3132.10994845
790063591 161.0568 -64.875 -2745.858 232.1268 -1 33400 -2976.57500363
7900635117 159.2251 -63.30825 -2568.395 473.2866 -1 33400 -2482.50177332
7900635118 159.1573 -63.2866 -2620.534 495.1111 -1 33400 -2494.09183832
7900635120 159.3827 -63.30187 -2692.991 476.7453 -1 33400 -2534.07726063
7900635121 159.4314 -63.39981 -2718.488 532.6821 -1 33400 -2607.64970597
7900635122 159.3857 -63.39774 -2690.234 542.5552 -1 33400 -2585.82100249
7900635124 159.464 -63.37625 -2582.469 524.241 -1 33400 -2587.8265841
7900635125 159.5937 -63.26715 -2581.022 415.8447 9998 33400 -2520.96764814
7900635126 159.8621 -63.20802 -2591.696 437.01 -1 33400 -2584.51076998
7900635127 160.2699 -63.27976 -2778.918 532.8081 -1 33400 -2764.28553269
7900635128 160.448 -63.32923 -2661.599 574.7177 -1 33400 -2752.93019459
7900635129 160.47 -63.14957 -2747.669 588.2281 -1 33400 -2761.64590536
7900635130 160.7077 -63.09574 -2692.348 722.4217 -1 33400 -2663.70046216
7900635131 160.9141 -62.79539 -2727.702 962.3477 9998 33400 -2774.25815044
7900635132 161.6408 -62.7413 -2911.714 669.5463 9998 33400 -2851.42668423
7900635133 161.7479 -62.73405 -2901.948 742.437 9998 33400 -2871.81006907
7900635153 169.1243 -63.36554 -2711.652 1912.742 -1 33400 -2634.92516147
7900635154 169.001 -63.20175 -2400.87 1437.005 -1 33400 -3035.09768465
7900635155 168.8561 -63.17196 -2534.179 1493.911 -1 33400 -3154.28378822
7900635156 168.8463 -63.35644 -2291.85 1602.088 -1 33400 -2182.49817986
7900635159 168.9172 -63.38199 -2078.303 1473.009 -1 33400 -2030.93984145
7900635160 169.2378 -63.28296 -2621.024 1740.89 9998 33400 -2572.57456245
7900635162 169.9124 -63.31751 -2187.512 602.3229 -1 33400 -2035.48200546
7900635163 169.9215 -63.303 -2082.041 559.5693 -1 33400 -2008.98926354
790063626 138.7574 -63.41312 -3845.939 4008.073 -1 33400 -3816.8257746
790063627 139.3379 -63.14171 -3783.665 3446.938 -1 33400 -3786.57856182
790063632 138.3108 -63.59789 -3739.658 2389.569 -1 33400 -3786.92081214
790063650 149.1712 -62.82148 -3898.428 1369.514 -1 33400 -3903.97005132
790063651 149.1639 -63.13573 -3813.628 1405.727 -1 33400 -3828.97142331
790063654 149.5259 -63.39754 -3746.817 1048.363 -1 33400 -3741.00717804
790063655 149.5597 -63.40667 -3735.041 1251.257 -1 33400 -3738.95924854
790063663 149.1773 -63.96224 -3660.636 457.4986 -1 33400 -3707.60157657
790063664 149.1622 -63.89078 -3683.332 452.2745 -1 33400 -3715.58837155
790063665 149.1861 -63.90232 -3674.375 545.926 -1 33400 -3719.19025079
790063685 149.8311 -64.77541 -3363.664 3057.3 -1 33400 -3364.00162053
790063686 149.8814 -64.67504 -3396.724 4022.083 -1 33400 -3389.48914097
790063712 128.5097 -63.99172 -3715.322 415.8859 -1 33400 -3727.03523432
790063713 128.4435 -64.00004 -3701.696 406.7575 -1 33400 -3723.79598317
790063714 128.3738 -64.00084 -3660.236 401.7431 -1 33400 -3681.69499898
790063725 127.5952 -64.17885 -3181.574 595.2174 -1 33400 -3576.08142124
790063727 127.2992 -64.19014 -3733.172 427.7686 -1 33400 -3744.15004548
790063728 126.0471 -63.76212 -4053.379 2276.522 -1 33400 -4018.30671956
790063729 125.1192 -63.50395 -3809.731 2333.843 -1 33400 -3822.61642309
790063730 124.8895 -63.49888 -3874.797 2097.321 -1 33400 -3873.13275761
790063731 123.4148 -63.37304 -3879.987 1882.859 -1 33400 -3887.05962511
790063732 122.2275 -63.57471 -3767.297 1859.746 -1 33400 -3762.16955782
790063733 123.0405 -63.36618 -3848.092 1843.866 -1 33400 -3869.64049272
790063734 122.5901 -63.73398 -3794.979 814.1669 -1 33400 -3644.15576675
790063735 122.1908 -63.34765 -3916.068 2931.993 -1 33400 -3857.07388186
790063736 122.9199 -62.69002 -4078.188 416.3209 -1 33400 -3968.92457764
790063737 124.9904 -63.18132 -4019.834 485.1594 -1 33400 -4039.3287211
790063754 122.3325 -63.09711 -3907.779 1183.696 -1 33400 -3943.11510088
790063755 123.1912 -63.11609 -3973.395 178.8601 -1 33400 -3988.8305207
790063756 124.1696 -63.035 -4056.804 208.9279 -1 33400 -4074.60891221
790063758 126.6452 -63.06651 -4165.594 83.9637 -1 33400 -4097.4920017
790063759 128.5727 -62.37534 -4321.834 2709.718 -1 33400 -4322.97891059
790063760 130.0914 -62.69527 -4069.83 3161.851 -1 33400 -4409.73703148
790063761 132.3999 -62.82062 -4127.693 2508.031 -1 33400 -4407.43726368
790063762 134.0687 -63.11513 -4097.585 1516.955 -1 33400 -4280.97138192
790063763 134.552 -63.44125 -4065.522 3218.245 -1 33400 -4131.74200614
790063765 135.7573 -63.49546 -3856.516 2359.301 -1 33400 -3936.1707017
790063766 138.4265 -63.70377 -3738.56 1645.972 -1 33400 -3717.13316334
790063797 136.3893 -63.40067 -3910.414 1559.882 -1 33400 -3876.03736147
7900637100 135.3378 -62.54414 -4195.864 721.5677 -1 33400 -4193.52462742
7900637101 134.1348 -62.15218 -4358.107 1264.941 -1 33400 -4426.19162635
7900637102 133.519 -61.67883 -4420.949 2405.847 -1 33400 -4432.5943084
7900637103 133.6062 -61.73573 -4410.16 2234.258 9998 33400 -4425.97136019
7900637104 133.1409 -62.11974 -4421.284 1964.22 -1 33400 -4410.7237705
7900637105 132.9897 -61.95431 -4420.758 1928.312 -1 33400 -4418.4703021
7900637106 132.861 -62.17943 -4414.279 2045.758 -1 33400 -4438.8989453
7900637107 133.5422 -62.16439 -4393.91 1794.354 -1 33400 -4380.03039022
7900637108 134.5031 -62.02148 -4308.557 1696.811 -1 33400 -4317.42687785
7900637109 134.7312 -62.38253 -4257.863 148.684 -1 33400 -4301.33874027
7900637110 134.2245 -62.38775 -4300.769 336.3555 -1 33400 -4299.40574341
7900637128 132.0185 -63.4624 -4112.246 1619.836 -1 33400 -4051.40285234
7900637140 141.3522 -63.15811 -3868.574 1908.762 -1 33400 -3857.00312472
7900637141 141.7156 -62.16806 -4204.432 3380.677 -1 33400 -4213.16166626
7900637144 143.0014 -61.40064 -4206.137 1226.658 -1 33400 -4257.15689319
7900637145 144.0612 -61.91505 -4143.034 1867.69 -1 33400 -4148.00690666
7900637146 145.461 -61.87492 -4011.094 765.957 -1 33400 -4094.04455815
7900637147 146.8012 -61.99585 -4111.145 641.1205 -1 33400 -4119.36625393
7900637156 147.0229 -61.81471 -4059.317 643.9117 -1 33400 -4038.03221575
7900637157 146.5651 -61.37574 -4167.004 2514.795 -1 33400 -4120.11066636
7900637158 147.0584 -61.33587 -3925.126 2218.865 9998 33400 -4043.32178145
7900637159 146.9423 -61.45654 -3959.314 2035.587 9998 33400 -4013.01824368
7900637160 146.3051 -61.31204 -4280.252 2597.614 -1 33400 -4305.1171787
7900637161 145.9105 -61.01006 -4309.185 2341.293 -1 33400 -4279.77318941
7900637162 145.8478 -60.9514 -4332.598 2329.581 -1 33400 -4338.55328365
7900637163 145.9194 -60.89932 -4048.721 2059.022 -1 33400 -4129.04468661
7900637164 145.9492 -60.83131 -3925.086 1930.258 -1 33400 -4032.99512705
7900637165 146.0522 -60.80575 -3776.363 1786.157 -1 33400 -3975.31033045
7900637167 146.1565 -60.79542 -3916.638 1816.345 -1 33400 -3958.4331478
7900637168 146.2005 -60.77817 -4134.462 2036.45 -1 33400 -3893.58250174
7900637169 146.4033 -60.7056 -3781.063 1573.078 -1 33400 -3812.70258703
7900637170 146.3291 -60.72907 -3874.741 1724.471 -1 33400 -3887.09823534
7900637171 146.4178 -60.71429 -3865.797 1621.531 -1 33400 -3800.13641318
7900637172 146.482 -60.7093 -3800.425 1525.958 -1 33400 -3829.31959195
7900637173 146.4928 -60.70222 -3842.747 1570.792 -1 33400 -3869.01116426
7900637174 146.6133 -60.71037 -3785.246 1404.997 -1 33400 -3854.71174842
7900637175 146.5687 -60.68349 -4006.994 1621.937 -1 33400 -4009.86781163
7900637176 146.6078 -60.66268 -3876.61 1561.274 -1 33400 -3964.41050835
7900637178 146.4622 -60.56664 -3775.169 1701.464 -1 33400 -3747.74518657
7900637179 146.5078 -60.5446 -3692.35 1623.077 -1 33400 -3690.98818524
7900637180 146.3181 -60.47012 -3867.719 1819.411 -1 33400 -3882.86766891
7900637181 146.4592 -60.37335 -3593.864 1602.175 -1 33400 -3772.08901901
7900637182 146.722 -60.36731 -4013.608 1904.735 -1 33400 -4032.86485498
7900637183 146.9823 -60.45153 -3929.872 1625.248 -1 33400 -3689.77773402
7900637184 147.2676 -60.4931 -3748.429 1251.455 -1 33400 -3761.78986282
7900637187 147.8381 -60.67027 -3624.942 1497.068 -1 33400 -3336.09506286
7900637188 148.1722 -60.76231 -3721.78 2084.896 -1 33400 -3322.28802201
7900637189 148.4283 -60.63078 -4026.258 2161.164 9998 33400 -3922.89223955
7900637190 148.9011 -60.75048 -3603.593 1567.673 9998 33400 -3552.56912872
7900637191 149.0077 -60.53523 -3751.823 1760.349 -1 33400 -3680.50019656
7900637193 149.1634 -60.29279 -3621.447 2075.286 -1 33400 -3509.73153147
7900637205 149.341 -59.51915 -3266.127 4002.473 -1 33400 -3292.34722016
7900637206 149.0857 -59.13575 -3204.473 4803.347 -1 33400 -2955.06700837
790092238 140.3072 -63.13286 -2954.112 4796.39 9999 33400 -3792.46151951
790092239 140.4294 -63.20669 -2952.24 3922.26 9999 33400 -3795.89075686
790092240 140.1583 -63.29417 -2953.588 5203.073 9999 33400 -3786.53113133
790092241 139.7099 -63.31696 -2952.998 7233.421 9999 33400 -3774.44799685
790092242 139.2895 -63.20974 -2954.583 8463.104 9999 33400 -3787.94898676
790092243 139.3272 -63.03627 -2954.328 6160.125 9999 33400 -3770.061411
790092244 139.9053 -62.95329 -2953.761 4886.691 -1 33400 -3470.55320747
790092245 140.556 -63.00369 -2954.238 5379.374 -1 33400 -3738.3394665
790092246 140.707 -63.26904 -2954.766 2808.807 9999 33400 -3805.92991671
7900922105 145.1358 -61.38466 -4122.123 3547.263 -1 33400 -4023.08217389
7900922107 145.4197 -61.06809 -4105.999 3822.107 -1 33400 -4075.49888095
7900922108 145.4862 -61.03657 -4064.518 3793.273 -1 33400 -4102.11575669
7900922109 145.586 -61.11429 -4032.908 3786.816 -1 33400 -4044.86988863
7900922110 145.8593 -61.07483 -4198.086 4145.115 -1 33400 -4176.8895061
7900922111 146.4354 -61.27365 -4105.544 4718.078 -1 33400 -4123.532287
7900922113 146.9875 -61.27955 -4020.804 4575.64 9998 33400 -3994.74182566
7900922114 146.9816 -61.20987 -4059.215 4600.153 9998 33400 -3990.67200766
7900922115 146.8199 -61.06258 -3891.271 4093.036 9998 33400 -3907.37182623
7900922116 146.7453 -60.81631 -3864.21 2926.403 -1 33400 -3846.26158151
7900922117 146.7464 -60.64855 -3946.243 2866.71 -1 33400 -4019.19719869
7900922118 147.0093 -60.52819 -3991.49 2781.287 -1 33400 -3864.60946356
7900922119 147.1607 -60.54402 -3890.457 2415.091 -1 33400 -3863.28305838
7900922120 147.3453 -60.62143 -3938.57 2266.918 -1 33400 -3913.92779989
7900922121 147.5859 -60.76245 -3912.077 2690.104 -1 33400 -3657.37342479
7900922123 148.0022 -60.74941 -3937.267 3916.254 -1 33400 -3589.56947016
7900922124 148.4664 -60.76107 -3948.542 3821.53 -1 33400 -3914.35049641
7900922125 148.5871 -60.77009 -4095.601 3676.219 -1 33400 -4078.78222099
7900922126 148.7148 -60.81513 -4033.391 3403.907 -1 33400 -3997.66554167
7900922127 148.8958 -60.9521 -3947.51 3460.711 9998 33400 -4009.07257049
7900922128 148.8416 -60.9972 -4014.478 3633.723 9998 33400 -3972.20631831
7900922129 148.8698 -60.99145 -4013.216 3612.355 9998 33400 -3983.25429268
7900922130 148.7868 -61.0517 -3922.393 3682.524 -1 33400 -3870.7988936
7900922131 148.7903 -61.04733 -3925.7 3675.546 -1 33400 -3878.3749935
7900922132 148.5629 -61.03643 -3781.16 3704.744 -1 33400 -3768.06521775
790092339 141.6262 -63.84927 -3254.506 4711.165 -1 33400 -3754.10244446
