690159781 -8.415111667 47.33209833 -2714.283343 1045.789781 -1 33401 -2679.40449405
690159783 -8.44442 47.28796 -3399.463103 730.8733853 -1 33401 -3183.47883177
690159785 -8.4522 47.36294 -2704.485936 1009.899957 -1 33401 -2502.15854415
690159786 -8.429085 47.32104667 -2788.673716 953.2399355 -1 33401 -2776.53536959
690159787 -8.28732 47.32392 -2736.800113 1091.343093 -1 33401 -2577.15889923
690159788 -8.388766667 47.34028 -2627.137163 1089.690119 -1 33401 -2635.61812847
690163241 -18.66496833 46.43701333 -3980.640221 190.9001621 9998 33401 -4016.18840667
690163242 -18.637075 46.41821833 -3870.624631 349.6350341 9998 33401 -3831.17461201
690159789 -8.4522 47.33855 -2823.896508 837.5803406 -1 33401 -2697.40566376
690163243 -18.62347833 46.38913167 -3771.275652 481.7042503 9998 33401 -3784.19286802
690163244 -18.60866333 46.34957 -3758.622714 698.3259761 9998 33401 -3797.32901454
690163245 -21.73365 46.46315 -3782.941491 3073.851259 -1 33401 -4209.11171692
690163246 -18.55643333 46.24975667 -3785.938744 1029.575317 9998 33401 -3774.20350006
690163247 -18.56606 46.172 -3812.270008 1129.887022 9998 33401 -3803.17695586
690163248 -19.77937 46.1806 -3790.834246 1604.428063 9998 33401 -4501.87477807
690163249 -18.63146333 46.13458 -3922.337411 1028.733152 -1 33401 -3926.09662941
690163286 -21.3259 44.34843 -3967.776344 872.1396642 9998 33401 -3875.86966626
690163287 -21.52128 44.44269 -3785.595414 1146.176081 -1 33401 -3825.53216073
690163288 -21.68906 44.59508 -3783.59333 1014.18507 -1 33401 -3859.46816008
6901632113 -21.7918 46.10603 -3931.110801 2296.385723 -1 33401 -3831.18961827
6901632128 -23.45243833 45.29894167 -3195.99356 1305.247998 9998 33401 -3008.00726278
6901632129 -23.86916 45.34636 -3359.072977 1537.844441 9998 33401 -2996.00752574
69017581 -35.18626 52.75759 -2905.620375 2942.812863 -1 33401 -3183.58052796
69016021 -35.53079 52.7448 -3518.697218 2170.547294 -1 33401 -3484.4612173
69017591 -38.41965 52.63103 -3469.008379 2164.516091 9998 33401 -3525.60904919
69017592 -36.72713 52.8989 -3162.538282 1289.723447 -1 33401 -3843.44654412
69017582 -35.48567833 52.77164 -3484.565817 2199.900891 -1 33401 -3470.58073321
69017583 -36.57002 52.86352 -3475.76209 1223.91701 -1 33401 -3608.50529987
69016023 -37.44153 52.94799 -3415.275116 1572.787996 9998 33401 -3549.3232233
69017593 -37.04876 53.00534 -3314.778383 1121.340544 -1 33401 -3447.36557945
690175728 -19.40841 50.97954 -3974.122574 1531.255594 9998 33401 -4032.0640444
690175729 -19.49686 50.91191 -3907.970877 1496.981501 9998 33401 -3791.61771722
690175730 -19.45894 50.83658 -3751.236508 1420.152619 -1 33401 -3733.06897018
690175731 -19.501255 50.85437667 -3761.944358 1487.61996 -1 33401 -3731.87190824
690175732 -19.53147 50.85357 -3739.542284 1518.839579 -1 33401 -3715.29382371
69016024 -37.47776 52.99244 -3437.692533 1539.51846 -1 33401 -3776.39524846
690175733 -19.54087833 50.86229333 -3750.253776 1546.127074 -1 33401 -3720.74840029
690175734 -19.541055 50.86235667 -3741.487433 1550.817172 -1 33401 -3720.38531039
690175735 -19.45894 50.83658 -3756.106527 1425.352169 -1 33401 -3733.06897018
690175736 -19.35175 50.85512 -3733.697298 1395.671082 -1 33401 -3783.78789851
690175737 -19.31414 50.77976 -3715.214126 1195.650544 9998 33401 -3759.42591723
690175738 -19.410115 50.73867167 -3819.440858 1138.356821 9998 33401 -3828.39059811
690175739 -19.51257167 50.72876667 -3799.96893 1183.699684 9998 33401 -3797.96800983
690175740 -19.60043 50.75963 -3750.288582 1393.256537 9998 33401 -3733.96094129
690175741 -19.56784333 50.75795667 -3726.9113 1380.374232 9998 33401 -3745.58869975
690175742 -19.570665 50.74427333 -3740.553308 1320.481953 9998 33401 -3747.32340558
690175743 -19.552605 50.723465 -3772.702378 1231.13149 9998 33401 -3771.72376764
690175744 -19.49354 50.75551 -3766.847801 1274.04803 9998 33401 -3805.27659292
69017587 -39.00654 53.26837 -3425.905974 332.6970264 9998 33401 -3478.74292632
69017588 -39.45283 53.23181 -3398.608711 56.35547767 9998 33401 -3522.63326081
69017589 -40.00829167 53.13773167 -3586.802423 744.0738264 9998 33401 -3616.04832009
690175810 -40.41694167 52.95861 -3650.19607 1208.122504 -1 33401 -3677.24206265
690175910 -39.404845 53.04662667 -3666.729416 610.5520795 9998 33401 -3583.43547463
690175811 -41.57643167 52.89862833 -3611.241041 1415.117969 -1 33401 -3723.59453759
690175812 -41.98721 52.65553 -3384.150981 1326.038029 -1 33401 -3279.06860351
690160212 -32.81266 52.21227 -3674.795815 4280.893864 -1 33401 -3738.12962886
690160213 -34.8282 52.24916333 -3094.35605 4632.757935 9998 33401 -3050.71232982
690160214 -35.75073667 52.60112 -2857.75243 3012.694014 9998 33401 -3012.43081458
690160216 -36.35128333 52.63076167 -3263.166148 1807.472347 9998 33401 -3095.65839481
690160217 -36.65721 52.60095 -3204.606031 1628.802431 9998 33401 -3141.01261533
690175817 -45.67404 50.21766 -3451.229927 3499.003549 -1 33401 -3515.03890647
690160219 -36.01496667 52.84401333 -3488.443412 1627.565145 -1 33401 -3512.54417574
690175819 -43.67776833 48.92644833 -3275.974396 1790.446093 -1 33401 -3274.27434937
6901757108 -20.54155 48.4926 -3973.075547 825.710201 9998 33401 -4110.75348072
690160220 -35.93129 52.86086 -3143.995793 1780.125089 -1 33401 -3279.50487564
690175820 -43.31306 48.55793 -3326.84767 5593.192627 9998 33401 -3427.06982223
690160221 -33.93513 52.45336 -3455.411277 4181.962879 -1 33401 -2806.63553489
690175821 -43.2759 48.51447 -3434.205577 6413.930454 9998 33401 -3392.20866014
690160222 -36.418735 52.80603167 -3600.551482 1404.226214 -1 33401 -3728.89875273
690160223 -36.32401 52.78547 -3613.226263 1441.815016 -1 33401 -3752.62455199
690160224 -35.97936 52.82232 -3554.739948 1628.126524 -1 33401 -3540.96833229
690160226 -37.14233667 53.03988 -3443.529201 1126.642127 -1 33401 -3378.28939296
690160227 -36.70198 53.2528 -3077.475072 710.424728 9998 33401 -3018.06633456
690160228 -36.538675 53.28550667 -2881.044027 700.1180598 9998 33401 -2674.01408563
690160230 -36.66473 53.223455 -3055.015744 773.2919726 9998 33401 -3051.30101872
690160231 -36.83393 53.24139 -2979.777479 845.6494772 9998 33401 -3087.8243806
690160232 -36.719475 53.24975167 -3073.568717 709.4292207 9998 33401 -3032.08478652
690160233 -36.75001833 53.40808667 -2769.531528 615.0097449 9998 33401 -2773.30844769
69017621 -36.16195667 59.37622 -3093.444892 521.7647774 -1 33401 -3099.35631985
69017622 -35.84400333 59.85059333 -3070.873732 1632.822315 9998 33401 -3087.76479361
69017602 -35.80614 59.17684 -2927.475006 262.8791017 -1 33401 -3026.91247715
69017623 -35.47936 59.97494 -3061.080385 1539.618095 -1 33401 -3065.31518105
69017603 -35.80344667 58.901555 -2528.565241 927.7738839 9998 33401 -2608.53162923
69017624 -35.68850167 60.32475667 -3034.63412 1532.438818 -1 33401 -3057.89438547
69017604 -35.321785 58.93269167 -2753.561228 1145.958523 -1 33401 -2835.76961305
69017625 -35.55448 60.25291 -2799.213263 1891.837334 -1 33401 -2769.46716867
69017605 -35.80031333 59.06418167 -2611.711173 587.3402444 -1 33401 -2769.35334226
69017626 -35.32056667 60.20431 -3054.190271 1517.188746 -1 33401 -3055.38525744
69017606 -36.48933333 58.75918833 -2924.643756 859.306773 -1 33401 -3180.41803869
69017627 -35.387165 60.442525 -3041.440307 1588.503714 -1 33401 -3041.05634852
69017607 -36.309 58.37268 -2933.529814 785.7241219 9998 33401 -3007.70609301
69017628 -35.40737 60.52098333 -3034.586907 1672.608031 -1 33401 -3035.68193197
69017629 -35.93412833 60.23100667 -3037.585912 1366.198154 -1 33401 -3037.35144616
69017609 -35.17418 58.92361 -3005.679781 1005.458291 -1 33401 -2765.2912447
690176210 -34.76312 59.96545 -3059.130105 1326.886392 -1 33401 -3056.28623197
690176211 -35.72126 60.03256 -3057.161074 1521.124254 9998 33401 -3052.05040611
690176011 -36.22954833 59.72675833 -3075.785585 1402.820764 9998 33401 -3088.42977298
690176212 -34.97112333 59.91430167 -2932.185254 1511.826493 -1 33401 -3062.15837174
690176012 -36.70981667 60.07173833 -3056.175195 1446.610105 -1 33401 -3064.2869725
690176013 -37.81248667 59.95965833 -3058.155213 1935.191963 -1 33401 -3064.04893614
690176214 -35.27703333 59.12418333 -3041.762359 720.2861944 9998 33401 -2978.30384707
690176014 -38.006585 60.177745 -3038.575181 2167.98537 9998 33401 -3022.76893771
690176215 -36.28991833 59.42956833 -3092.45534 660.0887577 9998 33401 -3095.53687903
690176015 -35.98826333 60.43252333 -3020.938421 1055.410642 -1 33401 -3012.87692918
690176016 -36.50025 60.98597 -2904.584232 1288.882563 -1 33401 -2930.76699329
690175853 -39.39433 51.26468 -3800.758849 1118.116131 -1 33401 -3632.47830276
690176017 -37.27025 61.0724 -2874.278157 908.5847084 9998 33401 -2881.14455314
690176218 -34.55390167 59.26760667 -2701.659962 450.6243628 -1 33401 -2764.62601781
690176018 -36.6909 61.26955 -2852.738119 947.0434609 9998 33401 -2817.77869624
690176219 -34.48687 59.20874 -2723.187248 685.6312278 -1 33401 -2671.70659023
690176019 -35.83765 61.80861 -2840.893713 2180.277076 -1 33401 -2830.18662339
690175856 -40.45057 51.70958 -3870.703537 3257.924877 9999 33401 -3066.74689396
690176220 -33.02974 59.19239 -2222.915063 1996.615478 -1 33401 -2054.63481831
690176020 -40.19696 61.22581 -2830.27258 5553.379383 9999 33401 -1977.32474735
690175857 -41.01710667 52.22658167 -2859.803663 3681.822107 9998 33401 -2964.43723219
690176221 -34.67318 58.94692 -2784.844143 1312.563512 9998 33401 -2579.38552951
690176021 -36.17484333 61.879165 -2753.895592 1006.378728 -1 33401 -2769.82583763
690175858 -41.02062 52.23105 -3069.939649 3515.134982 9998 33401 -2968.32078245
690176222 -35.31417833 58.6471 -3040.904437 1279.24007 -1 33401 -3096.19168371
690176022 -34.61186667 61.99459833 -2885.796459 1717.672339 -1 33401 -2896.00727738
690175859 -40.52282833 52.292215 -3150.990999 5092.685174 9998 33401 -3207.2250425
690176223 -36.58143167 58.61507833 -3046.771332 710.8959503 -1 33401 -3026.36012328
690176023 -34.05143667 61.18371 -2986.583865 873.3966541 -1 33401 -2984.23093616
690175860 -40.11198333 52.27197667 -3139.277841 5193.262953 -1 33401 -3152.38202119
690176024 -33.99127 61.30571 -2983.62588 1068.013706 -1 33401 -2982.17512378
690175861 -39.89658167 52.145575 -3178.374166 5261.05191 -1 33401 -3139.62859541
690176025 -34.3586 61.182535 -2977.795132 436.5389385 -1 33401 -2979.84988292
690175862 -39.756925 51.86190333 -2979.166459 5854.175964 -1 33401 -2980.50580119
690176026 -35.31121 61.41493 -2941.605627 2240.023184 -1 33401 -2937.86161502
690175863 -39.84258 51.64207 -3156.057479 4701.499946 9998 33401 -3101.79184377
690176027 -35.79580667 61.63375333 -2843.863446 2139.404804 9998 33401 -2817.10179666
690176228 -38.90581833 59.21501 -3033.928208 1912.840912 -1 33401 -3062.09859983
690176028 -35.83528333 60.86186167 -2957.360306 1306.89503 -1 33401 -2973.52345043
690176029 -36.59990333 60.857345 -2952.477836 1063.200941 -1 33401 -2940.03965683
690176030 -35.54055833 61.77374833 -2874.121751 3248.181344 9998 33401 -2882.64853221
690176031 -34.11244 61.90317 -2935.634607 629.4504451 -1 33401 -2938.37593992
690176032 -33.99196 62.53093 -2874.932665 2001.780789 -1 33401 -2861.42869672
690176233 -37.91671 58.15399 -2868.112912 1244.351318 -1 33401 -2768.12958785
690176033 -33.36794 62.41714 -2912.078132 1439.820327 9998 33401 -2920.38502361
690176234 -37.72802667 57.97609333 -2997.123776 651.0068986 -1 33401 -3093.77568373
690176034 -33.93001833 62.753455 -2857.299175 3187.305426 -1 33401 -2839.20914799
690176035 -35.39988 63.02555 -2633.397319 1622.744989 -1 33401 -2621.21159026
690176036 -33.45237333 63.87727833 -2590.198575 1453.008763 9998 33401 -2533.68844022
690176037 -36.74125833 63.18895833 -2315.288167 5324.176891 9998 33401 -2330.67302986
690176238 -37.97588667 58.057945 -2834.904388 1092.673394 9998 33401 -2851.11409708
690176038 -36.54871833 62.20141833 -2572.913479 1294.803705 9998 33401 -2583.13710466
690176039 -36.75371333 61.75440333 -2697.217303 158.640562 -1 33401 -2679.53807142
69016031 -33.58111 56.79508 -1747.357766 6602.269483 -1 33401 -1505.15120715
69028101 -33.6719 56.80347 -1806.300788 6354.533275 -1 33401 -1547.57571614
690176040 -38.49858 61.50316667 -2465.4032 1446.058431 -1 33401 -2465.66106712
69028121 -35.24538333 52.732925 -3351.93491 2212.259306 -1 33401 -3422.19711118
69028111 -35.234255 52.73821833 -3330.46888 2457.795418 -1 33401 -3352.49036875
69016032 -33.77440667 56.888415 -1860.305284 5736.396997 -1 33401 -1809.60651464
690176041 -40.06321333 61.19580833 -2123.557726 6118.743743 9998 33401 -2172.34946299
69028122 -35.884245 52.683405 -3768.143619 2215.487111 -1 33401 -3748.70907996
69028112 -36.00745667 52.6671 -3721.402835 2249.298719 -1 33401 -3734.25790799
69028192 -35.08998333 51.44679667 -3423.536866 4078.370001 -1 33401 -3449.11589303
69016033 -33.62995333 56.91987167 -2374.252849 5140.874159 -1 33401 -2461.482564
690176042 -40.52922833 60.55108333 -2403.904967 5283.504442 -1 33401 -2418.20330969
69028123 -36.03141333 52.76784667 -3738.90032 1851.079926 -1 33401 -3543.43673314
69028113 -36.05527667 52.78604167 -3469.935613 2018.277462 -1 33401 -3388.0647182
69028193 -35.00627167 51.72164833 -3855.124212 4198.584648 -1 33401 -3756.837796
690176243 -37.94034 58.03038 -2570.83321 1210.819314 -1 33401 -2728.41069376
69016034 -33.72233333 56.99189667 -2185.083986 3532.401577 -1 33401 -2511.71432011
690176043 -41.29722333 59.61094 -2151.279009 8832.103326 -1 33401 -2207.95327075
69028124 -36.21595833 52.83014 -3438.717302 1731.695458 -1 33401 -3464.00591916
69028114 -35.992405 52.78262333 -3542.080937 2057.325931 -1 33401 -3545.7202801
69028194 -35.17812333 52.19816667 -3355.997372 5181.221725 9998 33401 -3542.96455974
690176044 -42.17997 58.91044 -2393.448978 5494.859387 -1 33401 -2461.75762447
690124860 -18.365245 28.08976833 -3807.559398 1040.22139 -1 33401 -3834.52860843
69028125 -36.02521333 52.89595667 -3297.246185 1671.273012 -1 33401 -2687.54188461
69028115 -35.152385 52.66729667 -3616.187609 2999.949234 -1 33401 -3613.59945747
69028195 -35.81657 52.18059 -3302.335869 5189.797477 9998 33401 -3313.20724233
690176245 -38.681885 58.09914 -3091.815925 1093.119677 9998 33401 -3077.61055028
69016036 -33.64156 56.999985 -2483.928742 2776.700465 -1 33401 -2432.44399529
690176045 -44.51691 58.32267 -2324.992413 5885.234966 -1 33401 -2068.359403
690124861 -18.36152833 28.15730667 -3867.052451 722.1328984 -1 33401 -3890.77063584
69028126 -35.92356667 53.05455333 -2780.37801 1422.521549 9998 33401 -2614.79263546
69028116 -35.016755 52.651395 -3477.777794 3253.868498 -1 33401 -3428.82160953
69028196 -35.55345833 51.836725 -3378.545269 4634.676515 9998 33401 -3405.8147112
69016037 -34.01799 56.8978 -2453.594341 7218.799807 -1 33401 -2791.59093999
690176046 -45.44262 58.96545 -2424.776527 1437.902881 -1 33401 -2437.19148514
69028127 -35.91306 53.15267 -2836.100114 976.9579385 9998 33401 -2503.26605318
69028117 -34.98737333 52.750965 -3168.438497 3122.656154 -1 33401 -3127.10892542
69028197 -35.47046 51.64879 -3678.878449 4236.830221 9998 33401 -3674.73144908
690176247 -38.579725 59.47632167 -3024.099179 1915.977481 9998 33401 -3032.31884105
690176047 -49.601815 60.44156 -2908.616657 14404.70653 9998 33401 -2939.39051463
690124863 -18.27304333 28.307535 -3787.004297 1717.459817 -1 33401 -3786.86515881
69028198 -34.77617667 51.66538167 -3528.786188 4990.323618 9998 33401 -3530.37411564
690176248 -37.66859 59.81328 -3077.716684 1582.950215 -1 33401 -3082.76199297
69016039 -34.159085 56.76326667 -2353.710408 5142.174758 -1 33401 -2450.31698297
690176048 -50.25341 60.62537 -2965.228932 6428.119804 9998 33401 -2951.14612676
690124864 -18.22885 28.09944 -3635.757475 1246.8073 -1 33401 -3639.01512939
69028199 -34.06023 51.8147 -3778.17444 4300.16047 -1 33401 -3566.43840753
690176249 -37.73944833 59.88717 -3071.840984 1778.033556 9998 33401 -3083.9027532
690176049 -52.17803 61.66762 -2964.98768 10411.69754 9998 33401 -2972.10489855
690124865 -18.32601333 27.94087333 -3615.293655 2454.236346 -1 33401 -3650.18680362
690281110 -35.03140333 52.820495 -3118.615872 2874.676392 -1 33401 -3066.76865173
690281910 -33.53794333 52.01308333 -3685.577746 5090.243657 -1 33401 -3647.89327456
690176250 -35.38708 60.11566 -3088.380273 1463.984871 -1 33401 -3056.03983211
690160311 -34.07083 56.73318 -1941.822073 4076.731846 9999 33401 -968.140994937
690176050 -54.76514833 61.91991333 -2735.31317 2835.91456 9998 33401 -2744.62162627
690124866 -18.44638667 27.98704833 -3856.372074 1339.622036 -1 33401 -3861.53961329
690281111 -34.87333 52.63519333 -3310.984283 3577.913419 -1 33401 -3272.23286915
690281911 -33.52398333 52.36271 -3430.083001 5249.774316 9998 33401 -3516.95188355
690160312 -34.525125 56.81574667 -2128.238662 5271.162988 -1 33401 -2054.00867276
690176051 -53.88096333 61.51107333 -2938.653544 3471.997589 9998 33401 -2932.22760581
690124867 -18.37456667 27.85556167 -3639.731271 3323.564809 -1 33401 -3626.92357944
690281112 -34.71331 52.50867 -2680.714974 1620.253089 -1 33401 -2993.67965345
690281912 -33.59585 52.10394833 -3735.22591 5162.617242 9998 33401 -3648.34653431
690176052 -55.274885 60.67342333 -2951.54385 764.7692275 9998 33401 -2979.49880277
690124868 -18.34165333 27.64679667 -3530.391073 5540.852462 -1 33401 -3579.94326718
690281113 -34.72539833 52.40266333 -3340.325579 4491.207879 9998 33401 -3566.79862022
690281913 -33.750095 52.25389833 -3860.780962 4679.011749 9998 33401 -3881.49136566
690176053 -56.79565 60.56132 -2964.267254 1363.591546 9998 33401 -2989.34358463
690124869 -18.22310667 27.47473 -3368.19184 5844.336209 -1 33401 -3396.07064051
690281114 -36.04837167 52.49656167 -3142.144625 2849.241697 9998 33401 -3066.34722442
690281914 -33.130765 52.47807 -3100.153418 5752.664444 9998 33401 -3390.43968284
690176054 -57.73617667 60.12738167 -2812.925284 3133.113366 9998 33401 -2832.99568575
690124870 -17.9494 27.26812 -3746.31176 2308.66534 -1 33401 -3733.82251069
690281115 -36.71661 52.52206 -3655.20931 1876.649949 9998 33401 -3704.27206775
690281915 -33.97012 52.83612 -3007.246191 2636.121086 -1 33401 -2229.96105007
690124871 -17.64489 26.91495 -3711.267865 3028.430569 9998 33401 -3726.05077282
690281116 -36.63411 52.51621 -3296.381736 2051.538579 9998 33401 -3254.23485572
690281916 -32.57128 52.79939 -2671.837897 3504.434893 -1 33401 -2780.56464428
690176256 -37.17588833 59.12729 -2997.816843 1060.676379 9998 33401 -3054.98597639
690124872 -17.49658 26.55815167 -3656.686882 2398.038576 9998 33401 -3658.11467486
690281117 -36.75537833 52.428095 -3813.99315 2105.710557 -1 33401 -3795.83266142
690281917 -32.54583 52.86552167 -3278.713337 2252.240704 -1 33401 -2605.34500962
690176257 -36.11624 59.72099 -3072.858237 1400.858773 -1 33401 -3093.19990343
690124873 -17.20681667 26.23086833 -3585.4747 645.6957434 9998 33401 -3576.0499582
690281118 -36.98816 52.64578 -3329.520566 1984.229793 -1 33401 -3303.61819403
690281918 -32.03560333 52.96779333 -3127.364548 1894.220535 9998 33401 -3208.30562096
690176258 -35.99027 60.17631 -3040.528284 1494.845108 -1 33401 -3043.60482032
690124874 -16.83663333 26.17778333 -3566.92722 1377.718367 9998 33401 -3531.08302151
690281119 -37.40868667 52.23651667 -3714.727517 4364.32464 9998 33401 -3692.49537678
690281919 -32.53965333 53.05702833 -2792.11475 1864.317227 9998 33401 -2742.41823742
690176259 -36.07636333 59.991575 -3055.218456 1740.701805 -1 33401 -3079.16385248
690124875 -16.64124167 26.36761333 -3610.835711 1518.243529 9998 33401 -3583.42040556
690281120 -37.32386667 52.41893167 -3797.44448 2986.571751 9998 33401 -3805.63164655
690281920 -32.42111333 53.12524667 -2812.636574 1898.41623 9998 33401 -2751.40378055
690176260 -36.42802167 59.67870333 -3085.559808 1189.578688 -1 33401 -3073.07401119
690124876 -16.83532333 26.71506 -3629.300229 3244.411421 9998 33401 -3688.67630644
690281121 -37.42737333 52.166895 -3601.731242 4633.008586 9998 33401 -3477.05302642
690281921 -32.53073 53.09036 -2820.469055 1774.230277 9998 33401 -2801.68057544
690176261 -35.68487833 59.60238 -2757.322434 1130.567078 -1 33401 -2731.50886309
690124877 -17.07643333 27.07306333 -3660.453095 2851.024072 9998 33401 -3653.89623432
690281122 -38.48256833 52.48556333 -3697.111718 2420.23224 9998 33401 -3690.83501422
690281922 -32.23439333 53.03282167 -2954.422726 2109.607598 -1 33401 -2834.93339321
690176262 -35.08806667 59.74081667 -3093.353904 1175.375278 -1 33401 -3047.95073555
690124878 -17.14968667 27.18699667 -3653.586505 2110.155791 9998 33401 -3634.42383417
690281123 -38.53636667 52.21252 -3674.795732 4025.225677 -1 33401 -3595.97073066
690281923 -32.36573 53.11409833 -2796.012911 1972.067919 -1 33401 -2804.71782704
690176263 -34.58111167 59.82857333 -2871.629995 1118.524256 -1 33401 -3015.92341707
690124879 -17.297215 27.011815 -3682.92778 2938.85594 9998 33401 -3676.15805099
690281124 -39.03197833 51.89029833 -3590.125193 5767.358071 9998 33401 -3517.2307834
690281924 -32.31774833 52.81809 -3382.151114 2963.309587 -1 33401 -3203.15583436
690176264 -34.19637 60.06449667 -2645.738734 1498.104481 -1 33401 -2962.42549408
690124880 -17.84515 26.853475 -3706.403423 2852.476225 9998 33401 -3708.65820638
690281125 -38.82427 52.17479 -3323.805878 5239.094992 9998 33401 -3409.23714557
690281925 -32.69895333 52.832895 -2900.71289 2605.329502 -1 33401 -2992.19137452
690176265 -34.33629333 60.69755167 -2935.909969 941.3116304 -1 33401 -3005.50525193
690124881 -18.43495 26.86429 -3782.538068 1859.864338 -1 33401 -3761.91184321
690281126 -38.88439333 51.98181833 -3271.163716 6164.967559 9998 33401 -3298.60778629
690281926 -32.51994333 52.82010333 -3355.811298 2658.108653 9998 33401 -2955.08477079
690176266 -34.61544 61.07305 -2988.562758 652.4336501 9998 33401 -2991.95175468
690124882 -18.899975 26.81155167 -3755.224322 1369.702188 9998 33401 -3743.9995136
690281127 -38.662745 52.13983667 -3302.347905 4893.314727 9998 33401 -3367.25463787
690281927 -32.93449 52.71108 -3392.913292 3397.387551 9998 33401 -3228.21759679
690281128 -38.85810333 52.40618833 -3772.131881 2764.964588 9998 33401 -3634.45642404
690281928 -33.001505 52.80453667 -3035.589886 2883.463339 -1 33401 -3110.51571721
690281929 -32.38924 52.82137 -3394.830843 2702.013084 -1 33401 -3077.04300958
690281130 -39.061695 52.695025 -3764.244587 2280.115168 -1 33401 -3817.41325939
690281930 -32.14369 52.77283 -3495.290388 4070.14246 -1 33401 -3532.94265495
690281131 -39.56774 52.777095 -3878.120738 2146.089221 -1 33401 -3886.33593076
690281931 -32.29620167 52.60778333 -3785.696387 5236.058739 -1 33401 -3653.60542064
690281132 -39.89219833 52.49779 -3325.661516 3887.751978 9998 33401 -3384.60161351
690281133 -39.90123167 52.43522833 -3449.565726 3851.841068 -1 33401 -3558.3457353
69028181 -36.17811833 59.4263 -3095.38474 439.5642041 -1 33401 -3093.41158337
69016011 -36.17792 59.47513 -3092.44395 479.8463333 -1 33401 -3092.55365068
690281134 -40.08879167 52.44878667 -3415.426844 4247.206527 -1 33401 -3376.94844058
690281934 -34.09873 52.49065 -3235.876473 4725.856963 -1 33401 -2749.82556015
69028821 -34.22384667 56.75603167 -3109.738699 1626.432669 -1 33401 -2902.8272222
69028811 -34.25143333 56.76414 -3109.736564 1632.252227 -1 33401 -2500.12364337
390212630 -17.24794833 29.11745 -3878.469249 1266.726423 -1 33401 -3888.75758212
69016012 -36.12968667 60.06626333 -3057.152842 992.9333423 -1 33401 -3039.83996696
69028182 -36.113745 60.07009667 -3060.080808 1009.126131 -1 33401 -3051.37098456
390212632 -17.22247333 29.00231333 -3823.876582 1419.079079 -1 33401 -3818.43597603
690281135 -39.84410333 52.46760833 -3506.110111 3610.52649 9998 33401 -3724.81881089
690281935 -31.37165167 52.81951333 -3175.25401 4816.493095 9998 33401 -3120.59253549
69028822 -34.386045 56.64340167 -2469.315577 544.782548 -1 33401 -2430.87136829
390212633 -17.19848167 28.94279333 -3776.083967 1470.717621 -1 33401 -3830.16787204
69028812 -35.13075 56.84763333 -2756.972332 662.6149096 -1 33401 -2812.49685418
390212634 -17.18861333 28.91257167 -3754.623586 1446.050416 -1 33401 -3751.65633214
390212635 -17.19015 28.82867 -3695.108412 1488.69726 -1 33401 -3642.50083718
69016013 -35.29401 60.25631 -3048.319714 966.9816257 -1 33401 -3047.03608383
69028183 -35.19175667 60.33975667 -3044.394155 976.1010036 9998 33401 -3046.58965942
690281136 -39.94871333 52.535875 -3236.839567 3989.97043 -1 33401 -3231.35052951
390212636 -17.21989333 28.77972167 -3581.854837 1693.644286 -1 33401 -3575.96798782
690281936 -30.84089 53.06422 -3121.478229 2534.920051 9998 33401 -3106.39110322
69028823 -34.363385 56.71442833 -2563.286603 958.0623739 -1 33401 -2577.72020331
69028813 -35.50606833 56.83899167 -2844.969261 618.6831629 -1 33401 -2849.68455927
390212637 -17.239255 28.72356167 -3490.041673 1731.160252 -1 33401 -3479.21287421
390212638 -17.20506 28.66373 -3406.010444 1465.787902 -1 33401 -3307.15016041
69016014 -35.96959 59.88036 -3020.094918 1184.797455 9998 33401 -3080.52249329
69028184 -35.50689833 60.86292833 -2990.565071 938.2865362 -1 33401 -2981.06125711
390212639 -17.20873667 28.65274167 -3319.978047 1455.028538 -1 33401 -3295.42059341
690281937 -30.61828833 52.58900833 -3526.544946 6197.89168 9998 33401 -3451.39769248
69028824 -34.95154167 56.87309333 -2292.93566 824.1857421 -1 33401 -2168.31549572
69028814 -35.19501833 56.73556167 -2401.718707 690.0203659 -1 33401 -2601.73748977
390212640 -17.18500167 28.646065 -3222.171458 1374.526034 -1 33401 -3238.47880429
390212641 -17.20121667 28.61170333 -3171.302361 1348.237475 -1 33401 -3104.33570304
69016015 -34.787745 59.67097 -2516.662472 586.9447426 9998 33401 -2532.27435677
69028185 -36.64393833 60.70716333 -2974.976275 523.996627 -1 33401 -2961.77062435
390212642 -17.17424667 28.57203167 -3007.836007 1221.939311 -1 33401 -2862.7811062
690281138 -39.90038167 52.47864667 -3388.106241 3878.347784 -1 33401 -3462.32663966
690281938 -30.01577833 52.52048167 -3649.364024 5971.225534 9998 33401 -3715.83773931
69028815 -35.31462 56.63846 -2349.816203 716.4685458 -1 33401 -2356.49967991
69028825 -35.22483833 56.72811333 -2584.816273 723.9741394 -1 33401 -2601.71825558
390212643 -17.1171 28.58620167 -2953.966557 1304.006012 -1 33401 -2859.74300918
390212644 -17.07765667 28.59530833 -2944.169207 1625.987281 -1 33401 -3011.89581611
69016016 -34.57134833 59.513405 -2459.917235 132.8202904 9998 33401 -2465.4135629
390212645 -17.06363 28.58257 -2984.329951 1768.585225 -1 33401 -2901.15056707
69028186 -36.44929 60.69069 -2971.073596 457.041291 -1 33401 -2964.79019957
690281139 -39.79800667 52.38410667 -3779.929458 3461.672395 9998 33401 -3785.51054208
390212646 -17.02452 28.61934 -2920.653331 2134.374435 -1 33401 -2905.10268881
690281939 -29.00283 52.71616 -3479.707845 4361.620345 -1 33401 -3418.81267453
69028816 -35.498195 56.66545333 -2242.007769 606.3280976 -1 33401 -2129.02307833
69028826 -35.17982 56.80292 -2672.865078 658.6125843 -1 33401 -2715.5824084
390212647 -16.99723833 28.65174 -3128.233079 1971.01649 -1 33401 -3088.45269779
390212648 -16.92509833 28.68224833 -3216.292544 2185.994726 -1 33401 -3221.25002406
69016017 -34.5819 59.31101167 -2900.086821 118.4332586 -1 33401 -2978.33500192
69028187 -36.64054333 60.61686667 -2986.716743 382.2915346 9998 33401 -2986.77574517
690281140 -39.55970833 52.00646333 -3515.02935 5225.906865 -1 33401 -3565.33176374
390212649 -16.809335 28.69261 -3083.197562 2536.728801 -1 33401 -3038.00679382
690281940 -28.62209667 52.67321167 -3579.153666 3622.821994 9998 33401 -3598.9533554
69028817 -35.94321167 56.80449833 -2668.951476 448.2682128 -1 33401 -2501.66171646
69028827 -35.62170833 56.85548167 -2869.401962 580.282225 -1 33401 -2867.28961745
390212650 -16.73102 28.709205 -2848.127123 2929.297313 -1 33401 -2849.71429188
390212651 -16.73269667 28.6983 -2786.382497 3024.439048 -1 33401 -2820.04974851
69016018 -35.1372 59.05016 -2480.569431 438.7478829 -1 33401 -2492.50078273
69028188 -37.16109667 60.72166333 -2952.509354 665.6055092 9998 33401 -2937.91623909
390212652 -16.71325 28.70237167 -2763.834682 3035.982832 -1 33401 -2719.4589363
690281141 -38.91239667 52.03896667 -3669.981518 5487.365755 9999 33401 -2827.37773145
69028828 -35.81741667 56.89994167 -2092.912661 340.2636904 -1 33401 -2302.80591253
690281941 -28.80811667 52.99431833 -3328.441724 5662.00147 9998 33401 -3316.98597983
69028818 -35.86821333 56.70026833 -2371.35794 493.847973 9998 33401 -2451.31557278
390212653 -16.69395167 28.67577 -2699.127362 3372.663551 -1 33401 -2640.79414523
390212654 -16.68816333 28.67676 -2642.242192 3424.962564 -1 33401 -2611.73765561
390212655 -16.66487667 28.65235167 -2600.06414 3577.052287 -1 33401 -2611.12672979
69028189 -35.48873667 60.15524 -3006.357584 1100.921547 9998 33401 -2992.99182088
69016019 -36.23329833 58.68013167 -3136.571392 476.2751486 9998 33401 -3161.41445824
690281142 -38.54750833 52.14373667 -3497.436558 4815.487737 9998 33401 -3512.643152
390212656 -16.66128333 28.64754 -2555.911228 3644.066947 -1 33401 -2564.1741624
690281942 -29.10434667 53.13550833 -3378.154037 5339.997212 9998 33401 -3378.90518416
69028829 -36.13148667 56.94225333 -2461.419271 335.9537879 -1 33401 -2374.01420683
69028819 -35.781565 56.56213667 -2432.118047 593.4175871 -1 33401 -2295.69926751
690176311 -18.376155 44.96342667 -3726.94201 787.9512047 9998 33401 -4325.2168239
690281810 -35.93771 60.12130167 -3052.257839 1004.619588 -1 33401 -3049.61559429
690160110 -36.60036167 58.352615 -3194.237613 378.3015951 -1 33401 -3077.62108103
690281143 -38.174145 52.27684167 -3599.746748 3414.699764 9998 33401 -3720.99503206
690288210 -36.188345 56.95945167 -2351.711885 174.8031632 -1 33401 -2381.4323532
690281943 -28.13915 53.01898 -3378.18894 3807.519819 9998 33401 -3476.79322631
690288110 -35.95571667 56.59159 -2429.173706 535.6663092 -1 33401 -2454.5860753
690160111 -35.78256 58.14755 -2422.980905 711.2053736 -1 33401 -2577.95869749
690281811 -35.356165 60.21601833 -3041.495035 851.6364625 -1 33401 -2939.60771758
690281144 -37.32210833 52.3513 -3852.960043 3220.855429 9998 33401 -3877.62543992
690281944 -27.910185 53.07734833 -3490.321099 3523.729877 9998 33401 -3507.81976149
690288111 -35.745755 56.49446333 -2310.649523 599.1230286 -1 33401 -2290.49944184
690288211 -36.56165 57.13547167 -2800.906204 501.5587447 9998 33401 -2791.36123002
690281812 -35.42996 59.78354 -2917.562163 913.3671693 -1 33401 -2776.86258696
690281145 -36.73322333 52.691655 -3395.845432 1775.037449 -1 33401 -3382.24428073
690281945 -27.80655833 53.11785167 -3541.00079 3962.194855 9998 33401 -3522.25609802
690288112 -35.55661333 56.75378167 -2456.562113 566.5963906 -1 33401 -2475.55204335
690288212 -36.75492333 57.17460333 -2775.475458 516.900556 9998 33401 -2780.22587862
690160113 -35.63300667 58.57433833 -2444.438927 660.917194 -1 33401 -2849.91784702
690281813 -35.47998 59.6175 -2806.198102 669.8310756 -1 33401 -2615.50675113
690281146 -37.479435 52.74915167 -3834.328092 2191.664114 -1 33401 -3865.62299854
690281946 -27.53583333 53.07426167 -3647.235817 4962.692127 9998 33401 -3678.07707953
690288213 -36.61055333 57.569425 -2608.119313 583.040882 9998 33401 -2610.70576859
690288113 -35.69006 56.82082 -2802.936007 565.3890919 -1 33401 -2842.76879597
690281814 -34.60415833 59.456155 -2373.754866 74.49556681 9998 33401 -2497.08064786
690160114 -36.06797833 58.66180333 -3041.87726 464.4527571 -1 33401 -3064.09627102
690281147 -37.21889833 52.791755 -3795.371095 1727.867846 -1 33401 -3754.69385846
690281947 -27.86706333 53.70686167 -3497.926082 4334.353168 9998 33401 -3471.1359953
690288114 -35.76668 56.88933 -2231.1822 391.8915101 -1 33401 -2821.38732996
690288214 -36.92255 56.96802 -2573.019269 378.9046291 -1 33401 -2815.2764371
690281815 -34.70996833 59.102795 -2481.537783 297.4744597 9998 33401 -2321.77072755
690160115 -36.47672667 58.996725 -3089.635321 470.8159 9998 33401 -3050.71776322
690281148 -37.11128667 52.93713833 -3865.412695 1259.511167 -1 33401 -3850.23520533
690281948 -28.26857333 53.830065 -3290.143507 2238.387344 9998 33401 -3261.9380016
690288215 -37.73947667 57.23537167 -2946.509426 481.7223189 -1 33401 -2943.90635027
690288115 -35.899485 56.83649333 -2886.999296 486.4893849 -1 33401 -2812.73365778
69028841 -48.52166167 50.05390833 -2239.392478 3213.342253 -1 33401 -2242.24097553
690281816 -34.850135 59.15549 -2375.771656 412.5477549 -1 33401 -2379.00874696
690160116 -36.23 59.30810333 -3101.271468 464.4410415 -1 33401 -3077.18700757
690281149 -37.1553 52.88717 -3802.15428 1459.321915 -1 33401 -3861.27681678
690281949 -28.24330833 54.00257667 -3247.155395 1760.200665 9998 33401 -3108.64291241
690288116 -36.48754833 57.099575 -2869.342862 488.2456708 -1 33401 -2881.09602761
690288216 -38.31106167 57.062995 -3274.59344 796.7777353 9998 33401 -3230.24616286
390213272 -13.30145167 0.363831667 -3839.368871 1616.467919 9998 33401 -3898.22970677
690281817 -34.72128667 59.07849 -2308.192852 277.426654 -1 33401 -2270.54546431
690160117 -35.84072167 59.333375 -3101.265116 177.4368212 -1 33401 -3091.20544591
690281150 -37.39422 52.98709 -3545.915549 1662.678229 -1 33401 -3756.48530697
69028842 -48.06165 49.09236 -2315.108546 2372.442859 9998 33401 -2332.5564615
390212712 -17.93545833 42.988485 -3514.029411 1163.85391 -1 33401 -3549.83431411
690281950 -28.34542833 53.54458667 -3285.347141 3370.835234 9998 33401 -3352.27443718
690288117 -36.78900667 57.01395667 -2403.621219 402.9900969 -1 33401 -2549.81519156
690288217 -38.58514333 57.14947667 -3272.618435 657.7196672 9998 33401 -3186.47298852
690281818 -34.67249167 59.21684333 -2529.479065 244.1582474 -1 33401 -2546.40423201
690160118 -35.88309333 59.46623333 -3098.30328 392.3713596 -1 33401 -3094.1062357
690281151 -37.26226667 53.059335 -3691.078669 1256.18402 9998 33401 -3623.07232549
690281951 -28.94778333 53.20207833 -3346.917431 5621.163103 9998 33401 -3393.11638826
690288118 -37.416945 57.01585833 -2266.446063 245.7604344 9998 33401 -2707.43315108
690288218 -38.75489667 56.932305 -3271.702743 624.4194809 9998 33401 -3262.26711776
690160119 -35.80485833 59.40121667 -3103.200398 304.651926 -1 33401 -3100.91068009
690281819 -35.44174333 59.29230167 -3111.036943 404.1601857 -1 33401 -3092.72874365
690281152 -37.63411 53.06488 -3680.3617 1561.461564 9998 33401 -3551.8785691
390212714 -17.87568 43.04468 -3581.32899 1113.466325 -1 33401 -3538.23265943
690281952 -29.09093833 53.20790333 -3362.524593 4912.056708 9998 33401 -3306.87552162
690288119 -38.20934333 57.03932833 -3222.88795 633.8667232 9998 33401 -3147.18927708
690288219 -38.902705 56.94257667 -3275.602288 517.4533718 9998 33401 -3263.34252851
690160120 -36.20128167 59.33008167 -3094.432654 442.6429107 -1 33401 -3068.36729643
690281820 -35.77990833 59.323755 -3106.148327 207.1840734 -1 33401 -3056.09727468
690281153 -38.5659 53.37038 -3326.379537 559.1027458 9998 33401 -3015.63324959
690281953 -28.80287 53.47708 -3282.439177 3297.847038 9998 33401 -3443.07785809
690288220 -36.61918 57.05369 -3274.596008 539.2235175 -1 33401 -2636.45813636
690288120 -38.215975 57.27308667 -3274.535564 705.5540654 9998 33401 -3292.86631469
690160121 -35.17276 59.15701667 -2965.577891 558.2514582 -1 33401 -2962.63465384
690281821 -35.68219333 59.39521333 -3106.130352 325.8076043 -1 33401 -3101.1557057
690281154 -38.74423 53.33884 -3072.567693 526.5308017 9998 33401 -3039.8914678
690281954 -28.58642 53.468 -3197.526061 3782.878765 9998 33401 -3344.07162764
690288121 -37.69590833 57.28051667 -2882.004724 421.1545817 -1 33401 -2889.32415903
690288221 -38.76212667 57.11942 -3019.804065 578.8816757 9998 33401 -3075.62725477
690160122 -34.69766667 59.25624667 -2638.084991 147.8348926 -1 33401 -2598.52530163
690281822 -35.46843667 59.99194667 -3064.005089 1055.412765 9998 33401 -3077.49541799
690281155 -38.98809667 53.474065 -3379.028296 469.2723292 9998 33401 -3244.67830746
690281955 -28.89573 53.68182 -3257.006706 987.2761575 9998 33401 -3303.23491522
690288122 -37.02081 57.66937833 -2784.160125 343.6999148 -1 33401 -2626.90932245
690288222 -38.95699 56.87074 -3271.719758 545.4712594 9998 33401 -3205.82715545
690160123 -34.44091 59.40231333 -2349.277616 181.0025208 9998 33401 -2489.59723169
690281823 -36.16503333 59.98738 -3061.077338 1162.180011 -1 33401 -3059.31877704
690281156 -38.93504667 53.541925 -2876.090478 915.1097367 9998 33401 -3076.39803496
690281956 -29.49751167 53.60985 -3271.666199 1262.810187 -1 33401 -3239.00482501
690288123 -37.197105 57.626565 -2669.745284 111.4530013 9998 33401 -2712.00396927
690288223 -38.99746 56.698305 -3268.840609 456.9360094 -1 33401 -3268.84098865
690160124 -34.39569 59.4969 -2450.129813 233.7546032 9998 33401 -2620.57384459
690281824 -36.58591 59.64937 -2882.420004 592.1162722 -1 33401 -2933.86448681
690281157 -39.135755 53.569075 -3034.407394 736.9191966 9998 33401 -3239.68360117
690281957 -30.00313 53.73108167 -3318.468449 2053.92171 9998 33401 -3277.72439576
690288224 -38.77167 56.57066 -2940.812274 501.3605874 9998 33401 -3037.85315537
690288124 -37.21983 57.7814 -3013.776608 333.2673952 9998 33401 -2900.46216233
690160125 -34.9401 59.38874 -3069.035411 374.6193805 -1 33401 -3118.61466521
690281825 -38.13718167 59.63918167 -3069.949636 1528.996084 9998 33401 -3075.70149454
690281158 -38.97160167 53.75682667 -3196.468422 1064.685192 9998 33401 -3151.78729914
690281958 -29.62472333 53.40221833 -3193.639656 910.4283575 9998 33401 -3213.06955047
690288125 -37.35503667 57.70112333 -2625.703293 153.7257296 -1 33401 -2711.63011308
690288225 -38.36749 56.23711 -2828.495339 380.4886547 -1 33401 -2925.89854073
690160126 -34.09765 59.17631 -2577.441173 667.0020384 -1 33401 -2485.66426964
690281826 -38.0128 59.87227 -3106.010985 1583.894376 -1 33401 -3087.50688833
690281159 -38.62735 53.56691167 -3300.953434 1208.357703 9998 33401 -3035.222009
690281959 -29.09242333 53.63756333 -3315.568735 1054.881363 9998 33401 -3298.79123659
690288226 -38.03825 56.0313 -3173.387497 265.3566187 9998 33401 -2822.11763555
690288126 -37.1125 57.85642 -3116.285135 547.4267394 9998 33401 -3177.02387208
690160127 -33.93857667 59.17302333 -2613.644807 1012.719091 -1 33401 -2561.44829295
690281827 -37.284905 59.583745 -3162.691086 551.8011531 9998 33401 -3135.19830988
690281160 -38.4899 53.5958 -3037.331072 1494.98863 9998 33401 -3054.28681016
690281960 -28.352965 53.53938167 -3172.122562 3516.548495 9998 33401 -3347.54817308
690288127 -36.73072833 57.66581167 -2666.801781 505.0052812 -1 33401 -2563.92325911
690288227 -39.00295 56.28961 -3494.218692 652.6727095 9998 33401 -3459.4798629
690281828 -36.57728833 59.54478167 -3103.164397 536.9366555 -1 33401 -3081.2455815
690281161 -38.789995 53.63457333 -3146.709847 1194.897055 9998 33401 -3073.73426316
690281961 -28.49802 52.850345 -3272.862132 3464.452017 9998 33401 -3411.14764493
690288228 -39.54883 56.31492 -2876.375716 107.1211464 9998 33401 -3264.71244194
690288128 -37.33459 57.477825 -3052.917963 116.3471509 -1 33401 -3090.39101934
690160129 -33.07486 59.91589 -2409.90205 1075.612041 9998 33401 -2402.03574713
690281829 -36.81396 59.13808 -2994.884249 674.180084 -1 33401 -3126.22653593
690281162 -38.97862833 53.67960833 -2983.570873 1148.004211 9998 33401 -3105.07357353
690281962 -29.68573 53.0013 -3380.14517 3705.896344 -1 33401 -3314.91849041
690288229 -39.403125 56.54465167 -3015.066987 100.397319 -1 33401 -3020.05011471
690288129 -37.44369 57.54261167 -3172.981709 231.0135874 9998 33401 -3245.60905991
690160130 -32.6144 60.0438 -2371.683943 831.4609278 -1 33401 -2497.08789485
690281830 -36.27356667 59.03644 -3083.767773 377.7717124 -1 33401 -3041.83961975
690281163 -38.868455 53.5008 -2849.702252 876.7653751 9998 33401 -2989.20850308
690281963 -30.60666333 53.17552167 -3030.604982 2076.265206 9998 33401 -3086.33259002
690288130 -37.53348167 57.89114667 -3174.841417 140.5098348 -1 33401 -3240.91502741
690288230 -39.30928333 56.26179167 -3591.672876 560.6940145 9998 33401 -3473.77245472
690281831 -35.73099333 59.003945 -2476.662764 322.301515 -1 33401 -2527.74297446
690160131 -32.53304167 60.60126667 -2493.964394 635.8303705 9998 33401 -2560.78842373
690281164 -38.77003333 53.48641167 -2871.216165 914.7455076 9998 33401 -2914.63500641
690281964 -30.43907167 53.266015 -2962.180245 1887.682293 9998 33401 -3065.69816653
690288131 -38.06229167 58.34184667 -3198.143751 1059.246125 -1 33401 -3207.19810197
690288231 -39.57477 56.12874 -3449.426577 343.8977747 -1 33401 -3485.83276388
690160132 -32.7308 60.8376 -2429.308285 444.8539946 9998 33401 -2260.04816039
690281832 -35.57804 58.90981 -2797.561313 538.4414785 9998 33401 -2666.2903118
690281165 -38.74665 53.55811667 -2834.042749 1228.36132 9998 33401 -2994.81109046
690281965 -30.81556167 53.10504 -3044.301621 2430.411314 9998 33401 -3080.67025748
690288132 -38.32393667 58.11369 -2862.258524 740.3146019 9998 33401 -2988.11517076
690288232 -39.949205 55.98896167 -3462.141093 157.0020808 -1 33401 -3482.89444654
690160133 -32.808625 60.89115333 -2268.669368 509.7178911 9998 33401 -2548.55827473
690281833 -34.92843167 59.095275 -2445.313931 411.0582829 -1 33401 -2359.19248334
690281166 -38.76276667 53.62301667 -3007.036705 1242.003421 9998 33401 -3072.00840529
690281966 -30.84310167 53.10607333 -3067.74685 2451.050428 9998 33401 -3078.25915278
690288233 -39.94304167 55.894515 -2946.844881 45.95243818 -1 33401 -2907.3419475
690288133 -39.04868333 58.29815333 -3306.444526 840.4089921 -1 33401 -3306.54220472
690160134 -32.83253 60.84699 -2407.765641 504.2680135 9998 33401 -2669.17526184
690281834 -34.33013333 58.97669167 -2496.247648 855.1398879 -1 33401 -2529.22055548
690281167 -38.72479333 53.66086 -3155.49036 1302.121411 9998 33401 -3144.56617726
690281967 -30.69611667 53.30198 -3050.110041 1607.524953 9998 33401 -3072.1014983
690288234 -40.30138833 55.86343167 -3079.704256 517.7771597 -1 33401 -3059.92116877
690288134 -39.22359667 58.345965 -3209.852145 699.1050943 -1 33401 -3179.73728377
690160135 -32.16491167 61.06765833 -2338.192255 503.415067 9998 33401 -2551.23287254
690281835 -34.44130833 59.11080333 -2361.08786 458.6696645 -1 33401 -2316.77215912
690281168 -39.04063 53.93718 -2913.137199 1125.643876 9998 33401 -3018.75345386
690281968 -31.037795 52.8938 -3337.252551 3625.864223 -1 33401 -3319.06554522
690288235 -40.38613167 55.64112167 -3028.975487 905.5362948 9998 33401 -3211.94666784
690288135 -39.59841 57.985215 -3182.624064 633.5163759 9998 33401 -3164.59418974
690160136 -32.30118 61.01124 -2388.150405 540.7777403 -1 33401 -2362.23274265
690281836 -33.701415 59.586035 -2505.912816 943.5237473 -1 33401 -2483.47255905
690281169 -39.13846 54.19239 -3273.450361 1101.910656 -1 33401 -3198.60419809
690281969 -31.42391 53.00727 -2770.608019 3293.86351 9998 33401 -3295.59974961
690288236 -39.76512 55.4079 -2702.534388 642.4269486 9998 33401 -2392.403951
690288136 -40.2483 58.07009 -3180.649832 652.3168641 -1 33401 -3185.69215124
690160137 -31.62699 61.1651 -2184.342286 609.8476368 -1 33401 -2191.26070169
690281837 -33.15553 59.83788 -2441.250783 1093.858996 9998 33401 -2507.14471874
690281170 -38.99786 54.53947 -2748.716127 1023.794185 -1 33401 -2741.16248739
690281970 -32.13415333 53.07912333 -3074.591995 2017.890697 9998 33401 -3031.28523174
690288237 -39.27476167 55.57062667 -2880.469054 440.0403332 9998 33401 -3044.00929543
690288137 -40.972295 58.32331167 -3170.824034 1228.381741 9998 33401 -3174.90089355
690160138 -31.04311667 61.45039333 -2315.594038 375.1287079 -1 33401 -2269.87531339
690281838 -33.217035 60.09738833 -2504.831213 861.9614896 9998 33401 -2522.71142371
690281171 -38.87010333 54.459255 -2813.284291 1162.878085 -1 33401 -2802.12515234
690281971 -32.63904333 53.16134167 -2853.699039 1908.56848 9998 33401 -2802.37730475
690288238 -37.71932 55.5333 -2875.590892 197.8548565 9998 33401 -2453.77615938
690288138 -40.16493167 58.716315 -3081.895845 1113.855569 -1 33401 -3093.92066542
690160139 -30.61095667 61.42089333 -2136.265802 346.576508 9998 33401 -2185.49835419
690281839 -33.19472833 60.34265 -2502.824735 691.5859084 9998 33401 -2646.12191946
690281172 -38.82200667 54.46277667 -2829.906547 1148.397388 -1 33401 -2795.44506187
690281972 -32.845215 53.46932833 -2876.10891 781.3455416 -1 33401 -2886.91610972
690288239 -38.77792833 55.26882667 -3067.16576 275.2586875 -1 33401 -2876.36151896
690288139 -39.47734 58.15754667 -3183.5545 567.9580993 -1 33401 -3167.494178
690160140 -30.64421 61.52423167 -2247.981406 387.2570757 9998 33401 -2271.63481078
690281840 -33.309245 60.46511167 -2467.561598 731.2678075 -1 33401 -2493.25599996
690281173 -38.76182333 54.632005 -2724.238948 950.8724187 9998 33401 -2832.6698209
390212735 -19.556315 41.81752667 -3351.375475 394.2054787 -1 33401 -3133.84767543
690281973 -32.94143667 53.77173 -2707.812018 913.96533 9998 33401 -2623.7341354
690288240 -39.22198333 54.96665333 -2753.50447 395.2082706 -1 33401 -3018.70134347
690288140 -40.52197333 58.533095 -3120.015352 912.3059513 -1 33401 -3143.61245818
690160141 -30.34636167 61.55667333 -2152.908886 582.0569645 -1 33401 -2150.24204704
690281841 -33.38493333 60.57913167 -2882.206179 1097.659145 9998 33401 -2723.38641465
690281174 -38.78592667 54.68044 -2863.094618 943.1921452 -1 33401 -2799.09664971
690281974 -33.09333167 53.87370333 -2541.396543 975.0171359 9998 33401 -2617.2618158
690288241 -39.84812 54.73574667 -2846.46065 372.7793175 -1 33401 -2942.99149707
690288141 -42.26827 57.99423333 -3178.71799 1295.923496 -1 33401 -3195.99232344
3902131105 1.351895 -6.742653333 -3098.487531 1341.772457 9998 33401 -3411.29183305
690160142 -30.66599833 61.22734833 -2229.414752 546.8613172 9998 33401 -2300.17579253
690281842 -32.74853 60.92483 -2940.741362 528.8397399 9998 33401 -2678.61188357
690281175 -38.62802 54.94816667 -3065.297588 631.2689964 9998 33401 -2896.83692031
390212737 -19.95548833 42.06805333 -3588.479273 370.0528181 -1 33401 -3670.49946741
690281975 -33.06557833 53.88900333 -2586.429207 1069.02425 9998 33401 -2603.17036199
690288142 -43.41883333 58.04344333 -3198.222693 941.2640592 9998 33401 -3146.26539624
690288242 -39.97447333 54.52180833 -3194.301788 197.2189612 9998 33401 -3038.46814876
690160143 -30.96186 61.090085 -2225.518706 428.7596464 9998 33401 -2177.30004769
690281843 -33.02243833 61.26987333 -2516.343787 719.4927622 -1 33401 -2467.04463212
690281176 -38.40175333 54.915695 -2822.950531 496.6497733 -1 33401 -2760.45037143
690281976 -33.03352 53.85564667 -2657.888037 1019.346021 9998 33401 -2619.9422369
690288243 -39.41858 54.51556 -2744.809208 306.8486711 9998 33401 -2850.6975076
690288143 -43.417195 58.037085 -3114.285945 960.7180577 9998 33401 -3155.6811665
690160144 -30.98525167 61.358935 -2165.685463 354.0456118 -1 33401 -2164.7354608
690281844 -32.52305 61.49799 -2537.828096 479.4239724 -1 33401 -2607.14617166
690281177 -38.39085 55.06922667 -2772.0628 525.7041191 -1 33401 -2775.21486008
690281977 -32.9264 54.10119 -2564.843595 1464.345856 -1 33401 -2593.51011758
690288144 -42.63614 58.28011 -2963.837289 399.6701657 -1 33401 -2957.35070041
690288244 -38.7861 54.79955 -3175.677214 363.2634556 9998 33401 -3055.08561678
690160145 -31.10642167 61.50542167 -2262.682034 344.2927698 9998 33401 -2220.70107957
690281845 -32.17224 61.42487 -2463.460412 408.1343185 -1 33401 -2267.81970923
390212891 -8.264926667 -24.94809667 -3528.156795 1842.8905 -1 33401 -3511.51664066
690281178 -38.34301167 54.91710333 -2844.460398 459.4637658 -1 33401 -2851.0694356
690281978 -32.76588667 54.34473333 -2709.632581 1044.264491 9998 33401 -2764.39497667
690288145 -40.95291333 58.56917333 -3095.601069 941.6902116 -1 33401 -3091.47930339
690288245 -39.16101 55.25553 -2999.769345 485.0840877 9998 33401 -3007.74651155
690160146 -31.33993 61.70928 -2495.706147 312.0330265 9998 33401 -2473.91468934
690281846 -32.772035 61.38808667 -2815.578005 600.8675448 -1 33401 -2765.59791533
690281179 -38.53802833 55.253705 -2919.644206 411.4116408 -1 33401 -2823.51414629
690288246 -39.098625 55.18317333 -3007.603726 398.7138356 -1 33401 -3028.25709243
690288146 -41.4906 58.70617333 -2959.826005 216.3965805 -1 33401 -2954.48980054
690160147 -31.4153 61.52781 -2190.161505 417.8649154 9998 33401 -2311.6477792
690281847 -32.48814 61.90493333 -2616.99292 840.3384172 -1 33401 -2762.90804438
390212893 -8.253061667 -24.92685 -3564.316115 1746.971417 -1 33401 -3950.05137921
690281180 -38.38265333 55.02967833 -2864.962896 546.72025 -1 33401 -2839.37773491
390212742 -20.50080667 42.28324167 -3568.897343 939.7916078 -1 33401 -3659.25817723
690288247 -38.80758167 55.46822167 -2857.033707 218.5131519 -1 33401 -2766.73211037
690288147 -40.94115167 58.77619333 -2993.995996 935.0461393 -1 33401 -2999.8375111
690160148 -31.55245667 61.57520333 -2355.729159 508.9573597 -1 33401 -2213.2777325
690281848 -31.931235 62.41760167 -2818.287186 1188.447334 -1 33401 -2759.80915949
690281181 -38.526705 55.33093667 -2900.077539 303.3296521 9998 33401 -2881.08779415
690288148 -40.18026 59.08703667 -2952.896053 1066.457893 -1 33401 -2991.94693954
690288248 -38.75511167 55.81002167 -3387.117612 404.3320919 9998 33401 -3226.65438027
690160149 -31.95380667 61.53406333 -2387.073979 595.8529134 9998 33401 -2593.47297999
690281849 -31.70146833 62.72927333 -2761.53723 755.0136587 -1 33401 -2610.97853145
690281182 -38.45437667 55.30268333 -2712.341679 354.402536 9998 33401 -2807.8916981
390212744 -20.56284833 42.27480333 -3361.976754 1160.30751 -1 33401 -3371.87270444
690288149 -39.51355 59.64940333 -2840.399569 270.0750425 -1 33401 -2855.69718415
690288249 -38.809045 56.088065 -3359.730656 565.6928255 -1 33401 -3381.30793428
690281850 -31.622 62.84608333 -2372.147937 614.6993112 9998 33401 -2179.18951476
690160150 -32.05349 61.71089 -2414.457408 636.5499745 -1 33401 -2364.79290933
690281183 -38.42718167 54.97466 -2784.79929 547.3988015 9998 33401 -2843.78747381
390212745 -20.52613 42.30093667 -3420.551474 1083.250704 -1 33401 -3436.90783281
690288250 -38.72596167 56.26965 -2990.71602 564.9465025 -1 33401 -2963.97360953
690288150 -37.74918833 59.737145 -3113.853463 1206.703035 9998 33401 -3100.87701308
690160151 -31.75498 62.00268333 -2348.796268 558.5882623 -1 33401 -2325.99152253
690281851 -31.68042333 62.65050667 -2708.765558 884.3242147 9998 33401 -2757.38407847
690281184 -38.65572333 54.98720167 -2963.687646 669.4078463 9998 33401 -2888.14114509
690288151 -35.62935167 59.67695 -2789.567112 769.7137581 -1 33401 -2680.96739723
690288251 -38.59462833 56.41043667 -2890.035737 633.0926044 9998 33401 -2950.83071991
69032687 21.29453 36.61299 -3754.156189 1061.600828 -1 33401 -4032.09282509
690160152 -32.01729 62.00270667 -2367.403273 873.5976581 -1 33401 -2565.0149552
690281852 -31.65015 62.69236833 -2732.219886 770.6218547 -1 33401 -2739.53700445
690281185 -38.03418 55.02996 -2978.333304 374.498854 -1 33401 -2652.66096111
690288252 -38.72287667 56.42194333 -2865.59765 664.7185148 -1 33401 -2941.86818807
690288152 -35.76712333 59.86303333 -3071.846929 1159.557092 9998 33401 -3082.59507446
69032689 21.0021 36.78311 -3786.281409 832.2903737 -1 33401 -3316.7328235
690281853 -31.80611167 62.99393 -2853.33971 399.924959 -1 33401 -2692.23363774
690160153 -32.04787 62.36924167 -2868.129136 1098.552974 -1 33401 -2884.7458068
690326810 20.99068667 36.69174167 -3583.390291 808.4146637 -1 33401 -3610.25038394
690281186 -38.50780167 54.91917333 -2891.383858 594.2144996 9998 33401 -2976.41663844
690288253 -38.73112667 56.52099333 -2821.583495 570.9459796 9998 33401 -2891.06017197
690288153 -35.26033 59.67469 -3000.613851 794.6355633 -1 33401 -2719.337807
690281854 -32.715805 63.10626167 -2871.877808 612.6617789 9998 33401 -2865.33620074
690160154 -33.10620333 62.31020833 -2923.822874 791.9382326 -1 33401 -2925.02166494
690326812 20.90749167 36.38248833 -3455.587338 640.0874421 -1 33401 -3300.77402343
690281187 -38.56733 54.88347333 -2884.550355 641.0969545 9998 33401 -2950.12183406
690288254 -38.30325833 56.66204833 -2955.445584 615.9175032 9998 33401 -2932.359946
690288154 -34.608205 59.98253 -3042.528099 1010.085628 -1 33401 -2770.85296182
690326813 20.93537333 36.06420667 -3175.20634 870.1350924 -1 33401 -3225.27731986
690160155 -32.33854833 62.54299333 -2914.980674 691.8460529 9998 33401 -2867.12066072
690281855 -32.67972167 62.86791167 -2896.350701 558.3099277 9998 33401 -2912.86396123
690281188 -38.56263 54.78803 -2981.327162 598.3706434 -1 33401 -2998.00835076
690288255 -38.16116667 56.69789833 -2994.51463 451.0580926 9998 33401 -2848.86282917
690288155 -34.30745667 60.16728667 -3054.199281 1017.793625 -1 33401 -3052.59833412
690326815 21.17782333 35.61201333 -3559.325724 1817.995027 -1 33401 -3547.30830553
3902131119 1.302041667 -6.546403333 -3018.126495 3166.126738 9998 33401 -3109.7249138
690281856 -32.8165 62.79090667 -2904.181857 832.0819318 -1 33401 -2898.83116588
690160156 -32.31898 63.165125 -2864.049861 212.1086401 9998 33401 -2849.37233994
690326816 21.32594 35.57178 -3674.504079 2032.346275 -1 33401 -3742.26925799
690281189 -38.816185 54.82264333 -3039.935202 865.2243319 9998 33401 -3095.26424215
390212751 -20.35047333 42.3609 -3566.920703 506.2650864 -1 33401 -3578.35496834
690288256 -37.92064833 56.67964333 -2686.58893 133.6774463 9998 33401 -2573.79984071
690288156 -34.1895 60.13424 -3049.325696 873.5858691 -1 33401 -3056.67765708
3902131120 1.13404 -6.30418 -3183.758738 4504.538586 -1 33401 -3211.52324895
690160157 -32.31132 63.43899 -2824.911479 734.7873169 9998 33401 -2829.29103482
690281857 -32.62526833 62.90091667 -2895.366724 522.1433542 9998 33401 -2920.45337618
690326818 21.65083 35.79187333 -3829.516976 380.5805464 -1 33401 -3683.3656789
690281190 -38.78247667 54.78887667 -3056.549468 789.6458417 9998 33401 -3066.04743617
690288157 -34.02675 59.84715 -2700.555716 561.354577 -1 33401 -2591.31861504
690326819 21.81024167 35.861785 -3407.883387 1093.707352 9998 33401 -3639.85947498
3902131121 1.134401667 -6.226186667 -2623.686457 4041.141283 9998 33401 -2486.29224106
690160158 -31.597735 63.49368667 -2830.76253 1463.090845 9998 33401 -2820.05104693
690281858 -32.399615 63.19282833 -2862.090079 401.0004731 9998 33401 -2846.74027122
690326820 21.958355 35.80865333 -3632.46861 1832.506998 9998 33401 -3648.18274693
690281191 -38.763075 54.74085 -3181.550669 824.5914032 -1 33401 -3186.58348225
690288158 -33.57132 59.83029 -2281.598677 734.1010372 -1 33401 -2291.09033816
690288258 -37.67343667 57.618165 -2708.873575 364.1189395 -1 33401 -2666.38992697
690326821 21.98916833 35.68745833 -3455.798058 1817.525626 -1 33401 -4148.76414947
3902131122 1.108563333 -6.320196667 -3047.549149 4771.317776 -1 33401 -3237.58643619
690160159 -31.19022667 63.57869833 -2708.578241 1142.573726 -1 33401 -2686.57163493
690281859 -31.98399667 63.59097167 -2805.337289 1132.453441 9998 33401 -2813.80324641
690326822 22.000775 35.59606667 -3827.632406 2134.419148 -1 33401 -3791.70641083
690281192 -38.67089 54.59025667 -2798.583776 1120.51155 9998 33401 -2942.76780264
690288159 -33.23171 60.05601 -2628.132926 935.3021237 -1 33401 -2403.83251541
690288259 -37.80058333 57.79936167 -3258.782547 678.2813533 9998 33401 -3269.20375705
690326823 21.96481 35.506345 -3656.961151 2047.768486 -1 33401 -3619.0714827
690160160 -30.71283 63.8337 -2465.949113 323.3233836 -1 33401 -2479.81075051
690281860 -31.51411 63.749895 -2773.055896 1444.379106 -1 33401 -2763.50240126
690326824 21.786865 35.32027333 -3435.396728 2282.121386 -1 33401 -3361.68887611
690281193 -38.57086333 54.45500167 -2906.163006 1080.246842 -1 33401 -3100.6027902
690288160 -32.71364 60.0532 -2392.24869 834.6994327 -1 33401 -2342.54078174
690288260 -37.68203 58.00292 -3079.148079 476.528914 -1 33401 -3060.49559619
690326825 21.5399 35.31066 -3414.885703 2355.442738 -1 33401 -3438.90784641
690160161 -30.51120333 63.91624 -2322.998946 494.059851 -1 33401 -2351.17085837
690281861 -30.88385833 64.01434667 -2665.474216 489.6926486 -1 33401 -2678.05958565
690326826 21.33664667 35.35896167 -3324.001494 2256.351797 -1 33401 -3225.83631362
690281194 -38.260465 54.29668667 -3022.490414 521.5588169 9998 33401 -2982.1003735
690288161 -32.07455833 60.36057667 -2253.08622 510.6224273 9998 33401 -2216.94217841
690288261 -37.20933 58.08353667 -2820.2359 575.3351474 9998 33401 -2959.27118587
690326827 21.25093833 35.38268667 -3046.26714 2025.765815 -1 33401 -2979.53778246
690281862 -30.96376 64.03137 -2666.448684 573.717996 -1 33401 -2660.1534379
690326828 21.22087 35.35447 -3049.210213 2055.50962 -1 33401 -3097.62946292
690281195 -38.17458167 54.121315 -3141.693125 974.7444266 9998 33401 -3095.59879265
690288162 -31.60272 60.60695 -2212.862444 440.7100388 9998 33401 -2367.3995732
690288262 -37.11233 57.77210333 -2906.316828 422.9680523 9998 33401 -2909.40764804
69029832 -10.07615167 -9.85937 -3841.70554 1206.720995 -1 33401 -3837.09989542
690326829 21.05658667 35.32103333 -3063.896486 1944.41134 -1 33401 -2960.89411083
69029833 -10.139625 -9.840001667 -3781.149582 1110.932371 9998 33401 -3802.27687742
690281863 -30.71836833 64.11556667 -2599.934475 613.6716848 -1 33401 -2653.21991298
690326830 20.94881833 35.45391167 -2857.310538 1582.444558 -1 33401 -2851.40967431
690281196 -38.18715167 54.00202333 -2904.3233 1678.255045 9998 33401 -2923.00172384
690288163 -31.6171 60.69428 -2205.986518 425.1465675 -1 33401 -2144.49918774
690288263 -37.198835 57.53211833 -2847.735793 51.88536169 9998 33401 -2753.59303572
690326831 20.88208833 35.55291167 -2843.574288 1263.863466 -1 33401 -2869.11584911
69029842 -22.97584833 0.003593333 -3887.22661 2972.944894 -1 33401 -3954.3888472
690281864 -31.52205333 64.404035 -2589.121558 1084.067456 -1 33401 -2528.35101202
690326832 20.83451667 35.6636 -2869.010244 976.4373516 -1 33401 -2972.86480886
690281197 -38.26363667 53.89553333 -2897.507811 1840.016775 -1 33401 -2912.66206026
69029838 -10.25525167 -9.644386667 -3513.344318 905.0693233 9998 33401 -3637.66131207
390212759 -22.22913833 42.93596167 -3259.220952 576.9829564 -1 33401 -3216.51283326
690288164 -31.70490333 60.83890333 -2354.884984 551.6230855 -1 33401 -2348.11370836
690288264 -37.105285 57.41774333 -2680.552574 170.0306227 9998 33401 -2860.32699257
69029839 -10.26571 -9.63711 -3692.258806 932.4822 9998 33401 -3593.20977212
69029846 -22.94740167 -0.031151667 -3862.811091 3031.33783 -1 33401 -3892.55234285
690298310 -10.29972833 -9.676131667 -3759.67616 976.2042702 9998 33401 -3700.07578078
690281865 -31.96888167 64.52687333 -2493.225494 816.150318 -1 33401 -2444.81320403
690326834 21.02239333 35.51839 -2818.116112 1493.895822 -1 33401 -2806.62832886
690298311 -10.30021667 -9.677083333 -3793.867669 965.752598 9998 33401 -3702.69478071
690281198 -38.00885333 54.04282833 -2786.981843 1176.819941 9998 33401 -2899.17074821
390212760 -22.13984667 42.97142667 -3187.884609 618.0621191 -1 33401 -3147.30216682
690288165 -31.44157667 61.27724833 -2326.400141 589.4064095 9998 33401 -2177.29293461
690288265 -36.68548 57.56255667 -2573.869457 517.2836534 9998 33401 -2528.6969716
690298312 -10.30654333 -9.703058333 -3828.050995 988.2571934 9998 33401 -3788.69097157
690326835 20.82171333 35.69499167 -2937.542789 934.5342259 -1 33401 -2904.43403931
690298313 -10.30539 -9.706481667 -3826.09723 984.5899235 9998 33401 -3808.49978642
690298410 -22.86985333 0.085436667 -3871.600945 2647.914239 -1 33401 -3844.36233741
690281866 -31.2184 64.24431 -2614.580508 1002.406623 9998 33401 -2626.43402604
690326836 20.79935 35.74042 -2928.720027 848.6795376 -1 33401 -2948.30765893
690298314 -10.35807667 -9.6965 -3639.473025 901.4116199 9998 33401 -3641.98164163
690281199 -37.95052833 54.30494167 -2801.587344 321.0482922 9998 33401 -2838.00723837
690298411 -22.86946667 0.08853 -3791.502435 2559.707474 -1 33401 -3830.29831631
390212761 -21.887875 43.06740333 -2615.435323 1326.209636 -1 33401 -2587.29922157
690298315 -8.97073 -9.70804 -3639.47174 1303.425094 9998 33401 -3807.70075015
690288166 -31.0021 61.23261 -2196.092498 408.2879495 -1 33401 -2097.74726165
690288266 -36.15153667 57.98730333 -2720.526494 431.7625244 -1 33401 -2585.58897599
690326837 20.70700333 35.87481667 -2821.946357 562.8699588 -1 33401 -2850.84803053
690298316 -10.37542833 -9.693266667 -3635.563323 919.7639362 9998 33401 -3632.31761608
3902131130 0.850985 -7.609351667 -3800.920414 3429.289156 9998 33401 -4261.35197233
690298317 -10.37602167 -9.675355 -3600.371626 908.1224024 -1 33401 -3618.94998411
690281867 -30.27427167 64.53692333 -2371.853603 564.4428234 -1 33401 -2389.67559507
690326838 20.6289 36.11795 -2802.295734 293.3006378 -1 33401 -2865.84255654
690298414 -22.82693833 0.033643333 -3719.193701 2664.768303 -1 33401 -3694.0375588
6902811100 -37.84672833 54.46443833 -3090.82035 109.1725025 9998 33401 -3081.27740303
690298318 -10.39160667 -9.629255 -3595.48822 880.9236005 9998 33401 -3530.4431911
390212762 -21.715685 42.976685 -2454.710759 1226.681279 -1 33401 -2467.71804317
690288167 -31.35907 61.17807 -2459.592085 606.2869342 9998 33401 -2402.39742381
690288267 -36.37251333 58.15778667 -2539.486913 186.9256581 -1 33401 -2539.69796892
690298415 -22.812435 -0.011693333 -3780.755368 2898.259057 -1 33401 -3812.13598378
690326839 20.61891333 36.24907667 -2954.041553 194.9611043 -1 33401 -2824.18940821
690298319 -10.42342333 -9.574313333 -3453.68161 832.6392233 9998 33401 -3552.52167951
690298416 -22.85091833 -0.04747 -3792.479453 2954.817735 -1 33401 -3716.52485732
690298320 -10.43911333 -9.543673333 -3368.553449 811.0494563 9998 33401 -3580.17948017
690281868 -31.17817833 64.42889833 -2535.315404 681.8476797 -1 33401 -2565.10417717
690326840 20.69991833 36.19178667 -2915.87687 293.6252952 -1 33401 -2937.45606207
690298321 -10.44502 -9.48897 -3444.885294 814.485625 9998 33401 -3592.72923285
6902811101 -37.82083 54.49588 -3075.185395 101.1192649 -1 33401 -3138.0425459
390212763 -21.498265 42.87861 -2700.707038 1088.015404 -1 33401 -2402.09618669
690288168 -31.82189833 61.88708167 -2419.319966 590.1925205 -1 33401 -2521.11651489
690288268 -36.54005333 58.23419833 -2934.540362 264.240679 -1 33401 -2958.19268351
690298322 -10.47948833 -9.447613333 -3620.926839 836.2992042 9998 33401 -3573.6114186
690326841 20.730325 36.12108167 -2880.646151 365.4127426 -1 33401 -2779.28778639
690298323 -10.49826667 -9.400646667 -3516.304255 827.2855581 9998 33401 -3531.36562283
690281869 -31.62936167 64.34710333 -2584.241655 1163.961178 -1 33401 -2592.9815594
690326842 20.72161333 36.03120167 -2780.765376 413.0937341 -1 33401 -2789.76994784
690298324 -10.48086 -9.3808 -3587.693202 840.485051 9998 33401 -3551.65356129
6902811102 -37.411235 54.53192833 -2984.324982 494.9441162 9998 33401 -2989.96692169
390212764 -21.22574333 42.61365 -2645.917075 1892.533075 -1 33401 -2558.71309839
690298325 -10.54584 -9.26579 -3523.164574 827.5947336 9998 33401 -3704.29512686
690288269 -36.81745333 57.99771667 -2337.791762 478.6349061 -1 33401 -2270.80438203
690288169 -31.67093333 62.75123167 -2782.057726 848.9074136 -1 33401 -2495.21826743
690326843 20.78312333 35.85157833 -2810.197768 689.5226185 -1 33401 -2912.78993784
690298422 -23.06812833 0.051688333 -3876.484097 2845.98074 -1 33401 -3868.35241014
690298326 -10.58037 -9.260845 -3681.549833 855.2097249 9998 33401 -3507.05906331
690298423 -23.07343167 0.063501667 -3863.787744 2848.650561 -1 33401 -3864.82794201
690298327 -10.58531 -9.253471667 -3480.128177 818.1148084 9998 33401 -3554.52193457
690176371 -17.59474667 44.03564167 -3857.837403 937.6473556 9998 33401 -3918.13205651
690281870 -30.90520833 64.19666167 -2606.76547 713.7272251 -1 33401 -2627.49687937
690326844 21.03751 35.74216 -2945.362462 1288.256804 -1 33401 -3070.63551334
690298424 -23.093005 0.052818333 -3819.833279 2777.47244 -1 33401 -3819.47689988
6902811103 -37.54148 54.49309333 -3011.692083 348.2403274 -1 33401 -3018.52950716
690298328 -10.54584 -9.19437 -3419.475849 801.1832552 9998 33401 -3720.2382875
390212765 -21.04537167 42.52252667 -3481.975748 2028.994417 9998 33401 -3384.71508266
690288170 -31.51199 63.30941 -2599.110103 1177.681471 -1 33401 -2615.82903691
690288270 -36.88121667 57.81400167 -3150.461343 653.2936797 9998 33401 -3028.64523208
690298425 -23.08010167 0.049565 -3831.555322 2839.902622 -1 33401 -3878.85585925
690326845 21.03702167 35.68969333 -2884.671992 1106.316995 -1 33401 -2918.73930975
690298329 -10.59411333 -9.216596667 -3453.718266 829.4240937 9998 33401 -3589.45197852
690298426 -23.67054 0.10855 -3854.997495 2922.141935 9998 33401 -3492.11177038
690298330 -10.612355 -9.219176667 -3503.607813 810.6414228 9998 33401 -3532.39787122
690281871 -30.03974833 64.45032667 -2266.102344 1125.92034 -1 33401 -2330.92425112
690326846 21.12480333 35.54614 -2938.559976 1560.602654 -1 33401 -2918.62522476
69035713 -0.874346667 73.73198333 -2633.578438 119.5929971 -1 33401 -2937.8293311
690298331 -10.65319 -9.19119 -3722.601646 848.0657535 9998 33401 -3642.92947793
6902811104 -37.42065333 54.51271833 -2977.490213 531.6552929 9998 33401 -3009.09984987
690288271 -36.97510333 57.64014667 -2640.392852 318.6391457 -1 33401 -2603.91927266
690288171 -31.61587833 63.78741167 -2765.229719 1278.653204 -1 33401 -2755.58337716
690298332 -10.72790833 -9.217083333 -3738.232774 838.2801952 9998 33401 -3640.70951774
690326847 21.09763 35.4065 -2905.306692 1825.788071 -1 33401 -2929.38785874
690298333 -10.77411333 -9.207738333 -3635.615991 811.4875945 9998 33401 -3614.92827249
690298430 -23.04054167 0.087371667 -3877.460678 2754.575769 -1 33401 -3886.36322835
690281872 -30.27567667 64.15828667 -2123.08405 577.3061783 -1 33401 -2272.02062041
690326848 20.95488833 35.357555 -2901.402363 1701.76649 -1 33401 -2933.60308538
69035714 -0.924876667 73.61234167 -2684.409187 58.26631407 -1 33401 -2991.28472064
690298334 -10.78560667 -9.209968333 -3624.862573 802.8898515 9998 33401 -3612.45985498
690355740 -3.241285 70.62587167 -2178.028045 4040.365004 9998 33401 -2589.31739165
6902811105 -37.2152 54.41638 -3083.020176 684.6145222 9998 33401 -3092.07061298
390212767 -20.98610333 42.12151833 -3444.036958 1254.692876 9998 33401 -3310.73719471
690298335 -10.78926167 -9.16197 -3611.180982 815.3156223 9998 33401 -3536.40574387
690288172 -33.127115 63.94456667 -2490.3948 503.0071959 9998 33401 -2466.96884039
690288272 -37.29638 57.44926 -3143.724477 125.6572422 -1 33401 -3127.37065075
690326849 20.84859167 35.35929 -2912.172707 1556.036787 -1 33401 -2923.45820134
690298336 -10.78926667 -9.14338 -3599.450837 810.0510032 9998 33401 -3500.74635328
690298337 -10.76727 -9.19364 -3527.084094 788.730914 9998 33401 -3606.32039712
690176374 -17.61245333 43.82034167 -3557.662246 1444.922735 9998 33401 -3466.39886715
690281873 -30.364935 64.16604167 -2273.005768 666.1825882 -1 33401 -2338.31955925
690326850 20.90151 35.39744 -3012.01189 1688.087558 -1 33401 -2948.1106371
690355741 -4.271415 70.72989833 -2351.326164 2264.282018 -1 33401 -2259.42373168
690298434 -22.96265 0.07236 -3699.646726 2617.504021 -1 33401 -3704.45158954
6902811106 -37.15612333 54.50521333 -2921.788847 744.9609959 9998 33401 -2952.62146872
690298338 -10.763545 -9.147175 -3472.312978 761.9637254 9998 33401 -3552.07483934
690288173 -33.92484 63.537445 -2612.759352 947.7423805 9998 33401 -2633.57289378
690288273 -38.372115 57.54679167 -3120.270568 485.117368 -1 33401 -3078.63487187
690326851 20.98085333 35.37442 -2893.564483 1750.146236 -1 33401 -2901.15213061
690298339 -10.76727 -9.1222 -3603.363805 805.1808627 9998 33401 -3509.0079059
690298340 -10.79040667 -9.147361667 -3604.338867 816.3035648 9998 33401 -3506.73391445
690176375 -17.54786167 43.760195 -3375.186114 1666.27046 9998 33401 -3275.40627253
690281874 -30.29507667 64.77606333 -2179.833205 920.5393232 -1 33401 -2164.85634925
690326852 20.84203 35.2802 -2952.333975 1490.06634 -1 33401 -2965.45947976
690355742 -4.682683333 70.43216667 -2793.32147 940.5994354 -1 33401 -2780.19103221
690298341 -10.795205 -9.148328333 -3595.539489 806.4509855 9998 33401 -3501.95063469
6902811107 -37.28009833 54.47099 -3026.352039 589.5934032 9998 33401 -3040.39389806
69029721 -30.01014 47.82499 -3487.103398 1039.572442 -1 33401 -3439.5889233
69017561 -29.98342 47.80189 -3480.282518 1079.095171 9998 33401 -3444.34724746
690288174 -34.30406333 63.073505 -2741.91701 760.3346631 9998 33401 -2767.479386
690288274 -38.34432333 57.19817167 -3253.09258 744.9362743 9998 33401 -3251.30966081
690298342 -10.78444167 -9.153765 -3608.248877 810.2587992 9998 33401 -3527.65683141
690326853 20.77020667 35.29549 -2958.203747 1372.677044 -1 33401 -3007.53148785
690298343 -10.775425 -9.156751667 -3613.136814 799.9496476 9998 33401 -3546.52305994
3902131138 0.68984 -8.20404 -3523.268007 2092.184349 9998 33401 -4176.05575469
690176376 -17.54357 43.74048167 -3166.160363 1806.989004 9998 33401 -3184.79340656
690281875 -31.48429167 64.65198667 -2393.37229 727.5137294 -1 33401 -2398.84766284
690326854 20.67416833 35.41107833 -2974.815105 1231.632622 -1 33401 -2967.56228347
690298344 -10.76189833 -9.147375 -3479.160684 756.2138967 9998 33401 -3556.02693177
690355743 -5.756971667 70.61229667 -2466.805949 1589.677793 -1 33401 -2455.82142004
6902811108 -37.08473667 54.38623667 -3070.331299 644.3355699 9998 33401 -2998.61736279
69029722 -30.421685 47.941575 -3364.12626 1163.898677 9998 33401 -3658.02213064
69017562 -30.40558667 47.93942333 -3429.508241 1193.50801 9998 33401 -3567.5654146
690298345 -10.74347833 -9.136146667 -3588.696628 796.9319054 9998 33401 -3585.34080228
690288175 -34.47970833 63.19905333 -2695.944682 562.9684198 9998 33401 -2700.69971993
690288275 -38.83104333 57.75329833 -3233.428125 367.8069656 9998 33401 -3234.04785313
690326855 20.572975 35.58370167 -3073.610519 616.2613115 -1 33401 -3106.65152451
690298442 -22.821195 0.06795 -3702.578882 2538.671645 -1 33401 -3707.17595358
690298346 -10.68896 -9.08299 -3704.046485 838.3289118 9998 33401 -3773.92900028
3902131139 0.791906667 -8.584011667 -3099.328585 1373.949156 -1 33401 -3387.60195421
690298443 -22.83292167 0.068888333 -3661.525225 2508.407777 -1 33401 -3711.35627339
690298347 -10.72158333 -9.05902 -3584.793556 794.6826285 9998 33401 -3735.51942497
690176377 -17.50116667 43.86008 -3407.370878 1486.454669 -1 33401 -3468.17984476
690281876 -31.60160833 64.68492167 -2363.995882 620.1044742 -1 33401 -2380.22316402
690326856 20.486685 35.77474667 -3131.2759 142.6596509 -1 33401 -3091.95252998
690355744 -6.455401667 70.37927667 -2536.284455 899.5522077 -1 33401 -2595.58103358
690298444 -22.84935 0.03618 -3725.05745 2688.942717 -1 33401 -3810.60310451
6902811109 -36.99806833 54.3094 -2864.165012 609.6467407 -1 33401 -2777.68559566
690298348 -10.72783333 -9.010005 -3488.956538 781.8461941 9998 33401 -3634.31504782
69029723 -30.49770333 47.82526167 -3608.026088 1183.934614 -1 33401 -3747.56204467
69017563 -30.5604 47.81909 -3755.191707 1212.764339 9998 33401 -3458.94817781
690288176 -34.12778333 63.38429167 -2644.084415 810.3513159 9998 33401 -2663.62994491
690288276 -38.30181833 57.636445 -3197.355138 524.885388 -1 33401 -3222.64799624
690326857 20.34791 35.98753167 -3125.348854 175.1065431 -1 33401 -3093.48714342
690298349 -10.75247167 -8.980995 -3383.289324 763.5407952 9998 33401 -3513.83253162
690298446 -22.846675 0.015966667 -3677.165635 2710.680192 -1 33401 -3805.2154383
690298350 -10.76724667 -8.914886667 -3758.7832 827.4183631 9998 33401 -3637.45329449
690176378 -17.33646833 44.12488667 -3587.800081 1099.125405 9998 33401 -3630.78994446
690281877 -32.391005 64.87597833 -2003.358989 1590.562652 -1 33401 -2015.03856189
690326858 20.206625 36.220465 -3214.274674 325.0417288 -1 33401 -3262.57172242
690298447 -22.83395667 0.001203333 -3696.714566 2791.371003 -1 33401 -3698.71399994
690355745 -6.999493333 70.26277667 -2398.366822 2164.504733 -1 33401 -2367.3722814
69029783 -41.72135667 47.66729833 -3513.489893 5613.033549 9998 33401 -3732.35865232
6902811110 -37.0378 54.38260167 -3044.936055 704.2194726 9998 33401 -2807.87179874
69017564 -30.381195 47.74216333 -3234.341052 1082.529696 9998 33401 -3257.19612735
69029724 -30.29976333 47.72155333 -3658.7508 1273.343861 9998 33401 -3506.14377952
690298448 -22.82069333 0.020153333 -3727.989273 2721.879461 -1 33401 -3713.57431996
690288177 -33.96689167 63.33464333 -2741.863784 682.8764523 9998 33401 -2727.72440178
690288277 -38.81947 58.24177 -3211.831297 1100.675259 -1 33401 -3199.38401131
690326859 20.05543 36.29071 -3221.098642 307.1924513 -1 33401 -3285.02160198
690298449 -22.77872333 0.012575 -3846.207019 2860.949438 -1 33401 -3990.63820952
690176379 -17.18650667 44.19151333 -3706.737258 1074.739243 9998 33401 -3865.74335986
690326860 20.060335 36.22902 -3208.405918 419.2594894 9998 33401 -3275.32634429
690355746 -6.81844 70.30156667 -2444.349402 1278.440498 -1 33401 -2486.74574625
6902811111 -36.987155 54.409975 -2594.142147 1051.223716 9998 33401 -2508.69721624
69029725 -30.21424 47.66245 -3546.650833 1321.138673 -1 33401 -3482.59303742
69017565 -30.29841167 47.63164667 -3528.131194 1339.850431 -1 33401 -3528.61213316
690288178 -33.19923 63.5321 -2737.913896 890.4928548 9998 33401 -2754.5048687
690288278 -39.230745 58.27004167 -3198.16271 776.5559013 -1 33401 -3210.00565731
690326861 20.05268667 36.17122167 -3294.446574 565.6093937 9998 33401 -3196.27813894
690298452 -22.713995 0.049121667 -3602.863977 2511.232287 -1 33401 -3548.08060383
69029701 -51.05096167 52.82215 -2404.495665 7217.681587 9998 33401 -2227.43968579
69030291 -51.0156 52.82976 -2350.594833 6796.720133 9998 33401 -2314.99565224
690298453 -22.75272333 0.13847 -3578.417105 2207.238352 -1 33401 -3595.82438387
690281879 -36.06018833 62.603455 -2639.348807 577.4469814 9998 33401 -2614.7256008
690326862 20.084305 36.07274833 -3294.475066 652.020866 9998 33401 -3231.41637524
69030301 -52.94772 56.59886 -3465.860225 1841.510361 -1 33401 -3418.76770873
69029761 -52.946665 56.58779833 -3468.787777 1886.638893 -1 33401 -3414.88714279
69030341 -51.1225 59.03627 -3491.469205 1406.975976 9998 33401 -3491.84278645
69030321 -51.15711 59.02619167 -3493.42098 1437.273513 9998 33401 -3491.97938525
690355747 -6.472973333 70.416545 -2516.71925 1453.774879 -1 33401 -2518.09477893
690298454 -22.74326333 0.172746667 -3629.263305 2099.86839 -1 33401 -3677.71076502
6902811112 -36.88227 54.54061 -2703.716164 1293.078152 9998 33401 -2964.34004989
69017566 -30.33573 47.62396 -3514.479234 1286.979135 -1 33401 -3418.22523961
69029726 -30.28270833 47.63367333 -3545.685004 1330.172955 -1 33401 -3524.99931793
69028861 -46.99556 59.45063 -2527.473668 1623.78614 -1 33401 -2480.28530969
69028881 -47.02317167 59.42693 -2547.05255 1083.588821 -1 33401 -2607.59397761
690288179 -33.59226667 63.843545 -2521.725369 765.7622799 9998 33401 -2561.91946285
690288279 -38.76555667 58.15757 -2992.19498 940.2309261 -1 33401 -3008.13189458
69035721 0.410668333 70.239785 -3169.091031 1219.024637 -1 33401 -3038.25848655
690326863 20.03218667 35.986545 -3218.251584 517.4228274 -1 33401 -3229.87339279
690298359 -10.946 -8.97392 -3402.862361 759.3301948 9998 33401 -3559.31049813
690298360 -11.02438 -8.97731 -3314.772742 753.5747439 9998 33401 -3421.1267108
690281880 -37.10504 62.78581 -2175.250433 1197.615844 9998 33401 -2166.70245052
690326864 19.99899167 35.92038 -3209.470601 856.4060427 -1 33401 -3206.14973234
69030342 -52.64271167 59.15804667 -3486.56231 1149.336491 9998 33401 -3474.97881782
69030302 -52.827045 56.22180667 -3506.909344 2325.525392 9998 33401 -3506.95106501
69029762 -52.926645 56.327985 -3506.877595 2457.922553 -1 33401 -3552.6753067
69030322 -52.54233 59.17369 -3487.532343 1267.525578 9998 33401 -3477.80417585
690355748 -6.856118333 70.382685 -2492.272074 982.4873318 -1 33401 -2406.7179831
6902811113 -36.69381 54.50159 -2885.623831 1922.555681 -1 33401 -2896.08630548
69028882 -49.32847 60.10677 -2971.21122 526.1661809 -1 33401 -3014.28231831
69028862 -49.20808167 60.180135 -2925.284852 3843.157651 -1 33401 -3014.89452235
69029727 -30.43672833 47.63005 -3232.421177 1159.860079 -1 33401 -3241.25848832
690355612 -3.303141667 66.99327667 -3132.67158 313.8458497 -1 33401 -3242.421506
69017567 -30.48935833 47.71527833 -3404.208763 1132.380967 -1 33401 -3387.04113995
690288180 -33.35657 63.43634 -2754.549868 847.1528423 -1 33401 -2771.61466116
690288280 -38.66773167 58.786335 -3142.400352 928.6129893 -1 33401 -3152.67774417
690297514 -40.11552167 51.53471333 -3473.249487 2048.289805 -1 33401 -3353.99680266
690326865 20.08914 35.88677 -3171.344049 783.2026181 -1 33401 -3193.10316966
69030293 -48.99852167 51.36347167 -2703.49989 5222.571389 9998 33401 -2791.77037244
69029703 -48.66518833 51.36510333 -2992.982541 2169.676778 9998 33401 -3049.72748115
690297515 -40.28136167 51.64437 -2613.380621 1701.693039 9998 33401 -2998.05542884
690298361 -10.95316667 -9.145411667 -3509.483975 768.9518835 9998 33401 -3472.54632604
690281881 -38.230585 62.7247 -2203.681382 1095.548782 9998 33401 -2242.61613578
690297516 -40.28685 51.73981167 -2842.325506 2036.7657 9998 33401 -2897.59362777
690326866 20.09925 35.95347333 -3186.971764 715.5543331 -1 33401 -3245.84283937
69030343 -52.94560333 59.646245 -3407.481536 1766.187788 9998 33401 -3420.08418848
69030303 -51.77075 55.97944 -3476.766032 1558.117641 9998 33401 -3491.93178447
69030323 -52.95966 59.67391 -3404.549592 1767.96524 9998 33401 -3430.9035642
69029763 -51.72268167 56.136755 -3546.890966 802.2606681 9998 33401 -3555.25716955
690298458 -22.76493667 0.254548333 -3754.373496 1790.216262 9998 33401 -3517.5112429
690355749 -6.51385 70.00597 -2278.981911 774.7693376 -1 33401 -2402.86574838
6902811114 -36.61164333 54.54767167 -2797.616241 1727.975673 9998 33401 -2774.21887837
690297517 -40.47523 51.87752 -2801.212011 1874.863141 -1 33401 -2854.73848561
69028883 -51.74686667 60.90314833 -3068.664864 1337.056107 -1 33401 -3095.1940801
69028863 -51.69967167 60.65017167 -3145.832931 1106.724306 -1 33401 -3223.14997526
69029728 -30.52030833 47.76104833 -3452.980247 1114.458895 9998 33401 -3547.50200852
69017568 -30.57719667 47.82257 -3754.216236 1203.625327 9998 33401 -3552.93391079
690288181 -34.00297667 63.24428667 -2764.363084 717.4339727 9998 33401 -2759.96984162
690288281 -38.71361167 59.0611 -3093.524049 1071.215482 -1 33401 -3106.33857945
690326867 20.10918167 36.02383667 -3186.952099 616.738183 -1 33401 -3184.36799566
69030294 -47.24285667 50.84250667 -2845.489417 1494.187513 -1 33401 -2850.76648374
69029704 -47.158315 50.98617667 -3084.937869 1495.282719 -1 33401 -3114.74338887
690176383 -16.83938 44.34829833 -3865.519129 1056.532507 9998 33401 -3694.54404826
690281882 -38.29742833 62.11682667 -2324.290616 1042.692727 9998 33401 -2331.34435784
690326868 20.10093667 36.09316333 -3227.020639 573.6060414 9998 33401 -3271.08037721
69030344 -52.09345 60.11991 -3345.934744 427.8176375 9998 33401 -3337.72253423
69030324 -52.06196667 60.14241333 -3351.778745 403.1107202 9998 33401 -3335.3368614
69030304 -51.52408833 56.72894 -3564.250848 493.5812423 9998 33401 -3556.12721366
69029764 -51.96471833 57.07481 -3533.941436 299.0822524 9998 33401 -3538.30234896
690355750 -7.22573 69.3273 -2281.033381 2645.435488 -1 33401 -2344.43571622
6902811115 -36.57695167 54.53913667 -2787.838783 1674.26099 9998 33401 -2781.09374861
690297518 -40.42417 51.93737 -2798.262531 2040.604158 -1 33401 -2712.76559396
69028884 -52.66815667 61.48430833 -3072.430338 2831.835928 9998 33401 -2979.76848122
69028864 -52.20773833 61.23378833 -3041.251176 666.5400934 -1 33401 -3034.59472094
690355614 -3.08705 67.42287667 -3267.151868 310.9257107 -1 33401 -3203.82127924
69017569 -30.71222 47.91263333 -3492.927917 1215.778078 -1 33401 -3508.71531633
69029729 -30.539995 47.78220667 -3755.204427 1224.185907 9998 33401 -3659.04924945
690288182 -34.9194 63.57226 -2420.97113 905.4910526 -1 33401 -2418.61936283
690288282 -39.69955833 58.95019667 -3050.593493 1164.489297 -1 33401 -3053.53843785
690326869 20.07971333 36.125655 -3256.339339 567.1246578 9998 33401 -3218.58907166
69030295 -47.00807333 50.60804167 -2960.930566 2058.975734 -1 33401 -2995.11496729
69029705 -46.88365167 51.66696167 -3864.877774 2600.159924 9998 33401 -3860.06198111
690176384 -16.90515 44.21367667 -3716.477584 1218.55731 -1 33401 -3671.12311236
690281883 -38.59647333 61.53406667 -2417.427652 753.2853672 -1 33401 -2420.92136508
690326870 20.03071167 36.10975167 -3246.56834 690.0071194 9998 33401 -3206.66230886
69030345 -52.10415667 59.93452833 -3368.408876 705.0084913 9998 33401 -3375.1599648
69030325 -52.11759333 59.92109667 -3374.262013 759.9426206 9998 33401 -3376.21227134
69029765 -52.138635 57.78965667 -3509.369171 1012.095926 -1 33401 -3542.37208171
69030305 -50.80613333 56.62902667 -3595.457512 419.5560496 -1 33401 -3602.22509339
690298460 -22.69930667 0.153808333 -3851.090554 2323.687429 -1 33401 -3876.15636103
690355751 -7.175268333 68.85539 -2341.801199 936.2470489 -1 33401 -2312.98335859
6902811116 -36.53681833 54.57285 -2735.013593 1896.936539 -1 33401 -2672.76182787
690297519 -40.19025 51.867335 -2653.46356 2102.128581 -1 33401 -2694.91930691
69028885 -54.9329 62.00982 -2710.852843 1619.792384 9998 33401 -2711.70064069
69028865 -54.44563 61.53887167 -2921.065471 2149.365703 9998 33401 -2861.46982541
690297210 -30.556735 47.68588167 -3548.59359 1146.36063 -1 33401 -3573.83492323
690175610 -30.89011 48.05949 -3716.135494 1578.641717 9998 33401 -3790.05335438
69029739 -37.77934333 49.5113 -3721.487708 4815.985578 9998 33401 -4073.88662025
690288283 -39.73985333 59.47169833 -2934.243503 311.1343381 9998 33401 -2944.28930745
690326871 20.00969 36.14337 -3160.5154 666.0330057 9998 33401 -3200.6734744
69030296 -46.72043667 51.18076333 -3299.70446 2573.886528 -1 33401 -3287.66360422
69029706 -47.10241167 51.668085 -3765.564114 2844.825522 9998 33401 -3772.78311763
690298364 -10.9177 -8.742673333 -3632.731315 736.8158512 9998 33401 -3528.0039502
690176385 -16.96415167 44.14212667 -3538.046322 1331.489958 -1 33401 -3513.38853001
690281884 -38.45897333 61.49964333 -2509.448334 603.7920606 -1 33401 -2473.14778763
690326872 19.965925 36.10569833 -3219.195636 795.7307939 9998 33401 -3167.71969731
69030346 -52.19347 59.63393 -3415.283029 1344.543388 9998 33401 -3417.40297311
69030326 -52.37961 59.56115 -3412.378789 1606.334771 9998 33401 -3405.30058518
69030306 -51.41991 55.78953 -3518.734683 2208.475297 9998 33401 -3532.94310642
69029766 -52.29116 57.99554 -3501.513259 1146.506481 -1 33401 -3507.90264248
690355752 -6.731105 68.54858 -2319.329402 922.2550633 -1 33401 -2376.46240032
6902811117 -36.42146667 54.531375 -2698.826504 1242.808134 -1 33401 -2707.41196349
690297520 -40.06973 51.861925 -2628.014085 2141.861468 -1 33401 -2765.72219422
69028886 -54.90251 61.73975 -2772.497594 2270.378084 9998 33401 -2765.91799978
69028866 -53.810725 60.95038333 -3041.318545 742.681277 9998 33401 -3048.43357006
690355616 -1.763608333 67.37138833 -3068.204702 757.98479 -1 33401 -2916.40328782
690297211 -30.53557 47.49552 -3496.963549 1331.484532 9998 33401 -3683.12181915
690175611 -31.04567 47.85601 -3771.740885 978.9434552 -1 33401 -3780.40055727
690288184 -37.21061333 62.646565 -2110.57659 1041.063456 9998 33401 -2106.84471466
690288284 -39.67468667 59.215585 -2998.771969 1210.115289 -1 33401 -2998.37722393
690326873 20.00756833 36.06680833 -3144.888667 757.7010557 9998 33401 -3126.06444683
69029707 -46.75856167 51.478745 -3770.497611 2310.305864 9998 33401 -3798.61758927
690176386 -16.99814667 44.08627833 -3481.474406 1373.078872 9998 33401 -3433.11421582
690281885 -39.820165 60.51734 -2553.680214 1037.666162 9998 33401 -2604.77368225
690326874 20.02460833 36.04092333 -3141.961683 748.5871378 -1 33401 -3136.31994775
69030347 -53.59193 59.1742 -3462.194685 941.9271806 9998 33401 -3339.7439953
69030327 -53.93129 59.32042 -3349.075084 1233.326757 9998 33401 -3279.00029626
69029767 -52.65315833 58.30989833 -3456.591862 1210.942708 9998 33401 -3489.10275226
69030307 -51.73387 56.29413 -3604.327744 578.1780358 9998 33401 -3602.91373438
690298462 -22.62263 0.07239 -3747.533701 2482.160938 9998 33401 -3917.53832933
690355753 -6.349138333 68.18730667 -2758.532758 587.4039643 -1 33401 -2742.29469282
6902811118 -36.65086167 54.55785167 -2766.317723 1828.613182 9998 33401 -2770.16013766
69028887 -56.86755333 61.65772 -2714.837142 1418.622136 9998 33401 -2704.96661218
690297521 -40.13052167 52.00271333 -2828.566727 2348.968921 -1 33401 -2854.31513293
69028867 -54.31587 61.06151 -2970.01046 841.0513781 9998 33401 -2977.90277726
690297212 -30.457685 47.40854 -3258.854134 1398.333713 9998 33401 -3486.56035987
690288185 -37.36519667 61.911655 -2593.514778 571.3972138 9998 33401 -2583.69701819
690288285 -39.76379667 58.83297667 -3063.316 1153.103008 -1 33401 -3074.95030817
690326875 20.02556167 35.99404167 -3212.383113 802.2400493 -1 33401 -3222.88959135
690298366 -10.728015 -8.787926667 -3832.060108 795.3015442 9998 33401 -3789.112461
690160412 -36.09685333 48.92564167 -3514.059886 980.2447335 9998 33401 -3484.76258499
690176387 -17.78837 43.97201 -3798.427699 982.6772856 -1 33401 -4396.35638895
690281886 -39.14794333 60.14807833 -2744.491984 138.1888525 9998 33401 -2730.13437157
690326876 19.99068 35.8814 -3179.168855 808.7833963 -1 33401 -3147.98838496
69030328 -54.04203833 59.51997333 -3272.953951 1193.134761 9998 33401 -3285.40934275
69030348 -54.18103 58.75797 -3400.903321 437.5900487 9998 33401 -3401.87880192
69029768 -52.9245 58.46034 -3438.0297 947.9076427 9998 33401 -3432.95409118
69030308 -50.58961 56.59048333 -3613.978284 320.4216837 -1 33401 -3617.20718957
690355754 -6.21376 67.92695 -2894.35105 122.1836378 -1 33401 -2931.57137106
6902811119 -36.22356333 54.47478 -2751.666102 636.5441293 -1 33401 -2750.32899127
69028888 -57.43651 61.52459 -2699.220782 1402.39088 9998 33401 -2706.48581053
690297522 -40.11168833 51.94360333 -2809.99853 2300.228705 -1 33401 -2828.44732754
69028868 -55.17687833 61.14373333 -2887.940324 1334.845282 9998 33401 -2886.00284999
690297213 -30.443325 47.57943 -3373.998127 1261.278919 9998 33401 -3348.16211489
690288186 -38.28598 61.40010833 -2602.421624 514.6448753 9998 33401 -2583.20381123
690288286 -40.47303833 58.331555 -3154.230282 1031.098683 -1 33401 -3162.87095868
690326877 20.05916 35.70944333 -3108.795737 702.3353999 -1 33401 -3097.53773445
69030299 -47.28744167 51.37765167 -3616.605185 2108.71078 9998 33401 -3674.84235987
690298367 -10.68949667 -8.793515 -3872.100054 835.5477761 9998 33401 -3790.16189148
690176388 -17.35841333 43.80545167 -3464.974599 1442.833191 9998 33401 -3410.21764435
690281887 -39.71851 60.08768333 -2573.338032 900.1917492 -1 33401 -2502.79308487
690326878 20.11142 35.61749 -3055.011224 732.0057015 -1 33401 -3068.51830296
69030349 -53.719465 58.86548 -3395.024095 371.1225593 -1 33401 -3389.761151
69030329 -53.47327 59.89542 -3383.042951 1223.635199 -1 33401 -3350.7309586
69029769 -52.65934 58.79212 -3434.037176 494.0772972 9998 33401 -3394.34803768
69030309 -51.82488 56.22420833 -3606.297612 855.595356 9998 33401 -3581.02867077
690355755 -6.274358333 67.52170833 -2989.126863 316.566386 -1 33401 -2971.96971323
6902811120 -36.39417833 54.48709667 -2755.575683 1319.4831 9998 33401 -2666.18404592
69028889 -57.72436 61.43473 -2680.660375 1256.978898 9998 33401 -2667.03643682
690297523 -40.04455 52.04722 -2794.322371 2317.556021 -1 33401 -2818.1871173
69028869 -54.06762 60.39333167 -3174.1957 784.4365064 9998 33401 -3185.09903507
690297214 -30.60946833 47.791395 -3739.612357 1179.278034 9998 33401 -3608.84741338
690175614 -31.08215 47.48715 -3773.817151 1052.624496 9998 33401 -3821.43141997
690288187 -39.84827833 61.13152 -2341.118986 1560.379121 9998 33401 -2396.16093722
690288287 -39.84572 58.509435 -3117.09295 633.1043275 -1 33401 -3118.85579731
690326879 20.13664333 35.60233667 -3066.756663 779.7662815 -1 33401 -3112.43464903
690298368 -10.77564333 -8.915735 -3850.602594 840.869801 9998 33401 -3646.45187031
690176389 -17.498985 43.67857833 -3266.812659 1780.365689 -1 33401 -3275.18448097
690281888 -38.85538 60.32286 -2822.655132 414.0108737 9998 33401 -2841.93786526
690326880 20.18188167 35.59928 -3121.542345 819.2917501 -1 33401 -3160.55611049
690303210 -54.49349 59.98186167 -3278.684487 1040.968393 9998 33401 -3279.00585336
690357120 6.666123333 74.85885167 -2410.503076 644.2037662 -1 33401 -2538.57372406
690303410 -52.29645667 58.874815 -3466.177519 505.532514 9998 33401 -3475.68365287
690297610 -52.0165 58.55409 -3494.530448 695.8872786 9998 33401 -3495.48696989
690303010 -51.01676167 56.313855 -3616.985709 337.1718485 -1 33401 -3626.85014604
690355756 -6.149106667 67.11540833 -3010.679842 521.0446396 -1 33401 -3065.43826164
6902811121 -36.33018667 54.459005 -2710.583855 969.1167804 -1 33401 -2260.73562472
690288810 -57.52747333 61.17037333 -2766.754915 1715.163441 9998 33401 -2771.99161476
690297524 -40.07872833 52.04072833 -2808.017885 2340.929338 -1 33401 -2815.18420469
690288610 -54.55331 59.74026 -3300.204547 808.0807296 9998 33401 -3356.2186317
690297215 -30.887665 48.011515 -3661.577405 1393.476999 9998 33401 -3805.69555215
690175615 -31.360445 47.69133667 -3707.490861 693.2665455 9998 33401 -3693.371709
690288188 -39.043655 60.11921833 -2741.565155 69.84684002 -1 33401 -2760.94100252
690288288 -38.96515 59.10268 -3090.584892 1152.894439 -1 33401 -3093.77787882
690326881 20.21778 35.614525 -3178.265129 818.7440513 -1 33401 -3207.65309358
690176390 -17.68652 43.57700833 -3212.134699 1921.169515 -1 33401 -3209.66467969
690281889 -39.08501 60.34991 -2800.169122 344.7573186 -1 33401 -2796.51890733
690326882 20.30779 35.62789 -3142.075285 656.6514576 -1 33401 -3127.65047443
690357121 6.95248 74.73415333 -2263.723985 476.1802101 -1 33401 -2275.71766082
690303211 -54.65961333 60.060335 -3249.402376 1151.119393 9998 33401 -3242.19736801
690303411 -51.73292 59.11207 -3470.008684 1634.69449 9998 33401 -3471.58295359
690303011 -51.883895 56.79330833 -3540.846501 202.0023745 -1 33401 -3573.01776332
690297611 -51.68342 58.59033833 -3505.239059 498.9726265 9998 33401 -3539.90350914
690298466 -22.1424 0.183421667 -3760.236506 1898.55668 9998 33401 -3764.87676962
6902811122 -36.15435 54.44736 -2419.82622 393.7802155 -1 33401 -2813.49955437
690297525 -40.06999833 51.83784333 -2729.805074 2225.556381 -1 33401 -2740.74201992
690288811 -57.83882 60.80623 -2784.429106 2158.959523 9998 33401 -2811.12140855
690288611 -54.91865 60.43284 -3100.991813 350.7055789 9998 33401 -3097.14801485
690175616 -31.55852667 47.75270333 -3645.094112 577.9939296 9998 33401 -3721.48272838
690297216 -31.052795 47.86336 -3799.014065 980.3649255 -1 33401 -3771.81239998
690288189 -39.06455333 60.75637833 -2688.625935 457.4294877 -1 33401 -2707.12533924
690357211 6.529158333 68.905635 -3142.039768 941.8785844 -1 33401 -3142.82563466
690326883 20.39063 35.61328 -3074.580973 530.6187364 -1 33401 -3081.8460963
690357311 1.836128333 70.620985 -2995.387188 171.0234077 -1 33401 -2846.9972729
690298370 -10.97394833 -8.923093333 -3839.85892 841.8310371 9998 33401 -3760.68090797
690176391 -17.68202833 43.75956 -3139.767495 1720.25428 -1 33401 -3115.85395879
690281890 -37.96391 60.80532167 -2864.567442 433.984928 9998 33401 -2858.31339839
690326884 20.41338 35.62345 -3085.34023 286.9340166 -1 33401 -3099.73170359
690357122 6.96979 75.07023 -1871.752714 337.8310504 -1 33401 -2024.48186772
690303212 -53.71170833 60.00894333 -3335.238866 897.1025361 -1 33401 -3334.76374179
690303412 -51.48830833 59.306145 -3462.157607 1319.772259 9998 33401 -3459.93488996
690297612 -51.51287 58.72732 -3510.071722 770.9582082 -1 33401 -3495.3674597
690303012 -51.35767 56.93468 -3575.880231 602.992879 -1 33401 -3580.38579019
690298467 -22.05459167 0.380163333 -3773.915149 876.5987801 -1 33401 -3821.16129515
690288812 -57.74882 60.02937333 -2776.780214 1697.677561 9998 33401 -2798.32842618
690297526 -40.49445333 51.89773833 -2858.909964 1900.49209 -1 33401 -2872.98138974
690288612 -55.74577667 60.47664 -3015.069157 432.5259723 9998 33401 -3041.61727392
690297316 -36.09546667 48.87394 -3843.460966 1079.930476 9998 33401 -3721.15873087
690297217 -31.25228167 47.66395167 -3871.154687 775.3275851 -1 33401 -3825.90942239
690288290 -36.24524 58.90528167 -2575.540958 238.624243 -1 33401 -2597.44408851
690288190 -39.50040167 60.036605 -2638.897389 525.8896277 -1 33401 -2647.58855804
690357212 8.017316667 69.233675 -3096.133111 1199.010706 -1 33401 -3082.71494962
690326885 20.41332 35.69334667 -3139.123061 260.4959143 -1 33401 -3124.56853239
690298371 -10.97520667 -8.942611667 -3684.515556 816.7293236 9998 33401 -3657.43906046
690176392 -17.60905667 43.77247833 -3389.826559 1601.823601 9998 33401 -3344.27205407
690281891 -37.92288 61.04527667 -2800.993015 144.035353 -1 33401 -2807.08741102
690326886 20.39102167 35.75761167 -3153.77623 216.3514077 -1 33401 -3155.8579055
690303213 -54.58867167 60.087665 -3246.468921 1114.644301 9998 33401 -3300.83465596
690357123 6.609516667 75.39922667 -2443.701504 333.8775437 -1 33401 -2406.65577268
690303413 -51.60394167 59.34076 -3460.198761 1388.442816 -1 33401 -3460.68898579
690297613 -51.50056167 58.82484 -3502.248423 938.9582345 -1 33401 -3493.41488207
690303013 -49.99128667 56.79702833 -3738.564787 339.4866406 9998 33401 -3672.21807489
690355759 -5.284226667 66.55583333 -2921.954612 796.3410945 -1 33401 -3133.95637715
690288813 -58.101085 58.72602833 -2838.657886 3402.270336 9998 33401 -2770.99673729
690297527 -40.66628 52.13496833 -2933.154405 1907.470685 9998 33401 -2927.03069853
690288613 -56.13055333 59.99182667 -3137.214059 1437.476458 9998 33401 -3088.53903248
690297218 -31.61098 47.53701 -3539.865117 571.0290777 -1 33401 -3471.58300975
690175618 -32.04503 47.80555 -3682.11402 601.1190385 -1 33401 -3849.98260652
690288291 -35.82352667 59.05383333 -2746.689647 318.6317913 -1 33401 -2810.91013653
690357213 7.255156667 69.84892833 -3110.649129 682.0282886 -1 33401 -3109.18627035
690326887 20.34964333 35.79188833 -3092.142966 284.0702064 -1 33401 -3115.25600705
690297014 -45.46538667 50.03703333 -3802.154987 3896.340749 -1 33401 -3704.83561624
690302914 -47.87593667 52.96442667 -3873.189795 971.9802999 -1 33401 -3866.30773815
690298372 -10.946 -8.93818 -3776.366104 817.7400106 9998 33401 -3777.18447545
690176393 -17.61542167 43.707735 -3258.012463 1742.869001 -1 33401 -3216.54375136
690281892 -38.07448167 60.25377833 -3014.146014 1563.055403 9998 33401 -3009.02678503
690326888 20.263765 35.80437667 -3149.851225 524.3521445 -1 33401 -3173.72685973
690303214 -54.512 59.76554 -3275.815305 857.9752237 9998 33401 -3317.04998475
690303414 -51.81462833 59.15996667 -3463.173265 1712.325764 9998 33401 -3474.18377474
690297614 -52.11124167 58.97777 -3515.846059 1008.593365 9998 33401 -3511.77776554
690303014 -49.47732 57.01876 -3650.859383 322.1661249 9998 33401 -3598.99608171
690355760 -5.321225 66.52710333 -3005.917983 792.9873303 -1 33401 -3168.11170928
690288814 -57.82785 58.37349 -2729.241007 3344.207387 9998 33401 -2753.53756018
690297528 -40.17636667 52.13878833 -3038.701327 2445.106995 -1 33401 -2993.86724733
690288614 -55.13183 60.1213 -3189.87632 1407.822545 9998 33401 -3216.8609958
690297219 -31.69223 47.47292667 -3645.187827 590.1005164 -1 33401 -3783.22862074
690288292 -35.643075 59.02591833 -2714.426546 334.2832211 9998 33401 -2681.10281815
690288192 -39.33961 59.82981 -2779.757334 294.8374522 -1 33401 -2774.33788287
690326889 20.13977333 35.72792667 -3244.721732 767.4561343 -1 33401 -3258.86055839
690297015 -43.92359 50.46321 -3481.387513 6510.083563 -1 33401 -4230.28990896
690302915 -47.81909 52.93005667 -3876.121475 1131.719811 -1 33401 -3830.37388241
690357314 1.344868333 68.992455 -3066.912045 830.7437672 -1 33401 -3071.69079919
690298373 -11.18251 -8.87397 -3837.910922 832.8106283 9998 33401 -3888.2713037
690176394 -17.61291 43.64243833 -3024.440488 1991.093212 -1 33401 -3073.99572032
690281893 -38.37321 60.92575 -2802.974017 166.4530604 -1 33401 -2794.64987642
690326890 20.24920167 35.64367667 -3154.785664 724.4338481 -1 33401 -3172.93851882
690303215 -53.07249 60.13018 -3333.256439 646.6925476 9998 33401 -3354.37588937
690297615 -52.73459333 58.69765833 -3428.215236 499.1088006 9998 33401 -3455.31467664
690303415 -51.52440333 58.778405 -3498.363974 841.6342017 -1 33401 -3492.39619042
690303015 -48.29563 56.8669 -3619.73817 440.3080221 -1 33401 -3639.01391062
690357125 7.579231667 76.02654333 -2665.543037 526.8870899 -1 33401 -2606.20574985
690297819 -47.13167167 52.17143167 -3869.569985 1120.314222 9998 33401 -3944.18270163
690288815 -57.10339833 57.66266667 -2776.339716 3903.948809 9998 33401 -2757.48661343
690297529 -39.62222167 51.881215 -3151.106903 2567.11416 -1 33401 -3161.86209077
690288615 -54.86796 59.76131 -3291.42156 644.6078601 9998 33401 -3270.61583774
690297220 -31.65621167 47.32540333 -3554.562447 737.2795185 -1 33401 -3617.71268222
690288293 -35.38740667 59.19025167 -2819.979747 429.7361332 -1 33401 -2779.95975724
690288193 -38.76925 60.81601167 -2786.381903 287.4179427 -1 33401 -2798.77589861
690326891 20.24016 35.72083 -3162.588413 648.3970892 -1 33401 -3192.84786939
690297016 -45.731765 50.48691333 -3485.280944 1412.878572 9998 33401 -3532.53068896
690298374 -11.08743 -8.919311667 -3632.713383 789.4146854 9998 33401 -3602.7528397
690176395 -17.881065 43.47548 -3384.061585 1734.779276 9998 33401 -3518.05248083
690281894 -39.087335 61.29114167 -2562.331285 770.5639452 9998 33401 -2552.76957747
690326892 20.21424833 35.68885167 -3216.379966 733.019965 -1 33401 -3216.86273726
690303216 -54.14097 60.39474167 -3186.879841 767.9051665 9998 33401 -3181.32959308
690303016 -47.54173 56.69776 -3470.704921 288.533712 9998 33401 -3592.18061049
690303416 -51.23203 58.82223 -3503.223596 1031.834399 9998 33401 -3509.27541283
690297616 -53.1301 58.49113 -3438.020987 1061.297136 9998 33401 -3452.56043081
690288816 -56.15408833 56.964995 -2763.790256 4406.171882 9998 33401 -2756.16324446
690288616 -54.629845 60.14961333 -3224.991792 1059.386096 9998 33401 -3222.67240309
690297530 -39.4248 52.01746 -3606.652189 3067.30429 9998 33401 -2842.03575131
690355626 -0.972665 68.19887833 -3380.034525 998.7514129 -1 33401 -3147.92812224
690297221 -31.406295 47.12161 -3825.573316 1283.628245 -1 33401 -3855.4495561
690288194 -37.99873 61.12966 -2767.741236 334.0774975 9998 33401 -2784.59608114
690288294 -34.94015833 59.35021667 -3106.141668 382.2142782 -1 33401 -3123.43565597
690357216 3.416915 70.82716333 -3180.683474 623.1966462 -1 33401 -3179.60930017
690326893 20.39063 35.61328 -3109.800085 534.5382725 -1 33401 -3081.8460963
690302917 -48.27288 52.77328 -3811.928741 872.5548148 9998 33401 -3799.714482
690298375 -11.10393833 -8.848675 -3855.492815 823.743201 9998 33401 -3893.94979356
690176396 -18.10409167 43.27774 -3470.998775 1575.022378 -1 33401 -3449.54222515
690281895 -37.60730667 61.12324 -2827.36348 278.9451758 -1 33401 -2849.29194948
690326894 20.519425 35.79675667 -3230.037528 263.5577278 -1 33401 -3133.07007889
690357127 5.78426 75.99425 -2246.95315 824.5569331 -1 33401 -2314.40363408
690303217 -53.59904167 60.39928333 -3202.489366 589.2169311 -1 33401 -3196.66449093
690297617 -53.98274 58.56222 -3397.058315 755.2169794 -1 33401 -3406.79617998
690303417 -52.31323 58.7904 -3521.746021 571.7815788 9998 33401 -3471.03818807
690303017 -47.92223833 56.32126 -3602.371036 152.3525206 -1 33401 -3629.6504241
390212790 -22.247595 42.18140833 -3589.417454 615.9419201 -1 33401 -3500.74850906
690288817 -55.7928 56.09381 -2788.442202 4563.729027 9998 33401 -2757.44032935
690355627 -1.150546667 68.39711667 -3056.293615 1247.784421 -1 33401 -3113.32358358
690297531 -39.16191 52.15166 -3267.20987 2555.166337 -1 33401 -3369.00971898
690288617 -53.3013 59.82181 -3370.389185 1511.209305 9998 33401 -3344.73619543
690297222 -31.19798 46.90536 -3622.955815 1765.604947 -1 33401 -3843.38883099
690175622 -32.80659 48.34415 -3870.913057 2344.617839 9998 33401 -3768.23806578
690288195 -39.77724 60.91252 -2458.664252 701.168789 9998 33401 -2429.22822959
690288295 -34.69228 59.62199333 -2622.354726 360.6271532 9998 33401 -2569.96938867
690357217 2.343431667 71.086905 -3132.856051 426.8264322 -1 33401 -3144.07335079
690326895 20.441935 36.02183667 -3066.644077 285.1391612 -1 33401 -3012.87204319
690302918 -48.35637667 52.517995 -3775.989325 1746.256121 9998 33401 -3742.86315458
690298376 -11.21445333 -8.898125 -3832.048292 838.8442952 9998 33401 -3707.39634795
690176397 -18.45053 43.23691 -3368.514172 1416.888825 -1 33401 -3652.0220505
690281896 -36.945725 60.82195 -2934.904422 820.8120726 -1 33401 -2927.09008217
690326896 20.34285667 36.12404833 -3048.026576 305.3126646 -1 33401 -3105.64515148
690303218 -52.849215 60.83780833 -3184.817001 672.1035432 9998 33401 -3190.44186854
690357128 5.822776667 76.21421333 -2443.614007 725.9952013 -1 33401 -2544.35102392
690297618 -54.33340667 58.96427833 -3382.322763 599.6797442 9998 33401 -3377.52080863
690303418 -50.777915 58.79511333 -3513.949781 1094.09264 9998 33401 -3528.28402707
690303018 -47.17322167 56.29992833 -3536.122494 369.728916 -1 33401 -3517.95233751
690288818 -53.23001 55.22383333 -2761.267546 7853.202534 -1 33401 -2901.25197354
690297223 -30.89335 46.86712667 -3052.867331 1770.799463 9998 33401 -3384.53758189
690297532 -38.67700333 52.29794833 -3354.991814 2023.05561 9998 33401 -3661.16269572
690288618 -52.66217 58.60131 -3430.191875 551.678191 9998 33401 -3531.29373222
690288196 -39.14983167 60.20292 -2682.875979 181.9310499 9998 33401 -2749.61301302
690288296 -34.31419 59.76093333 -3040.629356 280.4188267 9998 33401 -2999.73162311
690326897 20.22397667 36.25853 -3174.174243 356.3434704 -1 33401 -3224.70346511
690302919 -47.92305 52.21924167 -3810.169788 1858.205077 -1 33401 -3822.13704966
690298377 -11.20295667 -8.855166667 -3834.006276 840.4477582 9998 33401 -3809.70599735
690176398 -18.470335 43.47408333 -3767.4166 866.0541043 9998 33401 -3742.30201828
690281897 -35.88185667 61.18624333 -2913.330722 934.9911462 -1 33401 -2934.99505752
690303219 -51.76888 61.20847167 -3019.777746 2356.803952 9998 33401 -3029.69742796
690326898 20.08868667 36.32378167 -3184.912442 225.9945758 -1 33401 -3232.17136017
690357129 6.076903333 76.48717167 -2380.002515 613.8963782 -1 33401 -2334.32239759
690297619 -53.99309 58.98116 -3389.142617 544.2332312 9998 33401 -3380.86565685
690303419 -50.22284333 59.14260667 -3477.796277 191.9595288 -1 33401 -3475.77905383
690303019 -46.05235 56.37322333 -3500.041714 488.1732134 -1 33401 -3574.64829742
690288819 -51.870215 54.35811333 -2764.409795 5153.664282 9998 33401 -2797.36502957
690288619 -53.11306667 58.70623833 -3388.243864 356.6320624 9998 33401 -3391.63738948
690297224 -30.788625 46.77242 -3516.705418 2219.713767 9998 33401 -3522.43731417
690297533 -37.84485833 52.34335333 -3866.590438 2098.251541 9998 33401 -3843.12890746
690288197 -39.56452 60.31856 -2623.186796 699.0894576 -1 33401 -2695.3057727
690288297 -34.16333 59.70494333 -2822.794588 419.9609886 9998 33401 -2765.19178664
690357219 0.889146667 70.76299833 -3173.86994 636.2625832 -1 33401 -3113.07017488
690326899 19.96010667 36.40129 -3085.129731 275.8905975 -1 33401 -3131.60574663
690302920 -48.28352 52.35696 -3739.037211 2039.869343 9998 33401 -3723.40824335
690357319 8.091368333 69.1149 -3084.449437 1287.085224 -1 33401 -3082.09755689
690298378 -11.25722 -8.864246667 -3826.191756 825.146691 9998 33401 -3587.08277858
690281898 -36.57719833 61.33818833 -2818.52078 505.9109201 9998 33401 -2804.06732107
690303220 -51.863595 61.17106667 -3039.313456 1107.57577 9998 33401 -3039.45323033
6903268100 19.95625 36.48782 -3189.755452 198.4298302 -1 33401 -3138.21423792
690357130 6.32091 76.357205 -2315.434505 474.5671826 -1 33401 -2267.12983529
690303420 -49.50341 59.52232833 -3393.868097 198.8395216 -1 33401 -3447.08290211
690297620 -53.58589333 58.31658 -3440.01994 1201.96988 -1 33401 -3445.85112518
690303020 -45.3206 56.36966 -3620.864974 511.3305482 9998 33401 -3469.21450784
690288820 -50.79114167 52.92804333 -2868.424892 6692.023254 9998 33401 -2807.14541322
690297225 -30.64066 46.69853 -3242.464855 2039.2022 9998 33401 -3464.37590493
690175625 -32.01122 49.31024 -3290.502877 1230.229964 9998 33401 -3411.86402442
690288620 -52.6668 59.27283 -3462.16696 1366.381901 9998 33401 -3455.47509849
690297534 -37.27007 52.28530333 -3874.397383 2597.463889 9998 33401 -3814.0766294
690288298 -33.9455 59.78287167 -2500.000141 576.3414998 9998 33401 -2561.37959538
690288198 -40.602525 59.63525167 -2503.945211 1541.188175 -1 33401 -2508.31333811
6903268101 19.91903667 36.58236167 -3133.987807 233.5886753 -1 33401 -3126.91715142
690302921 -48.52919 52.82826 -3781.727344 755.3678182 9998 33401 -3695.08891547
690298379 -11.27331333 -8.87345 -3818.376952 835.7655487 9998 33401 -3509.98360656
690281899 -37.79419 61.259825 -2762.825509 477.6306492 -1 33401 -2761.80071206
690303221 -51.32847 61.45611 -2992.379613 10462.57163 -1 33401 -2933.25523248
6903268102 19.94924667 36.683115 -3232.718561 409.2143436 -1 33401 -3327.74025991
690303421 -49.24561 59.46257 -3378.28624 210.0710092 -1 33401 -3377.77041298
690303021 -46.10171 56.46846 -3461.999453 393.7992573 -1 33401 -3455.28546613
690297621 -53.87191 58.21067833 -3434.201446 1135.288696 -1 33401 -3431.38121942
690357131 6.681588333 75.787105 -2672.410358 474.1336664 -1 33401 -2531.99672353
690288821 -49.07682 51.93618 -3217.488366 822.6945356 9998 33401 -3232.92469553
690288621 -52.02162333 59.75411667 -3399.653651 956.4840506 9998 33401 -3400.82070831
690297226 -30.49849833 46.68005667 -3537.218294 2237.043659 9998 33401 -3517.12631108
690297535 -37.02822 52.28528833 -3800.410817 2404.801205 9998 33401 -3800.72234573
690288199 -42.49710167 58.83587333 -2211.21716 2405.583292 -1 33401 -2228.31746707
690288299 -33.68292667 59.90810167 -2847.181488 711.4994149 -1 33401 -2723.35239309
6903268103 19.97113833 36.70020333 -3298.202213 466.6579001 -1 33401 -3266.1105972
690357321 7.29957 70.31392667 -3044.229005 336.2560112 -1 33401 -3047.15016883
690298380 -11.22306833 -8.749236667 -3730.465531 793.2814537 9998 33401 -3612.72031193
6902818100 -38.47726167 61.202775 -2674.841181 567.6563836 9998 33401 -2661.62380962
690303422 -49.83404667 60.36310667 -2954.54658 2392.627314 9998 33401 -2945.91790713
690303222 -54.22850333 61.61850333 -2896.626182 2291.026748 9998 33401 -2876.96889887
6903268104 20.07881 36.73641 -3209.240074 590.2533176 -1 33401 -3352.68793179
690357132 7.110331667 75.25208667 -2304.781018 308.116725 -1 33401 -2327.01899788
690303022 -46.33009 56.42518 -3445.439921 372.203081 9998 33401 -3433.30285933
690297622 -54.10888833 58.18852333 -3403.012575 1210.414465 -1 33401 -3401.2984909
690288822 -48.54837 51.51727 -3332.78427 491.4973382 9998 33401 -3369.16580179
690297227 -30.29855833 46.649435 -3467.968513 2020.248858 -1 33401 -3467.07278164
690288622 -52.35724 59.91847 -3373.287815 1049.84884 9998 33401 -3369.04097794
690355632 -4.225443333 69.41837833 -3295.979514 584.453449 -1 33401 -3265.22950297
690297536 -36.53240167 52.11141667 -3598.82542 2313.980344 9998 33401 -3580.09816989
690175627 -31.42915667 49.09371167 -3644.646317 1577.743809 9998 33401 -3843.58965933
6902881100 -43.98302 58.42215 -2225.995798 2666.115614 -1 33401 -2242.91421896
6902882100 -33.01728667 60.15461333 -2449.02144 726.1823107 9998 33401 -2557.87683706
6903268105 20.10415833 36.79578333 -3186.735361 680.1097228 -1 33401 -3150.23221496
690297023 -45.31783167 50.006445 -3817.746856 4673.91754 -1 33401 -3785.66264589
690302923 -48.57633 53.40947 -3837.023882 193.0019255 -1 33401 -3833.69737344
690298381 -11.16962167 -8.721798333 -3594.605105 762.1984636 9998 33401 -3446.10884662
6902818101 -38.54195333 60.809105 -2852.840909 247.9483557 -1 33401 -2875.09452837
690303223 -53.63306167 61.72166167 -2892.695494 2986.455506 9998 33401 -2923.72726714
6903268106 20.190995 36.81502167 -3135.879393 668.1438289 -1 33401 -3234.09045468
690303423 -52.47986 60.24536 -3331.275719 415.6737057 9998 33401 -3365.89051381
690297623 -57.5553 58.71681 -3326.811089 3037.092539 9998 33401 -2900.58983795
690303023 -46.113505 56.53486667 -3527.281433 349.0690243 -1 33401 -3536.76687988
690297537 -36.37631833 52.15404333 -3233.0452 2063.747254 -1 33401 -3234.45314368
690175628 -31.25353333 48.97355 -3315.98427 1568.032702 -1 33401 -3144.37424214
690297228 -30.27598667 46.73702 -3381.091907 1984.426531 9998 33401 -3324.96580607
690288623 -52.50113 59.88815 -3386.944366 1228.633486 9998 33401 -3367.89524525
690288823 -46.8326 51.35028 -3634.155501 2786.863246 9998 33401 -3649.91595546
6902882101 -32.65415167 60.52618167 -2471.465358 586.9637094 9998 33401 -2397.16902003
6902881101 -44.58857 57.93825 -2866.209563 186.9084125 -1 33401 -2802.49931589
690357223 -1.335205 70.11937167 -3028.652627 826.9333311 -1 33401 -3122.63242588
6903268107 20.25573833 36.86053667 -3065.439091 633.7362073 -1 33401 -3061.19234391
690302924 -48.676705 53.05620167 -3773.861206 631.8991973 -1 33401 -3781.64862528
690357323 7.259238333 70.97815333 -3018.744621 909.9977489 -1 33401 -2991.99934339
690298382 -11.07887167 -8.687325 -3379.40239 726.8992042 9998 33401 -3327.72918426
6902818102 -39.4328 60.4817 -2730.731261 913.7162332 9998 33401 -2681.31157273
6903268108 20.31203167 36.94290667 -3173.982468 622.5178342 -1 33401 -3156.74171698
690303424 -51.47724 60.63154 -3152.668518 1233.671385 -1 33401 -3138.88552254
690297624 -54.69489333 59.12591833 -3345.227615 1217.524602 9998 33401 -3343.84369284
690303024 -45.95172 56.68884833 -3467.783295 371.7299607 -1 33401 -3146.35782692
690303224 -53.83956167 60.057075 -3331.325727 698.7252493 9998 33401 -3294.48266847
690297229 -30.23401 46.82341667 -3026.486202 1765.533135 9998 33401 -2878.84030257
690288624 -54.07699667 60.50098667 -3143.91826 642.1711345 9998 33401 -3142.08783127
690297538 -36.66879333 52.247215 -3619.246533 2076.701689 -1 33401 -3620.42197542
690175629 -31.424035 48.904835 -3759.688905 1717.051132 -1 33401 -3623.06821781
6902881102 -46.01698 58.42215 -2393.544856 724.6828359 -1 33401 -2428.06222727
6902882102 -32.1452 60.70141 -2569.298949 659.6853478 -1 33401 -2585.25913906
6903268109 20.331595 37.03649167 -3242.392794 540.0466632 -1 33401 -3205.4527162
690302925 -48.94527 52.97471833 -3652.139381 1053.495448 -1 33401 -3657.59025458
690357324 6.392661667 70.63903333 -3088.070672 346.4439191 -1 33401 -3112.38622488
690298383 -11.00538667 -8.720583333 -3493.875809 727.7597355 9998 33401 -3525.58400383
6902818103 -39.50004833 60.27503667 -2675.036638 662.8354773 -1 33401 -2624.46898463
690303425 -51.36357 61.36996 -2959.19622 8850.115952 -1 33401 -2965.68450428
690303225 -56.17324 59.38608 -3110.037184 1477.858061 9998 33401 -3092.07353889
6903268110 20.43039667 37.14805333 -3291.230473 481.7098023 -1 33401 -3402.16570237
690297625 -54.192445 58.58217833 -3369.753504 696.4480879 9998 33401 -3416.60894202
690303025 -45.37024 56.76411 -3531.110776 368.7765036 9998 33401 -3516.44110452
690357135 6.050653333 75.36001333 -2579.619735 574.7352464 -1 33401 -2634.09404107
690297230 -30.17246333 46.72880833 -3181.895955 1766.451889 9998 33401 -3303.68675103
690288625 -53.64601 59.96881 -3339.14984 965.3701285 -1 33401 -3336.98901614
690175630 -31.53463333 48.93504667 -3457.48621 1560.884938 9998 33401 -3348.35355921
690297539 -36.19457167 51.86951333 -3594.030376 2227.438933 -1 33401 -3678.91892713
6902882103 -31.85407 60.95713167 -2450.823999 639.2235269 -1 33401 -2236.15571457
6902881103 -45.79701333 58.77110167 -2560.890006 317.9290846 -1 33401 -2592.27383174
690357225 1.545811667 69.17497167 -3109.800708 1119.235778 -1 33401 -3148.27812405
6903268111 20.507985 37.28566833 -3469.958864 592.9428313 -1 33401 -3476.44498687
690302926 -49.31444 53.11409 -3588.759002 1368.647212 -1 33401 -3686.47029515
690298384 -10.93917333 -8.783135 -3756.843042 781.7771931 9998 33401 -3785.45966072
6902818104 -39.24355167 60.45969667 -2853.896787 737.0874991 9998 33401 -2800.27143842
690303426 -53.54604833 61.623835 -2958.161398 2768.782662 9998 33401 -2999.53454719
690303226 -56.44994167 59.29291 -3089.560911 1540.063294 9998 33401 -3079.17807768
6903268112 20.55076 37.37944 -3289.208245 428.6337487 -1 33401 -3642.80523036
690297626 -53.95742 58.64858 -3412.632183 552.7538929 -1 33401 -3416.81651252
690303026 -44.76614 57.159 -3501.758063 158.5237458 9998 33401 -3520.44184235
690288626 -52.18244333 60.55533667 -3228.789948 175.2023648 9998 33401 -3233.27729342
690297540 -35.68005 52.04427 -3335.553927 2519.163606 9998 33401 -3146.04451324
690297231 -30.05452333 46.682125 -3467.95807 1902.345411 9998 33401 -3391.16831123
690175631 -31.34164 48.991945 -3515.989033 1577.087988 9998 33401 -3462.09606699
6902882104 -31.105755 61.22945333 -2274.487958 458.5932699 -1 33401 -2157.16376304
6902881104 -46.75223 58.97978333 -2777.015592 628.2379192 9998 33401 -2810.87554785
6903268113 20.62767667 37.50152 -3418.133614 337.5606243 -1 33401 -3165.43017591
690302927 -49.06215333 53.159655 -3698.838298 946.2374936 -1 33401 -3700.09111571
6902818105 -39.51569833 60.29157167 -2558.618684 615.4760024 -1 33401 -2686.66048598
690303427 -53.76196 60.78193 -3084.312736 567.4614205 9998 33401 -3074.36199993
690357137 7.09061 75.02236 -2158.921061 365.5452197 -1 33401 -2298.90753059
6903268114 20.54218333 37.54629833 -3294.045622 493.2103016 -1 33401 -3154.38005392
690303227 -55.789195 59.81352 -3228.005223 1122.185653 9998 33401 -3187.49114169
690303027 -44.28886833 57.20674 -3508.56583 156.0183461 9998 33401 -3488.97488486
690297627 -52.93903 58.29373 -3460.49513 1453.833492 9998 33401 -3453.16665779
690297232 -29.93492333 46.78289667 -2703.651279 1520.607552 9998 33401 -3228.86668854
690288627 -51.200265 60.70202667 -3090.188883 1199.220108 9998 33401 -3114.8682521
690175632 -31.03751167 48.93593833 -3267.184795 1685.274512 -1 33401 -3452.38749358
690297541 -35.19760333 51.65800333 -3786.018024 2920.365657 -1 33401 -3959.587992
6902882105 -30.69598333 61.08050167 -2331.333453 694.4280079 9998 33401 -2187.06991235
6902881105 -46.47871167 58.89966 -2668.486354 606.6461076 -1 33401 -2663.76524732
6903268115 20.42898667 37.61090833 -3444.469138 727.0128988 -1 33401 -3442.63310011
690302928 -49.423975 53.06396167 -3600.469027 1705.145206 -1 33401 -3586.4325866
690298386 -11.090355 -8.834486667 -3852.564579 825.4528957 9998 33401 -3859.56363227
6902818106 -41.63983167 59.51682 -2094.421337 4107.341654 9998 33401 -2106.59063969
6901763107 -17.83748 43.78158 -3874.488329 1050.994497 -1 33401 -3802.24592636
690303428 -53.70180833 60.54199333 -3147.811554 340.5619398 9998 33401 -3127.447168
690357138 7.4559 74.266255 -2278.458564 524.4331695 -1 33401 -1893.19960439
690303228 -55.47793 59.85817333 -3181.161706 833.6122415 9998 33401 -3182.10294256
690303028 -44.20112833 57.24644333 -3507.579592 153.8489897 9998 33401 -3477.24076478
690297628 -52.86607 57.08528 -3458.894462 1719.147735 -1 33401 -3476.85990585
6903268116 20.27253667 37.58089167 -3517.708814 440.3828144 -1 33401 -3515.14920852
690288628 -51.24215167 61.21230833 -3010.989196 7038.863122 -1 33401 -3019.72256557
690297233 -29.91476667 46.83482333 -3195.541024 1797.724616 9998 33401 -3355.75373724
690175633 -30.97143667 48.64625333 -3590.206621 1776.489999 9998 33401 -3684.7745051
690297542 -34.49181667 51.61501667 -3760.712601 2893.364481 9998 33401 -3703.23604331
6902882106 -30.31917 61.290825 -2016.646859 952.2436416 9998 33401 -2043.31384104
6902881106 -46.25148333 58.86239833 -2662.625483 516.364181 9998 33401 -2660.88727392
6903268117 20.17705667 37.51680167 -3253.006293 477.5042275 -1 33401 -3156.61320828
690302929 -49.06391667 53.107135 -3681.322036 1016.673027 9998 33401 -3708.80064681
690307113 -14.83152 35.87754 -3191.882224 1143.759266 -1 33401 -3193.12112898
690298387 -11.40691333 -8.889761667 -3660.086404 816.8592198 9998 33401 -3628.30593566
6902818107 -43.15544167 58.67526 -2200.46324 2716.882429 -1 33401 -2218.02185243
690303229 -56.54669 59.73458 -3027.942123 1451.002549 9998 33401 -3021.17636527
6903268118 20.15331 37.51342 -3191.420875 475.3882871 -1 33401 -3180.01948476
690303429 -54.12778 60.01495333 -3306.95836 669.229864 9998 33401 -3314.82680553
690303029 -43.77107 57.54775 -3425.617109 857.3015539 9998 33401 -3425.27585627
690297629 -53.19286667 57.32474167 -3431.530358 2397.503971 9998 33401 -3503.40645961
690357139 6.494231667 74.71062 -2490.724403 800.8654245 -1 33401 -2482.94468885
690288629 -52.86731333 61.97382 -2882.870246 4101.324613 -1 33401 -2870.35300139
690297234 -29.81129 46.83584333 -3521.561876 2015.687061 9998 33401 -3299.99586562
690297543 -33.91949167 51.49154 -3620.466284 2548.964999 -1 33401 -3890.42310186
690307214 -19.12481833 37.35153667 -3630.022515 238.5677479 -1 33401 -3656.30572341
6902882107 -30.11536333 61.60273167 -2157.802588 893.2332562 9998 33401 -2147.56365438
6902881107 -45.86744333 58.53000833 -2481.654075 818.9881139 -1 33401 -2469.67592739
6903268119 19.90962 37.50977 -3212.930246 340.8709072 -1 33401 -3308.34565555
690302930 -49.30761667 53.01963333 -3574.170535 1582.906175 -1 33401 -3577.59240408
690307114 -15.09974 35.80674 -2616.169597 833.7807687 -1 33401 -2618.33891227
690298388 -11.71273167 -8.947556667 -3493.85364 772.4102578 9998 33401 -3339.7080409
6902818108 -45.085465 58.84614667 -2265.121453 605.5159045 9998 33401 -2336.88797336
6903268120 19.68125 37.5549 -3153.275633 982.3786704 -1 33401 -3349.08685411
690303230 -56.32885 59.44460333 -3070.974141 1451.235993 9998 33401 -3076.7953654
690303430 -53.43736667 59.63982333 -3378.237925 1551.675653 -1 33401 -3372.78208212
690303030 -43.5312 57.64806 -3390.490553 1035.763563 9998 33401 -3401.94045702
690357140 6.619001667 75.116775 -2536.634004 546.0633703 -1 33401 -2289.95055277
690297630 -52.06369 57.70717333 -3513.291207 898.2959196 -1 33401 -3566.51012311
690288630 -54.05833833 61.63027167 -2894.669728 2503.405043 9998 33401 -2885.66103639
690297235 -29.81006 46.91782 -3309.775803 1895.540429 9998 33401 -3349.76747292
690175635 -31.84701833 48.24676667 -3816.412432 1926.648859 -1 33401 -3884.41094376
690297544 -33.38281333 51.50498 -3832.807661 2391.239445 9998 33401 -3740.04664073
6902882108 -30.35532 61.71619 -2184.248917 441.1184534 -1 33401 -2211.2594862
6902881108 -45.41754333 58.84382167 -2418.924976 270.7519883 -1 33401 -2483.71771021
69030361 -24.16261333 52.60127167 -3694.151287 1715.760499 9998 33401 -3836.120096
69038701 -24.16041333 52.61943833 -3746.740846 1626.986056 9998 33401 -3880.45433943
690357230 1.405603333 69.46950333 -3081.455994 2862.542927 -1 33401 -3157.66671312
6903268121 20.13613167 37.497615 -3121.019616 468.2920849 -1 33401 -3218.13282438
690302931 -49.60962667 53.20388333 -3551.695583 1662.930471 -1 33401 -3612.59639923
690307115 -15.33495333 35.95952333 -2732.773357 549.7973952 -1 33401 -2704.11014829
69030851 -26.7354 55.59568 -3201.812826 1716.160227 -1 33401 -3178.5477863
69030821 -26.72636333 55.60591333 -3203.762054 1692.760875 -1 33401 -3171.68827
6902818109 -47.10877667 59.60916 -2493.182981 3520.082115 -1 33401 -2506.77613483
69030381 -28.85835833 57.66859167 -2456.373181 358.9671499 -1 33401 -2461.73135849
69038711 -28.9048 57.67022 -2459.310464 354.523738 -1 33401 -2443.80654986
690303431 -51.44197333 60.464855 -3187.837823 710.1303049 -1 33401 -3202.87505692
690303231 -56.02548667 59.344635 -3118.832602 1539.376903 9998 33401 -3116.7876
690303031 -43.72677167 57.781495 -3311.463048 1428.412428 -1 33401 -3330.93896671
690297631 -52.170955 58.21756333 -3429.32555 596.2192583 9998 33401 -3402.34371425
690357141 6.087811667 75.17232833 -2479.913893 694.3893607 -1 33401 -2472.16658766
69030391 -33.14938 58.99222 -2268.034343 846.2901749 9998 33401 -2235.70430862
69038721 -33.17892667 59.02486167 -2258.228475 853.2335055 -1 33401 -2216.82183244
69030861 -35.87896167 59.267985 -3105.186219 202.2400588 -1 33401 -3106.41342175
69030831 -35.89409 59.25883167 -3103.236202 179.4154215 -1 33401 -3104.07949962
690288631 -54.87697167 60.56722833 -3043.362956 246.378432 9998 33401 -3040.28739078
69030401 -38.18005167 59.59655 -3057.268073 1511.476954 -1 33401 -3073.74802315
69038731 -38.16787167 59.60117333 -3057.266934 1498.842537 -1 33401 -3071.5992128
690297236 -29.61145333 46.8697 -3468.873782 2026.052678 9998 33401 -3081.59202076
690297545 -32.93664 51.6364 -3729.538336 1721.746758 -1 33401 -3738.71671277
6902882109 -30.13324667 61.769935 -2075.417876 507.2357575 -1 33401 -2129.53269502
69030411 -41.01843 59.76324 -2250.253803 2873.848025 -1 33401 -2201.9043606
69030421 -40.97073333 59.747795 -2260.056214 2794.966244 -1 33401 -2250.91101694
6902881109 -46.10312667 59.07201333 -2485.4599 572.7173242 -1 33401 -2491.60605922
69030362 -24.5082 53.07182 -3708.607343 2357.870193 9998 33401 -3742.47627186
69038702 -24.31128333 52.97046667 -3743.70236 819.5776875 9998 33401 -3593.61726916
6903268123 20.14711167 37.44794333 -2584.418833 452.175404 -1 33401 -2552.36231992
690302932 -50.19994667 53.70719833 -3439.425576 1931.331466 9998 33401 -3448.78074192
690307116 -15.397435 35.97517 -2601.424192 419.0147115 -1 33401 -2689.57198022
690298390 -11.80099667 -9.439145 -3324.517501 802.5429502 9998 33401 -3231.58565923
69030822 -26.42154833 55.710185 -3098.29872 2026.220556 -1 33401 -3135.10308829
69030852 -26.48494333 55.691325 -3108.068359 1988.823124 -1 33401 -3111.06030495
69030382 -29.754305 57.49579 -2267.334765 512.0761774 9998 33401 -2280.80044534
69038712 -29.78971833 57.58835833 -2311.416342 442.8025585 9998 33401 -2439.18335159
6903268124 20.14504667 37.43116833 -2737.31677 509.4675062 -1 33401 -2786.76886721
6902818110 -50.066595 60.86025167 -2901.68207 13171.87524 -1 33401 -2878.2409762
690303432 -50.80780333 60.07998333 -3216.22952 277.027947 -1 33401 -3243.63597006
690303232 -55.64328167 59.54613667 -3217.342984 1173.010596 9998 33401 -3176.05069953
690303032 -42.99310167 57.75569167 -3359.257606 951.9055421 9998 33401 -3364.23978162
690297632 -52.8651 59.05155 -3428.116095 446.7570893 9998 33401 -3445.87604682
69030392 -33.12185167 59.060715 -2123.919382 874.6453725 -1 33401 -2114.13327296
69038722 -33.27400667 59.00021833 -2242.552317 949.5022381 -1 33401 -2158.20548216
69030862 -36.30207 59.12703667 -3105.221772 433.6471329 9998 33401 -3104.96006876
69030832 -36.32277667 59.11622 -3106.200671 435.6515047 9998 33401 -3093.55292061
69038693 -21.96450667 49.35761667 -3773.170579 2128.300605 9998 33401 -3804.23494971
690288632 -55.87636167 60.69104333 -2967.1669 489.542762 9998 33401 -2977.25753664
69038732 -37.743665 59.65542667 -3097.279834 1147.813522 -1 33401 -3125.35625239
69030402 -37.74960667 59.64742833 -3102.162581 1154.596555 -1 33401 -3119.884444
690297546 -33.094465 51.76203667 -3311.242757 1686.358022 9998 33401 -3315.83505748
690297237 -29.58486167 46.83345167 -3464.982839 2082.138434 9998 33401 -3250.07607924
690175637 -32.24994167 48.646395 -3689.626144 2158.250193 -1 33401 -3709.6226789
6902882110 -30.32064667 62.06523333 -2112.63063 219.6269651 -1 33401 -2124.11614807
69030422 -41.589325 59.40326333 -2304.212977 3177.680689 -1 33401 -2283.75913949
69030412 -41.627915 59.288625 -2367.910246 2803.095876 -1 33401 -2372.64975114
6902881110 -47.99059333 60.02562667 -2853.995376 13470.92497 -1 33401 -2973.28187418
69038703 -24.02595333 52.69773667 -3876.201522 1789.449444 9998 33401 -3892.72925764
6903268125 20.10930167 37.45692 -2842.117624 448.6836776 -1 33401 -2801.18667124
690302933 -50.18668 53.66143 -3475.516675 2028.721842 -1 33401 -3449.59384724
690298391 -11.95818833 -9.451743333 -3300.042176 886.7034796 9998 33401 -3266.84624345
69030853 -26.39949333 55.558465 -3266.23176 2559.773446 -1 33401 -3308.06326777
69030823 -26.30021167 55.574135 -3271.10602 2790.553177 9998 33401 -3329.13885249
69038713 -30.96604167 57.03779167 -2241.937189 103.3157345 9998 33401 -2263.97372004
69030383 -31.0313 56.87829 -2304.694612 180.9515513 9998 33401 -2433.02695065
6903268126 20.12265 37.44432667 -2792.172262 470.977637 -1 33401 -2834.07865735
6902818111 -51.58494 60.79113667 -3092.119396 1440.020566 -1 33401 -3122.18199828
690303033 -43.56551 57.98065 -3192.384205 1169.790537 9998 33401 -3187.42163555
690303433 -50.63779 60.188225 -3194.737772 1017.121159 -1 33401 -3170.367453
690303233 -55.60428833 59.42672667 -3223.2278 1328.190196 9998 33401 -3221.40365844
690297633 -53.28556833 59.25592 -3365.668178 1051.291468 9998 33401 -3364.8530173
690357143 6.184321667 75.476065 -2431.955518 560.3956376 -1 33401 -2362.82186975
69038723 -33.35855667 59.01157333 -2201.382991 984.7488773 -1 33401 -2247.38329292
69030393 -33.06545833 59.020655 -2203.341885 775.7597299 -1 33401 -2275.26269502
69030833 -35.87522667 59.09184667 -2753.525504 274.779771 -1 33401 -2776.04892394
69030863 -35.80281 59.07317 -2874.737004 292.8509713 -1 33401 -2777.11558558
69030354 -21.57257333 49.56339 -3838.350407 1706.348836 9998 33401 -3813.06684416
69030403 -39.179175 59.67859667 -2879.481834 444.8572809 -1 33401 -2866.61063703
69038733 -39.11312667 59.70027667 -2886.31664 495.1378609 -1 33401 -2886.23321158
690297547 -33.20657 51.87573 -2992.845226 1979.535835 9998 33401 -3376.51460187
690288633 -56.58066667 60.30454333 -3049.284348 515.5185185 9998 33401 -3118.72162149
690297238 -29.640055 46.77163833 -3440.610094 2070.190605 9998 33401 -3341.77501359
6902882111 -30.29496 62.03655 -2101.850186 157.1590974 -1 33401 -2108.95446245
690175638 -32.25382 48.80616 -3855.169995 2080.33868 -1 33401 -3823.04099421
69030413 -42.85728 58.61629 -2436.596847 2145.672871 -1 33401 -2375.47246291
6902881111 -51.65033667 61.57038333 -2924.965519 8797.067683 -1 33401 -2936.97192884
69038704 -23.82819667 52.50608333 -3480.748014 2599.820565 9998 33401 -3433.8797605
690302934 -49.97717 53.7122 -3533.99193 1630.746424 -1 33401 -3533.51366913
690297034 -38.62039 49.94025 -3788.553818 4177.530896 9998 33401 -4091.86284525
690307118 -15.49048167 35.94617 -2959.993432 420.9133309 -1 33401 -2688.42396348
690298392 -11.894345 -9.409743333 -3213.875781 801.2036351 9998 33401 -3247.37663124
69030824 -25.598375 55.738365 -3353.97939 2024.064288 9998 33401 -3361.76934899
69030854 -25.500985 55.706385 -3459.300408 1543.900702 -1 33401 -3365.61942762
69030384 -31.17493167 56.806125 -2542.710949 270.416918 -1 33401 -2557.92617844
6903268128 20.10816333 37.45943 -2831.344758 441.3304664 -1 33401 -2829.54127829
6902818112 -51.82076667 61.12786667 -3036.394772 764.9817043 9998 33401 -3045.74756753
690303034 -42.93430333 58.021665 -3223.5989 1274.373952 -1 33401 -3248.3900042
690303434 -52.05593 59.95301 -3367.428961 597.9619604 9998 33401 -3370.50282836
690303234 -55.42973 59.44434 -3256.391626 1373.145701 9998 33401 -3251.91934974
690297634 -52.94233167 58.77759667 -3506.15965 339.7833368 9998 33401 -3407.08466432
69038724 -33.23460333 58.97033833 -2180.803731 1015.320428 -1 33401 -2203.83855368
69030394 -33.11134 58.96644 -2266.079173 959.6593461 -1 33401 -2271.2178707
69030864 -35.733165 59.00140667 -2578.456422 344.5773502 -1 33401 -2552.26420891
69030834 -35.60725 58.84733667 -2646.977307 602.5224326 9998 33401 -2847.4232338
69038734 -40.26744 59.54950667 -2703.554227 772.4073641 -1 33401 -2702.29080782
69030404 -40.36304167 59.64296667 -2801.304948 1175.718952 -1 33401 -2754.6409387
690288634 -55.83321 59.93598 -3150.891094 1324.286498 9998 33401 -3174.02313481
690297548 -33.64785 51.63261333 -3235.148788 2033.692969 9998 33401 -3050.98954945
690297239 -29.76699333 46.782915 -3254.158925 1833.597664 9998 33401 -3328.44583092
6902882112 -29.74018167 62.25811 -1935.069581 225.2612118 9998 33401 -1917.75214803
69030424 -46.12448667 58.21749 -2588.408312 652.3168279 -1 33401 -2612.03308006
6902881112 -53.01918167 61.37019833 -3054.886355 1517.038913 -1 33401 -3104.53839954
69030414 -43.22389833 58.08479 -3176.742259 1119.710031 -1 33401 -3167.52601281
69038705 -24.67022333 52.13881167 -3321.864991 1945.150664 9998 33401 -3428.10730144
6903268129 20.11000833 37.47468333 -2891.071027 451.6559231 -1 33401 -2812.49445084
690302935 -49.90564833 53.900445 -3610.921369 1568.175272 -1 33401 -3665.97753189
690307119 -15.60603667 35.985575 -3139.042756 356.0959606 -1 33401 -3112.19672111
690298393 -11.93397 -9.45246 -3277.523553 867.738525 9998 33401 -3250.9936599
69030825 -26.40468833 55.95979333 -3124.595219 1516.198189 9998 33401 -3127.01669988
69030855 -25.39479167 55.80129 -3389.070518 1516.228947 -1 33401 -3270.16605276
69038715 -31.73762167 55.88968 -2439.113806 778.5686717 -1 33401 -2457.21514266
69030385 -31.071155 56.825965 -2503.547509 225.4533016 -1 33401 -2525.308097
6903268130 20.14189667 37.45506833 -2671.65826 447.7688573 -1 33401 -2631.93836965
6902818113 -52.50437 61.80306833 -2990.346498 5610.856402 -1 33401 -2936.66118516
690303235 -56.23142 59.55136 -3146.108812 1533.925078 9998 33401 -3116.36175035
690303435 -53.75378 59.60479 -3357.773326 1300.483941 9998 33401 -3321.69431162
690303035 -43.00873 57.66239 -3391.461513 624.972055 -1 33401 -3383.39607662
690297635 -52.89949 58.378695 -3447.800083 1243.733809 9998 33401 -3437.6132
69038725 -33.20359 59.02777 -2229.805899 872.3308619 -1 33401 -2236.06431459
69030395 -33.23633833 59.00133833 -2269.992573 897.7576621 -1 33401 -2225.72386291
69030865 -35.90652833 58.81638333 -2606.87188 356.5965144 9998 33401 -2578.39830406
69030835 -35.49739 58.84118 -2956.862743 777.1591371 9998 33401 -3142.40359189
69030405 -42.36196 58.71264 -2704.71626 1927.578721 -1 33401 -2491.80140543
69038735 -41.89223167 58.71308667 -2810.314535 829.7434121 -1 33401 -2861.9322652
690288635 -55.88938 60.2129 -3147.893767 1285.501053 9998 33401 -3124.79182461
690297240 -29.95626333 46.93950833 -3368.340475 1867.07029 9998 33401 -3262.08179733
690297549 -33.518595 51.59161167 -3572.676938 2132.427177 9998 33401 -3273.85041854
6902882113 -29.74454833 62.02883333 -2004.761116 768.8683243 -1 33401 -2015.07011217
69030425 -46.12266667 58.617115 -2540.369503 615.3007606 -1 33401 -2555.65108552
6902881113 -53.25092 61.65192 -2967.921045 3126.09721 -1 33401 -2963.52465534
69030415 -43.38796833 57.94768833 -3239.229902 1338.722926 9998 33401 -3264.99185684
69038706 -25.480675 52.16981833 -3474.026807 1954.928767 9998 33401 -3455.09090698
690357235 4.504626667 68.64678833 -3040.633783 685.9032471 -1 33401 -3017.33288381
6903268131 20.16917667 37.44261833 -2567.752013 464.6285233 -1 33401 -2562.48930542
690302936 -49.33827 54.59 -3686.685939 699.157711 -1 33401 -3681.57837362
690307120 -15.57937167 35.91117333 -2972.727516 424.2459328 -1 33401 -2886.18715959
690298394 -11.97024333 -9.590461667 -3384.207475 1026.850581 9998 33401 -3376.15590653
69030826 -25.99715667 56.16419 -3194.824771 2456.392755 9998 33401 -3189.22129569
69030856 -25.51357 56.01223333 -3307.080402 2579.860329 9998 33401 -3310.8241369
69030386 -31.38033833 56.7225 -2433.064366 656.0435899 -1 33401 -2585.25739586
69038716 -32.407095 55.66483333 -2455.811064 650.5348807 -1 33401 -2479.61152935
6902818114 -55.51323167 61.89668 -2706.965426 1585.939433 -1 33401 -2698.7402495
690303236 -56.07552 59.39452 -3097.34507 1466.544281 9998 33401 -3107.48680839
690303436 -54.146565 59.42068167 -3325.645265 1316.159155 9998 33401 -3300.8393148
690303036 -43.07047 57.39318 -3404.212964 245.5739512 9998 33401 -3408.97671043
690297636 -53.67969 58.52059 -3425.340725 955.4707777 9998 33401 -3402.88746349
69030817 -18.389635 46.513785 -3665.006218 434.2296462 9998 33401 -3815.07078908
6903268132 20.15252667 37.35893333 -3781.212555 775.4704214 -1 33401 -3725.3045789
69030396 -33.3963 59.084535 -2093.513997 1135.181713 -1 33401 -2455.61883197
69038726 -33.21529333 59.054875 -2267.0428 995.3280962 -1 33401 -2149.98468813
69030866 -36.20582833 58.76797667 -2504.121617 310.6470921 -1 33401 -2731.71608561
69030836 -35.73217 58.72392167 -2790.760683 524.9556315 -1 33401 -2812.81745997
3902127109 -21.45875 40.62886 -3341.972464 437.4783727 -1 33401 -3453.28546324
69030406 -44.42322 58.1548 -2528.720528 1587.297976 -1 33401 -2522.73789358
69038736 -41.564865 58.24418667 -3144.49262 992.2114027 9998 33401 -3153.86376514
690297550 -33.424745 51.648425 -3259.548462 1824.008416 9998 33401 -3177.87857536
690288636 -55.55425 59.9849 -3270.880947 1349.206058 -1 33401 -3228.8555647
690297241 -30.070085 47.07634667 -3292.153295 1877.033605 -1 33401 -3340.1670154
690175641 -32.04866833 49.91781333 -3534.219041 2447.606418 9998 33401 -3593.89804484
6902882114 -29.35775 61.89719 -2039.111599 2010.959198 9998 33401 -1858.39855443
69030426 -45.97950167 59.00700833 -2512.882507 271.2637046 -1 33401 -2520.67479527
6902881114 -53.04249833 61.8626 -2927.829906 4045.309484 -1 33401 -2906.11319481
69030416 -44.10024667 57.81997333 -3205.112981 1324.850026 -1 33401 -3241.10652555
69038707 -25.61135667 52.12246833 -3419.427903 2008.12674 -1 33401 -3356.9184427
690357236 6.672638333 68.71102167 -2953.760872 366.5789821 -1 33401 -2995.16608819
6903268133 20.16459 37.37879 -3481.647495 675.0669513 -1 33401 -3847.52509975
690302937 -50.21802 54.26379 -3425.60582 1592.464022 -1 33401 -3479.21203515
690307121 -15.46485 35.80296 -2800.413923 643.9246564 -1 33401 -2776.45680108
690298395 -12.03877 -9.45009 -3399.879489 996.5909221 9998 33401 -3355.2969606
69030857 -26.16970667 56.31650667 -3064.93676 1667.029789 9998 33401 -3057.02879563
69030827 -24.75084667 56.24924333 -3260.184165 1145.447757 -1 33401 -3267.58814312
69030387 -31.61843833 56.62506333 -2494.778172 718.3925021 -1 33401 -2511.77816554
69038717 -32.58554 55.27039833 -2539.128932 802.4629892 9998 33401 -2531.19483706
6902818115 -55.524295 62.02078333 -2670.760595 1192.680205 -1 33401 -2661.08351024
690303237 -55.41974333 59.67386333 -3136.318121 702.4562476 9998 33401 -3239.25791522
690303437 -53.98308 59.69606 -3306.067717 1147.737194 -1 33401 -3313.20865155
690303037 -42.88932 57.26588 -3398.399318 248.1757445 9998 33401 -3417.99051868
690297637 -53.94717 58.79654 -3402.84233 404.7574069 -1 33401 -3419.13748493
690357147 5.37841 75.70671 -2492.566971 581.4770868 9998 33401 -2702.22999992
69030397 -33.56662333 59.12978333 -2137.635576 1122.18785 -1 33401 -2137.46188942
69038727 -33.3223 59.07113 -2225.877459 1087.706044 -1 33401 -1822.65158529
69030867 -36.31392167 58.762535 -3001.812764 428.8071932 -1 33401 -2938.80524769
69030837 -35.75437833 58.68305167 -3097.524615 616.9225143 -1 33401 -3068.72941747
69030407 -45.687455 58.43815333 -2412.15017 566.2802382 -1 33401 -2416.33938088
69038737 -43.07581167 58.50499667 -2644.116776 1993.393973 -1 33401 -2553.65352231
690288637 -56.0495 60.23979 -3115.680338 1057.134067 9998 33401 -3110.01729773
690297551 -33.36552333 51.72967333 -3134.54704 1781.059839 9998 33401 -2810.15855791
690297242 -30.10805667 47.238545 -3406.309697 1811.648962 9998 33401 -3369.02939242
690288837 -42.03547 52.57421 -3559.692009 1080.865496 -1 33401 -3744.94335475
690175642 -31.707335 50.18846333 -3750.482678 2862.520894 9998 33401 -3582.18400697
6902882115 -29.76164333 61.89126667 -2072.45664 1002.82839 -1 33401 -2073.41266191
6902881115 -53.03601667 62.13322667 -2814.439237 2519.180439 -1 33401 -2852.10882061
69030427 -47.39094167 59.94981667 -2766.044278 14469.23824 -1 33401 -2722.25025302
69030417 -44.331685 57.74261333 -3190.495627 1383.607935 -1 33401 -3215.73554449
69038708 -25.80915 52.00373 -3244.802815 1904.43453 9998 33401 -3432.85995262
690357237 7.546435 68.82259167 -3036.697319 821.7185666 -1 33401 -3029.00214833
690302938 -50.085275 53.63811333 -3495.022602 1844.995427 -1 33401 -3496.70147766
690297038 -37.8928 49.49150667 -3817.925797 4958.356523 9998 33401 -4042.74908976
690307122 -15.39023667 35.81934 -3076.482321 685.299603 -1 33401 -3038.61002333
690298396 -12.11775333 -9.364756667 -3384.23033 924.8646366 9998 33401 -3170.48032391
69030828 -24.33918833 56.30805 -3194.785559 1021.319184 -1 33401 -3197.73504685
69030858 -24.67991833 56.333845 -3243.573007 1366.260552 -1 33401 -3239.00389418
69030388 -32.12307667 56.04064167 -2371.491148 892.661877 9998 33401 -2438.94599808
69038718 -33.08119667 54.93543667 -2514.724567 677.7754923 9998 33401 -2627.95908216
6902818116 -56.61647667 62.07207 -2598.374064 552.9543 9998 33401 -2601.46109689
690303238 -55.95279167 60.11485167 -3186.950809 1371.620995 9998 33401 -3184.93495214
690303438 -53.4011 59.81543 -3377.215326 1488.177118 -1 33401 -3369.43283622
690303038 -42.77332667 57.34438333 -3392.526796 321.275672 9998 33401 -3413.8480008
690297638 -53.77223833 59.01454 -3385.233709 484.6817631 -1 33401 -3379.19262583
69038728 -33.356185 59.10576167 -2319.944655 1067.535644 -1 33401 -2343.45541782
69030398 -33.29542167 59.17101833 -2336.586798 1075.884291 9998 33401 -2167.21636702
69030838 -35.92664333 58.52140667 -2781.030582 669.4878186 9998 33401 -2842.56006148
69030868 -36.000445 58.725975 -2938.329412 380.9851179 -1 33401 -3165.31146342
69030408 -45.358845 58.88105 -2469.834353 399.954101 9998 33401 -2494.52604122
69038738 -45.697925 57.88139333 -2425.972438 650.1990087 -1 33401 -2509.67345968
690297552 -33.238055 51.854835 -2832.516291 1807.11567 9998 33401 -3173.84257593
690288638 -55.96067167 59.79234333 -3067.959266 1308.400314 9998 33401 -3085.4441095
690297243 -30.16468833 47.33846167 -3515.546849 1824.901533 9998 33401 -3475.82883396
690175643 -31.36833 50.28883 -3643.275222 2729.740643 9998 33401 -3462.11114817
6902882116 -29.97557167 61.83498833 -2105.804647 530.5193499 -1 33401 -2108.61609719
6902881116 -53.87092833 61.97461167 -2794.927502 2522.763934 9998 33401 -2829.79704357
69030428 -49.48222333 60.62591167 -2824.542006 13760.93274 -1 33401 -2825.34122487
69030418 -43.39046 57.60565 -3397.327605 671.0921892 9998 33401 -3398.00956101
690357238 7.992516667 68.43380667 -2792.683784 1486.320469 -1 33401 -2790.95668114
690302939 -50.27252167 53.28663333 -3394.690771 1406.830498 -1 33401 -3347.9276663
690307123 -15.32502 35.79942 -3084.314446 767.1022647 -1 33401 -3091.61937081
690298397 -12.13923167 -9.206855 -3263.839103 797.3623428 9998 33401 -3165.67809551
69030829 -25.02951167 55.92636667 -3185.129233 859.9277206 -1 33401 -3171.8231681
69030859 -25.65010333 55.870345 -3397.826823 2640.401341 -1 33401 -3334.53949563
69030389 -31.93068 55.9595 -2352.891712 951.6160308 -1 33401 -2318.66812634
69038719 -33.44868 54.76333 -2516.720564 523.3734939 9998 33401 -2535.16825499
6902818117 -55.88327333 62.00023833 -2656.095852 1293.081043 9998 33401 -2643.8555116
690303239 -57.58385 60.02477 -2830.540957 1508.578502 -1 33401 -2800.90402981
690303439 -53.00671 59.872695 -3370.375428 1390.258953 9998 33401 -3374.05883469
690303039 -42.40677333 57.65913167 -3370.011107 878.2525328 9998 33401 -3348.04474523
690297639 -52.87708 59.32264 -3441.686181 1327.356783 -1 33401 -3443.0395323
69038729 -33.26832667 59.12916333 -2127.829962 939.7494417 -1 33401 -2104.36575793
69030399 -32.90540333 59.327395 -2520.647491 682.341685 -1 33401 -2565.64691243
69030869 -35.96161 58.58023 -2962.787166 636.6301974 -1 33401 -2939.47947569
69030839 -36.64661333 58.40215167 -3195.200393 410.8166948 -1 33401 -3190.99829145
69030409 -47.2026 59.55314 -2563.662947 1230.540236 9998 33401 -2705.57129106
69038739 -46.17678 58.16431333 -2617.774868 694.4619175 -1 33401 -2656.62950655
690297553 -33.304935 51.93914833 -3073.927563 2346.142199 9998 33401 -3361.71951736
690288639 -56.553515 59.74444667 -3020.127869 1538.600055 9998 33401 -3016.50367974
690297244 -30.388865 47.41449 -3383.808963 1560.340477 9998 33401 -3313.22132818
690175644 -30.96175333 50.29035333 -3539.949496 2535.820267 9998 33401 -3526.74713951
6902882117 -30.515 62.16642667 -2150.847545 218.0220164 -1 33401 -2125.60116051
6902881117 -55.99478 61.74661 -2741.215273 1830.862439 9998 33401 -2715.3136
69030429 -51.44294 61.29268667 -3004.135307 6761.617333 -1 33401 -2992.43759044
69030419 -43.55581167 57.37120667 -3425.66775 81.92627893 -1 33401 -3452.69639189
690357239 8.612391667 68.22318833 -2471.077797 1173.581742 -1 33401 -2473.72157214
690387010 -26.76258333 51.77604167 -3834.661475 2332.119934 9998 33401 -3852.77611198
690302940 -50.09564 53.08584167 -3320.609101 1285.358503 -1 33401 -3313.93085324
690307124 -15.20473 35.6617 -3082.394897 1034.765363 -1 33401 -3060.90989383
690298398 -12.13467 -9.189156667 -3239.359763 763.0721817 9998 33401 -3163.17901468
690308510 -26.37191667 55.69946333 -3165.668497 2241.854978 -1 33401 -3182.73016213
690308210 -25.59258 55.89242 -3360.762231 2538.143414 -1 33401 -3443.6811016
690303810 -32.39552167 55.98555 -2179.387295 838.322295 9998 33401 -2171.79724102
690387110 -33.56523333 54.73571667 -2383.516119 539.6863681 -1 33401 -2400.4035008
6902818118 -56.1953 61.29679833 -2832.211386 1481.46319 9998 33401 -2820.08126906
690303240 -57.9722 59.41846 -2808.198164 2723.246725 9998 33401 -2767.28914592
690303040 -41.97150667 58.042805 -3158.20974 980.3925351 -1 33401 -3169.93143629
690303440 -53.87114 60.41778 -3206.387157 837.7586647 9998 33401 -3192.69438435
690297640 -53.0573 60.48753 -3263.922744 297.1842289 9998 33401 -3251.1243511
690387210 -33.02357667 59.103415 -2227.831894 698.1017513 -1 33401 -2249.66690644
690303910 -32.72671 59.60899 -2458.919224 489.0712837 9998 33401 -2358.51798717
690308310 -36.93835 58.39226 -2900.304662 589.7124239 -1 33401 -2908.04946492
690387310 -46.84690667 58.81115 -2688.067916 27.70401727 -1 33401 -2694.04889974
690304010 -49.66897 60.70237 -2821.593043 13634.47832 -1 33401 -2781.72973209
690288640 -57.46836 59.16805667 -2945.061679 1623.016734 9998 33401 -2957.02120532
690297245 -30.89904333 47.52263333 -3419.882001 1008.703931 9998 33401 -3524.3076316
690297554 -33.17858167 52.06354333 -3575.449774 3049.958522 -1 33401 -3619.36561234
690175645 -30.39618833 50.236225 -3539.966883 2349.275178 9998 33401 -3470.86250819
690288840 -43.71587667 52.96332333 -3697.928637 341.4786588 -1 33401 -3700.4486657
6902882118 -30.28439 62.50742 -2189.997294 150.1496209 -1 33401 -2259.86169191
6902881118 -56.43544 61.60761 -2761.773459 1879.59135 9998 33401 -2732.02989454
690304210 -54.45174833 61.379805 -2925.985516 1797.944138 9998 33401 -2836.53146068
690304110 -44.117085 57.44210333 -3448.068475 734.4706165 9998 33401 -3464.67598417
690357240 8.931301667 68.13980167 -2396.721677 468.4320526 -1 33401 -2374.36443891
690387011 -27.14119333 51.85568167 -3828.792659 3044.259306 9998 33401 -3816.6576464
690302941 -49.40654667 52.74050667 -3481.650384 2025.583957 9998 33401 -3486.02714094
690307125 -15.13943833 35.64146167 -2996.288579 1029.010849 -1 33401 -2943.46065352
690298399 -12.175185 -9.21434 -3257.9632 759.2512541 9998 33401 -3086.09960426
690308511 -27.35004333 55.26843333 -3158.952499 1163.152822 9998 33401 -3120.67904439
690308211 -26.07313167 55.74698667 -3255.445507 2889.546085 -1 33401 -3300.06882368
690387111 -33.78277833 54.630275 -2336.502406 716.3616291 -1 33401 -2352.61902558
690303811 -33.15497667 55.995075 -2423.420307 253.1289611 -1 33401 -2329.54679118
6902818119 -56.80767167 61.33370167 -2795.065767 1764.402614 9998 33401 -2785.29213311
690303241 -57.87598833 58.332565 -2774.229929 3610.261897 9998 33401 -2762.62997986
690303041 -41.07646 58.40942 -3147.377874 1123.035335 9998 33401 -3148.11540796
690303441 -54.46280167 60.245205 -3205.455483 914.2804736 9998 33401 -3206.26352705
690297641 -53.26197833 60.422655 -3256.136529 59.42585822 9998 33401 -3214.63114107
690357151 5.43338 75.8539 -2363.434157 699.0894963 9998 33401 -2536.19555011
690303911 -32.53636833 59.84255833 -2322.745481 655.7271568 -1 33401 -2184.7863415
690387211 -33.17163167 58.834535 -2516.833304 875.3469107 -1 33401 -2551.49180036
690308311 -36.94042833 58.32067333 -2950.150805 662.5221423 -1 33401 -2914.1405997
690308611 -36.139745 58.35637833 -3093.702748 710.6739706 9998 33401 -3056.90826283
690387311 -46.71047 59.05936833 -2773.086956 393.6940477 -1 33401 -2778.03658628
690288641 -57.26065 58.46752 -2946.207396 2967.460239 9998 33401 -2973.24356301
690304011 -51.87481 61.219615 -3019.775123 1898.832738 9998 33401 -3019.41795194
690175646 -29.92816 49.956425 -3118.442775 2054.654787 -1 33401 -2925.88170276
690288841 -43.86398 53.18955167 -3713.438567 611.2057628 9998 33401 -3730.6002089
690297246 -31.33657 47.41679 -3824.495447 933.2126741 9998 33401 -3767.34728815
6902882119 -31.55713 62.20112 -2161.624326 469.4713417 -1 33401 -2434.21033531
6902881119 -55.57636833 61.56067 -2772.535921 2246.46864 9998 33401 -2781.18724222
690304211 -54.42500833 61.453825 -2908.385817 1944.358298 9998 33401 -2817.28013475
690304111 -43.68229167 57.66168833 -3375.860956 1240.492114 -1 33401 -3381.77062376
690357241 9.374215 68.23279667 -2213.611265 571.5911202 -1 33401 -2241.79437311
690387012 -27.212745 52.00262667 -3822.900742 3452.459995 9998 33401 -3776.2081224
690302942 -48.94753 51.96857833 -3292.639344 1532.212693 9998 33401 -3348.62086515
6902983100 -12.23161833 -9.237893333 -3116.909289 758.9323695 9998 33401 -3026.71479261
690307126 -15.07289333 35.56844167 -3400.155385 1306.385607 -1 33401 -3431.41701276
690308512 -27.36717833 54.83180167 -3204.952691 977.8760054 -1 33401 -3228.20078256
690308212 -25.93032667 55.73440167 -3288.622989 2792.972526 9998 33401 -3359.04530896
690387112 -33.51466833 54.02851333 -2451.262692 299.5407087 9998 33401 -2546.19820476
6902818120 -56.33076 61.46833 -2784.285154 1965.310621 9998 33401 -2766.32627756
690303242 -57.54351167 57.82866167 -2707.847973 3791.34812 9998 33401 -2700.89089374
690303042 -43.74944333 58.04375667 -2960.964581 521.1948436 -1 33401 -3068.75520095
690297642 -53.83272 60.67003 -3108.742028 218.8761794 9998 33401 -3076.00044355
690303442 -55.314645 60.08969833 -3200.616943 1446.09283 -1 33401 -3189.01219079
690357152 5.86694 75.47689 -2661.69922 722.1250415 -1 33401 -2677.11462
690297846 -45.196075 49.91168167 -3851.860321 5192.726856 -1 33401 -3847.95676293
690303912 -32.276505 59.95415833 -2260.998721 767.9910743 -1 33401 -2277.28478245
690387212 -33.30837333 58.70561 -2573.625859 833.8046779 -1 33401 -2381.56708401
690308612 -36.300975 58.41364167 -3204.955387 513.1034549 -1 33401 -3187.26532597
690308312 -36.51458667 58.43522333 -3191.288364 393.4284527 -1 33401 -3191.02062207
690304012 -53.50898833 62.07797833 -2829.109247 2424.461609 -1 33401 -2814.67066743
690387312 -48.452965 59.96139167 -2930.220435 2688.06636 -1 33401 -2966.25572879
690288642 -56.626045 57.723615 -2956.158715 3526.387725 9998 33401 -2968.69319065
690175647 -29.60006 49.79433 -3204.440098 2203.668738 9998 33401 -2619.34306805
690297247 -31.23942833 47.30633333 -3507.75412 1049.673201 -1 33401 -3567.68768146
690288842 -43.75743 53.7066 -3615.854792 1539.023383 -1 33401 -3632.44042528
6902882120 -30.13597167 61.94675667 -2080.2927 271.0486402 -1 33401 -2094.69418241
6902881120 -53.69926833 61.39178667 -2998.253435 1920.928867 9998 33401 -2933.92671686
690304212 -55.06571833 61.21118667 -2904.533108 1418.390811 9998 33401 -2894.86978748
690357242 9.6052 68.20719 -2027.420362 985.910477 -1 33401 -1969.91729699
690304112 -43.37596333 57.30760167 -3415.936913 242.9243365 -1 33401 -3418.72806433
690387013 -27.563435 51.88669833 -3848.25277 3062.662389 -1 33401 -3838.67426432
690302943 -48.05569667 51.18263167 -3246.99469 831.8211915 9998 33401 -3244.39734283
690297043 -36.04345167 50.78807 -3559.288066 2987.285664 9998 33401 -3688.17474902
6902983101 -12.22579833 -9.250496667 -3116.908142 754.8088377 9998 33401 -3004.53772232
690307127 -14.88221167 35.49806333 -3348.391988 1053.057998 -1 33401 -3346.75576161
690308513 -26.88571333 54.80634833 -3244.97553 3124.320866 -1 33401 -3349.97814667
690308213 -25.80027333 55.75667167 -3287.641067 2689.626091 9998 33401 -3305.63803125
690387113 -33.86216 53.75151833 -2725.427424 620.4708968 -1 33401 -2768.95259396
6902818121 -55.70342 61.53292667 -2774.496808 2185.248635 9998 33401 -2777.59228242
690303243 -57.098915 57.38244167 -2660.016921 3589.951194 9998 33401 -2658.26622621
690303043 -45.14194 57.5751 -3156.380601 1370.762504 -1 33401 -3165.84272599
690303443 -55.039535 60.12774667 -3168.408009 1349.347499 9998 33401 -3191.82988929
690297643 -53.91984 60.0352 -3306.953008 719.7566662 9998 33401 -3318.25087925
690297847 -45.364475 50.32414333 -3699.779389 4275.415872 9998 33401 -3865.77292671
690303913 -32.34800667 60.12066167 -2277.62638 624.6690559 -1 33401 -2195.37277934
690387213 -33.17583167 58.82275 -2508.02596 938.2790979 -1 33401 -2547.3232128
690308313 -36.504495 58.54994833 -2773.202555 448.1830515 -1 33401 -3033.71117233
690308613 -36.4713 57.84066333 -3081.142367 261.4968065 -1 33401 -3083.41670255
690304013 -55.03272 61.628 -2838.001768 2178.003028 9998 33401 -2783.90202064
690288643 -55.71092833 56.83018333 -2895.796671 4301.639028 9998 33401 -2891.95308085
690387313 -51.40277333 60.947275 -3073.535123 326.1785325 -1 33401 -3062.25008848
690355653 -5.173796667 68.45754333 -3155.782065 991.8753224 -1 33401 -3188.85756406
690175648 -29.83413 49.59521 -3399.720449 2279.622208 9998 33401 -3334.47088556
690297248 -30.90059833 47.39156667 -3469.682774 1171.08773 9998 33401 -3557.74517388
690288843 -43.62497667 53.96185667 -3651.821056 868.9946918 -1 33401 -3598.19218958
690297557 -33.204215 52.36852 -3798.435237 3309.260717 9998 33401 -3635.19122348
6902882121 -30.34966 61.91606 -2140.105493 172.2029735 -1 33401 -2121.8232939
6902881121 -56.76188 61.04931 -2875.260398 1382.871682 9998 33401 -2853.58893186
690357243 10.22686 68.28454 -1340.021275 2033.182526 -1 33401 -1335.90153314
690304213 -56.79056333 61.82741167 -2686.446194 840.3120017 9998 33401 -2661.92576226
690304113 -43.33202667 57.751715 -3361.209006 1251.767671 9998 33401 -3404.26452279
690387014 -26.61688 51.75282 -3827.854394 2067.170072 9998 33401 -3878.78993332
690302944 -46.7723 50.95522 -3111.322751 2208.071918 -1 33401 -3109.45220108
690297044 -35.29440667 50.53404167 -3840.932889 3219.520816 -1 33401 -4229.76879445
6902983102 -12.21682 -9.26546 -3106.128276 753.4660846 9998 33401 -2992.9473891
690307128 -14.75225833 35.43337 -3300.523728 824.6830668 -1 33401 -3245.31296225
690308514 -26.89828167 55.42440333 -3218.452203 1963.515441 -1 33401 -3206.53059423
690308214 -25.52811833 55.74890833 -3353.00101 1854.936257 9998 33401 -3395.14299255
690387114 -33.94656333 53.44037333 -2786.151613 573.5646375 -1 33401 -2771.59208736
6902818122 -57.83865667 60.33195 -2770.847904 2199.502901 9998 33401 -2805.53389742
690303244 -56.27907333 56.870455 -2673.828108 4173.201067 9998 33401 -2671.80602228
690303444 -54.82738167 59.5109 -3193.935609 1253.286408 9998 33401 -3199.92486468
690303044 -47.243885 57.32380167 -3177.919878 1053.062913 -1 33401 -3206.29582812
690357154 6.961263333 75.36932167 -2247.994343 288.80393 -1 33401 -2290.02610898
690297644 -54.38475833 59.93072 -3293.327368 920.8237447 9998 33401 -3294.99974351
690387214 -33.17183 58.78303 -2255.33299 886.1199193 -1 33401 -2386.24695491
690303914 -32.14821 60.22087 -2402.988711 710.860925 9998 33401 -2215.94850042
690308614 -36.36821667 57.75232333 -2877.004506 388.8137729 9998 33401 -2862.88108045
690308314 -36.63861833 58.61353667 -3038.959813 487.6874821 -1 33401 -3038.48731608
690387314 -53.31023 61.96711667 -2876.033023 3270.292561 9998 33401 -2932.2087638
690304014 -54.606655 61.55587167 -2861.468536 2070.448834 -1 33401 -2829.72664362
690288644 -54.42972333 55.88216833 -3029.889554 4608.979775 -1 33401 -3036.42058927
690175649 -29.819895 49.48568167 -3498.276761 2464.602546 9998 33401 -3425.42767545
690288844 -43.55200833 54.145415 -3646.891388 201.9175315 -1 33401 -3675.58615642
690297249 -30.60303667 47.25176667 -3654.035034 1691.254875 9998 33401 -3670.50725013
690297558 -32.87482167 52.57825 -3847.041498 3007.067665 -1 33401 -3861.92287145
6902882122 -30.19042 62.02512 -2088.12476 169.9249734 -1 33401 -2102.64840652
6902881122 -57.67669 59.86714 -2854.03159 1642.008462 9998 33401 -2889.02954139
690304214 -55.69331667 60.94088 -2903.617572 988.7778843 9998 33401 -2896.6513626
690387015 -27.49703 51.7016 -2959.661146 1944.350917 9998 33401 -3280.2062196
690357244 9.140903333 68.02694333 -2047.051017 987.0193764 -1 33401 -2037.21039644
690304114 -43.17054 57.27029 -3412.047834 265.6175618 9998 33401 -3157.56057052
690302945 -46.61809 51.14406 -2823.894536 2035.170178 -1 33401 -2818.50554555
690297045 -35.60558 50.744435 -3760.033791 2489.237405 9998 33401 -3733.68893718
6902983103 -12.27002667 -9.313886667 -3056.143949 765.5386797 9998 33401 -3034.51394953
690308215 -24.29882 56.48298 -3239.628733 1695.217911 -1 33401 -3280.1860355
690308515 -25.47962 55.76782167 -3351.044871 1700.042055 9998 33401 -3450.94364979
690387115 -34.02435167 53.35742333 -2782.259657 585.2898059 9998 33401 -2744.28763902
6902818123 -58.01026667 59.41438333 -2769.09646 2699.864805 9998 33401 -2756.15190114
690303245 -54.95063 55.68206 -2691.709396 6574.120892 9998 33401 -2696.4958841
690303445 -55.93661 59.59481 -3138.290067 1303.216407 9998 33401 -3126.08012636
690297645 -53.9618 59.70456 -3340.195713 1159.329698 -1 33401 -3309.7610556
690303045 -48.30717667 57.38065833 -3385.691151 821.4290943 -1 33401 -3368.17703911
690357155 7.77764 74.99996 -2615.826856 274.8973638 -1 33401 -2588.94721982
690387215 -33.10009167 58.85471667 -2445.361919 999.7907428 -1 33401 -2405.66435674
690303915 -31.92656 60.271925 -2467.59944 833.3767585 -1 33401 -2395.59964386
690308615 -36.26468 57.76219 -2910.227875 362.3359468 -1 33401 -2976.2913111
690308315 -37.27111333 58.75882 -3158.999333 434.4203882 -1 33401 -3060.42508859
690387315 -53.70104833 62.41647667 -2612.978334 747.1289176 9998 33401 -2586.10820433
690304015 -56.17695833 61.80139667 -2699.163123 1420.539644 9998 33401 -2689.04440565
690175650 -29.58751833 49.26034167 -2856.658224 2043.293895 9998 33401 -3002.59301164
690288645 -52.99884833 55.39607167 -3124.746677 5699.989221 9998 33401 -3143.46117648
690288845 -43.50963333 54.25953167 -3504.580036 297.4323372 -1 33401 -3449.33050697
690297250 -30.43554667 47.07105667 -3662.868659 2038.271697 -1 33401 -3640.86508067
6902882123 -30.15663167 62.20763833 -2116.529327 95.08963928 -1 33401 -2083.14797558
6902881123 -57.82000667 59.44960333 -2808.191091 2313.957765 9998 33401 -2862.51152816
690304215 -56.699705 61.07580167 -2871.346225 1441.764265 9998 33401 -2856.00092902
690357245 9.74944 68.31345 -2062.697863 740.0586971 -1 33401 -2171.53236447
690304115 -43.23056167 57.20225 -3419.86688 291.769627 -1 33401 -3438.20888876
690387016 -27.65913 51.64775833 -3475.16453 1933.236112 9998 33401 -3231.96523965
690302946 -46.30587333 51.21509333 -3392.392445 1300.993877 -1 33401 -3467.86956244
690297046 -35.66337 50.90919 -3444.186374 1734.320312 9998 33401 -3752.41327798
6902983104 -12.227135 -9.407888333 -3026.730257 838.9643503 9998 33401 -3005.19421379
690308216 -25.24646 56.81032 -2989.601803 2580.187085 9998 33401 -2936.13116772
690308516 -24.962285 56.17032833 -3209.462783 1260.838971 9998 33401 -3238.38414778
690387116 -35.30713 53.35487 -2286.771864 512.2460138 -1 33401 -2463.96623933
6902818124 -58.24701333 58.85541333 -2794.641017 3224.292021 9998 33401 -2781.65505198
690303246 -53.00473 55.09142 -2873.745615 9747.14309 -1 33401 -2616.2799171
690303446 -55.96350667 59.67118833 -3077.751839 1302.064971 9998 33401 -3063.65555441
690303046 -47.176015 57.86522167 -3177.776121 1232.059471 -1 33401 -3179.06704922
690297646 -53.80523167 59.34141 -3316.889919 1223.733705 9998 33401 -3440.16017245
690387216 -32.85322667 59.05115667 -2233.722148 847.7116481 -1 33401 -2223.26398583
690303916 -31.58800833 60.35814833 -2327.547862 1001.320452 9998 33401 -2241.52125621
690308616 -36.03249333 57.81353167 -3103.604962 656.4075344 -1 33401 -3074.43088537
690308316 -37.21032667 59.18891333 -3111.06305 728.5074443 -1 33401 -3124.83607797
690304016 -56.779955 61.79544833 -2679.607803 1048.100308 9998 33401 -2673.79452199
690387316 -53.11412833 62.04403667 -2866.246193 3186.781817 -1 33401 -2864.26900911
690288646 -51.05676 55.34457 -3229.209862 1138.359742 9998 33401 -3231.37644958
690297251 -30.39973 46.89205 -3517.642081 2086.628269 9998 33401 -3432.81489201
690288846 -43.56682 54.26494 -3546.490766 268.9291488 -1 33401 -3509.3112748
6902882124 -30.34487 62.16833 -2028.280605 210.1304451 -1 33401 -2035.20987856
6902881124 -58.04307333 58.78971667 -2873.826298 3257.255357 9998 33401 -2858.25584923
690304216 -56.69047333 60.51389833 -2984.78787 664.0203485 9998 33401 -3005.48013349
690357246 11.49680333 68.73694 -1856.700501 928.5644736 -1 33401 -2117.37020449
690387017 -28.94239 51.59872 -3180.482965 1383.456503 9998 33401 -2509.21238257
690304116 -43.0283 57.28953 -3406.192531 246.6780815 9998 33401 -3326.03194214
690302947 -46.19765333 51.08507333 -3540.669886 863.1215553 -1 33401 -3635.66119904
690297047 -35.56564167 50.92349 -3812.560996 1604.364241 9998 33401 -3840.78059363
6902983105 -12.16960333 -9.448993333 -3182.528946 961.8777844 9998 33401 -3121.40325242
690308517 -23.84670833 56.41372167 -3055.145452 1047.564224 -1 33401 -3114.16538184
690308217 -25.44717667 56.39973333 -3103.97445 2539.478196 9998 33401 -3093.31284492
690387117 -33.84300167 53.26845 -2471.018239 403.9316371 -1 33401 -2537.90217642
6902818125 -57.94923 58.22170333 -2678.416869 3327.957185 9998 33401 -2710.29846819
690303047 -46.606 58.5837 -2710.612868 1218.957433 -1 33401 -2662.18249484
690303447 -56.24655667 59.75954833 -3028.912507 1495.631621 9998 33401 -3014.42444297
690297647 -55.07871167 58.89181333 -3366.74298 624.4700925 9998 33401 -3321.41771769
690303917 -31.791025 60.26808333 -2263.88174 940.6566615 -1 33401 -2301.3652848
690308617 -36.06434667 57.92032333 -2455.342487 339.2530989 -1 33401 -2412.43487516
690387217 -32.869395 59.19862333 -2432.564207 821.1842229 9998 33401 -2435.23088664
690308317 -37.936145 59.46865667 -3164.672228 1265.304064 -1 33401 -3156.59822325
690304017 -57.16613833 61.76896333 -2657.120994 887.3905263 9998 33401 -2661.02304535
690387317 -55.08753 61.30597 -2851.752902 1588.657022 9998 33401 -2876.16149065
690297561 -33.57962667 52.43178667 -3309.092668 2636.617331 9998 33401 -3280.59248718
690297252 -30.29883833 46.74513167 -3387.921408 1976.650064 9998 33401 -3326.80497362
690288647 -50.96449 55.47895 -3405.742378 2181.550081 9998 33401 -3444.55350175
690288847 -43.50803167 54.116325 -3607.92989 259.1902868 -1 33401 -3652.85350211
6902882125 -30.318405 62.067815 -2109.688889 229.5302021 -1 33401 -2119.61517836
6902881125 -57.91523 58.21591 -2709.717024 3337.804487 9998 33401 -2706.18542912
690304217 -57.75645333 59.86885 -2865.757702 1719.914753 -1 33401 -2878.86370522
690304117 -43.65219167 57.35759167 -3409.097974 110.2233775 -1 33401 -3157.20108187
690387018 -27.89432 51.56393167 -3574.635289 1592.057389 -1 33401 -3334.93079338
690357247 12.78776667 69.12162 -2764.233307 552.6639644 -1 33401 -2760.02957558
690302948 -46.3341 51.12783 -2984.250179 1310.986639 -1 33401 -3008.43551088
690297048 -35.60030667 50.828615 -3617.758916 1962.549 9998 33401 -3619.40615783
6902983106 -12.15909667 -9.435833333 -3190.366387 924.8112177 9998 33401 -3131.74793549
690289447 -39.04120167 -49.295875 -3620.212149 10572.41871 9999 33401 -5003.63268068
690308518 -24.21836667 56.19086167 -3007.343178 1712.001876 -1 33401 -3032.75484262
690308218 -25.09581667 56.38807167 -3135.220066 2190.26103 9998 33401 -3130.03819429
6902818126 -57.69764333 57.85145167 -2672.629906 3528.442007 9998 33401 -2659.57442676
690303048 -46.71252667 58.66622667 -2602.990123 911.9099585 -1 33401 -2643.03045403
690387118 -33.9217 53.02067 -2924.125671 947.5850287 -1 33401 -2875.80112166
690303248 -51.55619333 53.86689833 -2794.84908 6331.02879 9998 33401 -2809.07228089
690303448 -55.50133833 60.07339167 -3208.426301 1487.976137 9998 33401 -3231.10604948
690297648 -55.87180833 59.25975667 -3185.218517 1646.366717 9998 33401 -3170.28382417
690303918 -32.25598167 60.36698167 -2344.198477 494.2358851 9998 33401 -2318.57062547
690387218 -32.82097167 59.51071667 -2470.687013 665.4705777 9998 33401 -2365.9175685
690308618 -35.8315 58.33911 -2457.21565 725.4598356 9998 33401 -2508.73392274
690308318 -38.93384 59.26965 -3030.985307 1309.808315 -1 33401 -3057.79003158
690303519 -19.48534 48.77754 -3861.996191 1574.568296 9998 33401 -3867.44707217
690304018 -56.62504167 61.81451833 -2675.692355 1005.042619 9998 33401 -2674.03461275
690387318 -57.27816 61.13372 -2799.018892 1620.960746 9998 33401 -2825.62192347
690297562 -33.45051333 52.47239167 -2908.627045 2282.156623 -1 33401 -2634.55461679
690288648 -51.66551 55.38011 -3262.378915 250.1635022 9998 33401 -3293.28078184
690288848 -43.653095 54.05404333 -3444.196181 481.9664201 -1 33401 -3528.94072092
690297253 -30.25086333 46.52949167 -3517.759553 2018.391501 -1 33401 -3492.69899345
6902882126 -29.4584 62.23238 -1988.0537 999.556583 -1 33401 -1984.37165714
6902881126 -57.29705 57.72548 -2796.857127 3882.012328 9998 33401 -2783.83880211
690304218 -57.901955 58.97557833 -2965.621709 2772.635535 9998 33401 -2941.55881669
690387019 -28.16048 51.4188 -3341.595916 936.9073054 9998 33401 -3403.86352195
690304118 -43.79865 57.440075 -3432.472028 397.1721345 -1 33401 -3459.49722715
690357248 12.274635 69.124325 -2874.604045 50.80198705 -1 33401 -2878.28422146
690302949 -46.609495 50.89288667 -2878.727196 2274.951356 -1 33401 -2536.24182327
690297049 -35.52113333 50.74395167 -3758.085978 2294.93946 9998 33401 -3686.20676282
690357348 7.865301667 69.886 -3084.305286 760.104285 -1 33401 -3082.77397041
6902983107 -12.12990833 -9.439408333 -3206.037592 933.0088065 9998 33401 -3236.33006917
690308519 -24.76790167 56.07303 -3209.489469 972.260261 -1 33401 -3225.6277213
690308219 -22.268 56.14866 -3187.02076 885.5054712 9999 33401 -1326.77540469
690303049 -46.83227 58.82052667 -2675.350601 98.75690228 -1 33401 -2693.82454166
6902818127 -56.45813 57.52847 -2850.669002 3757.772829 9998 33401 -2867.16260868
690387119 -33.95502 53.06614 -2938.775751 903.7945177 9998 33401 -2940.67368042
690303249 -50.79334833 52.952235 -2954.443855 6714.924962 9998 33401 -2852.12550783
690303449 -56.48145333 60.163685 -3182.059743 430.0381797 9998 33401 -3158.05834593
690297649 -54.50416 59.57224833 -3214.409292 979.8526604 9998 33401 -3272.33558405
690387219 -32.87265833 59.81287167 -2500.972956 868.5199584 9998 33401 -2642.49018034
690303919 -32.30089 60.70145333 -2555.600124 647.5376531 -1 33401 -2592.34485229
690308619 -35.67216 58.20214 -2515.006428 753.205259 9998 33401 -2563.96307997
690308319 -40.454925 59.31634833 -2804.311407 477.8263086 9998 33401 -2804.65734727
690304019 -56.93894167 61.54018833 -2736.37084 1628.983474 9998 33401 -2726.73802494
690387319 -58.0097 59.63442167 -2855.062226 2396.701934 9998 33401 -2844.27787069
690288649 -51.2139 54.77882 -2981.32955 2277.29401 9998 33401 -3007.38801725
690297254 -30.41302 46.15429 -3441.781638 1907.540455 9998 33401 -3491.29164614
690297563 -33.34718 52.45921 -3537.308949 2902.296213 9998 33401 -3171.88131616
690288849 -44.08245667 54.19966667 -3694.603575 266.3919065 9998 33401 -3651.18173898
6902882127 -29.38705 62.23217167 -1985.110726 1211.442267 -1 33401 -1988.16203483
6902881127 -56.19989 57.15205 -2759.8352 3966.142799 9998 33401 -2787.51557458
690304219 -57.44676 58.19629667 -2866.14825 3279.627209 9998 33401 -2899.1165381
690387020 -28.20384333 51.49644833 -3141.449433 1014.982446 -1 33401 -3006.98310265
690304119 -43.39168167 57.65752167 -3390.487876 957.2654891 9998 33401 -3406.45864096
690357249 12.73589667 69.245745 -2824.7764 165.1552157 -1 33401 -2832.9371557
690302950 -46.04163 50.69255 -3330.104582 1880.77519 -1 33401 -3293.05834928
6902983108 -12.13603167 -9.363756667 -3114.93808 837.157104 9998 33401 -3116.1382504
690308520 -24.99515167 56.11316167 -3287.54065 1177.378476 9998 33401 -3325.12301698
690387120 -34.05173 52.85972 -2037.706545 711.7854383 -1 33401 -2051.7052267
6902818128 -55.65729333 56.569775 -2833.3033 3831.812315 9998 33401 -2828.59762082
690303050 -46.38009167 58.92910667 -2683.151651 579.772249 -1 33401 -2697.8723123
690303250 -49.43795833 51.76022 -2879.480151 4618.999896 -1 33401 -2851.93422876
690303450 -57.32406667 59.63870833 -2974.252887 1354.057183 9998 33401 -2979.16859174
690357160 9.33141 74.33339 -2412.519626 990.0579553 -1 33401 -2603.34126362
690297650 -54.138185 59.04474667 -3381.325633 810.0116513 9998 33401 -3364.30803555
690387220 -33.05819667 59.89797333 -2551.848997 1046.922515 9998 33401 -2450.71590798
690303920 -32.37271667 61.14577833 -2647.46893 421.2054389 9998 33401 -2614.27958418
690308620 -35.04540333 58.29830667 -2663.727111 718.2443955 -1 33401 -2681.10679281
690308320 -42.08423 58.53895 -2846.520623 700.2641537 -1 33401 -2843.84441651
690304020 -57.41472 61.45960167 -2707.056701 1405.273324 9998 33401 -2698.33145076
690387320 -57.82753 58.424345 -2727.27373 3386.958204 9998 33401 -2712.17056401
690288650 -50.80159 54.38272 -3185.554913 731.0996725 9998 33401 -3147.25049749
690297255 -30.49435 45.97025 -3570.610739 1972.901474 -1 33401 -3576.24816093
690288850 -44.60906 54.27282 -3730.613522 92.81661385 -1 33401 -3762.89201074
6902882128 -30.11428667 62.24076667 -2130.249197 98.66144351 -1 33401 -1955.64098428
6902881128 -55.50802 56.05568 -2887.191039 4735.397237 9998 33401 -2873.16697995
690304220 -58.14322 57.49594 -2817.441167 2203.538781 -1 33401 -2318.9127464
690304120 -44.11381833 57.69345667 -3335.870122 1446.562647 -1 33401 -3346.51761767
690387021 -28.11041 51.67576333 -3398.104908 1847.027975 9998 33401 -3221.73599439
690357250 11.88765667 68.98986833 -2809.192794 80.1317248 -1 33401 -2827.38702103
690302951 -45.79683 50.44583 -3184.720216 1077.797659 9998 33401 -3228.72994033
690308221 -22.45706167 57.64171 -3019.671826 1881.593274 -1 33401 -3035.16966638
690308521 -25.00519 56.25354 -3183.088035 1674.82149 9998 33401 -3207.91000982
6902818129 -54.73646 55.7612 -2842.297774 6505.082161 9998 33401 -2811.74050153
690303051 -46.5043 59.1131 -2604.851937 200.9833416 -1 33401 -2605.138839
690303451 -57.476015 58.88759667 -3043.77396 2068.368211 9998 33401 -3038.2716855
690303251 -47.66873667 50.93743 -2973.549694 1607.566159 9998 33401 -3019.77008576
690357161 11.65143167 74.3033 -2268.665182 309.1879338 -1 33401 -2258.72792244
690297651 -54.53861167 59.39583167 -3256.404403 1467.067631 -1 33401 -3226.42415158
690387121 -34.20942 52.67664833 -3848.954642 1908.612706 -1 33401 -3874.51977896
690387221 -33.270855 60.06699833 -2369.72073 849.7125882 9998 33401 -2484.37395495
690303921 -32.42728667 61.690485 -2759.800764 741.0535673 -1 33401 -2802.73744159
690308621 -34.590425 58.37251833 -2885.651679 731.8560645 -1 33401 -2836.23666182
690308321 -42.51664333 58.27833 -2900.331928 485.0920257 -1 33401 -2938.39643113
690304021 -57.67141 61.18256 -2724.714615 1582.025549 -1 33401 -2759.86509359
690387321 -57.08816 57.53456 -2775.391656 3874.949001 -1 33401 -2728.55243208
690288651 -50.76825833 53.80849 -3151.543743 452.0875898 -1 33401 -3140.59986033
690297256 -30.82419167 45.663245 -3468.283827 2141.330708 9998 33401 -3483.36681251
690288851 -44.91725333 54.16434 -3703.380565 514.637266 9998 33401 -3738.81466542
690307236 -20.42034167 37.27243333 -3833.891353 653.104065 -1 33401 -3779.75113779
6902882129 -29.90889167 61.838435 -2097.960078 741.2770952 -1 33401 -2137.84044318
6902881129 -53.69862 55.3994 -2753.401336 8000.827542 -1 33401 -2651.44735698
690304221 -55.77227833 56.17741333 -2802.11152 4350.104758 9998 33401 -2807.74337276
690304121 -43.98043667 57.79023833 -3305.608416 1418.386403 -1 33401 -3321.71849107
690387022 -27.80704 51.6638 -3659.387454 2001.654223 9998 33401 -3338.62903535
690357251 11.57951833 69.35151333 -2931.19217 252.7312497 -1 33401 -2947.99328678
690302952 -45.77127333 50.39949 -3359.46844 1152.794873 9998 33401 -3336.05977154
690307136 -14.16165333 34.83848167 -3810.331542 1261.232652 -1 33401 -3883.80871711
690308222 -22.93934 58.21534 -2974.598511 3692.539653 -1 33401 -2966.80980707
690308522 -24.68525667 56.06722667 -3196.803278 1222.223657 -1 33401 -3193.39721782
690303052 -47.539745 59.82629667 -2871.630519 5089.530551 -1 33401 -2909.55814692
6902818130 -52.5624 55.26103167 -3097.442169 6242.909345 9998 33401 -3129.46349698
690303452 -57.00748 58.15433 -3016.61323 2770.942572 9998 33401 -3041.08947113
690357162 11.10400167 74.45710333 -2369.456248 311.9992314 -1 33401 -2366.01732886
690297652 -53.23109833 59.963385 -3351.826683 1157.629771 9998 33401 -3358.54638198
690387122 -33.51894167 52.60615833 -3784.723227 2298.111439 -1 33401 -3821.33104937
690303252 -47.09498167 51.349885 -3619.53789 2210.303323 9998 33401 -3589.05213846
690303922 -33.17851 62.19015 -2807.586274 858.2161163 9998 33401 -2924.63557615
690387222 -33.47208333 60.45379667 -2882.234765 792.6061472 9998 33401 -2836.00609848
690308622 -34.308215 58.28955167 -2693.073673 707.5183693 -1 33401 -2642.38695411
690308322 -40.97285333 58.44235167 -3148.345367 999.1465883 9998 33401 -3138.67932531
690304022 -58.07945833 60.87716333 -2711.090975 1720.972627 9998 33401 -2708.9003399
690387322 -56.124355 56.77391667 -2688.523953 4187.70861 9998 33401 -2694.00490381
690297566 -32.895155 52.74661333 -2995.544056 1406.996457 -1 33401 -3047.83593238
690288652 -50.60783333 53.76095 -3221.847288 1421.341575 9998 33401 -3192.23331675
690297257 -31.09807833 45.47742833 -3309.238846 2162.451827 9998 33401 -3354.12540216
690288852 -45.23244333 54.15969167 -3560.167759 594.3101086 9998 33401 -3568.03613385
6902882130 -30.18077167 61.72346167 -2204.829481 617.4228504 -1 33401 -2055.01999778
6902881130 -51.5302 54.997825 -2702.630289 3459.619705 -1 33401 -2722.41957163
690304222 -53.43589333 55.36465833 -2827.729456 8025.282074 -1 33401 -2856.15473979
690304122 -42.48575167 58.13500667 -3126.951007 1042.596172 9998 33401 -3076.9123841
690387023 -27.99643667 51.71717833 -3432.231938 2064.293201 9998 33401 -3412.01665266
690357252 10.71561667 69.284495 -2974.153767 353.1162168 -1 33401 -2977.0889793
690302953 -45.86826833 50.52723833 -3153.444887 1133.227313 -1 33401 -2952.28704792
690297053 -34.42179 50.27132 -3748.506329 3955.035859 -1 33401 -3765.87618528
6902983111 -12.50622 -9.138481667 -3366.636269 801.2253843 9998 33401 -3130.8165898
690308523 -24.52484167 55.92121667 -2776.748821 1978.588601 -1 33401 -2753.41976192
690308223 -22.28778667 58.17199333 -2974.609177 898.4353185 9998 33401 -2979.09930451
690387123 -32.540365 52.72828667 -2915.40377 1734.003827 -1 33401 -2969.40133322
6902818131 -51.68496333 55.373365 -3266.283894 375.5407979 9998 33401 -3279.75288846
690303053 -49.52981167 60.21520333 -2978.998846 1679.311631 9998 33401 -3011.167123
690357163 12.00321833 75.12516667 -2190.249932 421.3055731 -1 33401 -2190.58440967
690297653 -53.418515 60.19481333 -3307.886075 735.6861069 -1 33401 -3295.82582332
690303253 -47.84436 51.49327333 -3573.683263 1971.922288 -1 33401 -3610.04517897
690308623 -33.86992833 58.14078167 -2530.681144 994.5460856 -1 33401 -2499.42555011
690303923 -32.95286667 62.39912167 -2876.915241 746.685413 9998 33401 -2896.07490356
690387223 -33.08385333 60.91457167 -2915.346406 904.7718207 -1 33401 -2669.22017353
690308323 -43.25080333 58.365265 -2785.954715 1389.383974 9998 33401 -2642.23641632
690387323 -55.962435 56.35015167 -2737.528648 3966.03332 9998 33401 -2724.97014723
690304023 -57.56663 60.40876333 -2730.747046 2046.8269 9998 33401 -2723.1544832
690297567 -32.65926333 52.82185167 -2885.07329 1152.375734 9998 33401 -2789.14292259
690288853 -45.61804667 54.084145 -3443.212001 538.6145548 -1 33401 -3475.59895186
690297258 -31.26206667 45.14394333 -3424.535598 2179.135704 -1 33401 -3396.78825477
690307238 -20.44026 37.03544 -3764.743357 545.4439564 -1 33401 -3709.0255382
6902882131 -30.18280833 61.80632167 -2107.770252 478.4386924 -1 33401 -2114.7696
6902881131 -51.04617 55.14142 -3013.476137 449.6712513 9998 33401 -3016.60313666
690304223 -51.379615 54.66890833 -2898.289181 3526.066722 -1 33401 -2893.23798236
690304123 -41.254695 58.56678 -3077.052026 799.2712955 -1 33401 -3072.04481
690387024 -27.98934167 51.84533 -3769.399631 2728.056886 -1 33401 -3291.60438314
690357253 12.18068833 69.79676667 -2852.027233 583.9306493 -1 33401 -2845.30436018
690302954 -45.95609333 50.67627833 -3602.214353 1868.529798 -1 33401 -3483.98727836
6902983112 -12.61447667 -9.175756667 -3374.462334 851.7076612 9998 33401 -3186.440085
690308524 -23.87487833 56.205515 -2673.000788 1890.877129 -1 33401 -2653.36802848
690308224 -21.98447667 57.7938 -3053.813926 2661.29908 -1 33401 -3049.24708911
690387124 -31.8796 52.78499 -3140.110838 2249.184877 9998 33401 -3132.96357092
6902818132 -52.219995 55.37624667 -3202.849441 2366.731898 9998 33401 -3218.32152973
690297654 -55.07486667 60.29737833 -3120.54615 868.2610546 9998 33401 -3167.82223672
690303454 -55.26661 57.73346 -3188.546252 886.6439648 9998 33401 -3203.30245369
690303054 -51.78531 60.61621 -3163.406283 871.1212208 9998 33401 -3165.14343515
690357164 9.812143333 75.22860667 -2513.155186 416.2393026 -1 33401 -2528.06198876
690303254 -48.73049 52.7177 -3729.177769 1295.458631 -1 33401 -3688.55404563
6903557100 -0.847358333 68.01931667 -2921.673255 1171.377558 -1 33401 -3090.13319497
690387224 -32.54165167 60.99030333 -2241.215504 384.1097385 9998 33401 -2224.29352557
690303924 -32.83273 62.3541 -2909.161694 892.4810455 -1 33401 -2932.87211259
690308324 -46.38383167 57.63479667 -2782.212692 923.9360982 -1 33401 -2916.5300566
690304024 -58.21708 60.28693 -2724.906842 1924.888262 9998 33401 -2683.71148682
690297568 -32.27282167 52.745855 -2760.890048 1839.918566 -1 33401 -2947.08620343
690387324 -54.66355333 55.74125667 -2808.082977 6281.387472 9998 33401 -2913.07397709
690297259 -29.41841 44.83705 -3133.591795 673.4808899 9998 33401 -2452.85337823
690288654 -50.15558 53.7458 -3441.364141 1905.764944 9998 33401 -3461.98007686
690288854 -45.86412 54.04185 -3478.32523 304.3815542 -1 33401 -3470.99390813
6902882132 -30.23379667 62.11355667 -2110.661958 134.0780624 -1 33401 -1965.04081247
690304124 -39.07724 58.44109 -3151.273766 812.7230488 9998 33401 -3163.26954948
6902881132 -52.10821 55.83522 -3410.513481 2470.612562 -1 33401 -3409.04281321
690304224 -50.87437167 54.11784167 -3235.410788 336.5452512 9998 33401 -3222.9966629
690387025 -27.91947 51.76102833 -3328.808131 2151.426093 9998 33401 -3444.05696596
690357254 10.7667 70.520245 -2765.955827 685.159631 -1 33401 -2735.13495922
690302955 -45.75858 50.55075 -3425.764779 1595.336964 -1 33401 -3680.36305629
6902983113 -12.65053167 -9.173881667 -3278.529539 848.3694742 9998 33401 -2936.51732417
690308225 -23.12173167 58.36376 -2965.770543 4099.286591 -1 33401 -2949.13721077
690387125 -31.76372667 52.85561167 -3224.057649 1782.009739 -1 33401 -3396.18590779
690297655 -55.66095 60.64795 -2969.130308 377.1709172 9998 33401 -2985.87774962
690303455 -55.30485 57.6893 -3211.978648 1056.103953 9998 33401 -3171.75855695
690357165 11.85422667 75.16963333 -2201.017199 419.7135201 -1 33401 -2243.86786605
6902818133 -52.28925333 56.16952167 -3498.153188 1928.471755 -1 33401 -3561.90271739
690303055 -51.87482 59.81593 -3377.21519 702.8157136 -1 33401 -3380.27815655
690303255 -49.65825 53.14192 -3487.376223 1846.190307 9998 33401 -3547.16855712
690387225 -32.17021 61.04152 -2295.095555 504.7600931 9998 33401 -2538.44771408
690303925 -33.18598667 62.669295 -2890.532886 1472.293018 -1 33401 -2892.42726936
690308325 -46.70371 58.19522333 -3075.193544 202.8124903 -1 33401 -3074.24416135
690304025 -58.20593 59.75554 -2766.087383 2458.077749 9998 33401 -2788.69046349
690387325 -52.42704 55.13884667 -2881.553969 6950.758125 9998 33401 -2948.87952764
690297260 -31.36606333 44.80735667 -3174.643051 1857.207244 9998 33401 -3153.774602
690288855 -46.15931167 54.13936 -3427.593467 139.1807242 -1 33401 -3438.91041459
690297569 -32.156675 52.639375 -3542.126086 3378.447478 9998 33401 -3788.63815436
6902882133 -30.2092 62.077615 -2043.987221 193.6455367 -1 33401 -1999.16407832
6902881133 -51.78579 55.54073 -3340.380996 1757.89147 9998 33401 -3389.26529243
690304225 -50.524925 53.85274833 -3327.213688 1624.143083 9998 33401 -3292.70208099
690387026 -27.90542167 51.52524333 -3305.457732 1387.387478 -1 33401 -3155.36648141
690357255 11.328505 70.20281333 -2819.730724 964.8470498 -1 33401 -2846.68945643
690297056 -35.30350333 49.74913167 -3837.311748 3842.506913 9998 33401 -3836.37102712
6902983114 -12.68779333 -9.21443 -3237.398784 841.7289436 9998 33401 -3103.1551096
690308526 -24.19574 55.79316 -2479.287641 1640.535436 -1 33401 -2486.51687803
690308226 -22.50984833 57.90662167 -2987.373347 1266.020141 9998 33401 -3009.3184865
690297656 -55.72137 60.66559 -2967.172857 375.9562045 9998 33401 -3006.49080532
690303456 -55.58675167 57.40746333 -2992.381939 2374.215848 9998 33401 -2982.67771508
690387126 -31.07771333 52.71856 -3436.800963 3061.214565 -1 33401 -3516.38785774
6902818134 -52.840575 56.84803833 -3457.98893 1251.545007 -1 33401 -3490.5084876
690357166 12.230625 74.831065 -2315.591875 376.350504 -1 33401 -2386.52495728
690303056 -52.7786 59.32859 -3452.405457 1376.750743 9998 33401 -3444.70777503
690303256 -50.7365 54.21915 -3685.83141 1195.840966 9998 33401 -3187.15578312
690297860 -38.061265 49.96187167 -3817.762323 3295.906834 9998 33401 -3812.40323252
690387226 -31.62699 61.1651 -2250.983792 619.5201432 -1 33401 -2191.26070169
690308626 -33.94487167 57.89918833 -2304.497363 909.9906288 -1 33401 -2286.79966737
690303926 -32.92873833 62.898525 -2876.80694 492.6448791 -1 33401 -2909.3854489
690308326 -47.12911833 58.30341167 -3018.529306 694.2183842 9998 33401 -3051.20654534
690304026 -58.32654 59.18778333 -2833.664079 2914.663992 9998 33401 -2778.16345839
690297261 -31.71126667 44.75381167 -3380.734132 1918.966615 9998 33401 -3296.68000905
690387326 -50.440095 55.241955 -3348.270543 1768.928619 -1 33401 -3370.36697714
690297570 -31.42348167 52.78414667 -3384.112254 2697.229815 -1 33401 -3116.06713714
690288856 -46.42822667 54.12191333 -3521.193461 75.82291513 9998 33401 -3579.21106563
690355666 -5.678235 66.69215667 -3340.414442 397.6798152 -1 33401 -3351.97073909
690288656 -49.09727 54.821645 -3718.749546 879.9344729 -1 33401 -3719.17900423
6902882134 -30.04664667 61.85910167 -2105.800745 516.6640503 -1 33401 -2085.69474049
6902881134 -52.8118 55.70947 -3215.44534 255.6256751 9998 33401 -3190.79387851
690304126 -36.21286333 58.57004333 -3052.641369 504.5347771 -1 33401 -3116.16573318
690304226 -50.723345 53.41042 -3235.612268 1479.318275 -1 33401 -3225.58400478
690387027 -28.01646333 51.43859667 -3444.021979 1126.861629 9998 33401 -2937.13368623
690357256 8.710341667 70.42137833 -2867.545568 582.7184189 -1 33401 -2862.46140901
6902983115 -12.77974333 -9.20567 -3036.550483 817.1367125 9998 33401 -3081.54553482
690308527 -24.16260833 55.95959833 -2631.961432 2054.334735 -1 33401 -2510.50583474
690303457 -55.64769 56.23251 -2829.474095 4177.456426 9998 33401 -2842.61053555
690297657 -56.888575 60.28451333 -3071.743539 722.4685655 9998 33401 -3047.08978507
690357167 11.87311833 74.04379333 -2114.940798 271.6194507 -1 33401 -2116.99331004
690387127 -30.02291 52.53565 -3586.019762 3651.346774 9998 33401 -3718.40541869
690303057 -52.714545 59.588185 -3400.673877 1720.708838 9998 33401 -3412.04174824
690303257 -48.71656167 54.71749 -3734.363747 818.0106142 -1 33401 -3720.1912129
690387227 -31.25788667 61.32187833 -2245.077071 484.3415275 9998 33401 -2330.82706056
690308627 -34.10579333 57.94616167 -2417.145244 980.5883242 -1 33401 -2414.98085106
690303927 -33.63887333 62.94659 -2838.69429 1730.48652 -1 33401 -2824.51218817
690308327 -47.05736 57.9746 -3181.650951 1328.182082 9998 33401 -3214.30491058
690304027 -57.00130667 58.53333667 -2993.078941 2486.324975 9998 33401 -3050.08472592
690355667 -5.482541667 66.63052 -3217.59871 445.3140717 9998 33401 -3242.4460529
690288857 -46.36505833 54.05630167 -3534.859717 122.7780951 9998 33401 -3533.19116808
690387327 -50.34738167 55.47457167 -3527.60155 1294.603659 -1 33401 -3550.63525981
690288657 -49.438965 55.36281 -3642.608765 437.793065 -1 33401 -3639.61828134
690297262 -32.12253667 44.72433333 -3651.961473 1686.162204 9998 33401 -3573.56734274
690297571 -30.31779833 52.42187833 -3842.227814 4507.676023 9998 33401 -3839.71626147
6902882135 -29.927675 61.991245 -2047.923716 352.757932 -1 33401 -2049.17042901
690387028 -28.62772 51.56085167 -3025.178858 984.6936539 9998 33401 -3059.05426631
690304127 -36.63127833 58.62352 -2986.219682 499.3025055 -1 33401 -3010.51455104
6902881135 -52.43526 55.39874 -3215.531395 2865.735073 9998 33401 -3198.88248529
690304227 -50.01164 52.91992 -3237.705075 571.6617411 9998 33401 -3204.51364552
690357257 8.45717 70.10887833 -2954.485811 968.3010986 9998 33401 -2943.0407984
690357357 3.57661 71.376955 -3072.33414 1412.65891 -1 33401 -3042.8590711
6902983116 -12.78264667 -9.199931667 -2981.652831 795.4782339 9998 33401 -3059.53428409
690308528 -24.39201667 55.701785 -2479.307104 1510.458713 -1 33401 -2482.0217435
690308228 -21.898445 57.987125 -2998.097773 2594.958866 -1 33401 -3006.2374002
690303458 -53.61247167 55.56571667 -2860.919974 5933.789895 -1 33401 -2897.17790294
690387128 -29.830635 52.892415 -3335.301631 1947.758297 9998 33401 -3403.20619246
690297658 -56.17978167 59.23816333 -3129.59634 1638.3868 9998 33401 -3147.18981101
690357168 11.976445 74.66528833 -2387.044713 501.5429187 9998 33401 -2390.86238662
690303058 -52.912965 59.83636167 -3369.410318 1532.868045 9998 33401 -3380.88513216
690303258 -49.9082 55.36410167 -3567.590271 661.5458677 -1 33401 -3593.75398735
690387228 -30.733885 61.76268833 -2172.479217 305.1974938 -1 33401 -2099.0953843
690308628 -34.26366333 57.88407167 -2380.917851 1003.000043 -1 33401 -2413.46577244
690303928 -35.18921 62.97716333 -2658.833143 696.0008572 -1 33401 -2648.09942329
690308328 -46.76356833 58.29514167 -3019.507988 593.8161434 -1 33401 -3023.39516857
690304028 -57.52836667 58.27059333 -2861.244045 3365.99323 -1 33401 -2876.2636496
690297263 -32.48099667 44.87035167 -3473.416505 1242.696332 9998 33401 -3499.77339443
690387328 -51.71193667 55.47916167 -3381.362649 1195.69225 9998 33401 -3344.91418685
690288858 -46.0338 53.91594 -3561.218496 158.4816871 -1 33401 -3572.59569841
690355668 -5.445931667 66.61143167 -3231.253992 461.6585576 9998 33401 -3260.55120187
690297572 -29.253825 52.25437667 -3599.753974 3968.238503 9998 33401 -3376.60699005
690288658 -49.46786 55.77066 -3692.152394 273.2235725 -1 33401 -3668.27620878
6902882136 -29.86005833 61.82145667 -2108.748272 892.2855813 -1 33401 -2149.20890632
690387029 -28.62011167 51.69505167 -2864.829308 1530.269652 -1 33401 -2883.97116184
6902881136 -52.20809 55.39132 -3200.89318 1963.008713 9998 33401 -3233.81424554
690304128 -36.70174667 58.560035 -3157.098897 501.016417 -1 33401 -3153.08283967
690304228 -49.544285 52.95772833 -3446.479834 1824.42103 9998 33401 -3463.19304888
690357258 8.398226667 70.49973167 -2877.296644 518.5526034 9998 33401 -2866.55276285
690297059 -34.89476167 50.355135 -3788.411096 3479.358339 -1 33401 -3927.37494606
690308529 -24.39498667 55.81469333 -2439.129496 1712.641783 -1 33401 -2442.33324868
690308229 -22.99850833 58.02342 -2992.228243 3079.520155 -1 33401 -3001.5083423
690387129 -30.45860167 52.968385 -3130.294132 1242.86922 -1 33401 -3127.95119045
690303459 -52.38244167 55.29553333 -3125.750207 4509.014008 -1 33401 -3122.34589783
690297659 -57.88455 58.79151 -3117.020804 3272.548424 9998 33401 -2906.64844261
690357169 12.90059667 74.37963167 -2161.92467 427.5731658 9998 33401 -2195.07571531
690303059 -52.68505167 60.19846167 -3330.31308 116.9676731 9998 33401 -3446.16132137
690303259 -49.88635 55.50514 -3617.236415 395.578358 -1 33401 -3617.93516281
690387229 -30.48899 61.51601333 -2087.226012 386.1792486 -1 33401 -2103.86000326
690308629 -34.14696667 58.01657333 -2438.67601 1012.086687 -1 33401 -2438.13142862
690303929 -34.71 62.72743 -2753.718018 758.4434625 9998 33401 -2758.67901581
690308329 -47.142545 59.29502333 -2922.562112 440.1268802 -1 33401 -2904.44182272
690304029 -56.808605 57.75664 -2913.160661 3512.470928 9998 33401 -2883.15088459
690387329 -52.01886833 55.84321833 -3429.036889 2421.721594 9998 33401 -3460.26627268
690288859 -44.35237 54.02263 -3513.426017 1116.852093 9998 33401 -3748.80787536
690355669 -5.69264 66.58746 -3341.412527 513.8003767 9998 33401 -3219.2600786
690288659 -49.18782333 55.80513167 -3754.458449 709.4226569 -1 33401 -3779.63218893
690297573 -29.13983833 52.428335 -3799.388625 3843.716408 9998 33401 -3808.85412036
690297264 -33.05985 44.71622 -3879.024494 470.1151738 9998 33401 -3820.16828466
6902882137 -30.29465167 61.84290833 -2130.314035 211.865212 -1 33401 -2124.33955218
690387030 -28.70279833 51.48287667 -2989.041494 772.9478089 9998 33401 -2639.3578606
690304129 -36.66558833 58.68166167 -2995.972582 561.6931775 9998 33401 -3106.54902696
6902881137 -51.70463 55.33648 -3215.548681 1008.0237 -1 33401 -3223.18701301
690304229 -49.34697 53.00853 -3552.731782 1660.924801 -1 33401 -3562.05295903
690357359 2.021641667 70.63667333 -2913.3971 277.6445661 -1 33401 -3082.3490183
6902983118 -12.77481 -9.264408333 -3219.765919 884.0254224 9998 33401 -3207.62828006
690308530 -24.808825 56.02559 -3176.317387 1078.814906 -1 33401 -3182.87936322
690308230 -23.45842167 57.71507 -3002.07265 3668.063846 9998 33401 -2996.68332974
690303460 -51.57766833 54.27420833 -2916.960807 4208.287628 9998 33401 -2951.02578307
690387130 -30.88208 52.94216 -3194.746099 1494.107419 -1 33401 -3143.22337123
690357170 10.96602 73.55492 -2104.215089 178.4723752 9998 33401 -2095.93584081
690297660 -54.72845833 59.23956833 -3318.867732 1478.396612 9998 33401 -3277.02679222
690303060 -52.74142333 60.10155 -3344.964626 441.8010731 9998 33401 -3398.57637346
690308131 -21.80122 45.71228 -3825.096 1504.231989 9998 33401 -3802.88405704
690303260 -48.83809 55.79197 -3737.911434 710.9253301 9998 33401 -3454.54664568
690387230 -30.97999167 61.01544667 -2386.191099 565.0713152 9998 33401 -2164.41983916
690308630 -31.03363 58.10959 -2467.05378 1656.33007 -1 33401 -2184.86461461
690303930 -34.62086333 62.43602333 -2814.374425 768.9967709 -1 33401 -2813.9494633
690308330 -48.97649333 60.24756 -2885.213181 11924.19029 -1 33401 -2900.24192869
690304030 -56.35715833 57.31893667 -2773.486196 3968.150363 9998 33401 -2778.97563165
690387330 -52.62491 56.36877 -3525.382213 2123.866306 -1 33401 -3455.01589379
690288860 -45.266485 53.92098 -3591.4268 949.7918983 -1 33401 -3590.32354393
690297265 -33.158855 44.267725 -3629.688073 1442.042455 9998 33401 -4005.09601017
690355670 -5.40621 66.5172 -3380.407616 507.1065851 9998 33401 -3266.31495104
690288660 -49.55059 55.70524 -3675.617106 146.7763241 -1 33401 -3678.11232198
690297574 -27.83294 52.35221833 -3764.359612 3632.136849 -1 33401 -3749.32436924
6902882138 -30.06599667 61.70936333 -2130.335934 817.0363569 -1 33401 -2142.95578119
690304130 -35.69246 59.21289 -2970.448304 215.7786454 -1 33401 -2939.20065587
6902881138 -50.8104 54.42385 -3195.305271 875.8776164 9998 33401 -3146.46020477
690304230 -50.07448333 53.25716 -3468.81555 1935.480402 9998 33401 -3437.90297041
690357260 13.12075167 70.06767667 -2745.512954 633.701416 9998 33401 -2734.26776493
690357360 -0.24111 70.57479167 -3057.84127 1247.002944 9998 33401 -3111.8000511
6902983119 -12.80874667 -9.260363333 -3239.353039 898.0372907 9998 33401 -3157.30558588
690308231 -24.53244 57.54199 -2846.755988 1374.710504 9998 33401 -2821.89041523
690308531 -24.91704667 56.09279333 -3341.198109 989.4292701 -1 33401 -3298.26493587
690303461 -50.86786333 52.9264 -2841.046478 7321.973853 9998 33401 -2766.27560807
690387131 -31.08649667 53.13527833 -3254.235997 1152.229984 9998 33401 -3142.71067731
690357171 10.24856 73.45235 -2190.426437 242.3531848 -1 33401 -2208.95063638
690297661 -54.28298833 57.37955833 -3319.377271 543.1867362 -1 33401 -3330.88396985
690303061 -51.90669 59.72986 -3379.188349 831.66149 -1 33401 -3400.35308934
690303261 -47.71402833 55.96474833 -3577.149544 72.4539701 -1 33401 -3599.61027929
690308132 -21.91698 45.75333667 -3744.212237 1654.88952 9998 33401 -3728.93253547
690308631 -34.22461167 58.10011 -2180.959792 816.6230641 -1 33401 -2134.66215806
690387231 -31.33638167 61.39102167 -2130.388408 489.6760323 9998 33401 -2239.60606306
690303931 -34.27577167 62.37481 -2851.518665 843.520797 9998 33401 -2878.37439396
690308331 -50.81483 61.23171 -2956.298064 11168.65168 -1 33401 -2974.57408826
690304031 -56.657795 57.80519667 -2962.977114 3053.149629 9998 33401 -2939.06736969
690387331 -52.53211667 55.86283667 -3346.140777 2112.142648 9998 33401 -3309.99216619
690355671 -5.825568333 66.372765 -3327.816515 485.8056987 9998 33401 -3340.58117235
690288861 -44.998225 53.846875 -3657.702997 1368.639382 -1 33401 -3646.75368844
690297266 -32.82380167 44.27562667 -3740.824093 1469.83978 9998 33401 -3651.83808019
690288661 -48.74003833 55.33029167 -3770.189106 334.1913207 -1 33401 -3782.89427347
690297575 -27.35348 52.36463 -3821.803439 3456.040308 -1 33401 -3819.86688933
6902882139 -30.03535167 61.62307167 -2157.799197 997.0998321 -1 33401 -2111.60309752
6902881139 -50.59934 53.85077 -3217.917428 1404.222787 9998 33401 -3266.83943781
690304131 -35.27798 59.0975 -3024.192084 578.1567157 9998 33401 -3009.77237172
690304231 -49.75949167 52.59795667 -3257.319507 157.7261638 -1 33401 -3241.81996377
690387032 -29.16824833 51.30663167 -3334.799084 1138.094775 9998 33401 -3350.02526304
690357261 13.784615 70.32978167 -2597.893519 1388.693631 9998 33401 -2601.48095127
6902983120 -12.82258333 -9.225561667 -3064.972692 853.3853011 9998 33401 -2840.93149101
690308232 -24.85395667 57.09913667 -2847.839288 1654.537515 9998 33401 -2855.4283374
690308532 -24.236835 56.477225 -3205.475137 1529.173187 -1 33401 -3289.41590462
690303462 -49.87950167 51.81553667 -2621.172351 7745.850008 -1 33401 -2455.58896825
690387132 -31.13148167 53.24063833 -3137.05435 979.9169992 9998 33401 -3121.62567263
690357172 8.651466667 72.86914667 -2372.57961 224.40726 -1 33401 -2379.90177659
690297662 -53.43150167 56.44163 -3354.753024 2352.998003 9998 33401 -3426.19638637
690303062 -51.20947833 59.070015 -3476.842303 1505.63132 9998 33401 -3489.99783055
690308133 -20.94146 45.76416 -3672.083378 466.6104535 9999 33401 -4581.46378549
690303262 -47.67538667 56.41812167 -3593.573499 272.0712308 -1 33401 -3618.2045293
690302833 -19.699335 43.35098833 -3783.052745 120.0709387 -1 33401 -3847.95219655
690308632 -34.20487667 58.11107667 -2168.211792 799.5985219 -1 33401 -2130.06957954
690387232 -31.46496167 61.35032 -2121.571292 548.171537 9998 33401 -2281.04650882
690303932 -34.310415 62.2918 -2856.421885 1014.117307 -1 33401 -2855.88358307
690308332 -52.89836 61.71531667 -2945.444044 4013.463545 9998 33401 -3031.4519933
690304032 -55.78943 56.22953 -2792.321159 4213.520779 9998 33401 -2790.10759461
690387332 -51.09200333 55.494295 -3432.064843 2215.61047 9998 33401 -3388.30594799
690355672 -5.932316667 66.24089167 -3343.440143 474.2582194 9998 33401 -3317.68350051
690288662 -47.88757 56.3788 -3597.482394 226.1137724 9998 33401 -3629.0535424
690297267 -32.73639833 44.21127333 -3636.532923 1589.510075 9998 33401 -3529.41432713
690288862 -44.69867 53.89946 -3675.220189 1574.687367 9998 33401 -3732.70144372
690297576 -26.83031 52.79725 -3736.942747 3291.119227 9998 33401 -3761.88502664
6902882140 -29.69753167 61.96103333 -2036.159251 1042.588504 -1 33401 -2045.73175017
690304232 -49.07549167 51.35124667 -2693.716275 5665.270729 9998 33401 -2698.91342496
690304132 -34.58564667 59.37083833 -3097.351008 69.7270463 9998 33401 -3113.98441159
6902881140 -50.65568 53.30643 -3199.524207 1599.918389 9998 33401 -3136.63291263
690387033 -29.11966667 51.079665 -3115.195078 1535.563192 9998 33401 -2985.32788401
690380445 28.56109 35.62331 -3768.137245 3227.424893 -1 33401 -3784.35922695
690357262 12.91981833 69.73856833 -2790.505655 484.829654 9998 33401 -2791.87970093
6902983121 -12.77361 -9.08506 -3003.231579 777.9726795 9998 33401 -2633.47044858
690308233 -23.49691667 57.22256 -3025.63802 2873.85741 -1 33401 -3043.7498671
690308533 -25.197915 56.26546167 -3154.77734 2030.876333 9998 33401 -3163.1571968
690380446 28.6175 35.52613 -3559.352399 2470.029933 -1 33401 -3502.23970815
690387133 -31.35331833 53.00717667 -3020.879809 1306.09502 9998 33401 -3190.29967907
690297663 -53.66544 56.67763 -3307.868436 2311.120281 9998 33401 -3285.90374695
690303263 -47.70325 57.43856333 -3219.852465 798.2906294 -1 33401 -3208.42431167
690357173 7.299873333 73.05223333 -2461.585917 456.0060351 -1 33401 -2326.63781749
690303063 -51.12747 58.2226 -3545.29461 302.8892595 9998 33401 -3570.86645128
690308633 -34.21992667 58.158955 -2086.807173 710.3243456 -1 33401 -2050.80541994
690387233 -31.165395 61.71500667 -2392.915774 291.901996 -1 33401 -2335.76605709
690303933 -35.08873167 62.443105 -2830.98493 842.3673453 9998 33401 -2812.90223106
690308333 -54.01174 61.84132 -2838.932278 2623.683335 9998 33401 -2847.17503634
690303534 -20.97472333 49.00747167 -3737.247232 2137.721776 9998 33401 -3912.90659848
690304033 -52.57551 55.23825167 -3057.407038 6482.557033 9998 33401 -3121.92530027
690387333 -50.44989 55.14634167 -3352.199876 1738.76666 -1 33401 -3350.26174122
690288663 -47.81096 57.21133 -3452.034408 516.5382155 9998 33401 -3444.14590113
690355673 -5.9579 66.18958 -3226.470928 368.5615372 9998 33401 -3274.84041008
690297268 -32.55801833 44.09077167 -3547.818527 1740.330328 9998 33401 -3546.60394711
690288863 -44.82742 53.98255 -3648.891878 1298.573003 9998 33401 -3654.63505736
690297577 -27.13547 52.90223667 -3657.034164 3996.399201 9998 33401 -3667.07913455
6902882141 -29.62245 61.8179 -2108.748848 1590.438823 -1 33401 -1958.86447792
690304133 -34.85368667 59.494445 -2721.16851 462.1707655 9998 33401 -2638.06065671
690387034 -28.85630667 50.650835 -3091.870175 1941.952843 9998 33401 -2998.666382
6902881141 -49.631825 52.61936667 -3318.795223 925.3131238 -1 33401 -3308.85196232
690304233 -46.7798 51.14171 -3406.072463 2355.607552 -1 33401 -3419.03505488
690380447 28.541565 35.31049333 -3439.306843 1181.292794 -1 33401 -3490.84455431
690357263 14.36035667 70.093915 -2559.796738 438.7639278 9998 33401 -2544.00763523
690308234 -22.81867667 58.07528 -2993.192132 2677.970382 -1 33401 -2995.01980439
690308534 -24.88569667 56.59533833 -3105.875602 2932.760814 9998 33401 -3113.30634598
690380448 28.76841 35.26291 -3190.097629 658.3860159 -1 33401 -3844.44510201
690303464 -48.268425 50.27703 -2568.658224 2546.006512 9998 33401 -2550.02692238
690387134 -31.0733 52.79838333 -3393.862365 2424.291139 9998 33401 -3359.00762511
690357174 7.960653333 72.69100667 -2484.12854 811.4460941 -1 33401 -2471.90820367
690303064 -51.45131667 57.593945 -3540.608124 197.645401 9998 33401 -3559.30073463
690297664 -52.45945667 56.53711833 -3524.357224 1445.31603 -1 33401 -3576.05648632
690303264 -49.1803 57.71419 -3560.058691 774.1289941 9998 33401 -3548.78566351
690387234 -30.42683 61.98764 -2156.758449 174.7375285 -1 33401 -2129.83231777
690308634 -33.78509 58.43523 -2485.589537 714.9911687 -1 33401 -2375.12118052
690303934 -34.70539167 62.62071833 -2778.175649 628.42009 -1 33401 -2776.4711013
690308334 -55.54792833 61.85218667 -2714.796486 1720.542736 -1 33401 -2717.9998011
690304034 -51.281005 54.92222167 -2927.546733 2333.08131 9998 33401 -2982.68704773
690387334 -51.20467167 55.06352333 -2932.397299 1385.428748 9998 33401 -2975.17764955
690355674 -6.08736 65.97595 -3136.789091 233.9718274 -1 33401 -3256.45442859
690288664 -46.11049 56.9126 -3550.554715 764.9878814 -1 33401 -3529.4607885
690288864 -45.12973 54.08657 -3568.96153 719.9740316 9998 33401 -3606.95039001
690297269 -32.49626667 44.13412667 -3573.166395 1738.968896 9998 33401 -3505.53174262
690297578 -27.42531833 53.29607667 -3648.13842 4268.993002 9998 33401 -3422.11624707
6902882142 -29.75725167 61.89656667 -2065.591261 978.3078252 -1 33401 -2074.17846795
690387035 -29.69693333 50.42831167 -3090.955519 1972.568915 -1 33401 -2881.92833338
690304134 -34.86021833 59.95126833 -3071.825211 1009.535771 -1 33401 -3080.3892784
690380449 28.94499167 35.416925 -3147.023554 1659.301491 -1 33401 -3223.65425136
6902881142 -49.27368 52.88357333 -3566.41667 1819.488061 9998 33401 -3513.61311256
690357264 14.22975167 70.04277333 -2579.360701 335.3490046 9998 33401 -2569.1179449
6902983123 -12.91447333 -8.878931667 -2722.685976 727.4957409 9998 33401 -2858.66201479
690308235 -22.070335 58.55316167 -2944.232778 3711.472987 9998 33401 -2931.59071512
690380450 28.93765833 35.49616167 -3000.241528 2044.108743 -1 33401 -3030.57887905
690308535 -23.43667167 56.70692 -3237.615619 1300.342376 -1 33401 -3201.75094599
690303465 -47.65575 49.47905 -2540.439782 1894.79334 9998 33401 -2571.91932626
690387135 -30.65824 52.82954 -3290.434628 1909.86715 -1 33401 -3359.95880739
690357175 7.095503333 72.841525 -2186.577477 683.8005955 -1 33401 -2501.27784177
690303065 -51.52784 57.51365 -3511.399021 232.6737981 9998 33401 -3532.42271834
690297665 -52.58739 56.20404833 -3535.176916 2204.262114 -1 33401 -3468.98689261
690303265 -51.029735 57.96784167 -3580.441676 264.1338088 9998 33401 -3614.65393576
690387235 -29.97425167 61.65676833 -2139.167856 933.3832301 -1 33401 -2156.61611854
690303935 -34.28688 63.2698 -2648.018502 634.6867401 -1 33401 -2703.32919563
690308335 -57.14188667 62.00598667 -2587.626472 579.7696174 -1 33401 -2593.56924566
690304035 -51.366685 54.23738 -3033.252263 3049.613582 9998 33401 -3030.38904174
690355675 -5.319553333 66.010715 -3042.136284 513.6147855 -1 33401 -2984.65114904
690387335 -50.49584 54.75582 -3327.926369 1753.66073 9998 33401 -3323.7372849
690297270 -32.69175 44.32178333 -3391.607266 1346.332855 -1 33401 -3496.91343941
690288865 -45.69341 54.16753 -3406.130689 630.2116232 -1 33401 -3302.29740798
690288665 -45.815905 56.84574667 -3457.9896 383.8065138 9998 33401 -3534.92827266
690297579 -26.399915 53.99741167 -3575.811114 4459.973344 9998 33401 -3658.88319214
6902882143 -29.841605 61.83932 -2100.901473 959.9398388 -1 33401 -2091.75946367
690387036 -30.164235 50.49277333 -2913.056045 1742.600555 9998 33401 -2723.51822178
690304135 -34.27149333 60.34470167 -3018.030108 837.508064 -1 33401 -2882.3764436
6902881143 -50.20265167 53.53724667 -3439.47711 2027.189655 -1 33401 -3438.9779807
690380451 29.14476167 35.67888167 -3601.278704 3707.913558 -1 33401 -3538.07129794
690357265 13.60783333 70.18515833 -2628.221351 913.6839729 9998 33401 -2640.37463508
69028951 -52.597085 56.67734 -3509.697212 1090.985254 -1 33401 -3523.91022206
690357365 6.935278333 68.654705 -3018.188372 362.9853916 9998 33401 -3011.27531776
6902983124 -12.95099 -8.75708 -2964.041343 849.5289137 9998 33401 -2839.25049384
690308236 -21.55088 57.88165 -2998.124047 2684.613531 -1 33401 -2984.4033875
690308536 -24.02866 56.61133 -3162.493613 2186.693454 -1 33401 -3135.79657365
690380452 28.94669833 36.08452333 -3508.410668 3744.718549 -1 33401 -3437.00462932
690387136 -30.58995167 52.87520667 -3254.311093 1661.714258 -1 33401 -3264.99316616
690303066 -51.69899 56.87998 -3548.615744 451.3171967 9998 33401 -3554.84470533
690297666 -51.87002167 55.84867 -3439.760001 2312.583824 -1 33401 -3463.32051719
690357176 7.36805 72.98876 -2500.715987 497.2465164 -1 33401 -2543.67350087
690303266 -49.91393833 58.23265667 -3543.343085 882.5410201 -1 33401 -3544.3568497
690308137 -22.013345 46.152115 -3822.992619 1804.422506 9998 33401 -3865.53542338
690387236 -30.57923 61.31957 -2170.593276 514.0089544 9998 33401 -2349.15108098
690303936 -34.26434333 63.44570167 -2591.258839 1010.63291 9998 33401 -2695.40960211
690308336 -58.279495 61.17973333 -2668.978264 1251.912186 9998 33401 -2681.34646928
690308636 -33.92253833 58.36142833 -2666.647861 777.2619865 -1 33401 -2639.10410802
690304036 -50.256615 52.94749167 -3147.877634 1425.949729 9998 33401 -3180.79622995
690387336 -50.92697333 54.13114833 -3202.220307 141.6557518 -1 33401 -3241.00313136
690288866 -45.70771667 54.37514333 -3346.571958 954.1860219 9998 33401 -3359.86428334
690355676 -4.892198333 66.30035167 -3104.525862 272.673122 -1 33401 -3072.81717312
690288666 -46.83809833 57.02613333 -3461.835983 731.0375194 9998 33401 -3575.29271185
690297580 -24.84174333 53.759985 -3683.057862 3638.261825 9998 33401 -2920.08728886
690297271 -33.05070167 44.32205667 -3775.892771 1251.951654 9998 33401 -3885.77816448
6902882144 -29.91365 61.6779 -2135.242962 1214.609391 9998 33401 -2159.73190054
690304136 -34.02096333 60.55797833 -2681.822429 702.287789 -1 33401 -2633.92873027
690387037 -30.20014667 50.42629167 -3267.717658 2104.106384 9998 33401 -3072.02002778
690380453 28.53687667 36.231455 -3577.679178 1870.831861 9998 33401 -3593.42825364
690357266 13.080665 70.48685 -2592.00368 1069.468712 9998 33401 -2585.06365719
69028952 -53.09863 56.49757667 -3430.795167 2312.469187 9998 33401 -3488.66248557
690357366 8.21899 68.818545 -3039.625401 1320.78362 9998 33401 -3013.9016
690289266 -36.54696167 -50.30519333 -2028.356478 1505.376165 -1 33401 -2024.73937198
6902983125 -12.98644 -8.72008 -2966.985977 911.7811087 9998 33401 -2861.47352173
690308537 -22.999865 56.634815 -2743.330478 334.9761071 -1 33401 -2581.83444499
690308237 -20.73249 58.43724 -2926.675149 1120.279587 -1 33401 -2922.0386023
690380454 28.30976 35.88774 -3353.163627 4125.5957 -1 33401 -3474.84249702
690303467 -46.73484667 48.74988667 -2641.485151 3783.273307 -1 33401 -2684.05543925
690387137 -30.311175 52.696835 -3300.232107 2548.482577 9998 33401 -3372.65392103
690357177 8.909581667 73.06459833 -2350.047993 126.9705553 -1 33401 -2344.21267672
690297667 -52.259735 55.90790167 -3385.138811 2296.254687 -1 33401 -3396.92235313
690303067 -49.88322 56.90022 -3577.839149 551.1984204 9998 33401 -3653.61906868
690303267 -49.02525 57.75817833 -3536.662193 827.2597807 -1 33401 -3533.13416672
690387237 -30.586365 61.40968833 -2306.78517 424.5834526 -1 33401 -2235.66732449
690303937 -33.30467167 63.8116 -2620.530813 747.249294 9998 33401 -2609.70264001
690308337 -58.17771667 60.99622 -2730.6206 1552.018031 9998 33401 -2725.52200896
690304037 -50.31359 51.90474 -2981.109702 10768.00029 9999 33401 -1823.46217869
690387337 -50.94152 53.83426 -3111.500307 1598.340735 9998 33401 -3087.60594652
690288867 -45.35043 54.62585 -3341.621327 1141.021551 -1 33401 -3316.72606492
690297581 -24.13414 53.54645 -3505.774539 827.6368069 9998 33401 -3493.0905656
690355677 -4.587283333 66.258245 -3264.481296 313.2033747 -1 33401 -3297.3485736
690288667 -46.82276833 56.40248833 -3545.836163 369.8076579 -1 33401 -3541.36462071
690297371 -38.22177833 50.803295 -3616.79259 2164.393233 -1 33401 -3565.30359222
6902882145 -29.39512 61.9417 -2039.104636 2048.592767 -1 33401 -1940.59019087
690304137 -33.68466 60.67713167 -2633.872417 847.0045839 -1 33401 -2688.34088441
690387038 -30.21972167 50.539155 -2813.288852 1660.097018 9998 33401 -2984.91467198
690380455 28.322655 35.60541667 -3634.484946 3326.70935 -1 33401 -3497.29223732
690357267 10.03033 70.72204667 -2705.348307 624.5895212 -1 33401 -2698.47863483
69028953 -52.740175 56.61742 -3473.652789 1497.034191 -1 33401 -3482.42289381
690357367 9.064688333 68.69297167 -2949.859536 1264.888588 9998 33401 -2951.35225566
690308538 -22.1301 57.06311667 -2622.908256 298.736367 -1 33401 -2595.44614689
690308238 -21.272785 58.75289833 -2888.492998 1872.635239 -1 33401 -2900.14506629
690380456 28.53195667 35.45065167 -3220.35786 1841.808282 -1 33401 -3300.33299144
690303468 -44.9056 49.37073833 -2769.55893 2271.726709 9998 33401 -2769.57776787
690357178 9.461301667 72.59940167 -2268.860224 368.70728 -1 33401 -2267.66768619
690387138 -29.35863833 52.67921 -3552.835757 2865.042882 9998 33401 -3566.09502572
690303268 -48.33293 57.78242 -3412.876587 774.4354892 9998 33401 -3390.01059591
690303068 -50.72524833 57.690205 -3598.058841 424.7363581 9998 33401 -3596.88745973
690297668 -52.18272 56.95842 -3518.384528 232.6474627 9998 33401 -3520.01414591
690387238 -31.00781167 61.60411833 -2183.287667 361.4690123 9998 33401 -2178.39102989
690303938 -32.57619167 63.92972667 -2651.801329 719.0831173 9998 33401 -2609.80751555
690308638 -33.388375 58.62275167 -2551.134339 730.7129089 -1 33401 -2486.10068026
690308338 -57.62383 60.52972 -2852.90378 2132.999944 9998 33401 -2789.14507416
690304038 -47.890195 50.80665833 -2775.067959 1781.034562 9998 33401 -2741.50323934
690387338 -50.47856833 52.94157833 -3091.234951 4012.834763 9998 33401 -3066.52917348
690288868 -44.44836 54.562375 -3422.591058 167.5662205 -1 33401 -3452.52136916
690288668 -46.45861667 56.252915 -3445.490482 451.1748977 9998 33401 -3448.17361229
690297273 -33.67621 44.01445667 -3556.623091 2292.461954 -1 33401 -3619.30197133
690297582 -24.78344 52.88281 -3762.234178 3176.234723 9998 33401 -3643.77772494
6902882146 -29.32678833 61.99210667 -1934.127622 1928.004244 -1 33401 -2039.82407154
690304138 -33.64749333 60.76116167 -2846.011372 1023.885446 -1 33401 -2963.07762858
690387039 -30.10201 50.54839 -3087.990968 1826.043585 9998 33401 -2865.41516631
690380457 28.57185 35.29577 -3414.890126 701.8642434 -1 33401 -3618.9728591
690357268 10.17208167 70.51954833 -2756.186772 254.1235236 9998 33401 -2752.66397956
69028954 -52.12502 57.14933 -3510.531837 466.412143 -1 33401 -3546.03003881
690297069 -33.47018 50.68 -3355.480015 2339.454538 -1 33401 -3509.19158572
690357368 8.82839 68.456235 -2817.100901 1740.914047 9998 33401 -2794.22908108
690308539 -21.531515 57.35504 -2480.917192 581.3088589 -1 33401 -2469.64655781
690308239 -22.28856333 58.29540167 -2960.902921 2298.994094 -1 33401 -2966.07235167
690303469 -43.37650667 48.20213667 -3022.192766 491.9047876 9998 33401 -3100.97096633
690387139 -29.05457833 53.2614 -3303.969892 2459.588621 9998 33401 -3298.69885185
690357179 9.03417 72.37214 -2361.877126 584.5161749 -1 33401 -2386.16068203
690303269 -48.36141667 57.82004667 -3395.316911 809.1096993 9998 33401 -3411.94808905
690303069 -50.803105 56.81265 -3598.324113 352.7287407 -1 33401 -3592.85686845
690297669 -50.1517 57.49362 -3605.910703 329.6028264 9998 33401 -3593.95692082
690308140 -22.28074 46.37894667 -3784.919395 1988.232299 9998 33401 -3961.38147859
690387239 -31.12030333 61.84610167 -2171.485098 142.9205385 9998 33401 -2259.67103955
690308639 -33.53701667 58.56331667 -2291.632646 631.6198239 -1 33401 -2155.81515483
690303939 -31.078915 64.23009667 -2598.934848 856.1775219 -1 33401 -2642.66241629
690308339 -58.471445 59.712055 -2716.231489 2170.000176 9998 33401 -2729.31379452
690304039 -47.38465167 50.01768333 -2794.834223 267.3070062 9998 33401 -2824.36287583
690387339 -49.51829 51.79319 -2957.681918 5390.873703 -1 33401 -2835.83124481
690288869 -43.99491 54.51836 -3449.906438 75.75628181 9998 33401 -3437.35143416
690297583 -24.355255 52.11729 -3446.738002 2163.72574 9998 33401 -3407.92172305
690288669 -46.675155 56.39071333 -3581.890877 371.668137 9998 33401 -3544.10921803
690297274 -33.85554 43.93316167 -3607.369866 2581.937591 9998 33401 -3640.57650278
6902882147 -29.42668167 61.85102167 -2005.769397 2066.036668 -1 33401 -1847.07834763
690304139 -33.54611 61.07615 -2855.712585 1272.789335 9998 33401 -2721.38971029
690387040 -30.15208 50.55386333 -3124.134699 1834.271466 9998 33401 -2904.48021659
690380459 28.84053833 35.38546333 -3489.094717 1451.277761 -1 33401 -3486.6921341
690357269 11.25674667 70.6519 -2696.564628 898.5406904 9998 33401 -2675.98493511
69028955 -50.62814 57.47165833 -3617.60598 367.9233597 9998 33401 -3637.74681197
690297070 -33.664055 50.69214 -3519.345548 2225.469912 9998 33401 -3513.8231958
690357369 8.269636667 68.36629167 -2758.50139 1668.572455 9998 33401 -2739.38882585
690308540 -21.59183667 57.361105 -2492.665127 610.8797575 -1 33401 -2600.10328808
690308240 -21.43518 58.30702333 -2970.668666 2195.890491 -1 33401 -2968.46403451
39024644 0.264908333 70.36427 -3166.142593 1273.828947 9998 33401 -3144.41923224
690380460 28.86837333 35.52893833 -3235.001547 2316.775923 -1 33401 -3283.21272726
690387140 -29.02669333 53.37724833 -3385.885121 1847.040327 9998 33401 -3375.32585553
690357180 10.16627333 72.37851167 -2207.197798 414.6859965 -1 33401 -2215.5163107
690303470 -43.06686 47.9675 -3336.789029 6738.924427 9998 33401 -3335.93977536
690297670 -48.97119 57.53417 -3493.85144 668.0407925 -1 33401 -3502.92069491
690303270 -48.13572 57.16277 -3483.239431 588.3519072 9998 33401 -3499.33267813
690303070 -51.48102 56.1614 -3615.084463 359.9927052 -1 33401 -3598.03344969
690308141 -22.17676 46.452595 -3864.768965 2091.504263 9998 33401 -3990.70343736
690308640 -33.28925333 58.540235 -2401.356868 849.3103763 9998 33401 -2194.16284939
690303940 -31.04207333 64.47776667 -2488.341631 479.002435 9998 33401 -2498.13225549
690387240 -31.60014333 61.79496167 -2495.689678 410.4573513 -1 33401 -2373.21724095
690308340 -58.29548833 59.37478333 -2661.53635 2538.954351 9998 33401 -2669.5357448
690387340 -48.55118 51.01646 -2660.518861 3831.826082 -1 33401 -2616.21246395
690304040 -46.841155 49.53661667 -2879.081597 279.3340882 -1 33401 -2888.70644319
690288670 -46.01972 56.82271 -3284.415663 457.9794174 -1 33401 -3541.52660108
690288870 -43.51327 54.53411 -3423.574635 234.3527466 -1 33401 -3390.90239185
690297584 -24.82230833 52.36823833 -3501.266351 1698.221406 -1 33401 -3506.96013444
690297275 -33.93605333 43.86533667 -3709.773247 2715.050461 -1 33401 -3706.69765066
6902882148 -29.426075 61.925915 -1927.268456 1908.976975 -1 33401 -1989.61300312
690304140 -33.50344 61.34605 -2929.900338 1236.804203 9998 33401 -2831.92123601
690387041 -30.14415167 50.483305 -2937.50143 1797.142125 9998 33401 -2853.69446135
690380461 29.05563333 35.58901167 -3400.149281 2880.99131 -1 33401 -3441.24019571
690357270 10.77923 70.65905 -2696.563514 735.3797802 9998 33401 -2703.31061258
69028956 -49.471555 57.46928833 -3592.280506 362.6734339 9998 33401 -3594.90817182
690297071 -33.96423167 50.745945 -3444.237198 1818.016004 9998 33401 -3594.54139175
690357370 8.29514 68.37221 -2689.11817 1667.728616 9998 33401 -2739.66502525
690307155 -12.90287833 35.34620667 -3518.401673 2710.672455 -1 33401 -3585.57014137
690308241 -22.50967 59.10561833 -2763.299687 1119.775719 -1 33401 -2749.97411776
690380462 29.11086333 35.856765 -3564.130564 4601.305867 -1 33401 -3335.87097647
690297475 -32.73080167 47.71313 -3876.979745 1444.534619 9998 33401 -3899.91406895
690387141 -28.85466 53.34761 -3375.164276 2446.178552 9998 33401 -3392.01615072
690357181 10.22243 71.51989833 -2433.417807 631.8513357 9998 33401 -2457.25090798
690303071 -51.51578833 55.53174 -3414.502861 2167.131616 -1 33401 -3454.99832403
690303271 -48.15424167 57.86777333 -3346.549092 682.1894049 -1 33401 -3349.47927332
690303471 -42.7395 47.64664 -3495.939555 8189.385929 -1 33401 -3554.67425166
690297671 -49.01660167 57.14495 -3609.91261 353.6073764 -1 33401 -3612.90654829
690308641 -33.05116833 58.51451333 -1951.34801 996.5869897 9998 33401 -1951.89530191
690387241 -31.66722 61.82807 -2461.425987 384.660151 -1 33401 -2488.39238604
690303941 -31.25733333 64.43008333 -2530.423476 770.6657101 -1 33401 -2550.73316864
690308341 -57.73921 58.320375 -2836.797726 3498.882984 9998 33401 -2808.95143229
690387341 -48.00097667 50.67385833 -2536.246252 1500.600596 -1 33401 -2546.37243399
690304041 -45.51245667 49.42764 -3050.196122 2028.100974 -1 33401 -3032.45250188
690288871 -42.98276 54.65103 -3222.572142 485.5049557 -1 33401 -3248.44436593
690288671 -46.30195 56.94451 -3553.468233 805.9038838 -1 33401 -3569.55027363
690297585 -25.788465 52.65830167 -3639.575995 1824.975797 9998 33401 -3671.58392285
690297276 -33.72089333 44.05550833 -3672.662212 2386.688979 -1 33401 -3663.01639312
6902882149 -29.29667 61.97323333 -1949.830052 1953.183737 -1 33401 -1935.17833975
690304141 -33.76651 61.24776667 -2905.501726 910.5636257 9998 33401 -2468.3151359
690387042 -30.35025667 50.40361 -3012.79005 1961.051828 9998 33401 -3025.95689987
690380463 28.91309333 36.09733833 -3415.627751 3459.179586 -1 33401 -3513.43329206
690304241 -45.06769333 52.55636667 -3865.543614 208.6779073 -1 33401 -3911.33905482
690357271 10.66919 70.56191667 -2736.640386 641.2515407 9998 33401 -2729.5878803
69028957 -49.89201833 56.63723 -3665.585959 237.9557257 9998 33401 -3732.84552224
690357371 8.232015 68.279775 -2707.703287 1410.596322 -1 33401 -2732.44588972
690308542 -21.55708 56.978 -2247.829905 481.4681011 -1 33401 -2215.71965922
690308242 -21.43641833 59.914825 -2803.198701 1643.463049 9998 33401 -2801.7976127
39024646 -0.024953333 69.344745 -3190.713272 1111.794171 -1 33401 -3253.06656381
690380464 28.47553 36.19381 -3779.651772 2161.495209 9998 33401 -3407.9322509
690387142 -28.50016 53.34907 -3256.126386 2314.33341 9998 33401 -3296.66713723
690303072 -50.770325 54.91595833 -3204.929255 1185.472895 9998 33401 -3226.43889594
690357182 10.05466167 71.36857833 -2542.986025 832.4700222 9998 33401 -2536.43391743
690303272 -48.80767 58.22631 -3455.641051 259.695931 -1 33401 -3474.93149986
690297672 -48.77509167 57.03491833 -3612.868341 417.6892184 9998 33401 -3561.05709341
690303472 -43.12411833 48.86618833 -3877.543633 6990.863187 9998 33401 -3853.82116084
690308642 -33.43954 58.67002833 -2029.82411 505.1014074 9998 33401 -1625.91498254
690387242 -31.38452 61.87077167 -2309.641707 200.0244996 -1 33401 -2300.00666014
690303942 -30.07928833 64.51250833 -2337.5876 934.3481733 -1 33401 -2331.61425253
690308342 -57.126125 57.59517333 -2740.174881 3876.973403 9998 33401 -2760.42718275
690387342 -47.23497667 50.17797333 -2841.748294 372.0226779 -1 33401 -2842.16452713
690304042 -43.93393333 49.13682833 -3244.668585 1662.859197 9998 33401 -3271.63990473
690288872 -42.50671333 54.36643167 -3252.907406 95.40640239 9998 33401 -3291.18927102
690288672 -46.40632 57.25436 -3452.996701 868.2837281 9998 33401 -3480.95125408
690297277 -33.33637833 44.29860833 -3475.551367 1392.465457 9998 33401 -3635.05292616
690297586 -26.45724667 53.42870667 -3663.682917 4415.571506 -1 33401 -3659.19247192
6902882150 -29.18599667 62.22428 -1893.858493 1802.92818 -1 33401 -1897.87183697
690297376 -36.18173 52.04259 -3878.374912 2586.022452 -1 33401 -3874.64780946
690387043 -30.32255333 50.34983833 -2754.635323 1846.70478 9998 33401 -2936.11331545
690304142 -34.34339 61.30114833 -2960.188699 428.2201996 -1 33401 -2868.89106232
690380465 28.35279 35.971085 -3628.513381 3796.471269 -1 33401 -3551.92976759
690357272 10.73559833 70.21274167 -2848.050657 814.5318534 9998 33401 -2836.88255247
69028958 -50.36349667 56.76158833 -3609.055297 272.9741735 9998 33401 -3623.95538559
690357372 8.225036667 68.51224833 -2725.253761 1365.767672 9998 33401 -2733.14712549
690307157 -12.51208833 35.20077 -3651.203308 2347.499596 -1 33401 -3652.58850966
690308543 -21.03141167 57.73259 -2454.401644 360.2354827 -1 33401 -2500.35491299
39024647 1.523353333 69.177705 -3116.628091 1130.409741 -1 33401 -3138.74208194
690380466 28.26098833 35.67481 -3421.615255 3809.781948 -1 33401 -3418.79879777
690387143 -27.02212 53.34241 -3197.561548 4962.355852 9998 33401 -3705.10072911
690303073 -50.92603833 54.71243 -3160.081186 248.4446898 9998 33401 -3144.47881105
690303273 -50.1337 58.03622 -3554.117857 495.8880794 9998 33401 -3557.44261349
690357183 9.4989 71.20174 -2615.359701 683.4768094 9998 33401 -2628.18936438
690297673 -48.90025667 57.04562667 -3608.968707 435.1270828 9998 33401 -3648.70449823
690303943 -29.84916667 64.08910667 -2121.134222 1291.337614 9998 33401 -2097.23807424
690387243 -31.18866833 62.13154667 -2208.68046 107.1400176 -1 33401 -2116.81150448
690308343 -56.01897833 56.92837667 -2815.620321 4419.40789 9998 33401 -2794.67715894
690387343 -47.05091667 49.88415667 -2875.078548 454.4800541 -1 33401 -2893.6579654
690304043 -43.04065 47.65218 -3106.397274 4809.039753 9998 33401 -3120.5050406
690288673 -46.64597 57.31395833 -3392.535457 818.5766619 -1 33401 -3369.13180961
690288873 -42.31487 54.13958 -3462.696039 258.4624079 9998 33401 -3349.93319976
690297587 -25.1643 53.61503167 -3573.982327 4847.573599 9998 33401 -3653.70657945
690297377 -36.60321833 52.11658667 -3579.331466 2319.090437 9998 33401 -3497.24373833
6902882151 -28.89105333 62.39263 -1900.704068 2414.378512 -1 33401 -1871.84253227
690304143 -35.41567 61.23522333 -2927.972025 1180.939914 -1 33401 -2942.82306934
690387044 -30.43424 50.27409 -3087.090751 1997.544298 9998 33401 -3303.6320374
690380467 28.34138 35.52491 -3291.700731 2535.733096 -1 33401 -3242.21530984
690357273 11.045585 70.59030833 -2715.140311 863.8582161 9998 33401 -2701.8335071
69028959 -49.311425 57.63134667 -3581.516175 638.8349654 9998 33401 -3567.208012
690302974 -47.13019 51.71842 -3817.15636 2868.946394 9998 33401 -3772.11886203
690297074 -34.881355 50.69855667 -3854.50614 1523.024112 9998 33401 -3965.11141084
690357373 8.849873333 68.53143333 -2850.295638 1524.35821 9998 33401 -2827.86213511
690307158 -12.51965833 35.06191 -3201.888015 1491.331722 -1 33401 -3208.86827728
690308244 -23.45040667 59.52535833 -2441.312192 442.1438348 -1 33401 -2441.97491947
690308544 -20.72559333 57.82940833 -2457.319453 418.0506619 -1 33401 -2478.82523246
39024648 2.300481667 68.51692833 -2918.651901 1694.762517 -1 33401 -2924.92316689
690380468 28.41260333 35.42921 -3194.940843 1799.573025 -1 33401 -3134.8602942
690387144 -30.23279333 53.610945 -3145.739954 410.0343209 9998 33401 -3158.52959414
690303074 -51.08911 54.53511 -2980.415747 1206.114116 9998 33401 -3001.17242623
690357184 10.30685667 71.39849833 -2525.379681 802.2191503 9998 33401 -2506.80406505
690297674 -48.95839667 56.205165 -3715.385175 436.0754 -1 33401 -3694.61050217
690303274 -50.85205333 57.421145 -3667.291355 623.5557238 9998 33401 -3575.53002208
690303944 -30.004155 63.95505833 -2154.48101 697.1936956 9998 33401 -2164.96571193
690387244 -30.91011667 62.44885833 -2405.509816 207.1293484 -1 33401 -2342.08931644
690308344 -55.93356833 56.30939 -2731.669765 4052.635648 9998 33401 -2728.77559927
690387344 -47.42832 49.60825 -2692.184031 906.9524441 -1 33401 -2708.24201214
690288674 -47.35459 57.40737 -3088.088664 1060.828302 -1 33401 -3104.94733605
690297378 -36.99477333 52.15939667 -3441.848766 2530.436753 9998 33401 -3503.02625446
690288874 -43.3115 54.13707 -3554.327352 271.4463247 9998 33401 -3581.05667476
690297588 -25.82381667 52.81823833 -3530.372291 2825.767582 9998 33401 -3580.60228855
690304044 -43.00508667 47.03759167 -3576.110463 1375.092534 -1 33401 -3638.39795727
690297279 -32.80956167 44.44744333 -3608.17401 1109.795302 -1 33401 -3687.39136026
6902882152 -28.93118833 62.83273 -1861.38319 1760.94395 -1 33401 -1882.48413338
690387045 -30.00635333 50.07568667 -2853.511909 1887.223212 9998 33401 -3064.91265432
690304144 -34.16503167 61.78090667 -2937.615621 238.2271273 -1 33401 -2948.77307335
690380469 28.42824167 35.32125833 -2993.435906 1207.448421 -1 33401 -3083.33856854
690357274 9.659985 69.760625 -2908.66599 1357.367449 9998 33401 -2913.90246715
690289510 -48.46769167 57.66939167 -3486.015364 673.5778189 -1 33401 -3475.35906844
690357374 8.603646667 68.59646833 -2841.494141 1158.99027 -1 33401 -2832.88929723
690307159 -10.55223 35.06827 -3307.470349 282.566668 9999 33401 -4454.99024126
690308545 -21.45156167 57.63116333 -2327.085527 984.483829 -1 33401 -2226.01149072
690308245 -24.877445 59.600905 -2446.192878 179.8316733 9998 33401 -2438.78732741
39024649 2.258355 68.27297833 -2759.494779 610.7038511 -1 33401 -2736.66723319
690380470 28.49658 35.22736167 -3447.145935 1014.423038 -1 33401 -3321.1924434
690387145 -30.40082 53.83675 -2983.529599 833.5969244 -1 33401 -3048.31790032
690303075 -51.36884 54.08297 -3005.938041 3734.555477 9998 33401 -3006.21144613
690357185 10.24462167 71.677585 -2393.28102 434.1958417 9998 33401 -2395.83747409
690303275 -51.28809 57.48501 -3520.177726 126.4243503 -1 33401 -3505.02683997
690297675 -49.15827 56.102455 -3740.732842 905.420146 -1 33401 -3701.1950631
690387245 -30.27871167 62.50465 -2251.731804 156.7579932 -1 33401 -2257.04831052
690303945 -29.88725333 64.347655 -2319.988328 1775.787264 -1 33401 -2195.78682631
690308645 -33.24771 58.85307 -2393.460199 995.6199645 9998 33401 -2618.7007243
690308345 -54.40875833 55.60283833 -2786.603879 7496.520002 9998 33401 -2657.89819963
690387345 -46.92335833 49.39884167 -2837.058807 423.0554627 -1 33401 -2876.50730997
690297379 -37.44074 51.98707 -3231.141103 2512.82832 -1 33401 -3276.1374826
690288675 -48.15632 57.41126 -3336.924109 760.245334 -1 33401 -3368.59806707
690304045 -42.758575 46.74468667 -3564.504729 2746.355169 9998 33401 -3528.44030828
690288875 -43.35416167 54.04291833 -3591.388344 282.374519 9998 33401 -3638.57184628
690297280 -32.50211 44.57877 -3652.010514 1394.02735 -1 33401 -3622.4724761
690297589 -26.29884 53.52880333 -3644.166449 4135.095993 9998 33401 -3606.86173167
6902882153 -29.23686667 63.53127333 -1826.931763 1639.947955 -1 33401 -1876.94353772
690387046 -29.97808833 49.96021833 -2894.617547 1844.06669 9998 33401 -2927.02982691
690304145 -33.52447 61.28516 -2893.770237 1080.73637 -1 33401 -2984.27192048
690380471 28.58409167 35.21859167 -3160.770792 771.4800776 -1 33401 -3162.00312795
690357275 11.64481833 69.73040833 -2900.860738 776.9698881 -1 33401 -2882.89475306
690289511 -48.49334667 57.643705 -3478.225939 665.4010047 -1 33401 -3481.90383864
690297076 -34.72096167 50.25889167 -3538.984602 3715.931679 9999 33401 -2568.81384201
690357375 9.33497 68.365595 -2638.290026 1268.902986 -1 33401 -2598.73238761
690307160 -12.49227667 35.105045 -3527.26334 1844.037254 -1 33401 -3508.49688844
690308246 -25.36034 59.66326167 -2364.900178 353.3490077 -1 33401 -2308.10845224
390246410 2.088338333 68.32569 -2812.240133 883.2776527 -1 33401 -2822.80467295
690308546 -21.70022833 57.69348167 -2982.542255 2184.263232 -1 33401 -2969.26006769
690380472 28.64905 35.21693 -3025.760579 629.6846532 -1 33401 -3052.70410768
690387146 -29.75243 53.90296 -3123.200138 929.1197057 9998 33401 -3121.80366696
690303076 -50.72676 53.37547167 -3225.861339 1953.084384 -1 33401 -3219.16288216
690357186 10.79305 71.33694167 -2498.004396 857.5260844 9998 33401 -2466.72802759
690303276 -51.19427 57.48967 -3524.074146 227.9550088 -1 33401 -3518.31500322
690297676 -49.01193167 56.507605 -3661.730674 278.7444683 -1 33401 -3653.79799673
690387246 -30.52801 62.25113 -2132.208187 219.1445423 -1 33401 -1993.3443294
690303946 -29.78712167 64.72704833 -2172.001224 3003.981602 -1 33401 -2121.73844971
690308346 -52.55275667 55.01999667 -2595.961982 7622.7681 9998 33401 -2650.91081645
690387346 -46.53489667 48.89907 -2745.212892 2907.358698 -1 33401 -2772.7782598
690297281 -32.172565 44.68683333 -3361.229983 1482.729434 -1 33401 -3310.83295974
690288676 -48.5311 58.35866 -3478.01958 534.0584668 9998 33401 -3523.78065078
690297380 -37.70656667 52.16675 -3493.529266 2460.046121 9998 33401 -3475.55654495
690297590 -25.31936333 53.47717333 -3662.693066 4710.915993 9998 33401 -3645.11932424
690288876 -44.30972 53.98069 -3750.184749 1360.35231 9998 33401 -3729.45110684
690304146 -34.78446667 61.32955167 -2966.041943 464.4437933 -1 33401 -2962.55159996
690380473 28.67242 35.192145 -2987.596703 527.6959507 -1 33401 -3031.88839303
690387047 -29.91829 50.09721 -3396.638274 2170.16129 9998 33401 -3371.87255095
690357276 11.68468667 70.24028167 -2801.167013 884.1474867 9998 33401 -2817.93785204
690289512 -48.83742333 58.28826167 -3475.116034 168.3719666 -1 33401 -3488.25356736
690357376 11.48566333 68.94361667 -2859.988141 116.1887805 -1 33401 -2837.77145963
690307161 -12.38599 35.12083 -3187.203238 1701.258022 -1 33401 -2822.00414229
690308247 -25.53343667 60.02608833 -2244.326542 275.4021994 -1 33401 -2269.08077789
390246411 3.352585 68.52469667 -2807.320689 977.3096795 -1 33401 -2813.18336857
690308547 -21.95351667 57.69178333 -3024.54249 2329.933634 -1 33401 -3066.38914367
690380474 28.80986333 35.23563167 -3061.962295 492.9935454 -1 33401 -3065.51387726
690387147 -30.59829 53.90354 -2985.466371 646.5224973 9998 33401 -2992.1301061
690303077 -50.05886667 52.81869 -3186.970592 1008.062766 9998 33401 -3162.28170375
690357187 12.48847833 70.9998 -2395.329001 425.7474948 9998 33401 -2407.29861896
690303277 -51.74862 57.67006 -3557.14898 571.2922923 9998 33401 -3586.40112377
690297677 -48.702895 56.27700333 -3697.835152 41.912055 -1 33401 -3690.73195911
6903557123 -6.190618333 65.01463 -2414.846086 514.5147118 -1 33401 -2665.24909807
690303947 -29.82397 64.90506 -2038.658204 2800.47577 -1 33401 -2047.02837562
690387247 -30.601475 62.24346333 -2138.09134 154.9109112 -1 33401 -2185.58606703
690308647 -33.697775 58.51814667 -2410.175589 672.546333 -1 33401 -2462.58456509
690308347 -52.08736 54.20924 -2623.552116 6404.296032 9998 33401 -2575.77482777
690387347 -44.36124333 49.165105 -2916.341582 2933.161475 9998 33401 -3049.59231392
690297381 -37.37055333 51.99880167 -3324.834025 2578.065223 -1 33401 -3280.45736326
690297591 -25.03904667 52.58994333 -3386.121698 1279.926342 9998 33401 -3476.53347888
690297282 -31.58097167 44.629135 -3412.009644 1973.584306 9998 33401 -3282.51647542
690288677 -49.52376167 58.60815833 -3501.33617 483.8946757 -1 33401 -3508.84411782
690288877 -44.37505 53.62559833 -3694.789964 1291.578453 -1 33401 -3708.38089828
690304147 -34.30408 61.98088 -2906.314014 824.6151109 -1 33401 -2909.04460914
690387048 -29.97978 49.91495 -3078.397923 1910.258191 9998 33401 -3145.0522682
690380475 28.84937 35.34826 -3200.830519 1097.830419 -1 33401 -3428.76240379
690357277 10.97981333 70.54499333 -2733.711976 823.2306146 9998 33401 -2712.68073115
690289513 -49.68933 58.40858 -3526.72827 844.6439162 9998 33401 -3529.50801348
690357377 10.70769 69.49897 -2963.37847 1110.195037 -1 33401 -2953.80258605
690307162 -12.24134833 35.11922167 -3128.520211 1781.606331 -1 33401 -3191.87870103
690308248 -25.55442833 60.169195 -2224.700447 194.4667083 -1 33401 -2206.55946231
390246412 5.05416 68.63597 -3033.805328 479.7464511 9998 33401 -3011.97616899
690308548 -22.59421 57.47654 -3021.666886 1265.287804 -1 33401 -3020.82549044
690380476 28.84412333 35.4297 -3165.602774 1638.050941 -1 33401 -3174.50789742
690297482 -32.18543 49.09771 -3745.984341 1553.061592 9998 33401 -3792.30926938
690387148 -31.08138667 53.87117167 -3006.971005 511.2261853 9998 33401 -3051.70922829
690303078 -49.19471667 51.781725 -3126.71896 1870.309859 9998 33401 -3251.60136684
690357188 12.29807 71.32601 -2261.18443 774.3094043 9998 33401 -2249.24728975
690303278 -50.85357 58.02672 -3606.724569 248.8757041 -1 33401 -3592.80242512
690297678 -47.93875833 55.97716 -3650.208557 69.29217411 -1 33401 -3612.37355728
690303948 -31.93807167 64.95312 -2043.55402 2066.679383 9998 33401 -2050.85884709
690387248 -30.20147 62.159235 -2048.878141 152.8607158 -1 33401 -2065.16721052
690308348 -51.065005 53.11277833 -2638.487765 6430.177603 -1 33401 -2688.57849789
690297283 -31.10099 44.574155 -3187.413752 1658.909104 9998 33401 -3109.31042981
690288678 -49.68748 58.3026 -3533.57952 979.9680312 9998 33401 -3554.93601718
690387348 -42.76303167 47.86339333 -3560.237536 9704.955212 9998 33401 -3713.24593587
690288878 -43.97238 53.66686 -3705.490405 1553.334141 -1 33401 -3671.0854812
690297592 -25.77481 52.47224 -3680.555673 727.9178615 -1 33401 -3645.05893467
690297382 -37.05465 51.58389 -3733.45207 4175.249811 9998 33401 -3759.91727866
690387049 -29.82248833 49.816025 -2928.879778 1941.92651 9998 33401 -2786.92427129
690304148 -34.55864 61.33262 -2959.204807 343.4852715 -1 33401 -2966.58892614
690380477 28.89890833 35.60190667 -3552.495126 2985.681451 -1 33401 -3621.46046642
690357278 11.08737667 69.95317167 -2895.940453 1274.060284 -1 33401 -2919.4835356
690289514 -50.152745 58.357505 -3535.512154 841.9109418 9998 33401 -3551.18264128
690357378 10.405205 69.160995 -2995.648062 448.5706798 9998 33401 -2983.81517146
690307163 -11.99045 35.13998 -3088.405225 2089.787006 -1 33401 -3001.69768822
690308249 -24.886045 59.83985167 -2309.03051 37.04409575 9998 33401 -2308.07381762
390246413 6.80759 68.64729 -3025.020775 385.037361 9998 33401 -3005.15599202
690308549 -23.38862667 58.070045 -2982.44886 4123.848826 9998 33401 -2988.17331598
690380478 28.87508167 35.61564167 -3629.602146 3157.707643 -1 33401 -3691.44692385
690387149 -31.28418833 53.7807 -3037.281593 393.1626272 9998 33401 -3059.93796823
690303079 -47.6957 50.8951 -2962.80872 1758.809433 9998 33401 -2920.99774612
690357189 12.30329667 71.20118333 -2290.572738 546.8092978 -1 33401 -2319.40547539
690303279 -51.62524833 57.81086333 -3474.278968 342.9187583 9998 33401 -3537.09159032
690297679 -47.97966667 55.44579833 -3565.616272 188.6674492 9998 33401 -3662.08540014
690387249 -30.1526 62.24719167 -2053.767921 70.89831094 -1 33401 -2055.94574759
690303949 -33.24417833 64.28512167 -2111.301561 1737.710301 9998 33401 -2160.5248821
690308649 -33.67890333 58.69826667 -2262.20886 869.6543362 9998 33401 -2204.41216889
690308349 -49.98022 52.29345333 -2805.998244 5024.052621 9998 33401 -2775.14110118
690297284 -30.96605833 44.57434167 -3189.367847 1567.853781 9998 33401 -3036.72763313
690297593 -25.72561 52.29136 -3424.252968 1635.740576 -1 33401 -3815.71103314
690288679 -48.9798 58.05336 -3519.03664 847.3997171 9998 33401 -3555.77692577
690288879 -43.86366 53.81816167 -3663.557131 1526.638586 -1 33401 -3612.72439048
690297383 -37.21298 51.13411 -3873.82435 3152.643902 -1 33401 -3843.0968834
690304149 -35.11588 61.67867 -2917.126713 1851.178884 -1 33401 -2911.84520756
690387050 -29.72767333 49.82054833 -3115.550567 2079.388267 -1 33401 -3191.37944897
690380479 28.97415333 35.70651833 -3844.170605 3962.443483 -1 33401 -3901.05816963
690357279 10.19828 69.76153333 -2915.499799 1451.150377 -1 33401 -2923.85817222
690289515 -50.27554667 58.038575 -3557.039929 367.16906 9998 33401 -3556.16659861
690297080 -33.86832 50.731325 -3527.133301 1945.742929 9998 33401 -3562.19826454
690357379 9.607951667 68.77147167 -3006.455649 1355.189563 9998 33401 -2966.75952225
690307164 -11.9045 35.17808 -3226.300784 2307.577425 -1 33401 -3415.93480445
690308250 -24.56257667 59.89848833 -2223.768493 137.9991725 -1 33401 -2214.63161506
690308550 -23.16536833 58.77102833 -2823.986043 2481.328078 -1 33401 -2808.42789171
390246414 7.871435 68.95797 -3065.942952 1199.975504 9998 33401 -3057.43024831
690387150 -31.61997667 53.60354667 -2938.636089 253.4354723 9998 33401 -3021.20298169
690303080 -47.31614 50.54983 -2842.630549 693.4242164 9998 33401 -2855.27671264
690357190 13.17714 71.11461 -2209.30994 626.6216382 -1 33401 -2210.97750962
690297680 -48.14004 55.54144 -3507.113925 240.3916955 -1 33401 -3469.37606452
690303280 -51.78919833 57.50020333 -3526.994337 486.3883014 -1 33401 -3588.07222585
690298179 -20.72298 -45.1984 -3802.869579 3002.449805 9998 33401 -3867.45229554
690303950 -35.91709167 63.52470167 -2074.162868 1977.87492 9998 33401 -2082.69056548
690387250 -30.16448 62.699585 -2418.191513 391.3264686 -1 33401 -2384.62236016
690308650 -33.9083 58.45805167 -2420.960178 702.0085648 -1 33401 -2376.78568983
690308350 -49.02557833 51.31267 -2719.16994 5988.227908 -1 33401 -2704.08180867
690297285 -30.98706 44.61592 -2831.456181 1441.004722 9998 33401 -2927.49480253
690288680 -49.31304167 58.48749 -3500.39644 445.8977007 9998 33401 -3549.20568404
690297594 -24.99587 52.351135 -3656.239346 1588.869452 -1 33401 -3620.87312925
690297384 -37.17698 50.84857333 -3628.47274 2761.969827 -1 33401 -3653.31596279
690288880 -43.70394 54.05908 -3720.944976 563.6323118 -1 33401 -3740.81230872
690304050 -42.44001667 46.67677167 -3809.170289 4676.66985 9998 33401 -3972.91929779
690304150 -35.26652833 61.02673667 -2963.182072 926.2840509 -1 33401 -2973.15216651
690387051 -29.73796 50.00666 -3261.984689 2146.828977 -1 33401 -2734.9799777
690357280 11.19770167 69.98565167 -2901.792824 1293.69489 -1 33401 -2905.85995606
690289516 -48.63111667 57.9524 -3445.97223 767.260694 9998 33401 -3475.44696609
690297081 -33.546685 50.853095 -3473.462911 2366.82761 -1 33401 -3495.42219499
690357380 8.897021667 69.04853333 -3050.315083 688.6216597 9998 33401 -3044.01295637
690307165 -11.78388167 35.20394667 -3329.910083 2358.964891 -1 33401 -3480.1764166
690308251 -24.626175 59.86935167 -2242.394695 109.0081909 9998 33401 -2277.73102007
690308551 -23.53409833 58.77929333 -2784.882302 1750.849433 9998 33401 -2783.39850617
390246415 7.39168 69.50219 -3178.981823 1206.023708 9998 33401 -3167.98553981
690380482 28.98987 36.06855 -3259.288256 3743.626697 -1 33401 -3322.4814728
690297780 -35.90168167 -52.594515 -3755.513892 2551.71833 9998 33401 -3789.44288363
690387151 -30.39526 53.47543 -2844.819631 243.2710965 9998 33401 -3072.72409791
690303081 -46.99379 49.53508 -2854.630413 346.8100716 -1 33401 -2821.59731889
690357191 11.65794667 71.27801167 -2379.634241 777.578961 9998 33401 -2377.61563934
690303281 -51.788375 57.288395 -3549.468011 193.7666059 9998 33401 -3573.38562442
690297681 -49.03259333 55.53393 -3870.37281 402.193056 -1 33401 -3752.83467597
690303951 -37.26353333 63.19588667 -1863.295699 2604.415139 9998 33401 -1697.4253905
690387251 -30.2621 62.89062 -2142.888048 605.2586513 -1 33401 -2160.17496089
690308351 -48.40407 50.66718 -2467.674977 2865.63196 9998 33401 -2463.88822958
690308651 -34.30309 58.38899667 -2786.926922 701.8036625 -1 33401 -2767.2740345
690297286 -30.91042167 44.73015167 -2975.241896 1501.288809 9998 33401 -2904.05292333
690288881 -43.9212 54.274565 -3571.82627 48.817651 9998 33401 -3534.64558592
690288681 -49.8604 58.50465 -3524.751676 875.8277814 9998 33401 -3521.0274391
690297385 -37.116915 50.54534333 -3571.064566 2031.160231 -1 33401 -3469.09673812
690297595 -24.11883 52.14943333 -3678.713362 2633.065971 9998 33401 -3620.25505395
390246215 -1.855161667 66.665505 -3442.725651 238.0404491 -1 33401 -3409.3502982
690304151 -36.397795 60.74115667 -2944.690889 491.687197 -1 33401 -2958.26628533
690387052 -29.61986167 49.89796 -3166.322339 2220.421469 9998 33401 -2638.69433664
690304251 -44.7555 51.48855 -3755.885729 6954.405833 -1 33401 -4029.06502508
690357281 10.58827 70.49186167 -2764.00659 509.5952529 9998 33401 -2747.68445877
690289517 -48.71282 57.791 -3440.169849 815.6630868 9998 33401 -3467.11478167
690357381 8.108026667 69.96120833 -3066.731808 789.374703 -1 33401 -3074.59460402
690380484 28.92694667 36.287215 -2091.892358 1135.429642 9998 33401 -1852.29969691
690308252 -25.00705 59.774315 -2324.7175 89.50689892 9998 33401 -2342.0357189
690308552 -23.58370333 58.97243833 -2678.251719 885.4472552 9998 33401 -2672.22865515
390246416 6.47836 69.89323 -3171.106308 480.6870809 9998 33401 -3185.6652387
690297781 -36.45897 -52.33595 -3425.214652 2049.285725 9998 33401 -3554.78487717
690387152 -32.22525167 53.56137833 -2918.121017 60.0421902 9998 33401 -2928.20187417
690303082 -46.58785333 49.15017667 -2904.610733 598.8732351 -1 33401 -2895.46974632
690357192 11.294765 71.66296333 -2287.576747 590.9261559 9998 33401 -2261.97022497
690303282 -51.7945 57.14625 -3532.945752 258.7706475 -1 33401 -3536.90669261
690297682 -48.55291167 56.12784333 -3687.170312 212.6549167 9998 33401 -3684.14005899
690298181 -20.13020333 -45.94132167 -3837.678587 3185.74698 9998 33401 -3917.57262166
690303952 -39.57215833 62.63989 -1937.957219 2549.600322 9998 33401 -1847.89672049
690387252 -30.263815 63.09997333 -2032.061053 236.7643814 9998 33401 -2134.20536649
690308352 -48.50467333 50.38371167 -2427.563107 3017.962989 9998 33401 -2423.53550705
690297287 -30.98185333 44.71383167 -2986.982247 1552.242439 -1 33401 -3047.38759838
690288882 -44.11772167 54.45954333 -3502.569177 166.1149778 9998 33401 -3435.54767673
690288682 -49.51799833 58.61922333 -3499.384085 451.7617929 -1 33401 -3503.81684174
690380485 28.99559667 36.22277833 -1786.037227 1381.871161 9998 33401 -1690.5681989
690297596 -23.62265 52.34336 -3701.055068 3237.803808 -1 33401 -3669.33095832
690297386 -37.486985 50.45848667 -3823.432704 1769.708719 9998 33401 -3757.91469601
390246216 -1.838438333 66.66886833 -3420.319235 241.8961793 -1 33401 -3388.26577072
690304152 -36.94239333 60.76686 -2933.940339 664.3137117 -1 33401 -2933.81998854
690387053 -29.40631 49.89494 -3497.171184 2364.826019 9998 33401 -2895.6400696
690357282 9.269705 70.82798167 -2737.575412 571.5758475 9998 33401 -2741.93294436
690289518 -48.7903 57.431075 -3469.515792 487.3244896 -1 33401 -3469.2405474
690297083 -33.53881833 51.22706333 -3689.735057 2851.220788 9998 33401 -3599.6619853
690302983 -46.84010167 53.33202167 -3795.189275 1026.679008 9998 33401 -3766.8067439
690357382 9.050975 70.23880667 -2862.69391 856.4300669 9998 33401 -2847.4800066
690380486 29.00944833 36.16623 -2058.496954 2103.729441 -1 33401 -2131.57125256
690308253 -25.77372 59.55296 -2432.494421 727.5292718 9998 33401 -2419.31716785
390246417 6.131565 70.23079 -3149.589781 669.0520472 9998 33401 -3146.73380251
690297782 -36.81097333 -52.04127 -3664.135097 1361.901996 -1 33401 -3716.12035748
690387153 -32.16289167 53.757625 -2938.596194 93.70510094 -1 33401 -2959.03067211
690303083 -45.081235 49.376405 -2798.910998 3094.342804 -1 33401 -2741.36508164
690357193 11.034215 71.80879833 -2238.603074 593.7737565 9998 33401 -2244.79595147
690298182 -19.93565 -46.482195 -3483.631922 3458.725533 9998 33401 -4033.82465902
690303283 -48.68834 57.52347 -3544.526405 732.480098 -1 33401 -3503.47823883
690297683 -49.15637 55.82288 -3756.399851 817.7307309 -1 33401 -3740.17730667
690303953 -39.45527 62.00950333 -1938.050052 3064.749302 9998 33401 -1809.8189345
690387253 -30.34828 63.28524 -2272.172973 88.28163458 -1 33401 -2347.67659497
690308353 -48.19856833 49.55713667 -2361.091882 2895.278813 -1 33401 -2361.04621438
690308653 -33.90156 58.84513 -2430.675837 1498.261064 9998 33401 -2318.25144192
690297288 -31.02446 44.78276 -3064.208157 1660.092362 9998 33401 -2938.44377329
690288883 -44.25116833 54.48049 -3488.915293 212.8003569 9998 33401 -3472.64216167
690288683 -50.04388 58.76835 -3500.315742 604.8078375 -1 33401 -3500.94688098
690297387 -37.79576 50.54671 -3747.438697 2316.434928 -1 33401 -3643.98046154
690387054 -29.3431 49.83936333 -2678.423412 1126.188542 9998 33401 -2821.74063706
690380487 28.94755333 36.15053667 -2518.027969 2543.820585 -1 33401 -2804.32459368
690304153 -37.432225 60.99112833 -2890.905753 377.7452461 9998 33401 -2893.49277291
390246217 -1.835848333 66.53975833 -3579.088962 283.7194102 9998 33401 -3596.15688614
690357283 8.5508 70.550245 -2836.275887 461.7594001 9998 33401 -2832.48729888
690289519 -48.37196 57.19751 -3513.441161 602.8303906 -1 33401 -3505.78216809
690357383 8.51921 70.25222333 -2934.938733 886.4710482 9998 33401 -2918.96763265
690308254 -24.97006333 59.90972333 -2293.341757 137.9020103 -1 33401 -2325.76955716
690308554 -24.275275 59.78734333 -2410.906151 243.362962 -1 33401 -2416.44220284
690380488 28.70819 36.159275 -3554.274143 2699.236007 -1 33401 -3524.57470784
690297783 -37.20485 -51.93508333 -3815.13492 1534.780918 -1 33401 -3862.76641696
690387154 -31.82739167 53.83537667 -2732.255435 285.7606376 -1 33401 -2755.91298039
690303084 -43.47209167 48.0189 -2906.867665 4895.27154 9998 33401 -2930.95901792
690357194 11.02815333 71.83977667 -2221.951943 609.0149775 9998 33401 -2227.55138931
690303284 -51.39665167 57.33015667 -3527.044593 190.6403717 -1 33401 -3543.54668272
690297684 -49.25246667 56.366595 -3700.728207 449.7130869 -1 33401 -3689.9934526
690303954 -40.57709 61.18907 -1824.311113 3639.821705 9998 33401 -1835.72620724
690387254 -30.46866333 63.28805833 -2189.869215 183.0152401 9998 33401 -2280.3522406
690308654 -33.819075 59.159555 -2273.88306 1089.754461 -1 33401 -2209.79532524
690297289 -30.97101667 44.92285167 -2966.386849 1622.417942 9998 33401 -2982.37554449
690288884 -44.08509 54.39453 -3505.513442 158.8525637 9998 33401 -3509.54171473
690288684 -49.95713 58.50095 -3523.778394 934.0191387 9998 33401 -3525.06721052
690297598 -21.68551 53.129565 -3875.079615 1937.28553 -1 33401 -3840.29082755
390246218 -1.901805 66.32964333 -3542.142701 133.0256644 9998 33401 -3519.3333971
690304154 -37.29561 60.75767 -2937.84965 761.845026 -1 33401 -2940.49625447
690387055 -29.222995 50.02133667 -3272.718839 1938.026471 9998 33401 -3135.10265108
690380489 28.419825 36.05250333 -3714.349063 3150.474814 -1 33401 -3755.03666531
690357284 9.72923 70.939085 -2674.043768 558.777202 9998 33401 -2667.0682195
690289520 -48.65904333 57.60487667 -3473.364 631.8110831 -1 33401 -3548.89586925
690302985 -48.16812 53.06744 -3830.325865 462.7466002 9998 33401 -3838.72881786
690357384 8.044661667 70.77430667 -2912.397773 618.2919927 9998 33401 -2969.20152342
69030315 49.35373667 -7.721668333 -3840.957301 1206.50443 9998 33401 -4027.5828224
690308255 -25.27183333 60.17519333 -2249.199662 231.9564598 -1 33401 -2232.25648676
690308555 -24.05042333 59.71751667 -2412.87818 368.8179627 -1 33401 -2449.66020346
690380490 28.33701167 35.80661667 -3585.621441 4161.520748 -1 33401 -3650.34899989
690297489 -31.4547 47.38744 -3778.722829 845.9340684 -1 33401 -3891.24862818
690387155 -32.06711167 53.74069167 -2764.559573 NaN -1 33401 -2762.47828805
690357195 10.6681 71.91656 -2281.670908 634.9434498 9998 33401 -2260.13233992
690297685 -48.31961667 56.05023 -3692.063928 155.69022 9998 33401 -3668.30717352
690303285 -51.15128167 57.44549833 -3665.336242 344.4586317 -1 33401 -3537.79777867
690303955 -41.06371833 60.02796333 -2065.893806 3110.438819 -1 33401 -2134.32967355
690387255 -30.25644 63.12603 -2463.141675 213.780886 9998 33401 -2153.06349355
690308355 -47.42859167 48.719915 -2473.012165 3131.803885 9998 33401 -2491.78438774
690308655 -33.733215 59.42244167 -2697.714207 1047.201307 9998 33401 -2724.08914996
690297290 -30.91382167 44.95303167 -3035.807913 1648.455612 9998 33401 -3023.86307651
690288885 -43.923765 54.416305 -3500.632807 121.4713293 9998 33401 -3556.76039863
690288685 -49.19899 58.27625 -3524.818038 643.7511075 -1 33401 -3550.38534877
690297389 -39.75104167 51.36954333 -3496.704476 1489.617007 9998 33401 -3434.87865613
390246219 -1.160543333 66.04949 -3413.64316 276.0515074 -1 33401 -3402.62074823
690387056 -29.63940167 50.113175 -2790.896596 1816.468708 9998 33401 -2950.27685039
690304155 -36.50025 60.98597 -2919.237537 792.3679369 -1 33401 -2930.76699329
690380491 28.30045667 35.61684833 -3575.919544 3417.876666 -1 33401 -3603.75116361
690357285 10.94914667 70.64494833 -2700.474479 787.5853026 9998 33401 -2703.87102006
690289521 -49.40603667 57.16502 -3613.80283 133.7796367 9998 33401 -3610.94723397
690302986 -48.52021833 52.75072667 -3749.61864 913.3847997 9998 33401 -3733.8196418
690357385 7.905485 71.13210167 -2859.617126 587.0602477 9998 33401 -2848.95504533
69030316 49.434165 -7.804881667 -3834.112604 1250.301647 9998 33401 -4031.00343905
690308256 -26.22898 59.64064167 -2219.894075 512.1320618 9998 33401 -2235.15912502
690308556 -25.10681 59.607 -2365.890367 185.9414302 -1 33401 -2373.11208769
690297490 -31.25404 47.27577 -3608.208311 1101.701747 -1 33401 -3505.15574347
690380492 28.38148 35.56864 -3548.60034 2906.174821 -1 33401 -3355.95875164
690297785 -37.614085 -51.907915 -3740.161376 1712.867435 -1 33401 -3719.00654553
690387156 -32.06155833 53.88353 -2731.265579 219.7277075 9998 33401 -2751.4654668
690357196 11.35508 71.85912 -2138.693571 577.1265314 9998 33401 -2161.62760757
690303286 -50.67742 57.826 -3587.302929 171.7261732 9998 33401 -3603.68928466
690297686 -49.12509167 55.97600667 -3721.300222 926.4351741 -1 33401 -3719.225528
690387256 -30.48619 63.15069167 -2335.861716 412.4949985 -1 33401 -2409.93107031
690303956 -42.838565 58.62510167 -2354.324513 2065.073406 -1 33401 -2395.87155059
690308356 -47.40769833 48.57776167 -2402.477719 4083.475009 -1 33401 -2359.67116351
690308656 -34.11388167 59.347525 -3037.801441 225.4645857 -1 33401 -3059.16043911
690297291 -31.06841667 44.95163667 -2876.381284 1664.587944 9998 33401 -3050.12873163
690297390 -39.91114167 51.48185667 -3085.776967 1689.171556 9998 33401 -3085.41623017
6902975100 -20.90859 51.74311 -3180.441721 1405.634796 9999 33401 -4325.14644818
690288686 -48.17983 58.22186 -3422.500636 971.4461889 -1 33401 -3452.43818136
690288886 -44.04226 54.35259 -3583.495518 124.940507 9998 33401 -3613.47605306
390246220 -0.97856 66.2353 -3360.008616 678.2495952 -1 33401 -3386.7830836
690304156 -35.50508833 61.48679333 -2903.494009 1450.942748 -1 33401 -2915.80234352
690387057 -29.71410167 50.14322167 -2977.673686 1903.466412 -1 33401 -2969.37020069
690380493 28.39007333 35.52469167 -3327.862593 2428.569526 -1 33401 -3354.97232601
690357286 12.144705 70.38063833 -2737.6463 897.1330356 9998 33401 -2717.05388906
690289522 -51.57456667 56.99997 -3572.937755 480.4396909 -1 33401 -3559.3955324
690297087 -35.01106167 50.80141167 -3783.388685 1126.818295 9998 33401 -3661.67373877
690302987 -48.35171 52.70875 -3838.235773 1059.65584 9998 33401 -3799.07107612
690357386 7.625676667 71.45313833 -2843.9423 695.7549413 -1 33401 -2841.42773887
690308257 -26.617195 59.20096833 -2313.06862 654.4057893 9998 33401 -2314.89933595
690308557 -26.273 59.59329667 -2288.501035 547.9475422 9998 33401 -2252.02215936
690297491 -30.96996833 47.340245 -3420.915143 1194.723173 9998 33401 -3457.12259802
690380494 28.46282333 35.47638167 -3509.573781 2219.896311 -1 33401 -3503.08631266
690387157 -32.11965667 53.94954667 -2850.56738 319.9983451 9998 33401 -2728.58776375
690357197 11.84748 71.71355 -2231.760113 716.4481086 9998 33401 -2132.12102732
690303287 -51.780855 57.81886667 -3504.488195 523.1089761 -1 33401 -3497.826509
690297687 -49.33858 55.97131 -3751.484285 812.7354293 -1 33401 -3753.10612603
690387257 -30.41706 63.26902 -2403.403849 157.8027351 -1 33401 -2294.20452472
690308357 -45.85779333 48.875305 -2339.668681 6046.45722 -1 33401 -2407.82261132
690303957 -44.36487667 58.22349 -2505.21276 2046.486804 -1 33401 -2464.11943723
6902975101 -21.7841 51.56905167 -2740.634177 539.7450152 9998 33401 -2775.72104767
690297292 -31.06097 44.87745 -2953.68438 1618.616344 9998 33401 -2996.7557549
690288687 -47.67372167 58.06608167 -3287.975453 1628.610473 9998 33401 -3329.30175166
690288887 -43.95679 54.28959 -3571.821574 77.66672008 9998 33401 -3548.38225089
390246221 -1.240996667 66.25849667 -3361.952304 339.9958495 -1 33401 -3365.12550687
690387058 -29.82142167 50.19168833 -2702.807628 1808.135237 9998 33401 -2679.93583308
690304157 -34.84568833 61.16114 -2970.963951 540.27631 -1 33401 -2979.20186034
690380495 28.48256167 35.38669167 -3165.614632 1480.757025 -1 33401 -3139.43471446
690357287 11.854575 70.262205 -2772.835779 808.2383255 9998 33401 -2778.67126245
690289523 -51.82071 56.76976 -3535.006927 221.1589213 9998 33401 -3550.94119782
690302988 -48.60814833 53.13335333 -3782.598628 452.2909875 9998 33401 -3761.17032335
690357387 7.444836667 71.237305 -2912.32109 808.8372159 -1 33401 -2913.26273513
690308258 -26.97457 59.24936667 -2300.322572 174.8091383 9998 33401 -2273.15245364
690308558 -26.93741 58.902615 -2412.058268 716.5381167 9998 33401 -2436.850792
690380496 28.40186833 35.27793667 -3106.956159 1181.365179 -1 33401 -3068.6839574
690297787 -37.712605 -51.93778 -3690.473579 1588.634352 -1 33401 -3702.31188803
690297492 -30.63719 47.27567 -3726.147793 1691.308158 9998 33401 -3696.78783205
690387158 -32.26030667 53.89220333 -2549.225445 221.5770344 9998 33401 -2676.43976082
690357198 11.10591 72.03496167 -2141.612065 540.3954767 -1 33401 -2133.48884379
690303288 -50.72508833 57.68616 -3600.00824 453.821052 9998 33401 -3596.95371224
690297688 -49.38860333 56.04794833 -3769.956518 823.0272349 -1 33401 -3768.50251496
690303958 -45.15446667 58.79696 -2266.110558 539.0899599 -1 33401 -2276.16094814
690387258 -30.86939 63.31816167 -2450.382515 797.2861262 -1 33401 -2566.76431432
690308658 -34.46243 59.80879 -2909.740474 540.2089971 -1 33401 -3077.63137655
6902975102 -21.54187167 51.429955 -2796.433635 148.5067465 9998 33401 -2767.65448629
690297293 -30.967215 44.85406333 -2930.215101 1571.46951 9998 33401 -2980.27707752
690288688 -47.68971833 58.36842333 -3234.238892 1432.76689 -1 33401 -3214.82048444
690288888 -44.19215833 54.484335 -3488.914122 191.3569009 9998 33401 -3455.96847977
690387059 -29.69011833 50.1824 -2610.788326 1731.918032 -1 33401 -2543.65460357
390246222 -1.115813333 66.21687667 -3366.834268 452.3912545 -1 33401 -3317.9391463
690304158 -34.44853833 61.03652667 -2983.688547 372.688079 9998 33401 -2979.95777832
690380497 28.36032833 35.222065 -3105.99297 1067.046003 -1 33401 -3092.53213601
690357288 11.71119 70.55456 -2692.670964 1057.166561 9998 33401 -2693.2638857
690289524 -52.24169333 56.48465167 -3520.474813 1216.635493 -1 33401 -3552.80183986
690302989 -48.75711333 53.788615 -3805.745328 378.4137398 9998 33401 -3801.24983094
690357388 6.505308333 71.37921667 -2997.209623 931.2383946 -1 33401 -2997.81406728
69030319 49.574025 -7.660466667 -3334.466977 1021.210985 9998 33401 -3974.83183117
690308259 -27.18701833 58.712465 -2218.101115 123.3067206 9998 33401 -2042.09148819
690308559 -26.666725 59.312285 -2369.864658 522.317896 9998 33401 -2422.35674091
690380498 28.27399 35.16543 -3052.195924 979.928522 -1 33401 -2895.17821867
690297493 -30.50886667 47.20703667 -3581.90531 1765.402824 9998 33401 -3474.57383018
690387159 -32.29751333 53.77154 -2931.750935 96.05429086 9998 33401 -2994.58250425
690357199 10.6881 72.71733 -2046.490323 268.4070124 9998 33401 -2047.26484452
690303289 -50.03967 57.72593 -3578.565392 453.25214 9998 33401 -3653.57582803
690297689 -50.13601333 56.23621333 -3654.997625 136.4866597 9998 33401 -3671.75916951
690303959 -46.41157 59.21354 -2364.006682 1501.072043 -1 33401 -2395.7231521
690387259 -30.85331 63.54948 -2456.213235 462.0352217 -1 33401 -2499.75966101
690308659 -34.28688 60.0123 -3034.709695 785.6224919 -1 33401 -2975.94293086
690308359 -43.10701333 46.88299333 -3451.307722 2556.313267 9998 33401 -3431.1125601
6902975103 -21.71994667 51.52881167 -2822.818611 436.7487267 9998 33401 -2819.97032696
690297294 -30.9203 44.89482 -2945.854739 1552.093153 -1 33401 -3084.8188453
690288689 -46.83525167 58.06522 -3138.682653 956.6940342 -1 33401 -3121.61237984
690288889 -44.47356 54.68747 -3519.070058 442.0231371 9998 33401 -3520.75296609
390246223 -0.923203333 66.143435 -3372.697948 746.8759622 -1 33401 -3319.80503786
690304159 -34.415895 61.434855 -2955.274717 559.0973105 -1 33401 -2957.4326517
690387060 -29.78109 50.11652167 -3134.026978 2043.085071 9998 33401 -3189.49891185
690380499 28.17212667 35.027095 -3062.99621 942.144661 -1 33401 -3060.67425784
690357289 10.88721667 71.06379 -2563.564031 496.369289 9998 33401 -2550.46273202
690289525 -52.7034 56.30127 -3540.994464 2256.419057 -1 33401 -3471.60437425
690302990 -47.80794167 53.35499667 -3865.269596 200.6844483 -1 33401 -3882.12694214
690297090 -35.31439167 50.69370167 -3807.771354 2141.200465 9998 33401 -3451.89687837
690303110 49.682125 -7.37716 -2881.762311 734.9160134 9998 33401 -3252.86120697
690357389 7.797753333 71.522355 -2833.189726 618.8418554 -1 33401 -2823.14308934
690308260 -26.99584 58.5793 -2194.598658 406.6472536 9998 33401 -2232.49303432
690297494 -30.21074 47.2782 -3289.163034 1716.361846 9998 33401 -3534.90326699
690387160 -32.61597667 53.63301333 -2689.254407 139.7913345 9998 33401 -2672.9264945
6903571100 10.46917 72.99136 -2058.221251 235.8504877 9998 33401 -2108.40521439
690297690 -51.53046 56.61071167 -3580.849649 391.4474382 9998 33401 -3593.06965026
690303290 -49.42453167 57.729765 -3580.512598 757.0067243 9998 33401 -3572.4667799
690387260 -30.95571833 63.49026167 -2428.816972 673.2241545 9998 33401 -2391.00241958
690303960 -47.6185 59.91043833 -2835.453488 9952.810683 -1 33401 -2717.17107714
690308660 -34.09045833 60.16150667 -2890.118259 709.3624644 9998 33401 -2934.14906096
690308360 -44.20011667 46.43943 -3174.165188 2280.562237 -1 33401 -3223.96614046
6902975104 -21.90929 51.86965 -2869.673688 998.9894403 9998 33401 -2987.29785273
690288690 -46.591335 58.32361 -2943.31149 887.1440499 -1 33401 -2961.46252133
690297295 -31.01904333 44.90333667 -2974.216354 1662.612861 9998 33401 -2983.30244151
690288890 -44.72049167 54.88336833 -3455.646645 876.2895119 9998 33401 -3443.28298146
390246224 -0.763465 66.37802 -3247.880467 1137.622702 -1 33401 -3243.36810853
6903804101 28.185955 34.91552167 -2701.660207 702.2177169 -1 33401 -2690.00043561
690387061 -29.95361 50.22892 -2771.299518 1877.735497 9998 33401 -2532.22197938
690304160 -34.56758833 61.727375 -2917.115759 641.2784203 -1 33401 -2910.56995328
690357290 10.36784333 71.27988167 -2554.732675 806.2227748 9998 33401 -2540.17292127
690289526 -52.78161 56.23372 -3540.04039 2379.590529 9998 33401 -3497.06322909
690302991 -48.63227 53.55295 -3840.868832 314.0261577 9998 33401 -3813.90992784
690357390 6.843305 71.57153333 -2950.334292 582.3121388 -1 33401 -2947.72255521
690289490 -49.08754333 -49.51719667 -3501.192437 3342.168255 9998 33401 -3465.6101801
690308261 -27.45734 58.57692 -2310.247171 243.6947733 9998 33401 -2158.57758709
690308561 -27.08427833 59.06138167 -2391.460732 407.3033876 9998 33401 -2449.48062245
6903804102 28.181345 34.92799167 -2758.497026 743.7767935 -1 33401 -2759.68576208
390246425 6.453061667 69.91175333 -3177.928486 470.9292344 9998 33401 -3190.27142597
690297495 -29.78425 47.27914 -3357.498635 1689.643044 9998 33401 -3335.17607199
690387161 -32.79022 53.78026167 -2630.50232 277.2870873 9998 33401 -2642.30679361
6903571101 9.854098333 73.14090167 -2215.923222 246.7418077 -1 33401 -2215.18422621
690303291 -48.99724333 58.297865 -3504.349029 357.4620062 9998 33401 -3513.83065786
690297691 -50.88408333 56.68330167 -3606.156816 430.0348078 -1 33401 -3597.9649994
690387261 -30.83631833 63.482125 -2434.691654 471.7580263 9998 33401 -2528.02468873
690303961 -50.04772333 60.70394167 -2905.625545 10448.89287 -1 33401 -2964.48702134
690308661 -34.11447 60.52684 -2946.694249 724.0879594 -1 33401 -2910.69262831
690297296 -31.066235 44.92187333 -2840.183864 1625.108188 9998 33401 -3053.9848445
6902975105 -21.65625 51.89395333 -2997.726712 924.6885102 9998 33401 -2928.84791639
690288691 -47.19036833 58.27084167 -3031.233181 893.4368633 -1 33401 -3057.44636077
690288891 -44.56054833 55.15065667 -3400.963126 553.1852513 -1 33401 -3396.02350922
390246225 -0.686435 66.44630833 -3259.564992 1172.292528 -1 33401 -3231.57816566
690387062 -30.01708833 50.245575 -2808.472482 1933.859251 9998 33401 -2986.74833465
690304161 -35.12957 61.97473 -2877.008316 2079.833225 -1 33401 -2877.78197691
6903804103 28.26523167 35.01557667 -3200.923004 854.9525269 -1 33401 -3208.62905156
690357291 10.40675667 70.90741333 -2627.133702 559.7970968 9998 33401 -2656.40413985
690289527 -53.414445 56.30712833 -3431.825725 2270.327337 9998 33401 -3404.86776975
690357391 6.585308333 72.12444167 -2751.054515 787.5953871 -1 33401 -2776.17397664
690289491 -49.64039333 -49.63589667 -2899.592573 3104.045341 9998 33401 -2897.67171771
690308562 -27.29762 58.29729 -2212.295316 145.7122433 9998 33401 -2205.5944674
690308262 -27.294865 58.57247167 -2341.59947 327.5166554 9998 33401 -2238.49919284
390246426 7.91319 70.90987 -2983.627047 721.1909476 9998 33401 -2884.32726342
690297496 -29.42982 47.28856 -3180.755153 1426.290576 9998 33401 -3002.12134852
6903804104 28.31591667 35.03334667 -3126.587112 801.2976865 -1 33401 -3152.31643941
690387162 -32.62908667 53.96248167 -2634.375087 429.4342075 9998 33401 -2564.8754639
6903571102 9.317135 72.93612333 -2296.231102 257.9821534 -1 33401 -2284.04640152
690303292 -49.19686167 58.44136667 -3505.282008 353.3073122 9998 33401 -3525.43261584
690297692 -50.27033 57.00921 -3592.419386 337.0167693 9998 33401 -3659.87525097
690387262 -31.15292 63.26831667 -2333.882637 1131.213591 -1 33401 -2467.48818441
690308662 -33.53238333 60.67563167 -2684.731337 1022.903197 -1 33401 -2676.08232008
690303962 -53.15047833 60.95533 -3152.588214 662.6185419 -1 33401 -3158.35904518
6902975106 -21.26624167 51.51486167 -2840.426953 596.3849366 9998 33401 -2687.44582647
690297297 -31.03745833 44.69835833 -2999.699677 1590.023785 9998 33401 -3047.80246473
690288692 -47.47726 58.03965167 -3244.083414 1556.030094 -1 33401 -3284.11757817
690288892 -44.55723 55.04073 -3409.772065 633.1614634 9998 33401 -3418.73206265
390246226 -0.707593333 66.55595167 -3260.515776 1050.018794 9998 33401 -3275.87253192
690304162 -34.76646167 61.9961 -2877.980571 1347.107884 9998 33401 -2918.72746075
6903804105 28.33694667 35.04142667 -3110.933094 790.1562772 -1 33401 -3089.77250182
690387063 -29.84196 50.06394 -3359.570751 2146.029021 9998 33401 -3327.64902822
690357292 11.3937 70.3905 -2767.930529 957.735496 -1 33401 -2807.9706816
690289528 -51.95964 56.5317 -3553.592458 568.128563 -1 33401 -3558.04441949
690297093 -33.13367 49.90398 -3733.045109 2359.38487 -1 33401 -3814.7504103
690302993 -48.31655 53.35465 -3846.77641 59.46944188 9998 33401 -3849.01746101
690357392 4.313026667 72.07495333 -2887.781309 1801.102332 -1 33401 -2826.71536677
690289292 -39.83195833 -49.77961833 -3485.504814 7057.766776 9998 33401 -3364.61933234
690308563 -28.85760833 57.95489333 -2349.556504 276.2846694 9998 33401 -2365.96129548
390246427 8.127301667 70.77211 -2921.183952 590.0917191 9998 33401 -2959.3520406
6903804106 28.37988333 35.069745 -3107.99062 808.7021333 -1 33401 -3057.87844663
690387163 -32.514245 53.88081667 -2591.325733 281.4317306 -1 33401 -2588.42183019
690303493 -39.07542 48.63286 -3027.9381 1517.129238 9999 33401 -4040.35812767
6903571103 8.736861667 72.77190167 -2358.891429 285.6577271 -1 33401 -2358.01288942
690303293 -49.99091 58.72997 -3505.198907 604.149679 -1 33401 -3501.78904649
690297693 -51.09586 56.61838 -3600.331691 580.2747092 9998 33401 -3615.01647872
690308164 -20.34039333 44.943995 -3864.332663 379.9843595 9998 33401 -4059.24878632
690387263 -31.6693 63.43829667 -2807.323226 1346.526298 -1 33401 -2831.57711438
690303963 -54.88198667 60.342195 -3100.038024 578.1877072 9998 33401 -3175.31214745
690308663 -33.566785 60.75394 -2993.52034 1160.568459 -1 33401 -2993.15646011
6902975107 -21.46735833 51.55765167 -2607.52675 336.321812 9998 33401 -2666.18072418
690297298 -31.16431333 44.560425 -3079.912543 1660.839834 9998 33401 -3155.86836192
690288693 -46.94001833 58.08373 -3156.246985 1055.975477 -1 33401 -3127.60205564
690288893 -44.82206 55.24874 -3396.05834 514.3623202 -1 33401 -3396.6861776
390246227 -0.460946667 66.59467667 -3247.832907 1117.933456 9998 33401 -3262.10821517
690304163 -34.09038167 61.81234 -2943.468687 199.3919922 -1 33401 -2965.96183781
690387064 -30.08339167 49.99405167 -2913.187899 1933.125378 9998 33401 -2901.53666952
6903804107 28.360105 35.13889333 -3237.066757 929.1563644 -1 33401 -3179.74582577
690357293 9.63558 70.1146 -2841.231199 775.3824 9998 33401 -2842.98820899
690289529 -50.82648 57.07078667 -3585.581425 489.321991 -1 33401 -3580.00283435
690357393 2.852306667 71.88862667 -2944.426815 1327.965914 -1 33401 -2876.13314064
690289293 -39.80425833 -49.51108 -3158.619952 7164.057684 9998 33401 -3240.29162038
690308264 -28.00781667 58.37707833 -2177.968603 240.6112394 9998 33401 -2188.90392715
390246428 9.40982 70.32209 -2815.804278 472.7433564 9998 33401 -2799.37082697
690297498 -28.93012 47.76844 -3302.68308 684.6015179 -1 33401 -3282.67530345
6903804108 28.243515 35.08647833 -3591.703312 1015.407449 -1 33401 -3588.13584642
690387164 -32.607295 53.69932333 -2607.029553 130.6343775 -1 33401 -2612.09673549
6903571104 9.643506667 72.743635 -2223.802884 401.7160597 -1 33401 -2242.11483268
690303294 -50.76887 58.6974 -3527.618877 990.5109995 9998 33401 -3525.0288
690297694 -50.40784 57.21685167 -3630.345584 240.1739893 9998 33401 -3616.23348671
690387264 -32.82259167 63.68302667 -2754.499821 897.2515697 9998 33401 -2752.01845234
690303964 -54.171165 61.10052167 -2967.071529 959.072519 9998 33401 -2903.38343996
690308664 -33.63765 60.95749667 -2822.513749 1029.076871 -1 33401 -2953.50950469
6902975108 -21.36648667 51.44213667 -2750.44985 265.2951827 9998 33401 -2742.47356186
690297299 -31.427805 44.15761333 -2973.442897 1384.775379 9998 33401 -2845.52895762
690288694 -47.130375 58.11889667 -3144.525215 1266.259338 -1 33401 -3163.05031854
690288894 -44.70302833 55.42105167 -3384.305313 228.3736517 -1 33401 -3391.48639368
6903556104 -3.291338333 66.08297167 -3194.313497 407.3972668 -1 33401 -3203.07937789
390246228 -0.54222 66.62382 -3414.484253 1144.580635 -1 33401 -3265.00004002
690304164 -34.325645 61.86600333 -2927.829141 246.8087753 9998 33401 -2949.95093471
690387065 -30.30286667 50.10447167 -3257.074425 2244.890388 9998 33401 -3234.29058949
6903804109 28.25233667 35.02644833 -3439.391673 941.5321842 -1 33401 -3373.2440696
690357294 9.265445 69.66696833 -2936.017096 1265.098204 9998 33401 -2936.98765088
690289530 -51.18652333 57.93741167 -3567.786363 397.7527031 -1 33401 -3550
690357394 2.8357 72.19289833 -2303.173692 1897.877919 -1 33401 -2294.76495349
690307179 -12.75334333 36.234845 -3765.009532 1001.376267 -1 33401 -3618.34579762
690289294 -39.384995 -49.41903833 -3799.447118 10427.70949 9998 33401 -3440.67023881
690308265 -28.32111333 58.23751 -2160.345107 323.4808822 -1 33401 -2281.25662414
690308565 -28.15953 57.76897 -2365.267327 127.9999314 9998 33401 -2276.43209605
690297499 -29.22151167 48.00697167 -3029.089303 520.3421128 9998 33401 -3244.33269195
390246429 2.84059 70.84172 -3150.453235 231.1302934 -1 33401 -3199.03949854
6903804110 28.33046 35.03899 -3156.907821 807.3088693 -1 33401 -3128.36398134
690387165 -32.48737 53.64631 -2660.872928 87.39500308 -1 33401 -2732.51904574
6903571105 9.5601 72.46211 -2281.603917 412.4884719 9998 33401 -2299.30792794
690297695 -51.343945 57.39325667 -3528.000361 131.3935246 -1 33401 -3529.08687997
690303295 -51.18862 58.84619 -3509.063179 1157.883579 9998 33401 -3504.02510654
690297899 -38.65370333 49.94646667 -3706.726418 4120.571274 9998 33401 -3710.06504824
690387265 -31.89133167 63.88302167 -2723.181105 1264.893984 -1 33401 -2735.68854618
690308665 -34.07266167 60.87078667 -2767.797353 494.2032917 -1 33401 -2808.93076301
690303965 -53.48894 61.34313 -3024.627915 1795.842307 9998 33401 -2999.54563881
6902975109 -21.38282 51.30380667 -2693.727784 86.7501186 9998 33401 -2744.11211805
690288695 -47.19526 57.90766 -3187.524119 1359.679886 9998 33401 -3201.42916917
690288895 -44.26458667 55.09229 -3440.959346 616.0177272 9998 33401 -3439.31066397
6902972100 -31.61404 43.98452 -3496.143981 1635.909798 9998 33401 -3445.32809077
390246229 -0.441338333 66.65242167 -3350.168776 1073.527826 9998 33401 -3371.84701902
690304165 -34.33307833 61.86267667 -2923.922861 212.185766 9998 33401 -2947.16972827
690387066 -30.42459167 50.03627167 -3103.766297 2203.082442 9998 33401 -3152.32989545
6903804111 28.365715 35.11992333 -3203.827615 905.536795 -1 33401 -3249.44985808
690357295 10.84481 70.58624 -2730.77431 768.8676118 9998 33401 -2715.73205504
690289531 -50.05923667 58.102365 -3552.149849 622.3366218 9998 33401 -3556.3986846
690297096 -35.440555 50.02124167 -3600.478847 4455.472214 9998 33401 -3652.14238591
690357395 1.122166667 71.94545 -2224.876966 1327.520636 -1 33401 -2155.81059824
690302996 -47.36557 51.52717 -3695.480644 2748.290182 9998 33401 -3658.01577846
690307180 -12.92911167 36.30425667 -3500.531591 1040.607845 -1 33401 -3427.00689571
690308266 -29.23712 57.69083 -2256.516736 432.7113206 -1 33401 -2327.16071275
6902974100 -29.25821 48.12142 -3017.327617 510.4785748 -1 33401 -3074.2969844
390246430 4.70913 70.87142 -3166.049709 300.217279 -1 33401 -3143.3198237
6903804112 28.37214 35.16401 -3225.326976 960.2495292 -1 33401 -3458.86463277
690387166 -32.63527667 53.37765667 -2791.057423 384.8075746 9998 33401 -2872.32027785
6903571106 10.00798 72.40518 -2242.447648 420.9480755 -1 33401 -2234.52464528
690303296 -51.91716 59.03998 -3471.0036 1373.116175 9998 33401 -3483.03561644
690297696 -50.50321 57.62502 -3602.948871 306.3872466 9998 33401 -3605.87490764
690298195 -19.38639 -48.10872 -3861.259053 5478.641476 -1 33401 -3989.0528682
690303966 -54.75034667 62.11381 -2682.475937 1350.14079 9998 33401 -2685.90097552
690387266 -32.40386167 63.495075 -2817.082925 881.9262902 -1 33401 -2816.56059137
690308666 -34.00993833 61.494115 -2963.074227 384.2580126 -1 33401 -2962.60047651
6902975110 -21.43817 51.41822 -2783.719465 106.0441067 9998 33401 -2752.90003142
690288696 -47.007285 57.72559 -3074.337067 1124.498196 -1 33401 -3065.05211589
6902972101 -31.92672667 43.92368 -3225.710039 1672.088197 9998 33401 -3278.79384934
690288896 -44.22845667 54.89505667 -3441.018227 654.776375 9998 33401 -3483.11419072
390246230 0 66.62476 -3305.342421 722.8962164 -1 33401 -3308.96175948
690304166 -34.46051667 61.94499167 -2905.345166 702.8090611 -1 33401 -2916.31580122
6903804113 28.49123 35.18077 -3077.632029 840.2678108 -1 33401 -3135.50920004
690387067 -30.45138333 50.05738667 -3287.350633 2388.648775 9998 33401 -3189.07313609
690357296 13.12043333 70.322515 -2675.116414 1043.533367 9998 33401 -2654.78686275
690289532 -50.69708 58.77515 -3520.77607 1047.953615 9998 33401 -3512.98295821
690302997 -47.40023833 52.043055 -3843.331407 1890.664098 9998 33401 -3828.0165858
690297097 -35.05488833 50.19875833 -3874.152236 4236.971894 9998 33401 -4066.2934634
690307181 -13.34825333 36.49474667 -3866.326242 917.5093569 -1 33401 -3956.24119695
690308567 -29.91287667 57.357045 -2413.346422 441.1020069 9998 33401 -2391.52720432
690308267 -30.04823167 57.51945 -2496.548268 280.020303 9998 33401 -2476.27472914
6903804114 28.27176 35.18162167 -2866.192644 993.8617381 -1 33401 -2728.50766311
390246431 3.623818333 70.99605167 -3007.032457 637.1287278 -1 33401 -3122.18503528
6902974101 -29.57848333 48.17653833 -2883.352194 634.5065512 -1 33401 -2843.10487673
690387167 -32.69198 53.27619 -2984.654361 628.2771295 -1 33401 -2936.51575129
6903571107 9.988685 72.70016333 -2162.107004 331.1012452 -1 33401 -2185.17766657
690303297 -53.5861 58.60331167 -3434.090332 759.6957987 9998 33401 -3397.39018636
690297697 -51.67397 57.52755 -3525.037412 386.291281 -1 33401 -3549.44769049
690298196 -19.32229667 -48.04007833 -3817.458762 5415.319638 9998 33401 -3891.80699412
690303967 -56.13536833 61.63949667 -2731.461642 2024.056367 9998 33401 -2733.09849454
690387267 -32.81724167 63.74354333 -2750.578003 808.3427434 9998 33401 -2718.22506423
690308667 -34.03030167 61.75763167 -2956.177626 340.1057723 -1 33401 -2948.49681913
6902975111 -21.59246667 51.50271667 -2791.524254 270.6732495 9998 33401 -2787.37993971
690288697 -46.38057 57.94012 -2909.207651 608.9614737 -1 33401 -2936.67598419
6903556107 -2.694118333 66.52277 -2870.203588 306.672478 -1 33401 -2867.45861372
6902972102 -32.17768167 43.93459833 -3342.911513 1820.286741 9998 33401 -3383.07763513
690288897 -43.776445 54.85724 -3425.428509 576.9352484 9998 33401 -3448.5972396
6903804115 28.12913167 35.05009167 -2610.458978 901.2997849 -1 33401 -2465.5991552
390246231 0.18132 66.70478 -3348.207953 431.6038156 -1 33401 -3340.89572168
690304167 -34.23573 61.71957 -2933.722602 438.0652732 -1 33401 -2929.21432711
690387068 -30.12464 50.02363667 -3032.440364 1989.586613 9998 33401 -2860.41353127
690357297 12.41252667 70.54626833 -2636.963311 1076.952987 9998 33401 -2644.07944641
690289533 -51.12938 59.17886667 -3479.735031 1171.088069 9998 33401 -3475.78601623
690357397 3.23039 72.26464667 -2443.101704 1944.121287 -1 33401 -2572.46301764
690302998 -47.71937333 52.26771 -3867.58994 1312.15431 -1 33401 -3875.06541648
690307182 -13.508245 36.58696333 -3501.420777 817.9276949 -1 33401 -3687.39997744
6903804116 27.990395 34.92467667 -2297.469307 695.4639004 -1 33401 -2255.22010676
690308568 -30.46554 57.11063 -2331.106472 482.7134074 -1 33401 -2313.86491137
690308268 -30.25861167 57.00686333 -2429.08835 576.5862445 -1 33401 -2400.06584959
6902974102 -29.53097 48.24678 -2845.184137 606.8807788 9998 33401 -2923.76240344
390246432 4.53948 70.61423 -3177.797372 147.0140944 -1 33401 -3180.03954602
690387168 -32.38991333 53.10195 -2818.51024 736.8398965 9998 33401 -2822.35304009
6903571108 9.533818333 73.56072333 -2333.351564 439.6086671 -1 33401 -2345.0643309
690303298 -53.15899 58.56926167 -3414.60409 799.5338934 9998 33401 -3430.55375424
690297698 -51.143325 58.98633 -3500.253395 1426.653579 9998 33401 -3488.98660438
690298197 -19.279735 -48.04510833 -3761.933439 5437.351118 9998 33401 -3878.24277333
690303968 -57.28970667 61.94679167 -2583.725065 540.7063653 -1 33401 -2605.62769187
690387268 -31.18939 63.93322667 -2720.238559 813.1932704 -1 33401 -2714.433912
690308668 -34.09280333 61.92185333 -2934.653688 431.4425161 -1 33401 -2938.78291649
6902975112 -21.4207 51.49993333 -2701.509434 257.9053538 9998 33401 -2604.71913819
690288698 -47.236715 58.38133833 -2951.112962 872.8811652 -1 33401 -2961.85044632
690288898 -43.460505 54.83306333 -3343.511992 502.9595885 -1 33401 -3349.23785581
6902972103 -32.22431 43.85419667 -3544.969259 1935.743647 9998 33401 -3600.47863372
6903804117 27.94034 35.01335333 -2489.828546 1051.632149 -1 33401 -2267.17182411
390246232 0.749283333 66.75261167 -3375.48214 1159.551731 -1 33401 -3361.74241384
690304168 -33.75298 61.70311 -2948.37684 358.5934337 -1 33401 -2958.6914092
690387069 -30.0635 50.00964 -2969.889502 1947.886051 9998 33401 -2842.29268707
690357298 9.42765 70.12577 -2844.159039 937.3792351 9998 33401 -2852.03562033
690289534 -50.60576667 58.87309167 -3506.132265 1049.019 9998 33401 -3516.06012638
690357398 2.09913 72.25189167 -2119.054117 1609.137731 -1 33401 -1982.33821125
690297099 -34.07978 49.96619667 -3846.97292 3237.308578 -1 33401 -3746.8560238
690302999 -47.56326 52.11524 -3851.094415 1714.962081 -1 33401 -3847.02074959
690307183 -13.82513 36.59094333 -3813.648157 1485.835222 -1 33401 -3827.8673982
6903804118 27.82028167 35.02344 -2891.694201 1450.749984 -1 33401 -2731.2801261
6902974103 -29.51683 48.43915 -3306.384691 792.1711561 9998 33401 -3173.07527826
690297998 -32.65596 -51.26662 -3833.863511 904.358647 -1 33401 -3674.27366942
690387169 -32.36471167 53.04333667 -2940.736541 781.3315259 -1 33401 -2941.35017926
6903571109 8.853141667 73.09870833 -2335.363743 133.9367771 -1 33401 -2358.79757363
690303499 -41.60335167 47.59577167 -3437.422165 5386.004611 -1 33401 -3559.48211295
690303299 -53.22281 57.20904 -3435.463161 2530.534724 9998 33401 -3418.88233611
690297699 -50.87596 58.75484 -3516.884489 1027.951651 9998 33401 -3559.77448531
690303969 -58.158185 61.928095 -2465.322451 674.3170194 9998 33401 -2486.60732833
690387269 -30.56699333 63.97623667 -2592.136101 405.9294498 -1 33401 -2528.28548294
690308669 -34.82214333 61.85535333 -2895.596437 1111.063112 -1 33401 -2900.30098441
6902975113 -21.34349 51.437005 -2693.69548 295.8827653 9998 33401 -2741.9332431
690288699 -47.55352 58.90069 -3106.255248 293.2504823 -1 33401 -3153.98769397
690288899 -43.00983 55.00442 -3322.97684 622.5533799 -1 33401 -3319.13165397
6902972104 -32.20041 43.78587 -3638.625867 1963.297178 9998 33401 -3555.78037426
6903556109 -2.077083333 66.92102667 -3346.210508 136.0388801 -1 33401 -3238.82521542
390246233 1.285913333 67.07793833 -2410.58978 2520.899076 -1 33401 -2343.4184436
6903804119 27.80702833 35.03308 -2672.227252 1389.155799 -1 33401 -2485.32491546
690304169 -33.45453 61.79329667 -2950.309674 608.3389144 -1 33401 -2957.71731192
690387070 -30.13983 50.04278 -2957.171975 1965.506441 9998 33401 -2864.23364333
690357299 10.37874833 69.48262833 -2977.045921 1261.292908 -1 33401 -2970.94331579
690289535 -50.45365167 58.542825 -3528.637977 892.3697597 -1 33401 -3556.94192534
690357399 3.522695 72.604525 -2159.179281 920.8054444 -1 33401 -2527.18257913
6902970100 -33.53496 50.09712 -3775.838524 2791.347266 9998 33401 -3735.02311251
690288329 -8.66505 -68.31957 -3619.550996 1631.885776 -1 33401 -3612.46644875
690307184 -14.16407167 36.37836667 -3826.394874 1950.0839 -1 33401 -3740.0842138
690308270 -31.20841333 57.31663833 -2217.377688 389.2719334 -1 33401 -2106.8723641
6903804120 27.80317833 34.969605 -2537.905576 1162.691608 -1 33401 -2551.91939675
6902974104 -29.46784 48.51673 -3508.33969 837.1582141 9998 33401 -3345.31654241
690387170 -32.12418167 53.05802833 -3025.751417 863.6438992 9998 33401 -3026.51200505
6903571110 13.26948 73.53703 -2372.498593 1255.527226 9999 33401 -1544.43606321
6903032100 -53.95906 56.53630167 -3264.007228 1681.483955 9998 33401 -3235.27113092
6902976100 -49.85219 58.4427 -3527.692705 890.6678651 9998 33401 -3522.23636588
690387270 -30.00932333 64.41484333 -2342.500113 900.4611039 -1 33401 -2350.8750443
690303970 -58.28145333 61.99580167 -2449.647831 998.7654705 9998 33401 -2434.33000588
690308670 -34.08415167 61.32787833 -2875.197926 542.4541 -1 33401 -2630.05300343
690303571 -14.75404167 50.40448333 -3728.004741 678.9498225 -1 33401 -3722.54017239
6902975114 -21.56633 51.42377 -2679.996806 173.3067594 9998 33401 -2769.12888439
6902886100 -44.30009 59.50777 -2826.749032 8615.394137 9999 33401 -655.611809375
6902888100 -43.079615 55.09394333 -3344.411728 522.1987393 9998 33401 -3356.83545602
6902972105 -32.250405 43.70549167 -3608.420864 1971.068082 9998 33401 -3617.92195225
390246234 1.50004 67.51785 -1883.336648 1240.350946 -1 33401 -1885.12003714
6903804121 27.811925 34.96388667 -2573.215002 1140.976247 -1 33401 -2546.72922032
690304170 -34.69425833 61.77693 -2902.452088 810.4101146 9998 33401 -2953.10565116
6903572100 12.76151333 70.21269 -2730.83388 641.3271825 9998 33401 -2714.16424279
690289536 -48.71538667 58.11241667 -3448.850677 423.2942847 -1 33401 -3454.43960189
6903573100 3.406658333 72.54257667 -2193.467603 1035.57009 -1 33401 -2539.62309879
6902970101 -32.97711 50.16863833 -3793.344705 3489.54441 9998 33401 -4015.66890409
6902894100 -44.41448 -49.82354333 -3044.222752 3454.390716 -1 33401 -3002.6690993
6903804122 27.796765 34.96905667 -2539.867412 1179.446501 -1 33401 -2512.35040715
690308271 -31.54933833 57.08009667 -2510.347023 508.4779855 -1 33401 -2574.99014913
690308571 -31.53232 55.76882 -2677.992626 407.0079015 9998 33401 -2658.4363242
6902974105 -29.438365 48.48871 -3505.422784 804.4788709 -1 33401 -3483.69016792
690387171 -32.02638333 53.11524167 -3043.321918 783.0503719 9998 33401 -2971.55667684
6903571111 8.116365 73.33635833 -2065.044522 617.7430688 -1 33401 -1985.94750158
6903032101 -53.867445 56.47748333 -3279.633829 1786.05439 9998 33401 -3258.85359337
6902976101 -49.30344 57.93994 -3548.300565 1039.50773 9998 33401 -3558.91802701
690387271 -30.26527833 64.15034833 -2121.124797 563.5951944 9998 33401 -2285.5555379
690303971 -58.388955 61.78166333 -2443.814528 926.3394494 9998 33401 -2441.25854809
690308671 -34.34205 60.77844 -3004.256208 479.0215858 -1 33401 -3002.85338849
6902975115 -21.32542833 51.32907667 -2685.892045 196.4986011 9998 33401 -2594.21843299
6902886101 -49.57188 60.39104 -2970.167341 7029.794191 -1 33401 -2921.34825718
6902888101 -42.79401 54.89694 -3364.952476 724.0640372 -1 33401 -3381.41193595
6902972106 -32.34722333 43.56757833 -3464.074621 1852.440014 -1 33401 -3402.16124562
390246235 1.649068333 67.56371333 -1745.931946 903.2135993 -1 33401 -1757.60796114
6903804123 27.796775 34.97217833 -2526.134347 1167.51175 -1 33401 -2482.87177678
690387072 -30.03677667 49.98623167 -2864.293751 1921.302861 9998 33401 -2920.42108194
690304171 -34.13607833 62.128005 -2892.605336 1042.316477 -1 33401 -2899.62876626
6903572101 11.43857833 71.11507667 -2477.495075 477.7168614 9998 33401 -2462.74192161
690289537 -49.986885 57.81498833 -3578.538842 473.7442043 9998 33401 -3566.7231201
6903573101 1.78991 72.52267 -1966.131098 700.2653567 -1 33401 -1438.10260512
6903029102 -47.53329667 51.65966 -3718.815884 2919.360639 9998 33401 -3685.65994008
6902894101 -45.03954 -50.09538 -2802.64105 1618.552359 -1 33401 -2774.93290691
690307186 -14.87592 35.930985 -2780.789813 1092.885115 -1 33401 -2802.54064534
690308272 -31.715015 56.66089167 -2512.394065 865.6470537 -1 33401 -2531.6663958
6903804124 27.81193833 34.97825333 -2564.385309 1193.897432 -1 33401 -2595.82977671
690308572 -31.47540833 55.580795 -2664.338138 322.7927262 9998 33401 -2654.42524899
6903573102 1.675791667 72.58584167 -1848.440556 608.0889922 -1 33401 -1949.12566574
6902974106 -29.40204 48.52624 -3496.632803 814.008438 -1 33401 -3461.40565358
690387172 -31.79024667 52.83271167 -3027.766049 1835.739966 9998 33401 -3326.49824878
6903571112 7.381208333 72.987235 -2250.212117 447.707994 -1 33401 -2523.37477039
6903032102 -53.99684833 56.65626667 -3262.022663 2210.292004 9998 33401 -3262.03653621
6903034102 -42.77682667 47.31353667 -3494.095687 6052.709037 9998 33401 -3474.19679259
6902976102 -49.42821 58.16567 -3542.388415 983.6833921 -1 33401 -3548.54340107
690308173 -20.02283167 44.10153333 -3719.440336 354.2145262 -1 33401 -3712.20083216
690302873 -23.16602167 41.37041667 -3742.798371 858.29689 -1 33401 -3782.0608233
690387272 -30.40120667 64.33653833 -2351.326086 441.0956872 9998 33401 -2407.16872849
690303972 -59.03624 61.44105 -2404.716545 1147.156308 9998 33401 -2389.01076767
690308672 -35.53534833 60.61944333 -3010.152789 1057.823144 9998 33401 -3025.97299143
6903573103 1.687706667 72.68908 -2410.762375 794.9689896 -1 33401 -2519.73739156
6902975116 -21.202315 51.183255 -2724.094504 225.0027545 9998 33401 -2770.72159406
6902886102 -51.13021 61.05112 -3016.885643 4431.405115 -1 33401 -3027.54388026
6902888102 -43.11253667 55.24085333 -3386.308481 351.7738833 9998 33401 -3366.39152481
390246236 1.78991 67.62815 -1833.28111 660.7140332 -1 33401 -1810.80435369
6902972107 -32.51157 43.60331333 -3654.289207 1996.595595 -1 33401 -3666.276504
6902973106 -44.260095 52.869685 -3867.38251 258.5504324 -1 33401 -3881.132762
6903804125 27.82530167 34.98179333 -2675.179866 1218.407379 -1 33401 -2719.44460032
690304172 -34.4102 62.00602 -2897.516734 981.8209106 -1 33401 -2905.01025982
690387073 -30.08360833 49.98071 -3062.745769 2001.038404 9998 33401 -2950.10933633
6903572102 9.274695 71.853785 -2522.382372 860.841493 9998 33401 -2528.51510341
690289538 -49.79546 58.0278 -3554.120339 833.2321768 9998 33401 -3567.79489971
6903573104 2.232308333 72.79487167 -2488.027182 740.788343 -1 33401 -2410.97994239
6903029103 -47.69797 51.94481333 -3797.605467 2578.951045 -1 33401 -3784.17718256
690307187 -14.88622 35.933165 -2757.275697 1052.100944 -1 33401 -2789.62855806
6902894102 -44.610935 -49.72625667 -3074.542355 4315.96488 -1 33401 -3161.83816038
6903573105 2.6518 72.69508 -1550.988388 442.1711543 -1 33401 -2206.17786058
690308273 -31.45705667 56.52007333 -2507.528772 432.1680617 9998 33401 -2591.54749732
6903804126 27.81082167 34.95486667 -2689.889225 1171.294679 -1 33401 -2598.84852357
6902974107 -29.39605 48.41831 -3322.009627 688.6414503 -1 33401 -3287.11494535
690387173 -31.18765 52.81006 -3267.994025 2337.266054 9998 33401 -3303.19537462
6903032103 -54.66185 57.08826 -3242.389985 721.2447043 9998 33401 -3201.2536396
6902976103 -49.43719167 58.51422833 -3512.081953 515.1255284 -1 33401 -3514.0290916
6903034103 -43.38063 46.60060833 -3687.395645 598.5293233 9998 33401 -3684.59796345
6903571113 7.14051 73.32893 -2649.268665 763.2658563 -1 33401 -3129.57357564
690302874 -23.31589333 41.34750667 -3851.969763 1001.709756 9998 33401 -3898.79486168
690303973 -59.326035 61.36839333 -2344.014096 1393.6279 9998 33401 -2296.81049629
690387273 -30.75581667 64.39889167 -2501.07648 302.3625538 9998 33401 -2488.94600575
690308673 -35.72326 60.38991 -3024.854373 937.7025742 -1 33401 -3032.87459372
6902886103 -52.15316 62.15910667 -2761.65652 1826.535506 -1 33401 -2788.07099428
6902975117 -21.57811 51.24973833 -3008.650567 218.9248516 9998 33401 -3004.63046343
6902888103 -43.44945 55.07309 -3278.077863 446.1961392 9998 33401 -3266.07879627
390246237 1.511218333 67.62291333 -1905.887864 1147.834941 -1 33401 -1890.45021235
6902972108 -32.66584333 43.712135 -3790.72292 1944.941888 9998 33401 -3740.87384189
6903804127 27.76558667 34.93220333 -2710.477237 1194.710639 -1 33401 -2629.0938888
690304173 -33.62786667 61.61287667 -2956.210631 712.448367 -1 33401 -2961.00866415
690387074 -30.223945 49.991025 -3286.394315 2160.271918 9998 33401 -2917.94456431
6903572103 8.315511667 72.406395 -2470.472553 1121.095459 -1 33401 -2488.98316772
690289539 -49.90563333 58.16228 -3545.312299 868.2182907 -1 33401 -3548.49851179
6902970104 -32.54493 50.64372 -3429.63778 2032.598556 9998 33401 -3675.79283526
6903029104 -47.40075 51.645405 -3739.275482 2956.448566 9998 33401 -3766.32655585
690307188 -14.784255 35.98229333 -3091.113117 1162.188603 -1 33401 -3145.83783344
6902892103 -30.05589 -49.90184 -3470.83652 6549.160993 9999 33401 -4720.96642327
6903573106 2.692776667 72.72182333 -2320.728017 658.7086528 -1 33401 -2306.83671599
690308574 -31.80322 55.72413833 -2489.094833 535.2823753 9998 33401 -2502.18772494
6903804128 27.75000167 34.88885333 -2688.924415 1093.066502 -1 33401 -2671.53161911
690308274 -31.14643 55.993135 -2675.006051 925.208354 -1 33401 -2684.98873994
6902974108 -29.15991 48.55578 -3332.704818 654.4566504 9998 33401 -3255.30177268
690387174 -30.144205 52.72334667 -3274.851006 2299.726635 9998 33401 -3370.59491282
6903034104 -44.729475 46.19570833 -3150.787488 1403.376908 -1 33401 -3040.37723714
6903032104 -54.24187 56.74161 -3268.828617 1293.073362 -1 33401 -3272.72298469
6902976104 -49.79612 58.75603 -3499.344831 437.8011985 9998 33401 -3505.10551053
690302875 -22.60884 41.28844 -3668.720181 269.0237993 -1 33401 -4232.81274374
690303974 -59.31584833 61.37716667 -2329.320571 1369.098787 9998 33401 -2319.8082985
690387274 -31.88188167 64.369575 -2569.565263 1189.57635 9998 33401 -2516.3933543
690308674 -35.31929 60.27106833 -3019.024235 964.0233734 -1 33401 -3049.59036335
6902886104 -51.91613 62.16638 -2685.398648 1829.338972 -1 33401 -2739.52296194
6902975118 -21.92442833 51.41780333 -3045.737671 549.2966165 9998 33401 -3112.95028947
6902888104 -43.66907333 55.023535 -3355.161759 495.8352286 -1 33401 -3346.81185648
6902972109 -32.80738 43.789915 -3671.777136 1860.925259 9998 33401 -3692.89397646
390246238 1.36907 67.78727833 -2226.408576 1400.100551 -1 33401 -2248.12069609
6903804129 27.69335833 34.83161833 -2742.841457 1028.890735 -1 33401 -2667.22100175
690387075 -30.29582667 49.907765 -2916.144198 1876.271274 9998 33401 -2989.98196194
690304174 -33.745635 62.15939 -2918.972678 949.1791324 9998 33401 -2936.20527879
6903572104 7.931326667 72.31387333 -2550.676778 1283.49875 -1 33401 -2557.8471914
690289540 -50.24613 58.13688667 -3550.19116 456.7303706 -1 33401 -3554.65542126
6902970105 -32.25077167 50.74295667 -3628.507388 1920.864046 -1 33401 -3649.33617309
6903029105 -46.79720333 51.49704167 -3796.784364 2494.139195 9998 33401 -3799.05263607
690307189 -14.67128 36.00715 -3453.748017 1292.615871 -1 33401 -3513.89675541
6903573107 4.131146667 72.61460667 -2295.290779 1041.514508 -1 33401 -2141.36094093
690308575 -31.72414167 55.39753 -2606.643385 305.82018 9998 33401 -2593.52266086
690308275 -31.52437667 55.87889 -2568.363507 662.5538403 -1 33401 -2613.65131509
6903804130 27.541955 34.748515 -2961.280927 1126.450619 -1 33401 -2928.90113781
19026211 -28.54105333 57.677535 -2461.267351 368.9142745 9998 33401 -2524.32139565
6902974109 -29.29596 48.38458 -3244.891902 632.3985773 -1 33401 -2878.04475724
390246439 0.567078333 70.40532 -3174.910775 1287.464089 9998 33401 -3132.7992531
690387175 -29.57400833 52.66210833 -3582.081014 3126.306185 9998 33401 -3580.67859377
6903032105 -53.57926 57.12237 -3376.013579 2633.759418 -1 33401 -3383.45616167
6903571115 8.354671667 73.57861333 -2520.198641 726.7707735 -1 33401 -2647.72945961
6902976105 -49.683765 58.50886167 -3519.878637 688.5442837 9998 33401 -3518.8735266
690302876 -23.475375 41.23140833 -3729.196599 1007.213615 -1 33401 -3728.69430122
690387275 -33.26514167 64.08298667 -2345.493994 618.4445841 9998 33401 -2304.48312987
690303975 -59.33700667 61.31565667 -2346.961985 1181.890334 9998 33401 -2338.828296
690308675 -34.79136333 60.24678833 -3055.156247 1027.826433 -1 33401 -3050.92088732
6902886105 -55.41776667 61.63710333 -2744.17122 2536.258699 9998 33401 -2787.40111104
6902975119 -22.245035 51.62927333 -3152.154755 1217.155494 9998 33401 -3203.13222131
6902888105 -43.72158833 54.85391333 -3395.199356 561.7515988 -1 33401 -3445.77691477
6902972110 -32.906365 43.956835 -3798.433013 1865.942319 9998 33401 -3964.67648681
390246239 1.068928333 67.764475 -2699.974021 2006.630369 -1 33401 -2746.3183341
690304175 -34.46941 61.84013 -2909.275921 79.77354128 9998 33401 -2944.31131956
6903804131 27.51795667 34.71242333 -3257.717825 1169.103274 -1 33401 -3175.67747966
690387076 -30.20037 49.83721 -3304.986522 1999.520934 9998 33401 -3250.88121786
59069941 -35.66654667 59.26624667 -3105.186657 193.0392219 -1 33401 -3120.99726998
6903572105 7.887965 72.29760667 -2567.300454 1274.316906 -1 33401 -2567.95473391
79010371 -38.56077833 59.590125 -3012.353162 1362.358437 -1 33401 -2998.78853567
690289541 -50.55454667 58.24336167 -3549.185627 432.5474855 9998 33401 -3564.31559599
69905382 -25.27156833 53.43914333 -3537.975976 4468.897797 9998 33401 -3526.74783554
79010361 -41.00344 59.73214 -2236.539194 2710.888059 -1 33401 -2247.43563701
6902970106 -31.97452 50.753455 -3488.122415 1711.324936 -1 33401 -3588.68896466
690307190 -14.73705833 36.041985 -3142.939437 1226.554326 -1 33401 -3222.80842951
6903573108 4.816826667 72.67206167 -2264.935373 953.2852321 -1 33401 -2411.93848656
690308576 -31.78978833 55.57811333 -2431.343232 430.5416194 9998 33401 -2514.20829982
690308276 -31.36541167 55.80804167 -2705.376051 404.3461065 -1 33401 -2701.20318446
6903804132 27.5225 34.73018 -3294.860237 1214.695481 -1 33401 -2933.52242831
6902974110 -29.48769333 48.548755 -3477.117868 867.9657287 9998 33401 -3412.75779513
690387176 -29.30764667 53.17712167 -3361.558234 2203.07848 9998 33401 -3289.34424676
6903032106 -54.32539167 57.33196 -3326.217936 448.2655004 9998 33401 -3329.33764117
6903571116 8.789741667 73.768475 -2577.859254 697.4217739 -1 33401 -2494.73966062
6902976106 -50.12545333 58.560595 -3521.812397 945.3644353 -1 33401 -3527.44080916
6903034106 -45.70538833 45.56499 -3605.851765 1219.602264 9998 33401 -3581.87334591
690302877 -23.597225 41.20975333 -3671.672319 1009.854826 -1 33401 -3672.4059162
690308177 -20.52751167 44.32490667 -3792.457619 214.4952103 -1 33401 -3783.20335644
690303976 -59.47047333 60.93039667 -2329.401809 1133.060339 9998 33401 -2439.1941757
690387276 -33.50286167 63.67245167 -2617.623522 995.6038812 9998 33401 -2655.93763572
690308676 -34.25697167 60.63939333 -2978.898665 661.8611539 -1 33401 -2913.60334722
6902886106 -56.24731 61.53799 -2755.923126 2069.606806 9998 33401 -2764.53705637
6902975120 -22.75335667 51.69726 -2919.583055 2137.865297 9998 33401 -2773.0972346
6902888106 -43.58993 54.8465 -3427.381897 549.7508352 -1 33401 -3380.94406266
6902972111 -32.89782 44.24128 -3745.709185 1511.571283 9998 33401 -3625.4881333
390246240 0.775126667 67.82309833 -3199.79438 1764.724738 -1 33401 -3214.24077419
690304176 -33.654595 61.78024667 -2949.335981 369.7244854 -1 33401 -2956.93394055
59069942 -34.91705167 59.76539167 -3026.95816 890.0437118 -1 33401 -3091.36631911
690387077 -30.26843 49.76257 -3085.28015 1778.95654 9998 33401 -3211.73313135
6903804133 27.69947 34.78589 -3155.998887 1030.68315 -1 33401 -3091.69627101
6903572106 6.27714 72.29346833 -2700.226621 2211.616041 -1 33401 -2703.14588124
690289542 -51.12943333 58.73835 -3519.812327 921.3739403 -1 33401 -3538.09145645
69905383 -24.92617 53.3406 -3517.536465 4448.002066 9998 33401 -3510.53472238
79010362 -42.10576 58.85316 -2588.273021 1939.523772 -1 33401 -2585.80002444
6902970107 -31.887545 50.63756167 -3768.835917 1910.875106 9998 33401 -3711.09881877
690307191 -14.70974167 36.08942 -2998.12843 1176.949072 -1 33401 -2981.5650338
6903573109 3.633911667 72.36082667 -2484.171956 1866.244156 -1 33401 -2248.33851874
690308577 -32.20739333 55.58150333 -2432.322022 594.5283846 -1 33401 -2435.79823271
19026213 -29.90033 57.0669 -2393.81524 269.8257857 9998 33401 -2418.85657847
690308277 -31.11446 55.510195 -2708.380134 737.4247675 -1 33401 -2565.02957914
6903804134 27.5427 34.74841 -3179.4822 1211.439038 -1 33401 -2937.29328253
6902974111 -29.77182 48.62459 -3514.15667 1215.799174 9998 33401 -3548.34372694
690387177 -29.34411167 53.61480833 -3287.27844 608.8711021 9998 33401 -3300.53781424
6903571117 8.020913333 73.73042833 -2312.778395 342.5425107 -1 33401 -2182.27781873
6903032107 -54.73685167 57.30480167 -3220.864384 639.818889 -1 33401 -3232.04440494
6903034107 -46.14765333 45.06770167 -3535.793281 4112.428906 -1 33401 -3533.3510142
6902976107 -50.51425667 58.72001333 -3524.689349 1001.54058 9998 33401 -3564.82398676
6902978111 -37.02295833 50.213165 -3534.124207 2116.063943 9998 33401 -3655.00599709
690303977 -59.18553 60.95711167 -2462.571371 895.7295065 9998 33401 -2512.02493237
690387277 -32.391225 64.16007833 -2547.1045 1146.535091 -1 33401 -2556.50598333
690308677 -34.10305667 60.43228 -2969.180956 729.0262682 9998 33401 -2732.42887445
6902886107 -56.49924 61.77317 -2705.035617 1383.510719 9998 33401 -2693.6625132
6902975121 -22.87868 51.78354 -2974.30056 2413.147567 9998 33401 -3059.50310537
6902888107 -43.690715 54.80329333 -3437.145501 546.6609923 -1 33401 -3408.51148307
6902972112 -32.82543833 44.42282167 -3562.341799 1117.568975 -1 33401 -3685.67962052
390246241 0.2884 68.10425 -2887.482791 1008.775154 -1 33401 -3011.48934218
690304177 -33.465935 61.94490833 -2785.160245 544.4829842 -1 33401 -2817.2180588
59069943 -35.003355 59.96162833 -3017.145792 998.7906232 -1 33401 -3074.23482886
690387078 -30.28762667 49.73915667 -3351.863107 1896.562155 9998 33401 -3270.44147776
6903572107 5.233023333 72.33331167 -2459.722455 2978.002087 -1 33401 -2143.87823426
79010373 -39.09276167 59.54988833 -2929.340422 827.8890822 9998 33401 -2948.17616503
690289543 -50.97725333 59.00026167 -3498.300567 1331.796373 -1 33401 -3499.44195365
69905384 -25.17113667 53.07194 -3518.594988 3716.776975 9998 33401 -3514.82056561
79010363 -44.01529333 58.39167 -2271.08605 2603.161322 -1 33401 -2302.35243827
6902970108 -31.76845167 50.59866667 -3510.59963 1830.838789 9998 33401 -3477.8674526
690307192 -14.61714 35.96283 -3698.769429 1238.487772 -1 33401 -3779.05858214
19026214 -29.95900833 57.13437833 -2363.433693 460.4773389 9998 33401 -2368.1234181
690308578 -32.78395833 55.53391 -2526.343598 481.7848098 9998 33401 -2293.26491499
690308278 -30.271125 55.064955 -2942.169519 711.8916789 9998 33401 -2984.9962458
390246442 4.150688333 70.57305167 -3191.455141 443.5581036 -1 33401 -3192.11159732
6902974112 -30.11561 48.67459 -3210.627322 1376.111455 9998 33401 -3423.89249054
690387178 -28.41422667 53.35581667 -3311.748305 2302.83551 9998 33401 -3341.19363565
6903571118 7.231336667 73.56805167 -2239.375468 349.2504453 -1 33401 -2243.89466281
6903032108 -54.46921167 57.41000667 -3288.155267 375.3951951 -1 33401 -3305.94289644
6902976108 -49.801985 58.39629667 -3525.757485 940.7172106 9998 33401 -3533.05989918
6903034108 -45.78678 44.78783 -3767.934755 5166.044653 9998 33401 -3834.4927195
690302879 -23.86179333 41.08198167 -3843.292981 965.7430617 -1 33401 -3740.69121138
6902978112 -36.76174 50.45510333 -3639.322164 3083.194304 9998 33401 -3646.89022275
690387278 -32.93381 64.28119 -2322.937402 1379.605044 9998 33401 -2281.39242344
690303978 -58.81211833 60.66520667 -2441.090078 885.1682256 -1 33401 -2513.69990577
690308678 -33.711735 60.302775 -2868.589848 626.8697635 9998 33401 -2545.66504216
6902886108 -57.11924167 61.66407 -2692.34702 1221.467914 9998 33401 -2682.1630706
6902975122 -22.94652 51.92836 -2945.916459 2573.708057 9998 33401 -3002.20008759
6902888108 -43.81292 54.76582 -3443.006954 523.6736923 -1 33401 -3427.88806237
6902972113 -32.79029333 44.59167333 -3629.579616 889.2142661 -1 33401 -3628.27030517
6903804137 28.00112167 34.83372167 -2681.095581 657.2680044 -1 33401 -2693.97632462
390246242 -1.341341667 68.63810833 -3496.820867 1981.665007 -1 33401 -3443.30875631
690304178 -33.48720167 62.45585167 -2901.324807 1017.675935 -1 33401 -2899.67283041
59069944 -35.20192667 60.014825 -3061.07062 1005.770671 9998 33401 -3082.89768506
690387079 -30.29574167 49.77786 -3353.803038 1976.250783 9998 33401 -3168.01977852
6903572108 3.806731667 72.11606667 -2590.789147 1864.495976 -1 33401 -2710.20230423
79010374 -38.06632 59.37279 -3109.064401 1247.263794 9998 33401 -3111.49424218
690289544 -51.273695 58.71740833 -3516.895274 836.995512 -1 33401 -3594.40729301
69905385 -25.67134667 52.99360667 -3512.77027 2700.408546 9998 33401 -3544.9177182
79010364 -44.59387 58.06912 -2614.860149 1273.707255 -1 33401 -2576.55897167
6902970109 -31.650545 50.5268 -3400.408312 1918.694216 9998 33401 -3255.73419272
6903573111 0.899528333 72.48776 -2179.762088 552.2564086 -1 33401 -2134.50917204
690307193 -14.596215 35.95836333 -3795.333045 1235.615153 -1 33401 -3876.02466992
690308579 -33.29033667 55.301325 -2440.216837 474.1368046 9998 33401 -2451.6728364
19026215 -29.72671 56.95715333 -2565.191551 667.3495747 9998 33401 -2620.60316644
6903804138 28.17032 34.86747 -2709.512331 719.5853142 -1 33401 -2677.67330872
690308279 -29.81951167 54.97088833 -3083.847914 1467.814685 9998 33401 -3109.39779858
6902974113 -30.10995 48.617185 -3511.233255 1384.319038 9998 33401 -3476.18626574
690387179 -28.330635 52.79835 -3389.960669 1568.641979 9998 33401 -3406.50492822
690302880 -24.05425 40.99628 -3465.868594 741.389035 -1 33401 -3482.85281942
6903032109 -53.7713 57.52825 -3389.549467 1492.034802 9998 33401 -3390.47505404
690308180 -21.08752833 43.899635 -3622.009702 1104.021592 -1 33401 -3732.25201464
6902976109 -49.773805 58.502035 -3528.649814 776.0206588 9998 33401 -3518.15936198
6903571119 7.116715 73.39636 -2653.168641 673.578056 -1 33401 -2859.01183924
6902978113 -36.68972 50.40385 -3792.289889 3282.484954 -1 33401 -3846.85238394
690303979 -59.71739333 60.50282 -2285.395458 1625.788118 9998 33401 -2228.60226039
690387279 -33.70741 64.00639833 -2354.319904 679.4141585 9998 33401 -2371.68233994
6902886109 -58.54294 61.33294167 -2581.890837 806.9925532 9998 33401 -2622.43098805
6902975123 -23.160135 52.04001167 -3343.361009 2906.194528 -1 33401 -3131.87576553
6902888109 -43.89065667 54.58139167 -3424.535644 154.9149531 9998 33401 -3394.7769745
6902972114 -32.75695 44.67458167 -3632.477164 844.441275 -1 33401 -3628.29259823
6902973113 -47.84423667 52.15090667 -3829.664988 2056.068575 -1 33401 -3853.7147693
390246243 -3.11302 69.07585 -3015.181827 160.2416443 9998 33401 -3006.47749032
6903804139 28.34550833 34.90908833 -2714.402968 701.9867801 -1 33401 -2737.43907368
690304179 -34.40413167 62.85491 -2794.740981 1096.121233 9998 33401 -2781.72779486
59069945 -35.82710333 59.84405667 -3073.804115 1213.942053 9998 33401 -3079.1196713
690387080 -30.25366167 49.84780333 -3303.031177 2022.339721 9998 33401 -3299.00915303
6903572109 2.115328333 72.05493167 -2339.407456 1873.199123 -1 33401 -2330.59813744
79010375 -37.97177667 58.74221 -3167.78708 689.1275424 -1 33401 -3163.39335004
690289545 -51.67565167 57.769895 -3477.214713 458.054746 9998 33401 -3551.2141961
69905386 -25.65380833 53.380695 -3664.672632 3070.719886 -1 33401 -3665.20631902
79010365 -45.191225 58.50654 -2257.344281 882.0840313 -1 33401 -2213.16490528
6902970110 -31.39344167 50.56235333 -3125.109112 1489.350404 9998 33401 -2996.53837485
6903573112 -0.358925 72.38779 -2807.666071 598.2292692 -1 33401 -2849.77272968
690308580 -33.74107833 55.14405333 -2434.372968 642.5037845 -1 33401 -2206.16858868
19026216 -29.33018167 56.88974167 -2668.932239 1784.921199 9998 33401 -2627.64952844
6903804140 28.535035 34.932555 -2691.854767 558.4101146 -1 33401 -2679.67090247
690308280 -29.1575 54.922165 -3109.251441 1009.503084 9998 33401 -3132.59747852
6902974114 -30.159435 48.62335333 -3574.614831 1420.490842 9998 33401 -3528.91701333
690387180 -28.896905 52.82714833 -3369.466951 2462.476413 9998 33401 -3327.56815553
6903571120 7.842396667 73.57427 -2166.907375 512.8528139 -1 33401 -2083.48932538
6903032110 -54.152825 57.815895 -3395.318084 922.9899369 -1 33401 -3389.33197727
6902976110 -48.87291167 58.18522833 -3486.840503 432.741877 -1 33401 -3481.97913318
690302881 -24.374365 40.95316167 -3768.288366 465.6492737 -1 33401 -3786.92635089
690303980 -59.90505 60.28661 -2173.710539 2124.824554 9998 33401 -2240.42796586
690387280 -33.96323 64.09925 -2216.195346 1507.748354 9998 33401 -2202.714816
690308680 -34.25906167 60.74573 -3005.240433 483.4897227 -1 33401 -3013.89691859
6902886110 -59.10146667 61.18909167 -2409.659447 984.7546008 -1 33401 -2425.95395644
6902975124 -23.30024333 52.15697167 -3156.888344 2894.576326 9998 33401 -3308.70724416
6902888110 -43.50430833 54.65173333 -3403.060952 396.231803 9998 33401 -3394.21501915
6902972115 -32.98976167 44.56921667 -3778.730096 652.5071459 9998 33401 -3988.34661776
6902973114 -47.86817667 51.88949667 -3704.127757 2731.624285 -1 33401 -3727.18889683
690304180 -36.19705833 62.679915 -2618.794878 606.0037003 9998 33401 -2576.89838139
6903804141 28.66134 34.96503 -2798.658885 436.2480841 -1 33401 -2812.46730153
390246244 -4.663898333 69.19166 -3419.764345 702.4426501 -1 33401 -3376.29780267
59069946 -35.728195 59.99236833 -3060.099819 1189.030283 9998 33401 -3087.62455718
690387081 -30.36427 49.68832 -3525.51701 1949.107833 9998 33401 -3358.58422737
6903572110 3.423273333 72.28828333 -2564.368629 2097.450782 -1 33401 -2577.5502202
79010376 -38.09572 58.57855667 -3165.877738 950.411949 -1 33401 -3128.24602007
690289546 -52.250755 57.26878833 -3502.700299 783.9952908 -1 33401 -3505.48306352
69905387 -25.48404333 53.57897833 -3654.866731 5439.91691 9998 33401 -3584.14195312
79010366 -46.83697667 59.66331833 -2085.570065 7132.362031 -1 33401 -2282.78213649
6902970111 -31.32196833 50.52037 -2915.982043 1529.349759 9998 33401 -2916.76567811
690307195 -14.54417667 36.05229667 -3699.715983 1421.707125 -1 33401 -3641.21778486
6903573113 -0.596808333 72.39229167 -2939.466821 718.4931469 -1 33401 -2932.83915802
690308581 -33.90572333 54.55521833 -2631.302368 985.3618805 9998 33401 -2418.03391723
19026217 -29.099635 56.90137 -2862.548871 2148.567374 9998 33401 -2747.06631882
6903804142 28.65453333 34.96977333 -2764.366147 453.6921361 -1 33401 -2782.65230284
690308281 -28.67604333 55.252345 -3114.044785 235.7483491 9998 33401 -3086.93794001
6902974115 -30.15394833 48.66908333 -3526.820304 1491.200352 9998 33401 -3487.10026024
690387181 -28.60518167 53.02345833 -3281.595073 2635.478706 9998 33401 -3340.30732113
6903571121 7.98713 73.52667 -2350.971361 654.2044326 -1 33401 -2555.52245311
6903032111 -55.04857167 57.84956333 -3283.157241 555.5015572 -1 33401 -3244.43830855
6902976111 -47.94185 58.2681 -3394.21581 1606.31225 -1 33401 -3388.49064875
690302882 -24.62994667 40.90217 -3761.481909 401.1523188 9998 33401 -3693.15272578
690308182 -20.71244333 43.46641833 -3866.807566 1118.076629 9998 33401 -3884.68407133
690303981 -59.76504833 60.24883667 -2262.905323 1965.047074 9998 33401 -2292.89139471
690308681 -35.99964667 60.49926 -3002.369379 720.4502014 9998 33401 -3010.9658982
6902886111 -58.99075667 60.76929 -2395.050578 918.1875718 9998 33401 -2660.70079679
6902888111 -43.56464 54.32719 -3502.609692 295.066652 -1 33401 -3479.18968163
6902972116 -33.30558833 44.38906333 -3726.164784 1228.045487 9998 33401 -3555.3405891
6902975125 -23.31803 52.24792 -3836.446482 3532.000508 9998 33401 -3878.85228764
690304181 -36.19424 62.90542333 -2572.776617 902.9761401 9998 33401 -2576.02387223
390246245 -5.134073333 68.87473833 -3379.890802 973.6065431 -1 33401 -3377.53165504
690387082 -30.10894 49.61167 -3110.725057 1794.889883 9998 33401 -2981.42771185
59069947 -36.02737 59.86211 -3030.840461 1204.763766 9998 33401 -3072.17643622
6903572111 4.181943333 72.04744 -2846.778769 1864.030468 -1 33401 -2849.80892617
79010377 -38.591845 58.48583167 -3195.178373 1070.669404 9998 33401 -3216.2664201
690289547 -52.26730167 56.90250333 -3512.553981 128.9026707 -1 33401 -3538.40086932
69905388 -25.067065 53.56485833 -3539.886131 4568.09569 9998 33401 -3546.88459564
79010367 -49.43652667 59.99527333 -3122.573374 1060.08341 -1 33401 -3085.79639391
6902970112 -31.455375 50.519135 -3072.366866 1645.526833 9998 33401 -3028.03430627
6903573114 -0.12751 72.26845333 -1393.785765 162.4248543 -1 33401 -1297.30377246
690307196 -14.62834 35.98333 -3827.502729 1319.859699 -1 33401 -3716.18939311
19026218 -28.29035167 57.09316833 -2821.446915 1304.190241 9998 33401 -3233.45830184
390246446 6.274561667 70.00918 -3175.959908 460.2020405 -1 33401 -3161.83130096
690308282 -28.82683833 55.10331833 -3117.990772 617.182342 9998 33401 -3122.22087299
6902974116 -29.93969667 48.78379167 -3509.229196 1666.632807 -1 33401 -3394.5046735
690387182 -28.87294 52.75759333 -3410.456214 2211.01906 9998 33401 -3380.38794224
6903571122 9.011718333 72.75608333 -2333.447784 198.3405017 -1 33401 -2330.98858385
6902976112 -47.89237833 58.63953833 -3311.228107 717.7574759 -1 33401 -3299.08567575
6903032112 -54.66132167 57.63517 -3260.778363 261.003483 9998 33401 -3259.90185733
690302883 -24.72844 40.70229667 -3435.697511 189.2733747 -1 33401 -3565.18223975
6902978116 -35.65684833 51.216295 -3875.742524 1809.116257 9998 33401 -3865.78858693
690303982 -59.685065 60.154765 -2223.722935 1973.268621 9998 33401 -2329.74916311
690387282 -36.77360667 62.37978667 -2443.702819 755.5187453 9998 33401 -2431.6065793
690308682 -36.66407833 60.089665 -3050.312881 1049.467279 -1 33401 -3047.92746632
6902886112 -59.22911833 60.49947167 -2421.540081 1147.432438 -1 33401 -2420.87605923
6902888112 -43.53986167 54.28890167 -3515.293538 269.5638774 -1 33401 -3493.50307706
6902972117 -33.64828667 44.69075167 -3572.007585 784.6983695 9998 33401 -3527.16038201
690304182 -36.19954333 62.41249333 -2627.650528 669.4090377 -1 33401 -2611.88526481
390246246 -5.09376 68.70324333 -3410.126796 1080.051108 -1 33401 -3421.03042328
59069948 -34.74435 60.81342167 -3001.318463 576.973671 -1 33401 -2999.62345828
690387083 -30.41000833 49.62755167 -3431.905345 1832.309283 9998 33401 -3575.46793819
6903572112 3.719701667 71.978665 -2885.843852 1704.889164 -1 33401 -2647.86344163
79010378 -38.8567 58.54005 -3191.260834 996.692532 9998 33401 -3223.5787013
690289548 -52.29388167 56.89212333 -3514.506133 186.4969479 -1 33401 -3538.49110446
69905389 -24.98752833 53.12738 -3558.542379 4165.143838 9998 33401 -3563.07146395
79010368 -49.84359167 59.51634167 -3401.668408 221.675977 -1 33401 -3434.85634835
6902970113 -31.58743667 50.51479833 -3149.541642 1772.6186 9998 33401 -3128.13729312
690307197 -14.69017167 36.012245 -3502.574306 1329.986309 -1 33401 -3491.12825793
6903573115 -0.35635 72.22270667 -2161.182276 308.6748846 -1 33401 -2080.16867177
690308583 -33.887105 54.196185 -2506.073373 712.5829722 9998 33401 -2423.76344235
19026219 -26.65138167 56.89664333 -2801.940331 1209.573224 -1 33401 -2792.28682104
690308283 -28.05603667 55.08641333 -2887.432021 1417.750214 9998 33401 -2897.640562
390246447 5.477393333 70.77962 -3142.663083 340.3808332 -1 33401 -3151.90374179
6902974117 -29.62219 48.90135667 -3494.562146 1607.35318 -1 33401 -3557.2666496
690387183 -29.52482 52.73662333 -3527.473437 2893.933348 9998 33401 -3507.31853939
6902976113 -48.60728333 59.10202333 -3316.954389 296.6627487 9998 33401 -3321.42559002
690302884 -24.93561833 40.66220167 -3454.259589 126.0838238 9998 33401 -3483.44434573
6903571123 8.14203 72.61299 -2448.925838 840.2460978 -1 33401 -2454.40810376
6903032113 -53.34452833 58.45995667 -3441.928737 1161.988276 9998 33401 -3462.25057348
6902978117 -35.329075 51.36428 -3486.955024 1926.061314 -1 33401 -3493.24331506
690303983 -59.496525 59.94763333 -2300.193083 2175.936352 9998 33401 -2298.15093069
690387283 -35.898545 62.29315 -2739.145492 444.430249 9998 33401 -2745.24411802
690308683 -36.220575 59.922225 -3072.808607 1237.545377 -1 33401 -3066.63649767
6902886113 -59.17414833 60.37654667 -2434.292284 1209.329305 9998 33401 -2407.5814918
6902888113 -45.96066 54.47714 -3458.693882 1542.300285 -1 33401 -3353.85471288
6902972118 -33.38691167 44.919695 -3582.66063 319.9392759 -1 33401 -3579.39422578
390246247 -5.181791667 68.39735167 -3489.083676 1106.060618 -1 33401 -3464.74190262
690304183 -34.90363167 62.13028 -2854.50293 1631.160685 -1 33401 -2862.07339006
59069949 -34.283905 60.777815 -3000.350365 473.0720315 -1 33401 -3008.20306801
690387084 -30.2762 49.20988 -3340.313443 2083.594043 9998 33401 -3150.41587854
6903572113 4.56175 72.16643 -2729.556062 2293.308546 -1 33401 -2669.71505174
79010379 -38.60687333 58.75704833 -3144.359941 957.4661336 9998 33401 -3140.71010964
690289549 -52.74965167 57.030125 -3463.784316 1318.332787 9998 33401 -3474.42014932
699053810 -24.95210667 52.59716833 -3431.961827 1375.345877 9998 33401 -3438.22429833
79010369 -49.61990667 59.38615 -3413.401821 123.858871 -1 33401 -3453.40324399
6902970114 -31.57023667 50.45591167 -3345.78993 2004.373166 9998 33401 -3483.55850204
690307198 -14.79237833 35.98092 -3206.520291 1212.345426 -1 33401 -3092.75710277
6903573116 -0.58583 72.18968 -2337.432951 379.9229646 -1 33401 -2370.53245731
690308584 -33.653205 54.12595167 -2399.320039 512.059897 9998 33401 -2535.79620087
190262110 -26.18328 56.90981 -2758.913664 524.5399951 -1 33401 -2761.60855635
690308284 -28.43152 54.8335 -2897.27021 1334.993017 9998 33401 -2895.11881192
390246448 4.442483333 70.99552833 -3135.797947 243.8717139 -1 33401 -3132.35970914
6902974118 -29.52810167 48.77230667 -3082.627525 1150.356343 -1 33401 -3230.00122623
690387184 -29.61935833 52.93997833 -3400.647402 2326.405087 -1 33401 -3358.16443925
6903571124 9.087716667 73.22760833 -2330.454753 154.4581615 -1 33401 -2339.93174169
690302885 -25.06262 40.62693 -3377.133258 130.4829591 9998 33401 -3391.77528867
6902976114 -48.98999667 58.89197667 -3415.488613 334.2432483 9998 33401 -3405.61874388
6903032114 -51.69835 58.9268 -3434.97409 1170.85697 9998 33401 -3491.0968838
6902978118 -34.9638 51.3326 -3351.379427 1819.237514 -1 33401 -3271.1355305
690303984 -59.33318 59.56102 -2313.001197 2731.968098 9998 33401 -2203.16749219
690387284 -37.03352167 61.88014 -2633.625791 447.651391 -1 33401 -2628.99797811
690308684 -37.47510333 60.903725 -2936.839141 444.9025977 9998 33401 -2913.30813205
6902886114 -59.04335 59.84952167 -2402.080752 1620.153989 9998 33401 -2382.88336181
6902888114 -44.70217333 54.59841667 -3384.546805 110.5989051 9998 33401 -3393.63438022
6902972119 -33.23660167 44.67225667 -3718.269829 476.4971867 9998 33401 -3609.50812388
6902975128 -23.38522 52.71138 -3765.212898 3275.663818 9998 33401 -3813.49305358
390246248 -5.256483333 68.04978833 -3486.239406 877.5388615 -1 33401 -3500.58508854
690304184 -34.801085 61.30590333 -2957.257647 555.1169492 -1 33401 -2963.30690609
590699410 -34.89629833 60.79009833 -3006.206419 676.7304604 9998 33401 -3014.49470666
690387085 -30.35624333 48.867445 -3206.664301 1803.316407 -1 33401 -3213.23352452
6903572114 6.686885 72.60794 -2636.66216 1962.21592 -1 33401 -2547.72428477
790103710 -39.90546167 58.31548 -3150.330374 644.7060359 9998 33401 -3171.71206872
690289550 -52.75767167 57.34908667 -3474.413047 1733.464799 -1 33401 -3474.99575795
699053811 -25.77299 52.57982 -3585.031059 1213.374222 9998 33401 -3668.39350319
790103610 -49.98294 60.04368 -3139.152949 1314.385232 9998 33401 -3117.3662018
6902970115 -31.57445333 50.42560333 -3530.15604 2262.683424 9998 33401 -3601.34973519
690303135 50.05992667 -9.296555 -3053.205155 3420.026616 9998 33401 -2711.71416274
690307199 -15.06538167 35.746525 -2853.320108 956.5528685 -1 33401 -2800.18653225
6903573117 -0.941593333 71.88100167 -2494.995088 753.4800494 -1 33401 -2122.52561959
190262111 -26.21206667 57.06688 -2638.562964 650.8010037 -1 33401 -2648.21752473
690308585 -33.90738667 53.97374167 -2532.561759 656.6886843 -1 33401 -2512.27522298
390246449 3.813498333 71.199945 -3129.910388 695.7953043 -1 33401 -3127.13636802
690308285 -29.51450667 55.31611667 -3095.474374 1430.498357 -1 33401 -3012.99385327
6902974119 -29.68409 48.78304 -3233.055925 1460.45704 9998 33401 -3265.5154072
690387185 -29.28799333 53.14515833 -3393.757908 2361.972739 9998 33401 -3325.13379379
6902976115 -48.14753667 59.15419667 -3230.128395 533.8830854 -1 33401 -3234.459422
690302886 -25.221475 40.572515 -3375.196803 342.6751702 -1 33401 -3370.16684716
6903571125 9.3731 73.96951667 -2469.296934 765.0062346 -1 33401 -2457.21655953
6903032115 -52.33326333 59.19234333 -3475.833199 1546.543788 9998 33401 -3474.63370077
690303985 -59.34138167 59.03919 -2232.744207 3877.38536 9998 33401 -2230.07476472
690308685 -37.60639 61.35834667 -2751.073662 379.0024121 -1 33401 -2748.57843283
6902886115 -58.88117667 59.095175 -2537.334055 2484.883842 9998 33401 -2483.09793283
6902888115 -45.11733 54.58493667 -3348.461596 764.6054342 9998 33401 -3353.24279781
6902972120 -33.36902667 44.26910667 -3588.727691 1597.583568 9998 33401 -3649.09578202
690387385 -43.18173667 49.04543667 -3851.190754 5777.941823 9998 33401 -3881.64663055
390246249 -5.250083333 67.71112667 -3486.315497 692.6568358 -1 33401 -3508.61861942
590699411 -35.93772833 60.64985 -2983.779214 756.9097525 9998 33401 -3009.5337698
690304185 -34.81378 61.44619 -2952.342129 789.1708607 -1 33401 -2945.01883408
690387086 -30.44204667 48.74702833 -3461.447622 1716.120962 9998 33401 -3456.53003185
6903572115 6.48578 72.59707 -2468.491341 1932.016995 -1 33401 -2642.01360158
790103711 -41.39527833 58.09589167 -3022.487638 1204.704657 -1 33401 -3179.43642311
690289551 -53.007285 57.66821 -3467.497659 1716.112707 -1 33401 -3470.03338581
699053812 -25.93665 52.73414167 -3663.908523 2283.663736 9998 33401 -3637.58074482
790103611 -49.77558333 59.89611333 -3183.103555 1015.818961 9998 33401 -3156.60065186
6902970116 -31.66371833 50.48269333 -3542.812677 2083.724022 9998 33401 -3592.67906455
690303136 50.18826833 -9.19995 -3062.034736 3608.40767 9998 33401 -2622.27086538
6903071100 -15.21068333 35.63631 -3121.532252 1130.859347 -1 33401 -3105.67328328
6903573118 -1.509815 71.719795 -1897.572072 625.8064702 -1 33401 -1850.32420887
190262112 -25.58188 57.30728333 -2720.680946 174.8453496 -1 33401 -2729.26765383
690308286 -29.87953 55.83144 -2920.476174 1225.525245 -1 33401 -2954.39362208
390246450 4.23767 71.07815 -3137.733631 331.8362329 -1 33401 -3138.95164498
690302887 -25.37807 40.39657833 -3019.47169 574.3761956 9998 33401 -2895.53225443
690387186 -28.869455 53.42287667 -3354.656501 2047.72312 9998 33401 -3445.99194693
6902976116 -47.72577833 59.30526167 -3063.198195 690.8864302 9998 33401 -3057.25971873
6903571126 9.815091667 74.04424667 -2401.791748 686.5824911 -1 33401 -2401.3722283
6903032116 -52.76984 59.59006667 -3415.295102 1839.085629 9998 33401 -3411.88786799
690308187 -22.06303 42.38143 -3876.936101 523.7618697 -1 33401 -3872.26577587
6903034116 -45.95531167 43.61128333 -3860.910894 5446.941173 9998 33401 -3499.89182415
690303986 -59.07574 58.72118667 -2086.710532 2967.253074 -1 33401 -2102.36856912
690387286 -38.25942167 61.14337 -2707.123307 451.002965 -1 33401 -2738.5867918
690308686 -38.01965 61.81795167 -2527.001515 535.8661292 9998 33401 -2559.99816512
6902886116 -58.14828 58.70119 -2701.784772 3559.61814 9998 33401 -2728.4022497
6902888116 -44.93523333 54.66203 -3437.187763 749.8405028 9998 33401 -3386.80968794
6902972121 -33.935185 44.20101833 -3475.582649 2115.209181 9998 33401 -3513.00214259
390246250 -5.065465 67.40052333 -3553.572685 490.3888053 9998 33401 -3492.7977712
690304186 -34.4922 61.57529833 -2931.801781 903.3440664 -1 33401 -2948.29458482
590699412 -37.11649333 60.27538833 -3035.622419 826.3167458 -1 33401 -3018.85537006
690387087 -30.47428 48.65582333 -3595.078022 1563.13017 9998 33401 -3545.42751235
790103712 -42.48738 58.223555 -2953.10526 651.808458 -1 33401 -2987.61076283
690289552 -53.83341 57.96512 -3444.993841 1027.901757 -1 33401 -3439.08418992
699053813 -25.97507 52.72623333 -3650.27145 2122.972136 9998 33401 -3639.56587873
790103612 -49.18316 59.74571833 -3234.851688 799.5306958 -1 33401 -3247.76619296
6902970117 -31.67036 50.53991 -3489.165031 1956.709989 9998 33401 -3245.2596783
690303137 49.99757 -9.096563333 -3122.801042 3395.063316 9998 33401 -3167.39773183
6903071101 -15.40821833 35.649925 -2878.806519 1019.545809 -1 33401 -2966.52715025
6903573119 -1.38298 72.012365 -2391.280168 215.9717597 -1 33401 -2426.76336274
690308587 -34.48324333 53.02783667 -2595.436916 528.95562 -1 33401 -2457.19441524
190262113 -25.55737 57.22728 -2755.906205 198.2512882 9998 33401 -2764.7739905
690308287 -30.33476333 55.98335 -2854.952149 1166.090875 9998 33401 -2700.89118016
390246451 4.044016667 70.77784833 -3167.041775 566.196788 -1 33401 -3173.04218008
690387187 -28.92821333 53.661955 -3273.602934 515.9704254 9998 33401 -3321.40200158
690302888 -25.78828 40.1022 -3104.642554 549.3643679 9998 33401 -3175.24740931
6902976117 -48.02855167 59.336335 -3199.835156 384.3009711 -1 33401 -3176.36707019
6903571127 10.01189167 74.129545 -2397.86831 655.8229294 -1 33401 -2407.19192044
6903030117 -39.60003 51.25444 -3490.890055 1197.213674 9998 33401 -3437.07198444
690308188 -22.41446 42.33545 -3812.643602 529.6439194 -1 33401 -3839.07499346
39024831 21.59623 36.57173833 -3742.466063 1644.942044 -1 33401 -3683.4562566
690303987 -59.02801333 58.15808667 -1947.47943 3005.798506 9998 33401 -1991.51107558
690308687 -39.48455333 61.303985 -2535.909207 1212.172965 9998 33401 -2505.59243936
690387287 -37.59471333 60.87185833 -2911.448624 488.0835483 9998 33401 -2904.6081183
6902886117 -57.30124 57.87337 -2815.397314 3885.842118 9998 33401 -2819.32636246
6902972122 -34.26313667 44.52084 -3310.507458 1138.124052 -1 33401 -3061.60813244
6902888117 -44.64687 54.91645 -3460.51146 751.2297205 9998 33401 -3436.24929181
39024832 21.548445 36.63512 -3815.583322 1203.636227 -1 33401 -3746.96943524
390246251 -5.255971667 67.20206333 -3541.935763 460.6469594 9998 33401 -3545.10900429
590699413 -38.68209 59.82186 -2949.790249 989.0263417 9998 33401 -2906.61580296
690304187 -33.93374167 61.22996333 -2930.903594 759.2834805 9998 33401 -2936.22046239
690387088 -30.36514167 48.587785 -3577.551437 1372.094389 9998 33401 -3583.06481258
790103713 -41.93792667 58.17081 -3123.037112 831.8189154 -1 33401 -3103.03428019
690289553 -53.27606667 58.66408833 -3419.451592 593.3044057 9998 33401 -3422.86923242
699053814 -26.43875667 53.01359667 -3647.255441 3691.225437 9998 33401 -3716.13138551
790103613 -49.28561833 59.72071 -3237.784797 634.6229033 -1 33401 -3307.44511032
6902970118 -31.68213833 50.547865 -3442.348149 1894.485085 9998 33401 -3296.04303044
39024833 21.40712667 36.69415333 -3805.813106 902.1612429 -1 33401 -3706.77944107
6903071102 -15.65318833 35.67285833 -3022.704555 905.3701706 -1 33401 -2987.68290943
6903573120 -1.396441667 71.99243333 -2431.397978 182.5270446 -1 33401 -2452.31695006
690308588 -34.71896333 53.17688667 -2584.633741 123.37681 -1 33401 -2594.14165007
190262114 -23.769475 57.25494667 -2988.512897 2687.758768 -1 33401 -3003.64777752
690308288 -29.92986833 55.91602667 -2931.204599 1383.763713 9998 33401 -2936.37955613
390246452 4.632326667 70.70475333 -3170.955398 333.961074 -1 33401 -3171.88257964
690387188 -29.05393167 53.86131167 -3116.375759 404.3747606 -1 33401 -3093.52611949
690302889 -25.98938167 39.806835 -3096.902636 671.1205325 9998 33401 -3105.12895767
6903030118 -40.36895 51.70639 -3197.05146 2093.175829 9998 33401 -2912.69632555
6902976118 -47.79757 59.47971 -3145.151054 794.6297853 -1 33401 -3143.07612309
6903571128 9.91807 73.99204667 -2359.724225 579.9809952 -1 33401 -2368.2681765
690308189 -22.44200667 42.23568 -3833.142653 568.3256992 -1 33401 -3835.18016855
690303988 -57.89265167 57.29136833 -2183.067932 1917.297831 9998 33401 -2194.05495
690308688 -39.61065 60.050765 -2578.238008 676.9837765 -1 33401 -2603.90396577
690387288 -37.48114333 60.730515 -2958.367563 730.1540316 -1 33401 -2953.30832971
39024835 21.25282 36.64974 -3429.13607 890.1056907 -1 33401 -3388.39373526
6902886118 -56.00288333 57.03832833 -2828.303131 4284.747427 9998 33401 -2816.7372747
6902888118 -44.55723 55.06132 -3410.741127 670.6482888 9998 33401 -3425.10307016
390246252 -5.45346 67.14466 -3443.589766 429.7632611 9998 33401 -3471.72610175
690304188 -33.58665 61.26775 -2793.125318 1112.980866 -1 33401 -2737.63797823
590699414 -39.84897167 59.43415833 -2941.090663 378.9464201 9998 33401 -2950.425587
690387089 -30.18225 48.57652 -3536.602044 1354.872099 9998 33401 -3511.60601299
790103714 -41.88990167 57.99176667 -3191.405386 975.1083048 -1 33401 -3193.81446006
690289554 -52.56511667 58.58271833 -3445.792807 640.3505759 -1 33401 -3433.93305588
699053815 -26.49028 53.59522 -3676.292734 5063.252848 9998 33401 -3660.85585976
790103614 -48.45174 59.46069833 -3223.218947 263.1931728 9998 33401 -3251.93393496
6902970119 -31.47782 50.62096 -3563.241359 1648.254822 9998 33401 -3476.45910166
39024836 21.01513833 36.75909667 -3675.096421 806.3776374 -1 33401 -3607.81369674
6903071103 -15.740875 35.69241 -2903.275933 801.7101305 -1 33401 -2938.17463707
6903573121 -1.543273333 71.94813333 -1982.858958 195.0708319 -1 33401 -2019.42642004
190262115 -23.40256 58.22770167 -2972.641811 4136.77966 -1 33401 -2983.79693155
690308289 -29.64682833 55.83849333 -2915.588012 1302.99257 9998 33401 -2919.66477463
690387189 -28.48996167 53.81595333 -3166.187289 644.6726774 9998 33401 -3198.23599943
690302890 -26.09645167 39.14496833 -2919.02411 1229.609272 -1 33401 -2909.01025406
6903030119 -40.70805167 51.90701167 -3109.102772 1767.46243 9998 33401 -3123.70477088
6903571129 10.30968 73.69554667 -2285.374768 308.1600445 9998 33401 -2259.9935722
690308190 -22.40074 42.15626167 -3839.991604 519.4418088 -1 33401 -3835.28347654
690303989 -57.29458 56.9059 -2338.985356 1831.181374 9998 33401 -2226.9287655
690387289 -38.29319 60.74453 -2887.053713 484.3896319 -1 33401 -2873.04400312
690308689 -38.95035333 59.88387167 -2823.7314 488.6827549 9998 33401 -2837.47589341
39024837 20.84449 36.73702 -3755.090326 929.1275933 -1 33401 -4079.01384062
6902886119 -55.68407 56.20784 -2842.189077 4419.090316 9998 33401 -2828.00308929
6902888119 -44.55654 55.12357 -3407.797287 576.9181359 -1 33401 -3419.34129425
390246253 -5.639653333 67.11456833 -3412.424003 452.8640161 9998 33401 -3402.97703179
590699415 -39.935865 59.64169 -2802.282724 596.2316801 -1 33401 -2792.98963191
690304189 -34.32775333 61.206465 -2972.906648 357.2710841 9998 33401 -2981.96420179
690387090 -30.15694833 48.73578667 -3342.410218 1528.689097 9998 33401 -3642.43995228
790103715 -41.413405 58.67716667 -3033.084863 465.767424 9998 33401 -2968.10932957
690289555 -52.81382667 58.24862333 -3476.102005 1661.254543 9998 33401 -3468.15177566
699053816 -26.86262 53.63935 -3590.541346 5555.700687 9998 33401 -3609.57361757
790103615 -48.190665 59.50854333 -3156.854919 464.59994 9998 33401 -3190.27533646
6902970120 -31.56054 50.75980333 -3652.864554 1455.074397 -1 33401 -3691.14064488
6903071104 -15.91030167 35.46377667 -3039.395824 978.3584597 -1 33401 -3008.03342581
6903573122 -0.848271667 71.99771833 -2801.865177 610.6772011 -1 33401 -2737.06149229
190262116 -22.08281 57.628835 -3080.220376 2138.217712 -1 33401 -3079.43055762
690308290 -30.10756667 56.02178 -2856.897842 1387.582666 9998 33401 -2849.39795849
690308590 -36.190655 52.90876167 -3050.216356 747.5469773 -1 33401 -3082.24809264
690302891 -25.678765 39.01593333 -2797.654917 693.9021292 9998 33401 -2854.16034903
690387190 -28.39004167 53.95527833 -3162.243156 574.6886349 9998 33401 -3120.94684588
6903571130 8.791121667 73.52900333 -2490.867552 576.5943522 -1 33401 -2492.56236522
690308191 -22.42958 42.10797167 -3830.264225 585.9014582 -1 33401 -3829.80950897
690303990 -56.64938 56.16412 -2416.528746 3529.604627 9998 33401 -2397.05070054
690387290 -39.43569833 61.07095667 -2549.654964 635.3877018 -1 33401 -2617.75397541
690308690 -39.813315 59.67823833 -2778.813611 634.1440818 -1 33401 -2771.29146725
59069931 17.90994333 37.01493167 -3413.397709 1145.349329 -1 33401 -3411.23981991
6902886120 -53.5562 55.49872167 -2858.98135 7264.349357 9998 33401 -2840.36548297
6902888120 -44.3753 55.35132 -3399.928947 155.7891299 -1 33401 -3384.55287276
590699416 -41.722565 58.92800333 -2657.720287 1172.68751 -1 33401 -2645.91722515
390246254 -5.663451667 66.99839 -3426.088966 475.080295 9998 33401 -3375.78794044
690304190 -34.66937167 61.53539667 -2936.694552 937.7614898 9998 33401 -2963.25902113
690387091 -30.25387667 49.057455 -3682.666221 2321.205961 9998 33401 -3615.70386443
790103716 -43.80352 57.98562 -3088.916052 883.264977 -1 33401 -3133.54527557
690289556 -52.13102 58.40109 -3488.727405 622.8650041 9998 33401 -3536.22917749
59069932 18.00844 36.97342 -3434.89793 1235.495848 -1 33401 -3441.17952423
699053817 -26.39807167 53.64609167 -3661.664329 4874.515511 9998 33401 -3662.12564339
790103616 -47.91527333 59.34416 -3126.641297 506.8176055 -1 33401 -3140.56783376
6902970121 -31.44032 50.76586 -3721.063793 1489.303538 -1 33401 -3618.15744299
6903071105 -16.15774 35.61427 -3223.24509 941.0847911 -1 33401 -3117.91173094
6903573123 -0.465651667 72.15862 -2245.414796 351.9927606 -1 33401 -2256.89597159
