lat,lon,grnd,gebco,uncertainty,tid_flag
47.332098333333334,-8.415111666666666,2714.2833426808934,2683.0,576.2,9998
47.28796,-8.44442,3399.4631028278777,3153.0,643.0,9998
47.36294,-8.4522,2704.485936314971,2491.0,558.0,9998
47.32104666666667,-8.429085,2788.673715910947,2761.0,570.1,9998
47.32392,-8.28732,2736.800112715994,2577.0,644.5,9998
47.34028,-8.388766666666667,2627.1371626465475,2640.0,578.3,9998
46.43701333333333,-18.664968333333334,3980.6402206857806,4007.0,144.1,9998
46.418218333333336,-18.637075,3870.62463074997,3831.0,232.1,9998
47.33855,-8.4522,2823.8965083052913,2691.0,570.8,9998
46.389131666666664,-18.623478333333335,3771.2756518071537,3784.0,326.7,9998
46.34957,-18.608663333333332,3758.6227141221507,3795.0,455.2,-1
46.46315,-21.73365,3782.941491134626,4211.0,1920.4,9998
46.24975666666667,-18.556433333333334,3785.938744338373,3775.0,669.3,9998
46.172,-18.56606,3812.2700081669836,3803.0,737.4,9998
46.1806,-19.77937,3790.8342461424336,4458.0,990.4,9998
46.13458,-18.631463333333333,3922.337411269851,3925.0,758.4,9998
44.34843,-21.3259,3967.7763441851794,3874.0,648.9,9998
44.44269,-21.52128,3785.5954137547483,3825.0,789.2,9998
44.59508,-21.68906,3783.5933295871046,3858.0,887.2,9998
46.10603,-21.7918,3931.1108013860535,3849.0,1619.2,-1
45.298941666666664,-23.452438333333333,3195.993560100036,3001.0,876.3,-1
45.34636,-23.86916,3359.0729774655974,2989.0,1163.5,9998
52.75759,-35.18626,2905.620375337745,3195.0,1256.1,9998
52.7448,-35.53079,3518.6972181295523,3493.0,1400.4,9998
52.63103,-38.41965,3469.008378735817,3525.0,1330.2,9998
52.8989,-36.72713,3162.5382820705054,3878.0,635.0,9998
52.77164,-35.48567833333333,3484.5658172827375,3472.0,1375.1,9998
52.86352,-36.57002,3475.762089511556,3590.0,771.7,9998
52.94799,-37.44153,3415.275115604586,3541.0,949.7,9998
53.00534,-37.04876,3314.778383029178,3423.0,624.3,9998
50.97954,-19.40841,3974.1225736637202,4029.0,1244.3,9998
50.91191,-19.49686,3907.9708765803625,3789.0,1222.5,9998
50.83658,-19.45894,3751.2365079323313,3729.0,1011.6,9998
50.85437666666667,-19.501255,3761.9443576238154,3733.0,1083.1,9998
50.85357,-19.53147,3739.542283713056,3715.0,1097.0,9998
52.99244,-37.47776,3437.69253307961,3775.0,915.4,9998
50.862293333333334,-19.540878333333332,3750.2537761779367,3722.0,1121.6,9998
50.86235666666666,-19.541055,3741.487432894279,3722.0,1119.2,9998
50.83658,-19.45894,3756.1065269005494,3729.0,1012.9,9998
50.85512,-19.35175,3733.6972975506246,3790.0,936.1,9998
50.77976,-19.31414,3715.2141257739722,3761.0,794.6,9998
50.73867166666667,-19.410115,3819.4408578259263,3828.0,818.8,-1
50.728766666666665,-19.512571666666666,3799.9689298804146,3797.0,876.3,-1
50.75963,-19.60043,3750.2885819499497,3734.0,977.3,-1
50.757956666666665,-19.567843333333332,3726.911300272795,3745.0,949.4,9998
50.74427333333333,-19.570664999999998,3740.5533075852222,3749.0,929.8,-1
50.723465,-19.552605,3772.7023782132815,3772.0,887.1,-1
50.75551,-19.49354,3766.8478014672855,3805.0,904.8,9998
53.26837,-39.00654,3425.9059735670367,3478.0,206.8,-1
53.23181,-39.45283,3398.608710655904,3523.0,45.7,-1
53.13773166666667,-40.008291666666665,3586.8024225760064,3612.0,566.3,-1
52.95861,-40.416941666666666,3650.1960695123917,3681.0,909.3,9998
53.04662666666667,-39.404845,3666.729415663062,3580.0,460.2,-1
52.898628333333335,-41.576431666666664,3611.241040685765,3727.0,893.0,9998
52.65553,-41.98721,3384.150981269267,3275.0,787.1,9998
52.21227,-32.81266,3674.795814533198,3737.0,3065.9,9998
52.249163333333335,-34.8282,3094.3560500590215,3052.0,2298.0,-1
52.60112,-35.75073666666667,2857.7524303807427,3022.0,1249.2,-1
52.630761666666665,-36.351283333333335,3263.1661482677086,3099.0,964.0,9998
52.60095,-36.65721,3204.6060313615494,3138.0,859.7,9998
50.21766,-45.67404,3451.229927148817,3510.0,2047.5,9998
52.844013333333336,-36.014966666666666,3488.4434116241855,3513.0,1020.2,9998
48.92644833333333,-43.67776833333333,3275.974395891913,3274.0,982.8,9998
48.4926,-20.54155,3973.075547284215,4114.0,708.0,-1
52.86086,-35.93129,3143.995793230963,3281.0,912.1,9998
48.55793,-43.31306,3326.8476699121784,3422.0,2870.9,-1
52.45336,-33.93513,3455.4112767455313,2811.0,2541.2,9998
48.51447,-43.2759,3434.2055765680784,3391.0,3640.4,-1
52.80603166666667,-36.418735,3600.5514823271237,3729.0,904.2,9998
52.78547,-36.32401,3613.2262626575507,3752.0,978.1,9998
52.82232,-35.97936,3554.7399476817745,3539.0,1093.2,9998
53.03988,-37.142336666666665,3443.529201028791,3384.0,653.2,9998
53.2528,-36.70198,3077.475072204105,3020.0,332.4,-1
53.28550666666667,-36.538675,2881.044027364054,2679.0,274.6,-1
53.223455,-36.66473,3055.01574399126,3052.0,345.9,-1
53.24139,-36.83393,2979.777478801689,3088.0,379.8,-1
53.24975166666667,-36.719475,3073.5687172847915,3037.0,338.6,-1
53.40808666666667,-36.75001833333334,2769.5315280414134,2774.0,235.6,-1
59.37622,-36.16195666666667,3093.4448923414234,3100.0,403.6,9998
59.850593333333336,-35.84400333333333,3070.873732236981,3088.0,1205.1,9998
59.17684,-35.80614,2927.475006023027,3027.0,142.6,9998
59.97494,-35.47936,3061.080385050181,3064.0,1031.0,9998
58.901555,-35.803446666666666,2528.5652409912313,2612.0,386.2,9998
60.324756666666666,-35.68850166666667,3034.6341201527343,3063.0,1048.5,9998
58.93269166666666,-35.321785,2753.5612283411024,2843.0,606.0,9998
60.25291,-35.55448,2799.2132631141885,2765.0,1019.5,9998
59.06418166666667,-35.800313333333335,2611.7111730997526,2766.0,263.3,9998
60.20431,-35.320566666666664,3054.1902712544606,3053.0,986.2,9998
58.759188333333334,-36.489333333333335,2924.643756332472,3181.0,539.3,9998
60.442525,-35.387165,3041.4403072582745,3036.0,1120.1,9998
58.37268,-36.309,2933.5298144423004,3011.0,449.5,9998
60.520983333333334,-35.40737,3034.586906898586,3035.0,1156.6,9998
60.231006666666666,-35.934128333333334,3037.585911542822,3037.0,1032.7,9998
58.92361,-35.17418,3005.6797809131435,2759.0,769.8,9998
59.96545,-34.76312,3059.130104782989,3053.0,1045.9,9998
60.03256,-35.72126,3057.1610737222195,3055.0,1120.8,9998
59.726758333333336,-36.229548333333334,3075.785584820493,3088.0,1003.8,9998
59.91430166666667,-34.97112333333333,2932.1852535719154,3058.0,916.5,9998
60.071738333333336,-36.70981666666667,3056.1751952912427,3063.0,1000.1,9998
59.95965833333333,-37.812486666666665,3058.1552133459336,3064.0,1437.9,9998
59.124183333333335,-35.277033333333335,3041.7623586552804,2977.0,552.8,9998
60.177745,-38.006585,3038.5751813824522,3023.0,1585.3,9998
59.429568333333336,-36.28991833333333,3092.4553402702372,3096.0,522.2,9998
60.432523333333336,-35.988263333333336,3020.9384211592833,3013.0,692.5,9998
60.98597,-36.50025,2904.5842315294603,2931.0,739.1,9998
51.26468,-39.39433,3800.758848807228,3632.0,816.3,-1
61.0724,-37.27025,2874.278157426554,2883.0,549.0,9998
59.267606666666666,-34.55390166666667,2701.6599616483827,2769.0,254.5,9998
61.26955,-36.6909,2852.738118923887,2818.0,545.6,-1
59.20874,-34.48687,2723.187248294465,2675.0,344.5,9998
61.80861,-35.83765,2840.8937126338415,2832.0,1233.6,9998
51.70958,-40.45057,3870.7035365662755,3064.0,2414.1,9998
59.19239,-33.02974,2222.915062868378,2087.0,614.8,9998
61.22581,-40.19696,2830.272580414596,1981.0,3204.5,9998
52.22658166666667,-41.01710666666666,2859.803662847106,2964.0,1352.4,-1
58.94692,-34.67318,2784.844143414819,2578.0,620.1,-1
61.879165,-36.174843333333335,2753.895591613088,2770.0,408.6,9998
52.23105,-41.02062,3069.93964942806,2970.0,1454.9,-1
58.6471,-35.31417833333333,3040.9044374476944,3100.0,1001.7,9998
61.994598333333336,-34.611866666666664,2885.7964590992788,2896.0,991.7,9998
52.292215,-40.52282833333334,3150.9909986210087,3212.0,2252.5,-1
58.61507833333334,-36.58143166666667,3046.7713322144946,3027.0,504.6,9998
61.18371,-34.05143666666667,2986.5838649401435,2987.0,505.2,9998
52.27197666666667,-40.111983333333335,3139.2778408115046,3131.0,2275.0,9998
61.30571,-33.99127,2983.6258795864,2982.0,595.1,9998
52.145575,-39.89658166666667,3178.374166390358,3138.0,2342.2,9998
61.182535,-34.3586,2977.7951315140153,2978.0,232.0,9998
51.86190333333333,-39.756925,2979.1664593986425,2981.0,2311.3,9998
61.41493,-35.31121,2941.6056273291074,2938.0,1384.8,9998
51.64207,-39.84258,3156.0574794630343,3101.0,2079.5,9998
61.63375333333333,-35.795806666666664,2843.863445539343,2815.0,1241.6,9998
59.21501,-38.905818333333336,3033.928207711594,3062.0,1215.7,9998
60.86186166666667,-35.83528333333334,2957.360305801844,2970.0,829.8,9998
60.857345,-36.59990333333333,2952.4778356762185,2942.0,638.0,9998
61.77374833333333,-35.54055833333334,2874.121751159254,2883.0,1909.4,9998
61.90317,-34.11244,2935.634607361925,2938.0,364.6,9998
62.53093,-33.99196,2874.9326648198225,2857.0,1177.4,9998
58.15399,-37.91671,2868.1129119312136,2756.0,708.1,9998
62.41714,-33.36794,2912.0781316286016,2920.0,862.3,9998
57.97609333333333,-37.728026666666665,2997.1237761641555,3094.0,484.2,9998
62.753455,-33.93001833333334,2857.299174516116,2841.0,1789.4,9998
63.02555,-35.39988,2633.3973187721454,2619.0,773.0,9998
63.87727833333334,-33.452373333333334,2590.1985747075573,2534.0,643.9,9998
63.18895833333333,-36.741258333333334,2315.2881669741955,2331.0,1858.0,9998
58.057945,-37.97588666666667,2834.904387604535,2846.0,618.5,9998
62.201418333333336,-36.54871833333333,2572.913478528244,2583.0,644.2,-1
61.754403333333336,-36.75371333333333,2697.2173032907604,2679.0,83.0,9998
56.79508,-33.58111,1747.3577659752575,1514.0,1237.4,9998
56.80347,-33.6719,1806.3007877305456,1539.0,1267.5,9998
61.503166666666665,-38.49858,2465.4031996118665,2466.0,588.4,9998
52.732925,-35.245383333333336,3351.9349101755865,3474.0,1474.0,9998
52.738218333333336,-35.234255,3330.468880267295,3334.0,1459.1,9998
56.888415,-33.774406666666664,1860.3052841462402,1815.0,1166.4,9998
61.19580833333333,-40.06321333333333,2123.557726063908,2174.0,2047.6,9998
52.683405,-35.884245,3768.1436192726546,3751.0,1435.5,9998
52.6671,-36.00745666666667,3721.4028351882266,3734.0,1367.1,9998
51.446796666666664,-35.089983333333336,3423.536865605033,3451.0,2138.4,9998
56.919871666666666,-33.62995333333333,2374.252849429426,2459.0,1276.5,9998
60.55108333333333,-40.529228333333336,2403.904966915517,2418.0,2270.5,9998
52.767846666666664,-36.03141333333333,3738.900320139801,3528.0,1200.9,9998
52.78604166666667,-36.055276666666664,3469.935612678694,3386.0,1080.5,9998
51.721648333333334,-35.00627166666666,3855.124211528328,3752.0,2970.2,9998
58.03038,-37.94034,2570.833210468251,2730.0,541.8,9998
56.99189666666667,-33.72233333333333,2185.08398583721,2524.0,753.0,9998
59.61094,-41.297223333333335,2151.2790090849894,2208.0,2922.2,9998
52.83014,-36.21595833333333,3438.717302346248,3461.0,914.4,9998
52.78262333333333,-35.992405,3542.0809365337377,3531.0,1135.8,9998
52.198166666666665,-35.17812333333333,3355.9973721430238,3523.0,2518.5,9998
58.91044,-42.17997,2393.4489776605997,2463.0,2204.6,9998
28.089768333333332,-18.365245,3807.5593982491114,3834.0,562.0,9998
52.89595666666666,-36.02521333333333,3297.2461845368507,2657.0,853.5,9998
52.667296666666665,-35.152385,3616.1876090246815,3622.0,1705.8,9998
52.18059,-35.81657,3302.3358687855175,3314.0,2500.9,9998
58.09914,-38.681885,3091.815924543542,3084.0,775.2,9998
56.999985,-33.64156,2483.9287419327297,2423.0,728.7,9998
58.32267,-44.51691,2324.992412820093,2067.0,2451.9,9998
28.157306666666667,-18.361528333333332,3867.0524512616153,3887.0,431.9,9998
53.05455333333333,-35.923566666666666,2780.3780103345207,2612.0,437.8,-1
52.651395,-35.016755,3477.777793927798,3436.0,1706.3,9998
51.836725,-35.55345833333333,3378.5452694557725,3406.0,2343.9,-1
56.8978,-34.01799,2453.594340669762,2792.0,1716.2,9998
58.96545,-45.44262,2424.776526568287,2442.0,696.7,9998
53.15267,-35.91306,2836.1001144510487,2512.0,334.1,9998
52.750965,-34.98737333333333,3168.438496795872,3119.0,1386.0,9998
51.64879,-35.47046,3678.878449115387,3680.0,2582.2,9998
59.476321666666664,-38.579725,3024.099178877869,3032.0,1294.2,9998
60.44156,-49.601815,2908.6166574867643,2936.0,8778.4,9998
28.307535,-18.273043333333334,3787.0042972342826,3799.0,970.6,9998
51.66538166666667,-34.776176666666665,3528.786188321357,3536.0,2755.4,-1
59.81328,-37.66859,3077.7166841636167,3083.0,1031.2,9998
56.76326666666667,-34.159085,2353.7104084902116,2546.0,1259.7,9998
60.62537,-50.25341,2965.2289320771088,2952.0,3519.4,9998
28.09944,-18.22885,3635.7574749294695,3635.0,615.4,9998
51.8147,-34.06023,3778.1744398003802,3565.0,2794.8,9998
59.88717,-37.739448333333335,3071.840983972088,3084.0,1241.2,9998
61.66762,-52.17803,2964.9876802886015,2970.0,6278.6,9998
27.940873333333332,-18.326013333333332,3615.293655046771,3653.0,1199.9,9998
52.820495,-35.03140333333333,3118.6158722659125,3054.0,1216.3,9998
52.013083333333334,-33.53794333333333,3685.577746471558,3630.0,3081.9,9998
60.11566,-35.38708,3088.380273090637,3056.0,1027.8,9998
56.73318,-34.07083,1941.8220726681072,1027.0,947.3,9998
61.919913333333334,-54.765148333333336,2735.313170205863,2745.0,1858.0,9998
27.987048333333334,-18.446386666666665,3856.3720739317205,3868.0,766.6,9998
52.63519333333333,-34.87333,3310.984282527986,3271.0,1691.0,9998
52.36271,-33.523983333333334,3430.083001124574,3499.0,2781.3,-1
56.81574666666667,-34.525125,2128.238661722492,2072.0,1278.0,9998
61.511073333333336,-53.880963333333334,2938.6535435859987,2932.0,2092.4,9998
27.855561666666667,-18.374566666666666,3639.7312706584985,3626.0,1537.7,9998
52.50867,-34.71331,2680.714974089935,2962.0,1557.6,9998
52.103948333333335,-33.59585,3735.2259101585923,3652.0,3224.1,-1
60.67342333333333,-55.274885,2951.5438503649466,2978.0,491.0,9998
27.646796666666667,-18.341653333333333,3530.391072744254,3571.0,2567.1,9998
52.40266333333334,-34.72539833333333,3340.3255790002577,3568.0,2159.7,-1
52.25389833333333,-33.750095,3860.78096212777,3884.0,3259.1,9998
60.56132,-56.79565,2964.267254219335,2989.0,839.3,9998
27.47473,-18.223106666666666,3368.191839824378,3403.0,2583.7,9998
52.496561666666665,-36.04837166666667,3142.144625175092,3070.0,1244.6,-1
52.47807,-33.130765,3100.1534180141894,3405.0,2499.3,-1
60.127381666666665,-57.736176666666665,2812.9252841436783,2832.0,1744.7,9998
27.26812,-17.9494,3746.3117602639827,3736.0,1275.8,9998
52.52206,-36.71661,3655.209310440191,3697.0,1062.1,9998
52.83612,-33.97012,3007.246190818429,2231.0,1073.7,9998
26.91495,-17.64489,3711.267865457699,3724.0,1512.9,9998
52.51621,-36.63411,3296.381736469428,3258.0,953.3,9998
52.79939,-32.57128,2671.837896554787,2765.0,1103.2,9998
59.12729,-37.17588833333333,2997.816842563185,3057.0,643.9,9998
26.558151666666667,-17.49658,3656.68688192573,3656.0,1156.9,9998
52.428095,-36.75537833333333,3813.9931497373555,3795.0,1365.1,9998
52.865521666666666,-32.54583,3278.713337196581,2641.0,1013.1,9998
59.72099,-36.11624,3072.8582367926424,3094.0,1023.1,9998
26.230868333333333,-17.20681666666667,3585.4746996861245,3576.0,312.8,9998
52.64578,-36.98816,3329.5205655238487,3301.0,938.5,9998
52.96779333333333,-32.035603333333334,3127.364547980568,3213.0,1000.2,-1
60.17631,-35.99027,3040.5282844834833,3043.0,1012.3,9998
26.177783333333334,-16.83663333333333,3566.9272197965292,3532.0,650.0,9998
52.23651666666667,-37.40868666666667,3714.727516515009,3688.0,2597.1,9998
53.057028333333335,-32.539653333333334,2792.114750090373,2741.0,618.3,-1
59.991575,-36.07636333333333,3055.218456275211,3082.0,1180.3,9998
26.367613333333335,-16.641241666666666,3610.8357106337426,3583.0,734.4,9998
52.418931666666666,-37.32386666666667,3797.444479500183,3806.0,1949.8,-1
53.12524666666667,-32.42111333333333,2812.6365738287727,2745.0,677.9,9998
59.67870333333333,-36.428021666666666,3085.5598076932524,3072.0,812.6,9998
26.71506,-16.835323333333335,3629.3002285991215,3689.0,1602.1,9998
52.166895,-37.427373333333335,3601.7312420602443,3480.0,2646.3,9998
53.09036,-32.53073,2820.4690554668277,2800.0,636.2,-1
59.60238,-35.68487833333333,2757.3224338055475,2728.0,587.1,9998
27.073063333333334,-17.076433333333334,3660.4530950788694,3654.0,1398.0,9998
52.48556333333333,-38.48256833333333,3697.111718079988,3691.0,1581.5,-1
53.03282166666666,-32.23439333333334,2954.4227258343376,2839.0,828.1,9998
59.74081666666667,-35.08806666666667,3093.353903639899,3049.0,836.7,9998
27.186996666666666,-17.149686666666668,3653.586505158941,3634.0,1019.4,9998
52.21252,-38.536366666666666,3674.7957324090144,3599.0,2427.2,9998
53.11409833333333,-32.36573,2796.0129111600354,2804.0,696.0,9998
59.82857333333333,-34.581111666666665,2871.6299945159494,3030.0,639.1,9998
27.011815,-17.297215,3682.9277803522436,3676.0,1495.0,9998
51.890298333333334,-39.031978333333335,3590.1251934234347,3517.0,3368.3,-1
52.81809,-32.317748333333334,3382.1511140010934,3209.0,1456.1,9998
60.06449666666666,-34.19637,2645.7387336771767,2983.0,652.5,9998
26.853475,-17.84515,3706.4034232991507,3709.0,1404.3,9998
52.17479,-38.82427,3323.805877682009,3408.0,2564.9,9998
52.832895,-32.698953333333336,2900.712890407586,2967.0,1001.2,9998
60.69755166666667,-34.33629333333333,2935.909969365984,3005.0,522.0,9998
26.86429,-18.43495,3782.5380678427905,3762.0,1029.1,9998
51.98181833333334,-38.884393333333335,3271.163716123767,3309.0,3020.0,-1
52.820103333333336,-32.51994333333333,3355.81129792285,2924.0,1259.0,9998
61.07305,-34.61544,2988.5627581305284,2992.0,384.8,9998
26.811551666666666,-18.899975,3755.2243223405976,3743.0,699.2,9998
52.13983666666667,-38.662745,3302.3479053522956,3362.0,2527.7,9998
52.71108,-32.93449,3392.9132917241377,3243.0,1697.6,9998
52.40618833333333,-38.85810333333333,3772.131880665062,3633.0,1795.5,-1
52.804536666666664,-33.001505,3035.589885569378,3127.0,1151.3,9998
52.82137,-32.38924,3394.830843218319,3123.0,1360.5,9998
52.695025,-39.061695,3764.244587479456,3813.0,1429.6,9998
52.77283,-32.14369,3495.2903883377257,3533.0,2177.1,9998
52.777095,-39.56774,3878.1207382740877,3887.0,1536.2,9998
52.60778333333333,-32.29620166666667,3785.6963870433037,3637.0,3449.9,9998
52.49779,-39.89219833333333,3325.6615155413083,3378.0,1868.9,9998
52.435228333333335,-39.90123166666667,3449.565725681883,3554.0,2033.5,9998
59.4263,-36.17811833333333,3095.3847401096464,3093.0,450.7,9998
59.47513,-36.17792,3092.4439499982795,3092.0,493.9,9998
52.44878666666666,-40.088791666666665,3415.426844496,3381.0,2202.7,9998
52.49065,-34.09873,3235.8764726517243,2752.0,2218.2,9998
56.756031666666665,-34.22384666666667,3109.7386991268727,2912.0,1575.9,9998
56.76414,-34.25143333333333,3109.736564432083,2500.0,1636.9,9998
29.11745,-17.247948333333333,3878.4692493124426,3888.0,969.1,9998
60.06626333333333,-36.129686666666665,3057.1528415178004,3035.0,1005.1,9998
60.070096666666664,-36.113745,3060.0808081151363,3051.0,1007.2,9998
29.002313333333333,-17.222473333333333,3823.8765822501928,3818.0,1043.5,9998
52.46760833333333,-39.84410333333334,3506.110110528993,3734.0,1938.1,9998
52.81951333333333,-31.371651666666665,3175.2540100297783,3122.0,2197.5,9998
56.64340166666667,-34.386045,2469.3155773923927,2426.0,562.2,9998
28.942793333333334,-17.198481666666666,3776.0839674756753,3832.0,1009.2,9998
56.847633333333334,-35.13075,2756.972332375739,2813.0,637.5,9998
28.91257166666667,-17.188613333333333,3754.623585922481,3759.0,991.5,9998
28.82867,-17.19015,3695.1084116142324,3638.0,981.9,9998
60.25631,-35.29401,3048.3197140901348,3047.0,947.4,9998
60.339756666666666,-35.19175666666667,3044.3941554670027,3053.0,955.9,9998
52.535875,-39.94871333333333,3236.8395671589633,3234.0,1868.6,9998
28.779721666666667,-17.219893333333335,3581.854836683904,3576.0,1002.9,9998
53.06422,-30.84089,3121.4782290374787,3106.0,1096.5,-1
56.71442833333333,-34.363385,2563.286603230827,2573.0,960.0,9998
56.838991666666665,-35.50606833333333,2844.969261241772,2851.0,606.6,9998
28.723561666666665,-17.239255,3490.0416726138697,3478.0,980.9,9998
28.66373,-17.20506,3406.010444221699,3306.0,781.5,9998
59.88036,-35.96959,3020.0949183774615,3081.0,1231.4,9998
60.862928333333336,-35.50689833333333,2990.565070560182,2981.0,919.6,9998
28.652741666666667,-17.208736666666667,3319.9780470909786,3296.0,749.1,9998
52.58900833333333,-30.618288333333332,3526.544945943461,3450.0,3474.1,-1
56.87309333333333,-34.951541666666664,2292.935660085321,2171.0,889.6,9998
56.73556166666667,-35.19501833333333,2401.718706765434,2599.0,701.7,9998
28.646065,-17.18500166666667,3222.171457946274,3241.0,668.3,9998
28.611703333333335,-17.201216666666667,3171.3023609129586,3100.0,629.0,9998
59.67097,-34.787745,2516.6624719064753,2533.0,587.1,9998
60.707163333333334,-36.64393833333333,2974.9762750066184,2962.0,441.8,9998
28.572031666666668,-17.174246666666665,3007.8360065569314,2876.0,522.9,9998
52.47864666666667,-39.90038166666667,3388.1062407409268,3460.0,1940.8,9998
52.52048166666667,-30.015778333333333,3649.3640243368545,3717.0,3608.8,-1
56.63846,-35.31462,2349.8162029451896,2361.0,718.8,9998
56.72811333333333,-35.22483833333333,2584.8162730397685,2588.0,746.2,9998
28.586201666666668,-17.1171,2953.9665573808306,2859.0,570.7,9998
28.59530833333333,-17.077656666666666,2944.169206503729,3007.0,658.6,9998
59.513405,-34.57134833333333,2459.9172347473473,2465.0,107.2,9998
28.58257,-17.06363,2984.3299513732027,2915.0,741.2,9998
60.690690000000004,-36.44929,2971.073595745695,2965.0,396.6,9998
52.38410666666667,-39.798006666666666,3779.9294578024733,3789.0,2165.7,9998
28.61934,-17.02452,2920.6533313108653,2902.0,777.2,9998
52.71616,-29.00283,3479.7078445785146,3424.0,2319.6,9998
56.66545333333333,-35.498195,2242.0077693940784,2119.0,587.5,9998
56.80292,-35.17982,2672.86507828289,2715.0,658.5,9998
28.65174,-16.997238333333332,3128.233079485597,3087.0,827.2,9998
28.682248333333334,-16.925098333333334,3216.2925437808576,3214.0,954.6,9998
59.311011666666666,-34.5819,2900.0868213854806,2974.0,221.5,9998
60.61686666666667,-36.64054333333333,2986.716742748434,2984.0,335.2,9998
52.006463333333336,-39.55970833333333,3515.029349522394,3564.0,2751.9,9998
28.69261,-16.809335,3083.197562299758,3045.0,1101.0,9998
52.67321166666667,-28.622096666666668,3579.153665878258,3598.0,2039.2,9998
56.804498333333335,-35.94321166666667,2668.9514758602218,2528.0,460.6,9998
56.85548166666667,-35.62170833333333,2869.4019623271433,2868.0,574.2,9998
28.709205,-16.73102,2848.127123206006,2853.0,1072.0,9998
28.6983,-16.732696666666666,2786.3824967329583,2816.0,1068.1,9998
59.05016,-35.1372,2480.5694308448997,2497.0,548.4,9998
60.72166333333333,-37.161096666666666,2952.5093536238733,2938.0,734.2,9998
28.702371666666668,-16.71325,2763.8346823278025,2734.0,1073.6,9998
52.03896666666667,-38.912396666666666,3669.9815182474317,2818.0,3323.2,9998
56.89994166666666,-35.81741666666667,2092.912661036392,2331.0,345.5,9998
52.99431833333333,-28.808116666666667,3328.4417243413795,3318.0,2826.3,-1
56.700268333333334,-35.86821333333333,2371.3579401280795,2453.0,487.1,9998
28.67577,-16.693951666666667,2699.1273616008084,2648.0,1113.9,9998
28.67676,-16.688163333333332,2642.2421918107752,2618.0,1094.3,9998
28.652351666666668,-16.664876666666668,2600.0641396181454,2609.0,1116.2,9998
60.15524,-35.48873666666667,3006.3575842464925,2989.0,1058.2,9998
58.68013166666667,-36.23329833333333,3136.5713924804695,3164.0,415.3,9998
52.14373666666667,-38.54750833333333,3497.4365583240838,3512.0,2530.8,9998
28.64754,-16.661283333333333,2555.9112284157804,2565.0,1102.2,9998
53.135508333333334,-29.104346666666668,3378.154037012865,3379.0,2859.3,-1
56.94225333333333,-36.13148666666667,2461.419271323907,2378.0,295.0,9998
56.56213666666667,-35.781565,2432.118046592202,2314.0,558.5,9998
44.96342666666666,-18.376155,3726.9420099305003,4323.0,532.2,9998
60.12130166666667,-35.93771,3052.257838533388,3051.0,1098.3,9998
58.352615,-36.600361666666664,3194.2376129822214,3078.0,310.5,9998
52.27684166666667,-38.174145,3599.74674818853,3721.0,1813.6,9998
56.959451666666666,-36.188345,2351.7118849748585,2372.0,288.7,9998
53.01898,-28.13915,3378.188940004955,3477.0,1901.3,-1
56.59159,-35.95571666666667,2429.1737064678255,2463.0,522.6,9998
58.14755,-35.78256,2422.9809049287505,2587.0,682.4,9998
60.21601833333333,-35.356165,3041.495035144385,2934.0,994.4,9998
52.3513,-37.32210833333333,3852.9600431214444,3877.0,2238.5,-1
53.07734833333333,-27.910185,3490.3210993947005,3508.0,1863.8,-1
56.494463333333336,-35.745755,2310.6495232099396,2291.0,588.0,9998
57.13547166666667,-36.56165,2800.906203688758,2799.0,471.2,9998
59.78354,-35.42996,2917.5621633687515,2780.0,899.4,9998
52.691655,-36.733223333333335,3395.8454317197584,3358.0,862.7,9998
53.11785166666667,-27.806558333333335,3541.0007902657367,3522.0,2025.2,-1
56.75378166666667,-35.55661333333333,2456.5621127798786,2466.0,562.8,9998
57.17460333333333,-36.75492333333333,2775.4754583080044,2773.0,502.3,-1
58.57433833333333,-35.63300666666667,2444.4389270952975,2811.0,639.2,9998
59.6175,-35.47998,2806.1981020854128,2611.0,586.0,9998
52.74915166666667,-37.479435,3834.3280915038204,3868.0,1464.4,9998
53.074261666666665,-27.535833333333333,3647.235816855035,3680.0,3010.3,-1
57.569425,-36.610553333333336,2608.1193126092053,2608.0,559.8,-1
56.82082,-35.69006,2802.9360071500396,2840.0,547.4,9998
59.456155,-34.60415833333333,2373.754866477611,2496.0,76.0,-1
58.66180333333333,-36.067978333333336,3041.8772597151205,3063.0,448.5,9998
52.791755,-37.218898333333335,3795.371095208184,3750.0,1101.1,9998
53.70686166666667,-27.867063333333334,3497.926082051843,3470.0,2321.7,-1
56.88933,-35.76668,2231.1821999811596,2817.0,389.5,9998
56.96802,-36.92255,2573.0192689072733,2812.0,390.9,9998
59.102795,-34.709968333333336,2481.5377831373635,2322.0,239.8,9998
58.996725,-36.476726666666664,3089.635320729661,3048.0,440.1,9998
52.93713833333333,-37.111286666666665,3865.4126953297887,3846.0,862.2,9998
53.830065,-28.268573333333332,3290.1435071972796,3261.0,1076.4,-1
57.235371666666666,-37.73947666666667,2946.5094255680583,2944.0,454.9,9998
56.83649333333334,-35.899485,2886.9992963092614,2814.0,476.8,9998
50.05390833333333,-48.52166166666667,2239.3924778997734,2241.0,3062.2,9998
59.15549,-34.850135,2375.771655661191,2379.0,338.0,9998
59.308103333333335,-36.23,3101.2714682891606,3081.0,425.8,9998
52.88717,-37.1553,3802.154280238355,3859.0,948.1,9998
54.00257666666667,-28.243308333333335,3247.155395331709,3109.0,819.4,-1
57.099575,-36.487548333333336,2869.3428620725986,2877.0,469.7,9998
57.062995,-38.31106166666667,3274.593440071379,3227.0,850.3,-1
0.36383166666666666,-13.301451666666667,3839.368871089888,3907.0,823.5,-1
59.07849,-34.721286666666664,2308.192852172725,2276.0,250.2,9998
59.333375,-35.84072166666667,3101.26511648195,3103.0,171.1,9998
52.98709,-37.39422,3545.915548709742,3756.0,887.9,9998
49.09236,-48.06165,2315.108545654573,2333.0,2304.9,-1
42.988485,-17.935458333333333,3514.02941057728,3555.0,772.1,9998
53.54458666666667,-28.345428333333334,3285.3471406087992,3353.0,1639.5,-1
57.013956666666665,-36.789006666666666,2403.621218848184,2554.0,397.3,9998
57.149476666666665,-38.585143333333335,3272.618435371219,3183.0,687.2,-1
59.21684333333334,-34.672491666666666,2529.4790647902732,2545.0,168.7,9998
59.466233333333335,-35.883093333333335,3098.3032799259277,3095.0,375.1,9998
53.059335,-37.26226666666667,3691.0786693645655,3615.0,745.6,9998
53.20207833333333,-28.947783333333334,3346.917430688462,3393.0,2892.5,-1
57.015858333333334,-37.416945,2266.446062688065,2716.0,241.5,9998
56.932305,-38.75489666666667,3271.702742796983,3260.0,592.3,-1
59.40121666666667,-35.804858333333335,3103.2003982890596,3099.0,241.9,9998
59.29230166666667,-35.441743333333335,3111.0369431064723,3092.0,352.9,9998
53.06488,-37.63411,3680.361699950634,3553.0,966.1,-1
43.04468,-17.87568,3581.328989895922,3539.0,806.8,9998
53.207903333333334,-29.090938333333334,3362.5245934343893,3309.0,2572.8,-1
57.03932833333333,-38.20934333333334,3222.8879499650766,3148.0,704.5,-1
56.94257666666667,-38.902705,3275.6022883565997,3262.0,477.7,-1
59.330081666666665,-36.20128166666667,3094.432654169072,3070.0,414.7,9998
59.323755,-35.77990833333333,3106.1483269496225,3046.0,164.1,9998
53.37038,-38.5659,3326.3795373155913,3016.0,272.9,-1
53.47708,-28.80287,3282.439176905132,3443.0,1702.3,-1
57.05369,-36.61918,3274.596007849216,2644.0,535.3,9998
57.273086666666664,-38.215975,3274.5355639761005,3292.0,791.7,9998
59.157016666666664,-35.17276,2965.5778913080276,2961.0,637.3,9998
59.39521333333333,-35.68219333333333,3106.130351608504,3103.0,226.4,9998
53.33884,-38.74423,3072.5676926562132,3039.0,228.4,-1
53.468,-28.58642,3197.5260614946874,3345.0,1791.0,-1
57.280516666666664,-37.695908333333335,2882.0047240589683,2892.0,393.6,9998
57.11942,-38.76212666666667,3019.8040649402233,3080.0,499.0,-1
59.25624666666667,-34.69766666666666,2638.0849912966733,2599.0,130.3,9998
59.991946666666664,-35.46843666666667,3064.005088643111,3076.0,1024.5,9998
53.474065,-38.988096666666664,3379.0282955455004,3249.0,242.6,-1
53.68182,-28.89573,3257.0067056105186,3304.0,447.7,-1
57.669378333333334,-37.02081,2784.160125149872,2623.0,345.7,9998
56.87074,-38.95699,3271.7197583141838,3206.0,510.7,-1
59.40231333333333,-34.44091,2349.2776159012105,2490.0,276.6,9998
59.98738,-36.165033333333334,3061.077338440275,3060.0,1156.6,9998
53.541925,-38.935046666666665,2876.0904775995223,3077.0,331.1,-1
53.60985,-29.497511666666668,3271.666199274348,3239.0,599.4,-1
57.626565,-37.197105,2669.7452841683025,2712.0,203.4,9998
56.698305,-38.99746,3268.8406087650046,3269.0,419.8,9998
59.4969,-34.39569,2450.1298134133312,2625.0,249.5,9998
59.64937,-36.58591,2882.420003613532,2927.0,603.5,9998
53.569075,-39.135755,3034.407393859081,3240.0,295.8,-1
53.73108166666667,-30.00313,3318.4684493999243,3279.0,1031.6,-1
56.57066,-38.77167,2940.812273828231,3036.0,539.9,-1
57.7814,-37.21983,3013.7766081731475,2900.0,430.8,9998
59.38874,-34.9401,3069.035410867141,3119.0,507.3,9998
59.639181666666666,-38.13718166666666,3069.9496361942734,3076.0,1520.9,9998
53.75682666666667,-38.971601666666665,3196.4684220789322,3151.0,473.5,-1
53.40221833333333,-29.624723333333332,3193.6396563523954,3213.0,370.9,-1
57.701123333333335,-37.35503666666666,2625.7032929464476,2728.0,212.6,9998
56.23711,-38.36749,2828.4953390643213,2923.0,376.9,9998
59.17631,-34.09765,2577.441172704156,2499.0,614.7,9998
59.87227,-38.0128,3106.0109852487244,3087.0,1667.2,9998
53.56691166666667,-38.62735,3300.9534341321623,3037.0,561.5,-1
53.63756333333333,-29.092423333333333,3315.5687352606633,3298.0,512.4,-1
56.0313,-38.03825,3173.3874967274405,2822.0,272.3,-1
57.85642,-37.1125,3116.285134935741,3177.0,627.4,9998
59.17302333333333,-33.93857666666667,2613.6448067986807,2558.0,957.3,9998
59.583745,-37.284905,3162.691086306033,3135.0,532.7,9998
53.5958,-38.4899,3037.3310716863216,3055.0,598.6,-1
53.539381666666664,-28.352965,3172.1225620948208,3348.0,1593.0,-1
57.66581166666667,-36.73072833333333,2666.8017814391897,2562.0,479.4,9998
56.28961,-39.00295,3494.2186924220064,3455.0,709.4,9998
59.544781666666665,-36.577288333333335,3103.1643973130126,3081.0,557.1,9998
53.634573333333336,-38.789995,3146.709847020213,3075.0,522.6,-1
52.850345,-28.49802,3272.8621318625774,3407.0,1581.8,-1
56.31492,-39.54883,2876.3757161835547,3268.0,125.6,-1
57.477825,-37.33459,3052.917963454717,3090.0,101.9,9998
59.91589,-33.07486,2409.9020503644465,2409.0,1038.0,9998
59.13808,-36.81396,2994.884249348444,3126.0,750.1,9998
53.679608333333334,-38.97862833333333,2983.5708734864684,3104.0,446.4,-1
53.0013,-29.68573,3380.1451695211094,3316.0,1853.6,9998
56.54465166666667,-39.403125,3015.0669869113353,3017.0,58.4,9998
57.542611666666666,-37.44369,3172.9817085677446,3233.0,191.3,9998
60.0438,-32.6144,2371.6839426992296,2498.0,819.8,9998
59.03644,-36.27356666666667,3083.7677726932284,3035.0,324.8,9998
53.5008,-38.868455,2849.702252309662,2989.0,313.5,-1
53.17552166666667,-30.606663333333334,3030.604981898262,3086.0,856.1,-1
57.891146666666664,-37.53348166666667,3174.8414170210344,3241.0,134.4,9998
56.26179166666667,-39.30928333333333,3591.6728757358815,3477.0,561.4,-1
59.003945,-35.73099333333333,2476.6627644401033,2544.0,310.1,9998
60.60126666666667,-32.53304166666667,2493.9643939669795,2558.0,579.9,9998
53.48641166666667,-38.77003333333333,2871.2161649759914,2914.0,348.1,-1
53.266015,-30.439071666666667,2962.1802450625505,3066.0,748.8,-1
58.34184666666667,-38.06229166666667,3198.143751176762,3212.0,1044.6,9998
56.12874,-39.57477,3449.426577176971,3505.0,393.8,9998
60.8376,-32.7308,2429.3082853442515,2264.0,395.5,9998
58.90981,-35.57804,2797.561313363353,2665.0,506.6,-1
53.55811666666666,-38.74665,2834.0427489827557,2992.0,437.1,-1
53.10504,-30.815561666666667,3044.3016207695932,3080.0,992.5,-1
58.11369,-38.32393666666667,2862.2585244694924,2994.0,682.7,9998
55.98896166666667,-39.949205,3462.1410926924855,3482.0,132.1,9998
60.891153333333335,-32.808625,2268.669368427969,2548.0,374.6,9998
59.095275,-34.92843166666667,2445.3139312047033,2360.0,476.1,9998
53.623016666666665,-38.762766666666664,3007.0367052663105,3071.0,504.7,-1
53.106073333333335,-30.843101666666666,3067.7468501123008,3078.0,1003.2,-1
55.894515,-39.943041666666666,2946.8448807766613,2911.0,15.0,9998
58.29815333333333,-39.04868333333334,3306.444526339512,3308.0,964.7,9998
60.84699,-32.83253,2407.765641094381,2670.0,405.8,9998
58.97669166666667,-34.330133333333336,2496.2476475005633,2532.0,779.1,9998
53.66086,-38.72479333333333,3155.4903596552654,3145.0,561.2,-1
53.30198,-30.69611666666667,3050.1100405471475,3072.0,653.0,-1
55.86343166666666,-40.301388333333335,3079.7042558276876,3062.0,564.3,9998
58.345965,-39.223596666666666,3209.852144683189,3179.0,638.6,9998
61.067658333333334,-32.16491166666667,2338.192255027322,2552.0,513.2,9998
59.11080333333334,-34.44130833333333,2361.087859744057,2342.0,404.3,9998
53.93718,-39.04063,2913.1371985516034,3016.0,429.6,9998
52.8938,-31.037795,3337.252550565312,3316.0,1764.2,9998
55.64112166666666,-40.386131666666664,3028.975487286066,3227.0,919.0,9998
57.985215,-39.59841,3182.6240637903115,3167.0,654.6,9998
61.01124,-32.30118,2388.150404759282,2360.0,506.4,9998
59.586035,-33.701415,2505.9128158201593,2482.0,904.0,9998
54.19239,-39.13846,3273.4503609319227,3219.0,538.1,9998
53.00727,-31.42391,2770.6080194437964,3294.0,1144.2,-1
55.4079,-39.76512,2702.534387792865,2395.0,603.9,9998
58.07009,-40.2483,3180.649831516666,3186.0,618.2,9998
61.1651,-31.62699,2184.3422863129795,2191.0,584.5,9998
59.83788,-33.15553,2441.2507832059746,2509.0,1094.6,9998
54.53947,-38.99786,2748.7161270183415,2741.0,315.6,9998
53.079123333333335,-32.13415333333333,3074.591994837847,3029.0,841.6,9998
55.57062666666667,-39.27476166666667,2880.4690537866995,3038.0,448.6,9998
58.32331166666667,-40.972295,3170.8240342735917,3175.0,1215.5,9998
61.45039333333333,-31.043116666666666,2315.5940379641947,2266.0,334.2,9998
60.097388333333335,-33.217035,2504.83121337987,2527.0,862.8,9998
54.459255,-38.87010333333333,2813.284291155881,2810.0,398.9,9998
53.161341666666665,-32.63904333333333,2853.699039121678,2802.0,684.0,-1
55.5333,-37.71932,2875.590891692443,2469.0,228.6,9998
58.716315,-40.16493166666667,3081.89584472739,3111.0,1126.2,9998
61.42089333333333,-30.610956666666667,2136.2658021874754,2198.0,328.7,9998
60.34265,-33.19472833333333,2502.8247350915876,2646.0,718.4,9998
54.46277666666667,-38.82200666666667,2829.906546928515,2801.0,425.5,9998
53.46932833333334,-32.845215,2876.108909565356,2886.0,361.1,9998
55.26882666666667,-38.777928333333335,3067.1657602494315,2881.0,257.0,9998
58.15754666666667,-39.47734,3183.554499972509,3168.0,566.8,9998
61.524231666666665,-30.64421,2247.9814064017814,2265.0,355.3,9998
60.465111666666665,-33.309245,2467.5615980847274,2492.0,812.1,9998
54.632005,-38.76182333333333,2724.238947968413,2849.0,376.0,9998
41.817526666666666,-19.556315,3351.375474797434,3113.0,228.8,9998
53.77173,-32.94143666666667,2707.8120183837264,2623.0,371.2,-1
54.96665333333333,-39.221983333333334,2753.5044698737775,3019.0,379.5,9998
58.533095,-40.521973333333335,3120.0153524891207,3145.0,923.8,9998
61.556673333333336,-30.346361666666667,2152.908885518268,2145.0,404.7,9998
60.57913166666667,-33.384933333333336,2882.2061788310607,2722.0,1069.5,9998
54.68044,-38.78592666666667,2863.0946182463213,2792.0,370.3,9998
53.87370333333333,-33.093331666666664,2541.396542995924,2619.0,384.3,-1
54.735746666666664,-39.84812,2846.460649523034,2940.0,356.7,9998
57.994233333333334,-42.26827,3178.717989951353,3197.0,1274.7,9998
-6.742653333333333,1.351895,3098.4875307332477,3436.0,439.5,-1
61.22734833333333,-30.665998333333334,2229.4147515050686,2300.0,377.1,9998
60.92483,-32.74853,2940.7413618176806,2677.0,446.9,9998
54.948166666666665,-38.62802,3065.29758784734,2897.0,281.3,-1
42.06805333333333,-19.955488333333335,3588.479272504061,3672.0,301.4,9998
53.889003333333335,-33.065578333333335,2586.429207161048,2603.0,413.8,-1
58.043443333333336,-43.41883333333333,3198.2226930408497,3146.0,1053.3,9998
54.52180833333333,-39.974473333333336,3194.3017875389933,3040.0,184.6,9998
61.090085,-30.96186,2225.518705816253,2180.0,395.1,9998
61.26987333333334,-33.022438333333334,2516.3437865472088,2463.0,687.3,9998
54.915695,-38.40175333333333,2822.9505310298555,2761.0,175.5,9998
53.855646666666665,-33.03352,2657.888037353587,2621.0,416.0,-1
54.51556,-39.41858,2744.80920818521,2851.0,289.4,-1
58.037085,-43.417195,3114.285945441518,3156.0,1049.9,9998
61.358935,-30.985251666666667,2165.6854631975275,2174.0,311.8,9998
61.49799,-32.52305,2537.8280959641047,2608.0,459.1,9998
55.069226666666665,-38.39085,2772.0628001577434,2780.0,181.9,-1
54.10119,-32.9264,2564.843595233782,2595.0,513.2,9998
58.28011,-42.63614,2963.8372888918875,2955.0,385.6,9998
54.79955,-38.7861,3175.6772137052326,3056.0,378.8,-1
61.50542166666666,-31.106421666666666,2262.6820341043044,2220.0,335.6,9998
61.42487,-32.17224,2463.4604121626867,2237.0,382.4,9998
-24.948096666666668,-8.264926666666666,3528.156794844735,3521.0,1045.0,9998
54.91710333333333,-38.34301166666667,2844.4603980868096,2852.0,163.6,9998
54.34473333333333,-32.76588666666667,2709.63258132227,2765.0,396.0,9998
58.56917333333333,-40.952913333333335,3095.6010688330957,3091.0,921.5,9998
55.25553,-39.16101,2999.769344987722,3007.0,448.4,-1
61.70928,-31.33993,2495.7061467788863,2470.0,326.1,9998
61.388086666666666,-32.772035,2815.5780046625746,2736.0,514.6,9998
55.253705,-38.53802833333334,2919.644205887396,2821.0,154.1,9998
55.183173333333336,-39.098625,3007.603725533485,3029.0,374.0,9998
58.70617333333333,-41.4906,2959.8260048030847,2954.0,323.0,9998
61.52781,-31.4153,2190.1615045552453,2284.0,448.0,9998
61.90493333333333,-32.48814,2616.9929196663943,2766.0,809.1,9998
-24.92685,-8.253061666666667,3564.3161150007995,3947.0,1050.3,9998
55.02967833333334,-38.38265333333333,2864.962895570326,2841.0,194.5,-1
42.28324166666667,-20.500806666666666,3568.8973432600524,3638.0,644.2,9998
55.468221666666665,-38.807581666666664,2857.0337070443384,2767.0,211.6,9998
58.77619333333333,-40.94115166666667,2993.995996344709,3001.0,998.7,9998
61.575203333333334,-31.552456666666668,2355.72915939492,2209.0,498.6,9998
62.41760166666667,-31.931235,2818.287185757113,2760.0,1145.4,9998
55.330936666666666,-38.526705,2900.077538998785,2882.0,107.7,9998
59.08703666666667,-40.18026,2952.896053420556,2993.0,1051.2,9998
55.810021666666664,-38.755111666666664,3387.117612343222,3226.0,392.5,-1
61.534063333333336,-31.953806666666665,2387.073979480887,2587.0,489.0,9998
62.72927333333333,-31.701468333333334,2761.537229666079,2584.0,848.2,9998
55.302683333333334,-38.45437666666667,2712.341678721804,2805.0,92.5,9998
42.27480333333333,-20.562848333333335,3361.9767542264353,3386.0,696.7,9998
59.64940333333333,-39.51355,2840.399568621848,2852.0,259.5,9998
56.088065,-38.809045,3359.730656160654,3384.0,548.2,9998
62.84608333333333,-31.622,2372.1479369672916,2231.0,629.0,9998
61.71089,-32.05349,2414.457408022971,2361.0,632.1,9998
54.97466,-38.42718166666667,2784.799290312213,2844.0,192.4,9998
42.300936666666665,-20.52613,3420.5514742974524,3449.0,672.4,9998
56.26965,-38.72596166666666,2990.716019956943,2965.0,562.9,9998
59.737145,-37.749188333333336,3113.8534632801793,3101.0,1150.4,9998
62.00268333333333,-31.75498,2348.796267684577,2327.0,538.1,9998
62.650506666666665,-31.680423333333334,2708.7655582255506,2762.0,921.4,9998
54.987201666666664,-38.655723333333334,2963.6876458835277,2888.0,268.1,-1
59.67695,-35.629351666666665,2789.5671121871596,2681.0,745.3,9998
56.41043666666667,-38.59462833333333,2890.0357371683235,2951.0,604.0,9998
36.61299,21.29453,3754.15618907713,3978.0,1000.4,9998
62.00270666666667,-32.01729,2367.4032728105303,2556.0,842.8,9998
62.692368333333334,-31.65015,2732.2198863729595,2742.0,883.6,9998
55.02996,-38.03418,2978.333304425577,2655.0,161.0,9998
56.42194333333333,-38.722876666666664,2865.597650066504,2953.0,650.7,-1
59.863033333333334,-35.76712333333333,3071.8469285136002,3083.0,1161.7,9998
36.78311,21.0021,3786.2814093733173,3338.0,796.6,9998
62.99393,-31.806111666666666,2853.3397099624785,2693.0,390.2,9998
62.36924166666667,-32.04787,2868.1291364614617,2885.0,1130.6,9998
36.691741666666665,20.990686666666665,3583.3902911339837,3597.0,773.7,9998
54.91917333333333,-38.507801666666666,2891.3838582186377,2978.0,220.1,9998
56.52099333333334,-38.73112666666667,2821.5834952631494,2894.0,593.8,-1
59.67469,-35.26033,3000.6138506114353,2720.0,751.7,9998
63.10626166666667,-32.715805,2871.877808343671,2865.0,612.9,9998
62.310208333333335,-33.10620333333333,2923.822873616679,2925.0,652.5,9998
36.382488333333335,20.907491666666665,3455.5873376415307,3297.0,614.6,9998
54.883473333333335,-38.56733,2884.55035523248,2950.0,252.2,9998
56.66204833333333,-38.30325833333333,2955.445584203942,2931.0,601.5,-1
59.98253,-34.608205,3042.5280989207195,2819.0,1047.6,9998
36.064206666666664,20.935373333333335,3175.206340092266,3229.0,838.5,9998
62.542993333333335,-32.338548333333335,2914.9806738037028,2865.0,612.4,9998
62.867911666666664,-32.679721666666666,2896.3507014706483,2912.0,717.9,9998
54.78803,-38.56263,2981.327161776287,2993.0,270.9,9998
56.697898333333335,-38.16116666666667,2994.5146297257725,2849.0,475.5,-1
60.16728666666667,-34.30745666666667,3054.1992806560083,3052.0,985.9,9998
35.61201333333333,21.177823333333333,3559.3257244229876,3553.0,1773.0,9998
-6.546403333333333,1.3020416666666668,3018.126495249233,3102.0,983.6,-1
62.790906666666665,-32.8165,2904.1818570407618,2899.0,945.4,9998
63.165125,-32.31898,2864.0498608978173,2850.0,193.4,9998
35.57178,21.32594,3674.5040786438603,3754.0,1951.9,9998
54.82264333333333,-38.816185,3039.9352022907474,3092.0,366.0,-1
42.3609,-20.350473333333333,3566.920702873612,3563.0,473.1,9998
56.67964333333333,-37.92064833333333,2686.5889300259614,2575.0,125.0,-1
60.13424,-34.1895,3049.325695902232,3056.0,802.8,9998
-6.30418,1.13404,3183.758737967177,3198.0,1586.3,9998
63.43899,-32.31132,2824.9114794942966,2829.0,697.5,9998
62.90091666666667,-32.62526833333333,2895.3667235531893,2915.0,613.8,9998
35.791873333333335,21.65083,3829.5169762799724,3685.0,378.3,9998
54.78887666666667,-38.78247666666667,3056.549467967711,3062.0,365.7,9998
59.84715,-34.02675,2700.5557157522517,2589.0,463.6,9998
35.861785,21.810241666666666,3407.8833868625693,3625.0,1056.2,9998
-6.226186666666667,1.1344016666666668,2623.6864566118707,2478.0,1029.3,9998
63.49368666666667,-31.597735,2830.7625298765497,2820.0,1437.0,9998
63.19282833333333,-32.399615,2862.09007931259,2847.0,325.0,9998
35.80865333333333,21.958355,3632.468609820832,3662.0,1792.9,-1
54.74085,-38.763075,3181.550668701993,3184.0,391.7,9998
59.83029,-33.57132,2281.5986768022144,2274.0,719.3,9998
57.618165,-37.67343666666667,2708.873574734409,2662.0,394.7,9998
35.68745833333333,21.989168333333332,3455.798058399575,4174.0,1756.1,9998
-6.320196666666667,1.1085633333333333,3047.5491485280145,3230.0,1519.1,9998
63.578698333333335,-31.190226666666668,2708.578241197908,2690.0,1104.3,9998
63.59097166666667,-31.983996666666666,2805.337288964814,2815.0,1041.2,9998
35.596066666666665,22.000775,3827.6324055685322,3797.0,2066.3,9998
54.59025666666667,-38.67089,2798.5837755471125,2948.0,413.0,-1
60.05601,-33.23171,2628.1329263086204,2405.0,955.5,9998
57.79936166666667,-37.800583333333336,3258.782546699562,3270.0,723.9,9998
35.506345,21.96481,3656.961150639624,3619.0,1979.5,9998
63.8337,-30.71283,2465.9491133217516,2488.0,302.8,9998
63.749895,-31.51411,2773.0558955233246,2763.0,1391.8,9998
35.32027333333333,21.786865,3435.396727911341,3363.0,2203.9,9998
54.45500166666667,-38.570863333333335,2906.163005522815,3098.0,476.7,9998
60.0532,-32.71364,2392.2486896955006,2333.0,834.1,9998
58.00292,-37.68203,3079.14807866442,3059.0,462.9,9998
35.31066,21.5399,3414.8857034425123,3438.0,2258.1,9998
63.91624,-30.511203333333334,2322.9989456581075,2357.0,435.5,9998
64.01434666666667,-30.883858333333333,2665.4742163177593,2679.0,467.3,9998
35.358961666666666,21.336646666666667,3324.00149372948,3208.0,2181.3,9998
54.296686666666666,-38.260465,3022.490414275433,2974.0,186.7,9998
60.36057666666667,-32.074558333333336,2253.0862204237155,2217.0,436.8,9998
58.08353666666667,-37.20933,2820.2358997253177,2958.0,554.3,9998
35.382686666666665,21.250938333333334,3046.26714002098,2987.0,1966.3,9998
64.03137,-30.96376,2666.448683579239,2659.0,568.9,9998
35.35447,21.22087,3049.2102126957475,3079.0,1969.9,9998
54.121315,-38.17458166666667,3141.693124519678,3099.0,432.3,-1
60.60695,-31.60272,2212.8624437171175,2369.0,305.4,9998
57.772103333333334,-37.11233,2906.316827988992,2913.0,502.7,9998
-9.85937,-10.076151666666666,3841.7055400541744,3835.0,1145.9,-1
35.32103333333333,21.056586666666668,3063.8964860056185,2961.0,1849.2,9998
-9.840001666666666,-10.139625,3781.1495818611716,3805.0,1090.1,-1
64.11556666666667,-30.718368333333334,2599.934474552633,2652.0,558.9,9998
35.45391166666667,20.94881833333333,2857.3105375209147,2854.0,1518.8,9998
54.002023333333334,-38.187151666666665,2904.323300371616,2925.0,626.6,9998
60.69428,-31.6171,2205.9865180650286,2137.0,301.7,9998
57.53211833333334,-37.198835,2847.735793333807,2749.0,81.0,9998
35.55291166666667,20.882088333333332,2843.574288260589,2871.0,1214.0,9998
0.0035933333333333334,-22.97584833333333,3887.226610429947,3962.0,2852.7,9998
64.404035,-31.522053333333332,2589.121558210856,2530.0,1037.2,9998
35.6636,20.834516666666666,2869.010243817587,2969.0,937.6,9998
53.89553333333333,-38.26363666666666,2897.507811182046,2915.0,704.1,9998
-9.644386666666668,-10.255251666666666,3513.3443178891525,3634.0,864.6,-1
42.935961666666664,-22.229138333333335,3259.2209523588435,3204.0,324.3,9998
60.838903333333334,-31.704903333333334,2354.8849835426927,2356.0,550.1,9998
57.417743333333334,-37.105285,2680.5525744602105,2844.0,155.3,9998
-9.63711,-10.26571,3692.2588062227987,3589.0,902.6,-1
-0.031151666666666668,-22.947401666666668,3862.8110911716926,3900.0,2890.6,9998
-9.676131666666667,-10.299728333333332,3759.676159853451,3707.0,921.1,-1
64.52687333333333,-31.968881666666668,2493.225493882805,2445.0,981.1,9998
35.51839,21.022393333333333,2818.116111777552,2807.0,1434.1,9998
-9.677083333333334,-10.300216666666667,3793.8676687534985,3699.0,929.8,-1
54.04282833333333,-38.008853333333334,2786.9818433366754,2901.0,438.9,-1
42.971426666666666,-22.139846666666667,3187.8846093509733,3146.0,326.9,9998
61.27724833333333,-31.441576666666666,2326.4001411291456,2188.0,617.0,9998
57.562556666666666,-36.68548,2573.8694574670803,2529.0,501.0,9998
-9.703058333333333,-10.306543333333334,3828.050994671142,3786.0,948.9,-1
35.69499166666667,20.821713333333335,2937.5427893340056,2907.0,898.3,9998
-9.706481666666667,-10.30539,3826.0972301333577,3804.0,950.6,-1
0.08543666666666666,-22.86985333333333,3871.6009445880172,3842.0,2530.2,9998
64.24431,-31.2184,2614.580508032267,2626.0,963.6,9998
35.74042,20.79935,2928.720027253462,2944.0,810.4,9998
-9.6965,-10.358076666666667,3639.4730253247476,3641.0,884.4,-1
54.304941666666664,-37.95052833333333,2801.587344473024,2839.0,137.4,-1
0.08853,-22.869466666666668,3791.502434824332,3822.0,2465.4,9998
43.06740333333333,-21.887875,2615.435323257247,2593.0,486.9,9998
-9.70804,-8.97073,3639.4717400350787,3809.0,1237.0,9998
61.23261,-31.0021,2196.092497785427,2076.0,346.4,9998
57.98730333333334,-36.151536666666665,2720.5264941372952,2602.0,426.2,9998
35.87481666666667,20.707003333333333,2821.9463572479854,2850.0,536.2,9998
-9.693266666666666,-10.375428333333334,3635.56332268014,3632.0,879.1,-1
-7.609351666666667,0.850985,3800.9204142724375,4236.0,2087.9,-1
-9.675355,-10.376021666666666,3600.3716262266353,3620.0,864.5,-1
64.53692333333333,-30.274271666666667,2371.8536029311795,2393.0,151.8,9998
36.11795,20.6289,2802.2957344592223,2847.0,268.3,9998
0.03364333333333334,-22.826938333333334,3719.193701402041,3698.0,2577.7,9998
54.464438333333334,-37.84672833333333,3090.8203497995587,3083.0,60.5,9998
-9.629255,-10.391606666666666,3595.488219550754,3536.0,849.1,-1
42.976685,-21.715685,2454.7107587706696,2465.0,407.6,9998
61.17807,-31.35907,2459.5920847042185,2404.0,620.3,9998
58.15778666666667,-36.37251333333333,2539.486913289396,2534.0,185.8,9998
-0.011693333333333333,-22.812435,3780.755367680391,3815.0,2743.6,9998
36.24907666666667,20.61891333333333,2954.041552905585,2828.0,183.5,9998
-9.574313333333333,-10.423423333333334,3453.681609567594,3552.0,798.5,-1
-0.04747,-22.850918333333333,3792.4794534869916,3736.0,2828.5,9998
-9.543673333333333,-10.439113333333333,3368.5534490324644,3581.0,768.4,-1
64.42889833333334,-31.178178333333335,2535.315404398472,2566.0,669.9,9998
36.191786666666665,20.699918333333333,2915.876869588455,2939.0,262.0,9998
-9.48897,-10.44502,3444.885293847181,3592.0,776.5,-1
54.49588,-37.82083,3075.1853946433184,3136.0,42.3,9998
42.87861,-21.498265,2700.707037620049,2396.0,422.2,9998
61.88708166666667,-31.821898333333333,2419.3199664598696,2520.0,573.2,9998
58.23419833333333,-36.54005333333333,2934.5403616438093,2961.0,236.8,9998
-9.447613333333333,-10.479488333333334,3620.926838710739,3573.0,806.4,-1
36.12108166666667,20.730325,2880.646151207369,2785.0,334.6,9998
-9.400646666666667,-10.498266666666666,3516.3042554266053,3532.0,786.2,-1
64.34710333333334,-31.629361666666668,2584.2416552689524,2593.0,1161.1,9998
36.03120166666667,20.721613333333334,2780.765375694362,2794.0,388.6,9998
-9.3808,-10.48086,3587.6932022861142,3551.0,805.2,-1
54.53192833333333,-37.411235,2984.324981957539,2990.0,225.1,-1
42.61365,-21.225743333333334,2645.9170751848706,2569.0,729.3,9998
-9.26579,-10.54584,3523.164573879925,3707.0,790.6,-1
57.99771666666667,-36.81745333333333,2337.7917624818215,2252.0,461.8,9998
62.75123166666667,-31.670933333333334,2782.057726226928,2498.0,836.6,9998
35.851578333333336,20.783123333333332,2810.1977678474664,2879.0,657.4,9998
0.051688333333333336,-23.068128333333334,3876.484097403392,3872.0,2743.1,9998
-9.260845,-10.58037,3681.5498330465794,3504.0,823.5,-1
0.06350166666666666,-23.073431666666668,3863.7877440267307,3859.0,2696.9,9998
-9.253471666666666,-10.58531,3480.1281770677506,3568.0,778.6,-1
44.03564166666666,-17.594746666666666,3857.8374026542283,3912.0,734.0,9998
64.19666166666667,-30.905208333333334,2606.765470357255,2627.0,666.0,9998
35.74216,21.03751,2945.3624616242673,3059.0,1238.7,9998
0.05281833333333333,-23.093005,3819.8332789132237,3818.0,2710.9,9998
54.493093333333334,-37.54148,3011.6920829914598,3008.0,149.5,-1
-9.19437,-10.54584,3419.4758491957186,3718.0,772.1,-1
42.522526666666664,-21.045371666666668,3481.975748078258,3399.0,1374.7,9998
63.30941,-31.51199,2599.1101027782975,2610.0,1254.9,9998
57.81400166666667,-36.88121666666667,3150.4613434316148,3030.0,637.1,9998
0.049565,-23.080101666666668,3831.5553217362813,3877.0,2724.0,9998
35.68969333333333,21.037021666666668,2884.671992436418,2929.0,1229.5,9998
-9.216596666666666,-10.594113333333333,3453.7182659245423,3594.0,770.0,-1
0.10855,-23.67054,3854.99749511065,3506.0,2831.7,9998
-9.219176666666666,-10.612355,3503.607813427226,3533.0,775.7,-1
64.45032666666667,-30.039748333333332,2266.1023437280114,2323.0,730.0,9998
35.54614,21.124803333333332,2938.559975994929,2904.0,1501.3,9998
73.73198333333333,-0.8743466666666666,2633.578437508901,2947.0,113.1,9998
-9.19119,-10.65319,3722.6016464426757,3644.0,813.1,-1
54.51271833333333,-37.420653333333334,2977.490213485102,3005.0,218.3,-1
57.640146666666666,-36.97510333333334,2640.3928515701205,2599.0,303.8,9998
63.787411666666664,-31.615878333333335,2765.2297189270603,2756.0,1383.5,9998
-9.217083333333333,-10.727908333333334,3738.2327742408993,3641.0,801.3,-1
35.4065,21.09763,2905.306691997289,2930.0,1745.2,9998
-9.207738333333333,-10.774113333333334,3635.6159909527337,3614.0,777.8,-1
0.08737166666666667,-23.040541666666666,3877.4606784449616,3892.0,2607.4,9998
64.15828666666667,-30.275676666666666,2123.0840503519444,2273.0,572.4,9998
35.357555,20.954888333333333,2901.4023629211524,2939.0,1635.6,9998
73.61234166666667,-0.9248766666666667,2684.409187205158,3009.0,46.9,9998
-9.209968333333334,-10.785606666666666,3624.8625725524666,3613.0,776.4,-1
70.62587166666667,-3.241285,2178.0280445532103,2593.0,1003.6,-1
54.41638,-37.2152,3083.020175526561,3093.0,281.3,-1
42.121518333333334,-20.986103333333332,3444.03695808912,3324.0,801.6,9998
-9.16197,-10.789261666666667,3611.180981556651,3533.0,774.9,-1
63.94456666666667,-33.127115,2490.3948001896288,2468.0,464.9,9998
57.44926,-37.29638,3143.724476855363,3134.0,55.2,9998
35.35929,20.848591666666668,2912.1727069407257,2922.0,1496.7,9998
-9.14338,-10.789266666666666,3599.450837014643,3501.0,770.6,-1
-9.19364,-10.76727,3527.0840942146947,3605.0,753.7,-1
43.820341666666664,-17.612453333333335,3557.662246403555,3463.0,880.1,-1
64.16604166666667,-30.364935,2273.0057680865852,2337.0,633.5,9998
35.39744,20.90151,3012.0118896426775,2943.0,1619.5,9998
70.72989833333334,-4.271415,2351.3261638669883,2253.0,917.2,9998
0.07236,-22.96265,3699.646726165215,3700.0,2500.1,9998
54.50521333333333,-37.15612333333333,2921.78884665992,2950.0,275.7,-1
-9.147175,-10.763545,3472.312978056531,3551.0,739.0,-1
63.537445,-33.92484,2612.759352261027,2637.0,1030.8,9998
57.546791666666664,-38.372115,3120.270567845482,3066.0,440.9,9998
35.37442,20.980853333333332,2893.564482905509,2905.0,1653.4,9998
-9.1222,-10.76727,3603.3638048782404,3506.0,765.1,-1
-9.147361666666667,-10.790406666666666,3604.3388670897757,3509.0,772.2,-1
43.760195,-17.547861666666666,3375.186113964486,3277.0,895.4,9998
64.77606333333334,-30.295076666666667,2179.8332052482565,2162.0,771.0,9998
35.2802,20.84203,2952.333974539789,2975.0,1426.6,9998
70.43216666666666,-4.682683333333333,2793.3214700907547,2783.0,380.3,9998
-9.148328333333334,-10.795205,3595.539489050214,3503.0,771.4,-1
54.47099,-37.280098333333335,3026.3520392157257,3035.0,262.5,-1
47.82499,-30.01014,3487.103397502827,3444.0,1021.7,9998
47.80189,-29.98342,3480.282517985456,3446.0,1039.8,9998
63.073505,-34.30406333333333,2741.917010064299,2768.0,731.5,-1
57.19817166666667,-38.344323333333335,3253.0925803377345,3251.0,846.3,-1
-9.153765,-10.784441666666666,3608.248876663804,3523.0,772.5,-1
35.29549,20.770206666666667,2958.2037471342123,3017.0,1316.5,9998
-9.156751666666667,-10.775425,3613.136813742077,3543.0,772.2,-1
-8.20404,0.68984,3523.268007211622,4165.0,847.5,-1
43.74048166666667,-17.54357,3166.1603626357532,3183.0,852.9,9998
64.65198666666667,-31.484291666666667,2393.372290263686,2399.0,740.8,9998
35.411078333333336,20.674168333333334,2974.8151053203965,2963.0,1177.9,9998
-9.147375,-10.761898333333333,3479.160683676789,3560.0,740.2,-1
70.61229666666667,-5.756971666666667,2466.8059486502675,2456.0,536.4,9998
54.38623666666667,-37.084736666666664,3070.331299345498,3002.0,298.1,-1
47.941575,-30.421685,3364.1262596997462,3661.0,1130.2,9998
47.93942333333333,-30.405586666666668,3429.5082411513044,3572.0,1143.6,9998
-9.136146666666667,-10.743478333333334,3588.6966283901284,3584.0,761.5,-1
63.19905333333333,-34.479708333333335,2695.9446822833206,2701.0,549.8,9998
57.75329833333333,-38.831043333333334,3233.428125291336,3235.0,351.4,9998
35.58370166666667,20.572975,3073.6105190383823,3102.0,585.3,9998
0.06795,-22.821195,3702.5788821203128,3701.0,2454.6,9998
-9.08299,-10.68896,3704.046485025551,3778.0,794.7,-1
-8.584011666666667,0.7919066666666666,3099.3285845525033,3414.0,466.6,-1
0.06888833333333334,-22.832921666666667,3661.5252251211514,3705.0,2429.7,9998
-9.05902,-10.721583333333333,3584.793556229273,3723.0,762.9,-1
43.860079999999996,-17.501166666666666,3407.3708783253915,3471.0,827.1,9998
64.68492166666667,-31.601608333333335,2363.9958821780406,2380.0,713.7,9998
35.774746666666665,20.486685,3131.2758997393057,3098.0,131.5,9998
70.37927666666667,-6.455401666666667,2536.284454743734,2593.0,418.6,9998
0.03618,-22.84935,3725.0574502168492,3769.0,2578.0,9998
54.3094,-36.998068333333336,2864.1650118727343,2776.0,230.1,9998
-9.010005,-10.727833333333333,3488.9565381997045,3639.0,747.3,-1
47.82526166666667,-30.497703333333334,3608.0260878841227,3750.0,1134.3,9998
47.81909,-30.5604,3755.1917071987214,3464.0,1159.6,9998
63.38429166666667,-34.12778333333333,2644.0844153561434,2663.0,841.3,9998
57.636445,-38.30181833333334,3197.3551378208804,3220.0,518.2,9998
35.98753166666667,20.34791,3125.348854428401,3100.0,161.5,9998
-8.980995,-10.752471666666667,3383.289324169636,3515.0,723.6,-1
0.015966666666666667,-22.846675,3677.1656350493176,3833.0,2606.4,9998
-8.914886666666666,-10.767246666666667,3758.783200235487,3641.0,785.5,-1
44.12488666666667,-17.336468333333332,3587.800080861379,3627.0,686.2,-1
64.87597833333334,-32.391005,2003.3589886033262,2016.0,2014.1,9998
36.220465,20.206625,3214.2746744797846,3262.0,307.6,9998
0.0012033333333333334,-22.833956666666666,3696.714566282924,3696.0,2667.9,9998
70.26277666666667,-6.999493333333334,2398.3668222499746,2412.0,840.6,9998
47.667298333333335,-41.721356666666665,3513.4898926420237,3779.0,5413.7,9998
54.382601666666666,-37.0378,3044.9360551287086,2837.0,322.1,9998
47.74216333333333,-30.381195,3234.34105153636,3279.0,1053.4,9998
47.72155333333333,-30.299763333333335,3658.7508000259627,3519.0,1228.1,9998
0.020153333333333336,-22.820693333333335,3727.989272535906,3734.0,2624.1,9998
63.33464333333333,-33.96689166666667,2741.8637839612506,2727.0,655.7,9998
58.24177,-38.81947,3211.831297370828,3200.0,1061.2,9998
36.29071,20.05543,3221.098641537495,3292.0,289.7,9998
0.012575,-22.778723333333332,3846.2070194696303,4025.0,2712.6,9998
44.19151333333333,-17.186506666666666,3706.7372578276045,3859.0,712.1,-1
36.22902,20.060335,3208.4059180916397,3277.0,397.0,9998
70.30156666666667,-6.81844,2444.349401612397,2486.0,825.6,9998
54.409975,-36.987155,2594.1421465257295,2514.0,345.5,9998
47.66245,-30.21424,3546.650833328703,3489.0,1284.9,9998
47.63164666666667,-30.298411666666667,3528.1311941006065,3529.0,1290.2,9998
63.5321,-33.19923,2737.913895850308,2755.0,882.5,9998
58.270041666666664,-39.230745,3198.162709613168,3210.0,702.9,9998
36.17122166666667,20.052686666666666,3294.4465741684485,3195.0,536.0,-1
0.04912166666666667,-22.713995,3602.863976841185,3550.0,2390.2,9998
52.82215,-51.050961666666666,2404.4956651109273,2225.0,6935.6,9998
52.82976,-51.0156,2350.594832948476,2321.0,6685.6,9998
0.13846999999999998,-22.752723333333332,3578.41710505301,3599.0,2091.6,9998
62.603455,-36.060188333333336,2639.3488073025337,2615.0,549.5,9998
36.07274833333334,20.084305,3294.4750657625873,3233.0,622.4,9998
56.59886,-52.94772,3465.860225444544,3419.0,1773.6,9998
56.58779833333333,-52.946665,3468.7877768306275,3417.0,1818.5,9998
59.03627,-51.1225,3491.4692046666437,3492.0,1374.1,-1
59.02619166666667,-51.15711,3493.4209796491555,3492.0,1406.4,-1
70.416545,-6.472973333333333,2516.7192496605976,2517.0,551.0,9998
0.1727466666666667,-22.743263333333335,3629.2633052734045,3669.0,1985.7,9998
54.54061,-36.88227,2703.7161635022453,2966.0,533.3,9998
47.62396,-30.33573,3514.479234226535,3424.0,1280.1,9998
47.633673333333334,-30.282708333333332,3545.6850038731372,3523.0,1300.0,9998
59.45063,-46.99556,2527.4736676372822,2472.0,1476.7,9998
59.42693,-47.02317166666667,2547.0525502950018,2607.0,999.4,9998
63.843545,-33.59226666666667,2521.725369146488,2561.0,727.7,9998
58.15757,-38.76555666666667,2992.194979877323,3023.0,884.3,9998
70.239785,0.41066833333333336,3169.091030568707,3039.0,1288.2,9998
35.986545,20.032186666666668,3218.251583806666,3228.0,758.6,9998
-8.97392,-10.946,3402.862361484649,3562.0,717.3,-1
-8.97731,-11.02438,3314.772741974839,3423.0,712.7,-1
62.78581,-37.10504,2175.250432982887,2167.0,1373.0,9998
35.92038,19.998991666666665,3209.4706010500063,3200.0,811.3,9998
59.158046666666664,-52.64271166666666,3486.562309937525,3475.0,1092.8,-1
56.221806666666666,-52.827045,3506.9093441491495,3508.0,2250.9,9998
56.327985,-52.926645,3506.877594779734,3553.0,2372.3,9998
59.17369,-52.54233,3487.5323427816857,3478.0,1209.7,-1
70.382685,-6.856118333333333,2492.27207353221,2407.0,736.5,9998
54.50159,-36.69381,2885.6238314979846,2896.0,702.4,9998
60.10677,-49.32847,2971.211219688056,3014.0,638.1,9998
60.180135,-49.208081666666665,2925.28485159699,3018.0,3895.9,9998
47.63005,-30.436728333333335,3232.4211768285427,3233.0,1121.5,9998
66.99327666666667,-3.303141666666667,3132.6715803963534,3241.0,303.5,9998
47.71527833333333,-30.489358333333332,3404.2087634063164,3390.0,1082.9,9998
63.43634,-33.35657,2754.5498680933124,2771.0,863.5,9998
58.786335,-38.66773166666667,3142.4003524263258,3152.0,982.7,9998
51.534713333333336,-40.115521666666666,3473.2494871679764,3339.0,1980.5,9998
35.88677,20.08914,3171.344048644555,3189.0,750.1,9998
51.36347166666667,-48.99852166666667,2703.499890391018,2792.0,5005.9,9998
51.36510333333333,-48.66518833333333,2992.98254052322,3049.0,2018.6,-1
51.64437,-40.28136166666667,2613.380620983893,3000.0,1641.7,-1
-9.145411666666666,-10.953166666666666,3509.483974918541,3469.0,738.0,-1
62.7247,-38.230585,2203.6813818764117,2244.0,1001.4,9998
51.73981166666667,-40.28685,2842.3255059661,2898.0,1936.8,9998
35.953473333333335,20.09925,3186.9717635763163,3240.0,689.2,9998
59.646245,-52.94560333333333,3407.4815363368552,3419.0,1700.9,-1
55.97944,-51.77075,3476.766032077379,3493.0,1479.6,-1
59.67391,-52.95966,3404.549592284705,3431.0,1704.7,-1
56.136755,-51.722681666666666,3546.8909657235154,3555.0,749.1,-1
0.2545483333333333,-22.764936666666667,3754.373495970477,3514.0,1700.5,9998
70.00597,-6.51385,2278.981911460864,2402.0,291.8,9998
54.547671666666666,-36.61164333333333,2797.6162411754176,2772.0,703.1,9998
51.87752,-40.47523,2801.2120107872015,2855.0,1839.6,9998
60.903148333333334,-51.74686666666667,3068.664863625667,3094.0,1296.6,9998
60.650171666666665,-51.69967166666667,3145.832930753242,3225.0,1082.2,9998
47.761048333333335,-30.520308333333332,3452.980246605737,3541.0,1062.2,9998
47.82257,-30.577196666666666,3754.216235738993,3553.0,1156.3,9998
63.24428666666667,-34.00297666666667,2764.3630839279117,2760.0,704.3,9998
59.0611,-38.713611666666665,3093.524048635803,3106.0,1092.3,9998
36.02383666666667,20.109181666666668,3186.9520989072425,3189.0,598.0,9998
50.842506666666665,-47.24285666666667,2845.4894165392775,2851.0,1415.1,9998
50.986176666666665,-47.158315,3084.9378687112635,3114.0,1415.2,9998
44.34829833333333,-16.83938,3865.519128591283,3696.0,817.7,9998
62.11682666666667,-38.297428333333336,2324.2906163271264,2333.0,1052.3,9998
36.09316333333334,20.100936666666666,3227.020638804056,3271.0,545.8,9998
60.11991,-52.09345,3345.9347436522444,3338.0,446.3,9998
60.14241333333333,-52.06196666666666,3351.778745402018,3335.0,429.2,9998
56.72894,-51.52408833333333,3564.2508479535577,3557.0,551.0,-1
57.07481,-51.96471833333333,3533.941436441179,3539.0,273.5,9998
69.3273,-7.22573,2281.033380876886,2346.0,871.6,9998
54.539136666666664,-36.576951666666666,2787.838783119653,2780.0,684.6,9998
51.93737,-40.42417,2798.2625308851902,2714.0,1953.9,9998
61.48430833333333,-52.66815666666667,3072.430338091176,2979.0,2604.3,9998
61.23378833333334,-52.20773833333333,3041.2511758403866,3034.0,560.3,9998
67.42287666666667,-3.08705,3267.1518680713016,3197.0,311.6,9998
47.91263333333333,-30.71222,3492.927917293868,3509.0,1165.2,9998
47.78220666666667,-30.539995,3755.204426873159,3657.0,1150.1,9998
63.57226,-34.9194,2420.971130470202,2419.0,851.1,9998
58.95019666666666,-39.699558333333336,3050.593492583323,3053.0,1210.9,9998
36.125655,20.079713333333334,3256.3393389134408,3212.0,547.3,9998
50.608041666666665,-47.008073333333336,2960.9305663759524,2996.0,1991.8,9998
51.666961666666666,-46.883651666666665,3864.877773991408,3860.0,2493.7,-1
44.213676666666665,-16.90515,3716.47758416434,3674.0,829.1,9998
61.53406666666667,-38.596473333333336,2417.4276518121483,2419.0,660.0,9998
36.10975166666667,20.030711666666665,3246.5683395569536,3208.0,658.1,-1
59.93452833333333,-52.10415666666667,3368.40887633731,3375.0,697.2,-1
59.921096666666664,-52.11759333333333,3374.2620133183405,3376.0,736.9,-1
57.789656666666666,-52.138635,3509.369171466134,3543.0,946.0,9998
56.62902666666667,-50.806133333333335,3595.457512391113,3602.0,372.5,9998
0.15380833333333335,-22.699306666666665,3851.0905544136126,3862.0,2165.8,9998
68.85539,-7.175268333333333,2341.801198991493,2314.0,312.0,9998
54.57285,-36.536818333333336,2735.013593263629,2670.0,653.2,9998
51.867335,-40.19025,2653.463560088169,2695.0,2043.7,9998
62.00982,-54.9329,2710.8528429286293,2710.0,1519.1,9998
61.538871666666665,-54.44563,2921.0654708788998,2862.0,2021.2,-1
47.68588166666667,-30.556735,3548.593590217011,3575.0,1102.3,9998
48.05949,-30.89011,3716.135493993234,3788.0,1491.5,-1
49.5113,-37.77934333333333,3721.4877076472853,4073.0,4643.8,-1
59.471698333333336,-39.739853333333336,2934.243503205519,2944.0,396.4,9998
36.14337,20.00969,3160.515400292487,3200.0,637.3,-1
51.18076333333333,-46.720436666666664,3299.704460249027,3284.0,2642.2,9998
51.668085,-47.10241166666667,3765.5641135568417,3773.0,2764.6,-1
-8.742673333333334,-10.9177,3632.731315078347,3535.0,712.6,-1
44.14212666666667,-16.964151666666666,3538.046322406878,3513.0,790.0,9998
61.49964333333333,-38.45897333333333,2509.448333545369,2475.0,575.1,9998
36.105698333333336,19.965925,3219.19563601559,3168.0,749.7,-1
59.63393,-52.19347,3415.2830291596124,3417.0,1335.0,-1
59.56115,-52.37961,3412.3787892623986,3405.0,1556.3,-1
55.78953,-51.41991,3518.7346830997744,3533.0,2102.4,-1
57.99554,-52.29116,3501.513258795084,3508.0,1110.7,9998
68.54858,-6.731105,2319.3294023601825,2376.0,462.6,9998
54.531375,-36.42146666666667,2698.8265041161003,2706.0,490.0,9998
51.861925,-40.06973,2628.014084919107,2763.0,2082.8,9998
61.73975,-54.90251,2772.497594112756,2766.0,2168.2,-1
60.950383333333335,-53.810725,3041.3185448545055,3048.0,826.6,-1
67.37138833333333,-1.7636083333333334,3068.204702185388,2929.0,778.1,9998
47.49552,-30.53557,3496.963549361885,3690.0,1278.0,-1
47.85601,-31.04567,3771.740885185936,3777.0,932.9,9998
62.646565,-37.210613333333335,2110.576589521158,2106.0,1090.9,9998
59.215585,-39.674686666666666,2998.771969136938,2998.0,1246.8,9998
36.066808333333334,20.00756833333333,3144.8886666330645,3127.0,722.2,9998
51.478745,-46.758561666666665,3770.497610880509,3795.0,2407.7,-1
44.08627833333333,-16.998146666666667,3481.4744056705085,3432.0,770.0,9998
60.51734,-39.820165,2553.6802136564866,2602.0,943.3,9998
36.04092333333333,20.024608333333333,3141.961683013563,3138.0,713.3,9998
59.1742,-53.59193,3462.194684688528,3334.0,915.9,9998
59.32042,-53.93129,3349.0750842983543,3278.0,1181.1,-1
58.30989833333334,-52.65315833333333,3456.591862262603,3487.0,1218.4,-1
56.29413,-51.73387,3604.3277444461946,3603.0,472.9,9998
0.07239,-22.62263,3747.533701168769,3920.0,2374.3,9998
68.18730666666667,-6.349138333333333,2758.5327578024417,2747.0,414.5,9998
54.557851666666664,-36.650861666666664,2766.3177231768395,2778.0,707.9,9998
61.65772,-56.86755333333333,2714.837142022876,2708.0,1334.8,9998
52.00271333333333,-40.13052166666667,2828.566727476469,2854.0,2267.9,9998
61.06151,-54.31587,2970.0104595498187,2978.0,775.2,9998
47.40854,-30.457685,3258.8541336362323,3483.0,1380.9,-1
61.911655,-37.36519666666667,2593.514777858149,2584.0,570.4,9998
58.83297666666667,-39.763796666666664,3063.3160004032684,3075.0,1098.4,9998
35.99404166666667,20.02556166666667,3212.383113101341,3219.0,762.0,9998
-8.787926666666667,-10.728015,3832.0601084242057,3792.0,770.5,-1
48.925641666666664,-36.096853333333335,3514.059886229708,3479.0,948.6,-1
43.97201,-17.78837,3798.4276986304617,4403.0,694.7,9998
60.14807833333333,-39.14794333333333,2744.4919840284324,2730.0,101.0,9998
35.8814,19.99068,3179.1688546926525,3145.0,780.0,9998
59.51997333333333,-54.04203833333333,3272.9539509340657,3285.0,1195.2,-1
58.75797,-54.18103,3400.903321170312,3402.0,415.8,-1
58.46034,-52.9245,3438.029700222157,3433.0,994.4,-1
56.59048333333333,-50.58961,3613.9782837810694,3617.0,319.5,9998
67.92695,-6.21376,2894.351049813362,2930.0,76.9,9998
54.47478,-36.22356333333333,2751.6661023943643,2753.0,164.1,9998
61.52459,-57.43651,2699.2207815421593,2704.0,1292.0,9998
51.943603333333336,-40.11168833333333,2809.9985303017634,2829.0,2252.3,9998
61.14373333333333,-55.176878333333335,2887.9403237572697,2886.0,1327.8,9998
47.57943,-30.443325,3373.9981267007215,3345.0,1222.3,9998
61.400108333333336,-38.28598,2602.4216241402323,2583.0,484.7,9998
58.331555,-40.473038333333335,3154.2302821826906,3163.0,998.3,9998
35.70944333333333,20.05916,3108.795736668611,3104.0,673.1,9998
51.377651666666665,-47.287441666666666,3616.6051852788546,3676.0,2115.1,-1
-8.793515,-10.689496666666667,3872.1000539401016,3790.0,788.9,-1
43.80545166666667,-17.358413333333335,3464.9745994295563,3412.0,842.8,9998
60.08768333333333,-39.71851,2573.3380322540415,2499.0,856.6,9998
35.61749,20.11142,3055.0112242497894,3073.0,708.7,9998
58.86548,-53.719465,3395.0240954943824,3389.0,310.4,9998
59.89542,-53.47327,3383.0429511780562,3351.0,1224.5,9998
58.79212,-52.65934,3434.037176287664,3395.0,472.1,-1
56.22420833333334,-51.82488,3606.297611562794,3580.0,783.6,9998
67.52170833333334,-6.274358333333334,2989.1268633759128,2971.0,211.1,9998
54.487096666666666,-36.394178333333336,2755.5756833675305,2657.0,438.6,9998
61.43473,-57.72436,2680.660375108496,2668.0,1179.7,9998
52.04722,-40.04455,2794.3223714837477,2817.0,2217.8,9998
60.39333166666667,-54.06762,3174.1956999114104,3185.0,827.0,9998
47.791395,-30.609468333333332,3739.612356993826,3614.0,1113.6,9998
47.48715,-31.08215,3773.8171512884705,3820.0,1024.4,-1
61.13152,-39.84827833333333,2341.118986224654,2397.0,1435.8,9998
58.509435,-39.84572,3117.092949656348,3118.0,611.5,9998
35.602336666666666,20.136643333333332,3066.756662616927,3108.0,749.1,9998
-8.915735,-10.775643333333333,3850.602594312042,3653.0,801.9,-1
43.678578333333334,-17.498985,3266.8126589163794,3275.0,909.1,9998
60.32286,-38.85538,2822.655131771498,2842.0,391.3,9998
35.59928,20.181881666666666,3121.542345103801,3157.0,790.9,9998
59.98186166666667,-54.49349,3278.684487327315,3279.0,955.5,9998
74.85885166666667,6.666123333333333,2410.50307601432,2561.0,655.1,9998
58.874815,-52.296456666666664,3466.177519443104,3476.0,620.9,-1
58.55409,-52.0165,3494.530447875627,3496.0,647.7,-1
56.313855,-51.01676166666667,3616.985709397804,3624.0,353.0,9998
67.11540833333333,-6.1491066666666665,3010.6798424675662,3067.0,428.6,9998
54.459005,-36.33018666666667,2710.5838547323024,2286.0,319.5,9998
61.17037333333333,-57.52747333333333,2766.7549151817725,2772.0,1595.9,9998
52.040728333333334,-40.07872833333333,2808.0178845879527,2814.0,2227.8,9998
59.74026,-54.55331,3300.2045473538824,3357.0,786.0,-1
48.011515,-30.887665,3661.577404760059,3806.0,1335.7,-1
47.691336666666665,-31.360445,3707.4908609458585,3692.0,652.4,9998
60.119218333333336,-39.043655,2741.565155341823,2762.0,114.3,9998
59.10268,-38.96515,3090.584891568181,3094.0,1054.2,9998
35.614525,20.21778,3178.265128536681,3207.0,772.0,9998
43.57700833333333,-17.68652,3212.134698693766,3209.0,940.4,9998
60.34991,-39.08501,2800.169121835511,2792.0,347.7,9998
35.62789,20.30779,3142.075284527497,3118.0,642.0,9998
74.73415333333334,6.9524799999999995,2263.7239854350364,2268.0,430.6,9998
60.060335,-54.65961333333333,3249.402375776511,3242.0,1143.2,9998
59.11207,-51.73292,3470.008683660907,3472.0,1564.0,9998
56.793308333333336,-51.883895,3540.8465009538068,3571.0,132.4,9998
58.590338333333335,-51.68342,3505.2390589119827,3539.0,455.3,-1
0.18342166666666668,-22.1424,3760.2365055433293,3766.0,1794.4,9998
54.44736,-36.15435,2419.8262195350903,2815.0,109.1,9998
51.83784333333333,-40.06999833333333,2729.805074109251,2743.0,2146.9,9998
60.80623,-57.83882,2784.4291060533,2812.0,2371.6,9998
60.43284,-54.91865,3100.991812642356,3100.0,321.5,9998
47.752703333333336,-31.558526666666666,3645.094112293709,3721.0,551.0,9998
47.86336,-31.052795,3799.014064765967,3768.0,950.9,9998
60.75637833333333,-39.064553333333336,2688.625934641458,2707.0,462.3,9998
68.905635,6.529158333333333,3142.03976753937,3143.0,925.7,9998
35.61328,20.39063,3074.5809725079207,3084.0,508.6,9998
70.620985,1.8361283333333334,2995.387188484737,2869.0,148.3,9998
-8.923093333333334,-10.973948333333333,3839.8589200444385,3766.0,801.1,-1
43.75956,-17.682028333333335,3139.7674952811567,3121.0,798.6,9998
60.805321666666664,-37.96391,2864.5674417371556,2858.0,432.2,9998
35.62345,20.41338,3085.3402300520725,3100.0,440.6,9998
75.07023,6.96979,1871.7527139190524,2016.0,339.9,9998
60.008943333333335,-53.711708333333334,3335.238865587181,3334.0,853.1,9998
59.306145,-51.488308333333336,3462.157607131941,3460.0,1263.7,9998
58.72732,-51.51287,3510.0717221992577,3495.0,698.7,9998
56.93468,-51.35767,3575.88023083171,3581.0,602.3,9998
0.3801633333333333,-22.054591666666667,3773.9151488854036,3834.0,794.7,9998
60.02937333333333,-57.74882,2776.7802143247955,2799.0,1639.1,9998
51.897738333333336,-40.49445333333333,2858.9099640283453,2873.0,1848.1,9998
60.47664,-55.745776666666664,3015.0691567580775,3042.0,391.0,9998
48.87394,-36.09546666666667,3843.460966437768,3727.0,1057.7,-1
47.66395166666667,-31.252281666666665,3871.15468701346,3826.0,737.4,9998
58.90528166666667,-36.24524,2575.540957930165,2595.0,202.3,9998
60.036605,-39.50040166666667,2638.8973891582,2648.0,589.8,9998
69.233675,8.017316666666666,3096.133110533264,3082.0,1136.5,9998
35.69334666666666,20.41332,3139.123061248713,3118.0,265.0,9998
-8.942611666666666,-10.975206666666667,3684.5155555483607,3645.0,774.8,-1
43.77247833333333,-17.609056666666667,3389.82655938434,3341.0,879.8,9998
61.045276666666666,-37.92288,2800.993014757687,2808.0,139.1,9998
35.75761166666667,20.391021666666667,3153.7762298634534,3154.0,210.0,9998
60.087665,-54.58867166666667,3246.4689212475173,3299.0,1078.6,9998
75.39922666666666,6.609516666666667,2443.7015039593525,2406.0,297.8,9998
59.34076,-51.603941666666664,3460.198761499419,3461.0,1331.4,9998
58.82484,-51.50056166666667,3502.2484232421994,3493.0,880.4,9998
56.79702833333333,-49.99128666666667,3738.5647873683383,3670.0,302.8,-1
66.55583333333334,-5.284226666666667,2921.9546124214407,3135.0,421.1,9998
58.72602833333333,-58.101085,2838.6578859677934,2771.0,3391.0,-1
52.13496833333333,-40.66628,2933.154405151866,2931.0,1800.0,-1
59.99182666666667,-56.13055333333333,3137.21405944307,3098.0,1380.6,9998
47.53701,-31.61098,3539.865116549025,3463.0,560.0,9998
47.80555,-32.04503,3682.1140203109876,3847.0,570.0,9998
59.05383333333333,-35.823526666666666,2746.6896470233173,2823.0,297.3,9998
69.84892833333333,7.255156666666666,3110.64912862577,3109.0,660.4,9998
35.79188833333333,20.349643333333333,3092.142966439673,3114.0,286.5,9998
50.03703333333333,-45.46538666666667,3802.154986898552,3717.0,3731.2,9998
52.96442666666667,-47.87593666666667,3873.1897950927396,3866.0,859.6,9998
-8.93818,-10.946,3776.3661041588,3764.0,786.0,-1
43.707735,-17.615421666666666,3258.0124630746172,3212.0,895.4,9998
60.25377833333334,-38.074481666666664,3014.146014253551,3008.0,1520.4,9998
35.80437666666667,20.263765,3149.8512246562677,3185.0,507.2,9998
59.76554,-54.512,3275.8153048124586,3317.0,824.7,-1
59.15996666666667,-51.81462833333333,3463.173264694232,3474.0,1635.5,-1
58.97777,-52.111241666666665,3515.8460591309586,3512.0,1058.2,-1
57.01876,-49.47732,3650.8593827935633,3599.0,367.9,-1
66.52710333333333,-5.321225,3005.9179825350593,3170.0,428.8,9998
58.37349,-57.82785,2729.241007027384,2755.0,3351.6,-1
52.13878833333333,-40.17636666666667,3038.7013269040185,2998.0,2374.6,9998
60.1213,-55.13183,3189.876320069843,3216.0,1317.8,9998
47.472926666666666,-31.69223,3645.187826934389,3784.0,569.0,9998
59.02591833333334,-35.643075,2714.4265455983145,2682.0,293.5,9998
59.82981,-39.33961,2779.757334470224,2774.0,285.6,9998
35.72792666666667,20.139773333333334,3244.7217315087705,3257.0,742.3,9998
50.46321,-43.92359,3481.387513091116,4231.0,6380.7,9998
52.930056666666665,-47.81909,3876.1214752810583,3830.0,1032.2,9998
68.992455,1.3448683333333333,3066.9120449149227,3076.0,817.9,9998
-8.87397,-11.18251,3837.9109219880083,3892.0,796.8,-1
43.64243833333333,-17.61291,3024.440487516961,3060.0,871.0,9998
60.92575,-38.37321,2802.974017429182,2794.0,172.2,9998
35.643676666666664,20.249201666666668,3154.7856636542006,3177.0,712.7,9998
60.13018,-53.07249,3333.256439409774,3354.0,602.1,9998
58.69765833333334,-52.734593333333336,3428.215236346938,3456.0,418.7,-1
58.778405,-51.52440333333333,3498.3639741739194,3493.0,789.3,9998
56.8669,-48.29563,3619.7381696643733,3639.0,447.1,9998
76.02654333333334,7.579231666666667,2665.5430370699582,2606.0,573.6,9998
52.17143166666666,-47.13167166666667,3869.5699852855164,3945.0,1077.8,-1
57.66266666666667,-57.10339833333333,2776.3397155259086,2761.0,3722.8,-1
51.881215,-39.62222166666667,3151.1069028289203,3162.0,2494.8,9998
59.76131,-54.86796,3291.421559874593,3270.0,563.7,-1
47.325403333333334,-31.656211666666668,3554.5624471923,3614.0,700.8,9998
59.19025166666667,-35.387406666666664,2819.979746834776,2777.0,385.7,9998
60.81601166666667,-38.76925,2786.381903470766,2799.0,305.4,9998
35.72083,20.24016,3162.5884129362225,3183.0,637.7,9998
50.486913333333334,-45.731765,3485.2809436415732,3527.0,1310.5,-1
-8.919311666666667,-11.08743,3632.713382753475,3601.0,764.9,-1
43.47548,-17.881065,3384.061585136681,3516.0,935.2,9998
61.29114166666667,-39.087335,2562.3312851130145,2553.0,666.1,9998
35.688851666666665,20.214248333333334,3216.379966016431,3218.0,705.9,9998
60.39474166666667,-54.14097,3186.879841346842,3182.0,808.5,9998
56.69776,-47.54173,3470.7049209239367,3593.0,278.6,9998
58.82223,-51.23203,3503.2235957568437,3509.0,998.9,9998
58.49113,-53.1301,3438.0209873683443,3453.0,1049.0,-1
56.964995,-56.154088333333334,2763.7902561505884,2757.0,4172.0,9998
60.149613333333335,-54.629845,3224.991792288331,3223.0,1051.6,9998
52.01746,-39.4248,3606.652188946097,2835.0,2928.8,9998
68.19887833333334,-0.972665,3380.0345249041475,3166.0,990.3,9998
47.12161,-31.406295,3825.5733158224407,3855.0,1187.5,9998
61.12966,-37.99873,2767.74123597802,2783.0,364.7,9998
59.35021666666667,-34.940158333333336,3106.141667650414,3127.0,501.9,9998
70.82716333333333,3.416915,3180.6834740174722,3178.0,640.1,9998
35.61328,20.39063,3109.800085398794,3084.0,514.5,9998
52.77328,-48.27288,3811.928741483265,3800.0,808.1,9998
-8.848675,-11.103938333333334,3855.4928147926626,3890.0,790.4,-1
43.27774,-18.104091666666665,3470.9987753894907,3449.0,899.1,9998
61.12324,-37.607306666666666,2827.3634800552886,2851.0,236.9,9998
35.79675666666667,20.519425,3230.0375278645997,3146.0,244.1,9998
75.99425,5.78426,2246.953150126172,2310.0,816.1,9998
60.39928333333334,-53.599041666666665,3202.489365967276,3195.0,588.5,9998
58.56222,-53.98274,3397.0583152796266,3411.0,718.2,9998
58.7904,-52.31323,3521.7460209480237,3471.0,683.4,-1
56.32126,-47.92223833333333,3602.371036063289,3628.0,128.2,9998
42.18140833333333,-22.247595,3589.417454207647,3500.0,431.4,9998
56.09381,-55.7928,2788.442201671329,2757.0,4301.5,-1
68.39711666666666,-1.1505466666666666,3056.2936152822845,3126.0,1257.9,9998
52.15166,-39.16191,3267.2098701189593,3371.0,2494.8,9998
59.82181,-53.3013,3370.3891854014623,3345.0,1479.6,-1
46.90536,-31.19798,3622.955814733133,3843.0,1706.4,9998
48.34415,-32.80659,3870.9130566557747,3768.0,2237.3,-1
60.91252,-39.77724,2458.664252328653,2431.0,655.7,9998
59.621993333333336,-34.69228,2622.3547261869635,2566.0,436.4,9998
71.086905,2.3434316666666666,3132.8560506249123,3144.0,418.1,9998
36.021836666666665,20.441935,3066.6440766263686,3017.0,264.5,9998
52.517995,-48.35637666666667,3775.989325242048,3743.0,1699.1,9998
-8.898125,-11.214453333333333,3832.0482919108754,3707.0,807.2,-1
43.23691,-18.45053,3368.514172194783,3656.0,740.7,9998
60.82195,-36.945725,2934.904422257962,2927.0,818.3,9998
36.124048333333334,20.342856666666666,3048.0265761287646,3113.0,296.4,9998
60.837808333333335,-52.849215,3184.8170005325924,3190.0,655.9,9998
76.21421333333333,5.822776666666667,2443.614007246309,2545.0,784.1,9998
58.96427833333333,-54.33340666666667,3382.3227633996694,3378.0,591.5,-1
58.79511333333333,-50.777915,3513.9497806600284,3528.0,1027.4,-1
56.299928333333334,-47.17322166666667,3536.1224935988525,3521.0,349.0,9998
55.22383333333333,-53.23001,2761.2675458840067,2899.0,8315.6,9998
46.867126666666664,-30.89335,3052.8673313917625,3378.0,1775.0,-1
52.29794833333333,-38.67700333333333,3354.991814052433,3661.0,2050.5,-1
58.60131,-52.66217,3430.191875327004,3534.0,507.0,-1
60.20292,-39.149831666666664,2682.8759792334604,2750.0,160.0,9998
59.760933333333334,-34.31419,3040.629355525829,3001.0,222.6,9998
36.25853,20.223976666666665,3174.174242908109,3239.0,344.1,9998
52.21924166666667,-47.92305,3810.169787506118,3822.0,1834.9,9998
-8.855166666666667,-11.202956666666667,3834.0062760078995,3813.0,794.4,-1
43.47408333333333,-18.470335,3767.416599632372,3746.0,591.6,9998
61.18624333333333,-35.881856666666664,2913.3307218359937,2934.0,923.9,9998
61.20847166666667,-51.76888,3019.777746333847,3027.0,2182.9,-1
36.32378166666667,20.088686666666668,3184.912441946187,3239.0,216.1,9998
76.48717166666667,6.076903333333333,2380.002514795971,2329.0,629.8,9998
58.98116,-53.99309,3389.1426173719965,3381.0,518.7,-1
59.142606666666666,-50.22284333333333,3477.796277467885,3474.0,177.1,9998
56.373223333333335,-46.05235,3500.0417138928074,3576.0,490.1,9998
54.358113333333336,-51.870215,2764.409794538712,2799.0,4982.2,9998
58.70623833333333,-53.11306666666667,3388.2438638249346,3392.0,407.5,-1
46.77242,-30.788625,3516.7054183354235,3523.0,2142.7,-1
52.34335333333333,-37.844858333333335,3866.5904376637673,3845.0,2011.0,-1
60.31856,-39.56452,2623.1867961899084,2695.0,752.4,9998
59.70494333333333,-34.16333,2822.794587989245,2764.0,249.5,-1
70.76299833333333,0.8891466666666666,3173.8699396436887,3116.0,642.9,9998
36.40129,19.960106666666668,3085.129730557396,3130.0,262.4,9998
52.35696,-48.28352,3739.0372109461814,3723.0,2065.8,-1
69.1149,8.091368333333333,3084.449436706088,3082.0,1217.0,9998
-8.864246666666666,-11.25722,3826.1917562969447,3589.0,801.9,-1
61.338188333333335,-36.577198333333335,2818.520780318416,2804.0,485.9,9998
61.17106666666667,-51.863595,3039.313455607263,3039.0,1045.1,9998
36.48782,19.95625,3189.7554524986854,3128.0,186.7,9998
76.357205,6.32091,2315.4345053152856,2265.0,521.3,9998
59.522328333333334,-49.50341,3393.8680969998704,3447.0,227.7,9998
58.31658,-53.58589333333333,3440.0199395560508,3447.0,1143.4,9998
56.36966,-45.3206,3620.8649740223673,3470.0,514.3,-1
52.928043333333335,-50.79114166666667,2868.4248924027966,2806.0,6546.9,9998
46.69853,-30.64066,3242.4648547545116,3468.0,2006.7,-1
49.31024,-32.01122,3290.502877477292,3411.0,1206.5,-1
59.27283,-52.6668,3462.1669601402864,3455.0,1276.6,-1
52.28530333333333,-37.27007,3874.397383431923,3812.0,2557.7,9998
59.782871666666665,-33.9455,2500.0001409603337,2549.0,517.2,-1
59.63525166666667,-40.602525,2503.9452110308584,2508.0,1350.8,9998
36.582361666666664,19.919036666666667,3133.9878067228724,3128.0,220.2,9998
52.82826,-48.52919,3781.727344422957,3693.0,722.5,9998
-8.87345,-11.273313333333334,3818.376952204884,3513.0,804.5,-1
61.259825,-37.79419,2762.8255092917566,2761.0,457.7,9998
61.45611,-51.32847,2992.3796128346503,2933.0,9948.4,9998
36.683115,19.949246666666667,3232.71856074431,3321.0,391.1,9998
59.46257,-49.24561,3378.2862395562647,3378.0,255.3,9998
56.46846,-46.10171,3461.9994526903697,3455.0,424.3,9998
58.210678333333334,-53.87191,3434.2014463759233,3431.0,1063.3,9998
75.787105,6.681588333333333,2672.410357813565,2524.0,253.7,9998
51.93618,-49.07682,3217.488365701459,3233.0,943.1,-1
59.75411666666667,-52.02162333333333,3399.6536512701164,3401.0,923.3,-1
46.680056666666665,-30.498498333333334,3537.218293800545,3518.0,2156.5,-1
52.285288333333334,-37.02822,3800.4108170153277,3800.0,2302.4,9998
58.83587333333333,-42.497101666666666,2211.21715966524,2228.0,2320.2,9998
59.90810166666667,-33.68292666666667,2847.1814884194882,2731.0,671.2,9998
36.700203333333334,19.971138333333332,3298.2022134143044,3242.0,447.4,9998
70.31392666666666,7.29957,3044.229005449475,3047.0,364.0,9998
-8.749236666666667,-11.223068333333334,3730.465531468787,3609.0,749.5,-1
61.202775,-38.477261666666664,2674.841181065293,2662.0,540.6,9998
60.36310666666667,-49.834046666666666,2954.5465797540887,2945.0,2278.6,9998
61.61850333333334,-54.228503333333336,2896.626181809617,2877.0,2247.5,9998
36.73641,20.07881,3209.240073838321,3366.0,565.6,9998
75.25208666666667,7.110331666666666,2304.7810178430223,2327.0,287.7,9998
56.42518,-46.33009,3445.4399205937557,3435.0,351.8,-1
58.188523333333336,-54.10888833333333,3403.012574916537,3402.0,1202.7,9998
51.51727,-48.54837,3332.784269843115,3369.0,585.8,-1
46.649435,-30.298558333333332,3467.9685132287846,3471.0,1961.8,-1
59.91847,-52.35724,3373.2878149567255,3369.0,970.3,-1
69.41837833333334,-4.225443333333334,3295.9795141831382,3260.0,566.1,9998
52.11141666666666,-36.532401666666665,3598.825419665323,3580.0,2182.7,9998
49.093711666666664,-31.429156666666668,3644.64631732161,3844.0,1522.4,-1
58.42215,-43.98302,2225.99579810129,2242.0,2731.5,9998
60.15461333333333,-33.017286666666664,2449.02143951262,2556.0,688.8,9998
36.79578333333333,20.104158333333334,3186.735361166205,3169.0,655.5,9998
50.006445,-45.31783166666666,3817.7468555663313,3785.0,4458.6,9998
53.40947,-48.57633,3837.023881742898,3837.0,172.8,9998
-8.721798333333334,-11.169621666666666,3594.605105217514,3450.0,730.8,-1
60.809105,-38.54195333333333,2852.8409088530575,2875.0,299.7,9998
61.72166166666667,-53.63306166666667,2892.695494178741,2925.0,2787.8,9998
36.81502166666667,20.190995,3135.879393114437,3243.0,628.3,9998
60.24536,-52.47986,3331.2757187568805,3367.0,399.8,-1
58.71681,-57.5553,3326.8110889604986,2899.0,2816.0,-1
56.534866666666666,-46.113505,3527.2814327792066,3537.0,382.1,9998
52.154043333333334,-36.37631833333333,3233.045200057491,3230.0,1978.5,9998
48.97355,-31.253533333333333,3315.98426998125,3133.0,1489.2,9998
46.73702,-30.275986666666668,3381.0919065160833,3330.0,1882.7,-1
59.88815,-52.50113,3386.9443660683787,3368.0,1208.7,-1
51.35028,-46.8326,3634.155500932946,3649.0,2728.1,9998
60.526181666666666,-32.654151666666664,2471.4653581685716,2395.0,492.5,9998
57.93825,-44.58857,2866.2095626958803,2800.0,164.7,9998
70.11937166666667,-1.335205,3028.6526272630304,3124.0,907.0,9998
36.86053666666667,20.255738333333333,3065.439090504352,3062.0,605.3,9998
53.05620166666667,-48.676705,3773.861206413158,3781.0,588.3,9998
70.97815333333334,7.259238333333333,3018.744620817793,2991.0,917.0,9998
-8.687325,-11.078871666666666,3379.4023895889613,3315.0,692.4,-1
60.4817,-39.4328,2730.7312612533024,2678.0,920.5,9998
36.942906666666666,20.312031666666666,3173.9824679910957,3156.0,589.6,9998
60.63154,-51.47724,3152.66851770117,3139.0,1146.4,9998
59.12591833333333,-54.69489333333333,3345.22761450472,3344.0,1133.0,-1
56.68884833333333,-45.95172,3467.783295275519,3144.0,426.2,9998
60.057075,-53.83956166666667,3331.3257273844943,3295.0,664.9,9998
46.82341666666667,-30.23401,3026.486202308037,2881.0,1712.2,-1
60.50098666666667,-54.076996666666666,3143.918259701263,3141.0,613.3,9998
52.247215,-36.66879333333333,3619.246533031757,3621.0,1992.8,9998
48.904835,-31.424035,3759.6889049313263,3617.0,1598.9,9998
58.42215,-46.01698,2393.5448562807387,2429.0,702.9,9998
60.70141,-32.1452,2569.2989491285703,2589.0,731.0,9998
37.03649166666667,20.331595,3242.3927941051365,3212.0,523.6,9998
52.974718333333335,-48.94527,3652.1393805818643,3656.0,1031.9,9998
70.63903333333333,6.392661666666666,3088.070671980888,3112.0,351.6,9998
-8.720583333333334,-11.005386666666666,3493.875809277586,3520.0,696.5,-1
60.275036666666665,-39.50004833333333,2675.036638234582,2631.0,732.4,9998
61.36996,-51.36357,2959.196219821691,2965.0,8533.3,9998
59.38608,-56.17324,3110.037183825314,3092.0,1422.3,-1
37.14805333333333,20.430396666666667,3291.230473303278,3400.0,457.4,9998
58.58217833333333,-54.192445,3369.753503533265,3418.0,667.4,-1
56.76411,-45.37024,3531.1107762550146,3517.0,356.6,-1
75.36001333333333,6.050653333333333,2579.6197347637203,2635.0,561.7,9998
46.72880833333333,-30.172463333333333,3181.895955006595,3309.0,1679.8,-1
59.96881,-53.64601,3339.1498395697336,3339.0,968.7,9998
48.935046666666665,-31.534633333333332,3457.486209696196,3350.0,1490.1,-1
51.86951333333333,-36.19457166666667,3594.0303756490734,3677.0,2097.7,9998
60.95713166666667,-31.85407,2450.8239989195154,2238.0,676.0,9998
58.77110166666667,-45.79701333333333,2560.8900064095387,2592.0,259.2,9998
69.17497166666666,1.5458116666666668,3109.8007084438373,3155.0,1115.2,9998
37.285668333333334,20.507985,3469.9588640224165,3509.0,564.0,9998
53.11409,-49.31444,3588.759001655315,3686.0,1285.4,9998
-8.783135,-10.939173333333333,3756.8430419522306,3774.0,744.7,-1
60.459696666666666,-39.24355166666667,2853.8967865467334,2800.0,774.7,9998
61.623835,-53.54604833333333,2958.1613981688934,3001.0,2594.4,9998
59.29291,-56.44994166666667,3089.5609110037585,3078.0,1487.8,-1
37.37944,20.55076,3289.2082451861643,3641.0,392.3,9998
58.64858,-53.95742,3412.63218331478,3418.0,506.6,9998
57.159,-44.76614,3501.758063159516,3522.0,156.2,-1
60.55533666666667,-52.18244333333333,3228.7899476434236,3232.0,210.8,9998
52.04427,-35.68005,3335.553926666399,3147.0,2519.9,-1
46.682125,-30.054523333333332,3467.958070094463,3395.0,1800.6,-1
48.991945,-31.34164,3515.989032554196,3441.0,1504.4,9998
61.22945333333333,-31.105755,2274.4879575244195,2157.0,416.3,9998
58.97978333333333,-46.75223,2777.015592230274,2811.0,630.9,9998
37.50152,20.627676666666666,3418.1336142264868,3167.0,320.1,9998
53.159655,-49.062153333333335,3698.838298332667,3701.0,911.0,9998
60.29157166666667,-39.51569833333333,2558.6186836774277,2672.0,710.4,9998
60.78193,-53.76196,3084.3127357205826,3074.0,664.2,9998
75.02236,7.09061,2158.9210606724255,2300.0,373.9,9998
37.54629833333333,20.542183333333334,3294.0456216144003,3113.0,470.7,9998
59.81352,-55.789195,3228.005222806825,3187.0,1108.1,-1
57.20674,-44.28886833333333,3508.5658302845054,3489.0,137.2,-1
58.29373,-52.93903,3460.4951297360644,3453.0,1519.8,-1
46.782896666666666,-29.934923333333334,2703.65127853141,3230.0,1440.9,-1
60.70202666666667,-51.200265,3090.188883374814,3114.0,1114.3,9998
48.93593833333333,-31.037511666666667,3267.1847947944684,3439.0,1623.7,9998
51.65800333333333,-35.19760333333333,3786.01802400658,3959.0,2807.9,9998
61.08050166666666,-30.695983333333334,2331.333452896239,2181.0,652.1,9998
58.89966,-46.47871166666667,2668.4863539392345,2663.0,576.5,9998
37.610908333333334,20.428986666666667,3444.46913811319,3449.0,710.1,9998
53.063961666666664,-49.423975,3600.469027032587,3587.0,1640.5,9998
-8.834486666666667,-11.090355,3852.564578611304,3860.0,784.8,-1
59.51682,-41.639831666666666,2094.4213368251267,2103.0,3360.8,9998
43.78158,-17.83748,3874.488328730177,3789.0,822.9,9998
60.54199333333333,-53.70180833333333,3147.811553914219,3125.0,402.8,9998
74.266255,7.4559,2278.458564442066,1892.0,539.9,9998
59.85817333333333,-55.47793,3181.1617058916677,3181.0,815.5,-1
57.24644333333333,-44.20112833333334,3507.5795917409355,3476.0,141.8,-1
57.08528,-52.86607,3458.8944622924446,3476.0,1655.8,9998
37.580891666666666,20.272536666666667,3517.7088139308726,3518.0,426.8,9998
61.21230833333333,-51.242151666666665,3010.989195828956,3016.0,6522.0,9998
46.83482333333333,-29.914766666666665,3195.541023851846,3356.0,1718.9,-1
48.646253333333334,-30.971436666666666,3590.206621341963,3678.0,1694.0,-1
51.61501666666667,-34.491816666666665,3760.7126005876726,3705.0,2740.1,-1
61.290825,-30.31917,2016.6468593404393,2050.0,810.0,9998
58.86239833333333,-46.25148333333333,2662.6254830213807,2661.0,501.6,-1
37.516801666666666,20.177056666666665,3253.0062931849757,3191.0,463.9,9998
53.107135,-49.063916666666664,3681.322035863212,3707.0,975.4,9998
35.87754,-14.83152,3191.882224081798,3194.0,1148.5,9998
-8.889761666666667,-11.406913333333334,3660.086403898414,3627.0,777.5,-1
58.67526,-43.15544166666667,2200.46323972643,2216.0,2659.8,9998
59.73458,-56.54669,3027.9421234054926,3021.0,1426.9,-1
37.51342,20.15331,3191.4208747519833,3189.0,446.1,9998
60.01495333333333,-54.12778,3306.9583595790023,3315.0,590.5,9998
57.54775,-43.77107,3425.617109033596,3426.0,830.3,9998
57.32474166666667,-53.19286666666667,3431.530357669534,3502.0,2379.2,-1
74.71062,6.494231666666667,2490.7244028784635,2484.0,812.8,9998
61.97382,-52.867313333333335,2882.870246297512,2876.0,3859.7,9998
46.83584333333334,-29.81129,3521.561875683359,3299.0,1937.6,-1
51.49154,-33.919491666666666,3620.466284274049,3883.0,2476.1,9998
37.35153666666667,-19.124818333333334,3630.0225148481927,3667.0,248.3,9998
61.602731666666664,-30.115363333333335,2157.8025881779063,2144.0,662.9,9998
58.530008333333335,-45.867443333333334,2481.654074776169,2470.0,833.0,9998
37.50977,19.90962,3212.9302461938237,3314.0,317.2,9998
53.01963333333333,-49.30761666666667,3574.170535421392,3578.0,1510.3,9998
35.80674,-15.09974,2616.1695968007643,2618.0,848.7,9998
-8.947556666666667,-11.712731666666667,3493.853639913482,3333.0,740.5,-1
58.84614666666667,-45.085465,2265.1214528619626,2341.0,572.0,9998
37.5549,19.68125,3153.2756331334144,3348.0,961.7,9998
59.44460333333333,-56.32885,3070.974140782764,3077.0,1414.2,9998
59.63982333333333,-53.43736666666667,3378.237925172698,3373.0,1505.1,9998
57.64806,-43.5312,3390.490553400408,3402.0,998.7,9998
75.116775,6.619001666666667,2536.634004445948,2295.0,506.8,9998
57.70717333333333,-52.06369,3513.2912072217664,3566.0,835.7,9998
61.630271666666665,-54.05833833333333,2894.6697277840353,2885.0,2338.2,9998
46.91782,-29.81006,3309.7758026022866,3350.0,1821.8,9998
48.246766666666666,-31.847018333333335,3816.4124318161166,3882.0,1841.5,9998
51.50498,-33.38281333333333,3832.8076607616263,3736.0,2257.0,-1
61.71619,-30.35532,2184.248917113176,2213.0,319.8,9998
58.84382166666666,-45.417543333333334,2418.9249756962226,2484.0,256.2,9998
52.60127166666667,-24.162613333333333,3694.1512865992804,3837.0,1670.6,-1
52.619438333333335,-24.160413333333334,3746.740845770254,3879.0,1604.4,-1
69.46950333333334,1.4056033333333333,3081.4559941578623,3158.0,2831.1,9998
37.497615,20.136131666666667,3121.019615717117,3227.0,447.9,9998
53.20388333333333,-49.609626666666664,3551.69558342982,3605.0,1653.2,9998
35.95952333333334,-15.334953333333333,2732.7733567139326,2701.0,538.4,9998
55.59568,-26.7354,3201.8128262135037,3186.0,1629.8,9998
55.60591333333333,-26.72636333333333,3203.762054299053,3169.0,1608.4,9998
59.60916,-47.108776666666664,2493.182981302705,2511.0,2839.1,9998
57.668591666666664,-28.858358333333335,2456.3731805723587,2457.0,341.7,9998
57.67022,-28.9048,2459.3104641302584,2443.0,332.5,9998
60.464855,-51.44197333333334,3187.8378226898844,3202.0,655.6,9998
59.344635,-56.025486666666666,3118.8326017284985,3117.0,1462.5,-1
57.781495,-43.726771666666664,3311.4630483655355,3331.0,1495.8,9998
58.21756333333333,-52.170955,3429.3255502471966,3403.0,571.2,-1
75.17232833333334,6.087811666666667,2479.9138932525716,2476.0,664.5,9998
58.99222,-33.14938,2268.034343279042,2230.0,737.5,9998
59.024861666666666,-33.17892666666667,2258.2284754803677,2215.0,771.6,9998
59.267985,-35.87896166666667,3105.1862186808075,3106.0,147.6,9998
59.258831666666666,-35.89409,3103.236201619669,3113.0,151.8,9998
60.56722833333333,-54.87697166666667,3043.3629557655895,3040.0,150.4,9998
59.59655,-38.180051666666664,3057.2680734749392,3069.0,1502.5,9998
59.601173333333335,-38.16787166666667,3057.266934033947,3072.0,1504.0,9998
46.8697,-29.611453333333333,3468.873782456381,3084.0,1971.2,-1
51.6364,-32.93664,3729.5383360056667,3738.0,1649.7,9998
61.769935,-30.13324666666667,2075.4178762348183,2147.0,350.4,9998
59.76324,-41.01843,2250.2538033225023,2201.0,2772.6,9998
59.747794999999996,-40.970733333333335,2260.0562139550793,2253.0,2592.1,9998
59.07201333333333,-46.10312666666667,2485.459900150739,2490.0,610.3,9998
53.07182,-24.5082,3708.6073429463613,3740.0,2269.6,-1
52.97046666666667,-24.311283333333332,3743.70235970084,3582.0,704.9,-1
37.447943333333335,20.147111666666667,2584.4188330362617,2555.0,438.0,9998
53.70719833333333,-50.19994666666667,3439.425575764617,3450.0,1913.1,9998
35.97517,-15.397435,2601.4241916638916,2682.0,419.0,9998
-9.439145,-11.800996666666666,3324.5175005987103,3231.0,753.6,-1
55.710185,-26.421548333333334,3098.298720151447,3134.0,2020.0,9998
55.691325,-26.484943333333334,3108.068358810171,3111.0,1903.1,9998
57.49579,-29.754305,2267.3347645610024,2284.0,502.5,9998
57.58835833333333,-29.789718333333333,2311.416342205198,2443.0,434.1,-1
37.43116833333333,20.145046666666666,2737.316770017406,2789.0,482.1,9998
60.86025166666667,-50.066595,2901.68207042357,2879.0,13119.6,9998
60.07998333333333,-50.80780333333333,3216.2295201717975,3243.0,266.9,9998
59.54613666666667,-55.64328166666667,3217.3429835524307,3175.0,1056.6,-1
57.755691666666664,-42.99310166666667,3359.257605575613,3363.0,901.5,9998
59.05155,-52.8651,3428.116095409527,3446.0,431.8,-1
59.060715,-33.121851666666664,2123.919381646175,2116.0,655.3,9998
59.000218333333336,-33.274006666666665,2242.5523171479635,2130.0,912.4,9998
59.12703666666667,-36.30207,3105.221772462196,3105.0,384.2,9998
59.11622,-36.32277666666667,3106.2006711414224,3094.0,389.1,9998
49.357616666666665,-21.964506666666665,3773.170579210356,3795.0,2069.2,-1
60.69104333333333,-55.87636166666667,2967.16690048515,2977.0,399.0,9998
59.65542666666666,-37.743665,3097.279833659789,3126.0,1092.8,9998
59.64742833333333,-37.749606666666665,3102.162581251135,3119.0,1101.7,9998
51.76203666666667,-33.094465,3311.2427574568615,3314.0,1604.8,-1
46.83345166666667,-29.584861666666665,3464.9828386494437,3240.0,1969.2,-1
48.646395,-32.249941666666665,3689.626143994841,3707.0,2049.8,9998
62.06523333333333,-30.320646666666665,2112.630630144476,2122.0,206.0,9998
59.403263333333335,-41.589325,2304.2129773639767,2284.0,3071.9,9998
59.288625,-41.627915,2367.910246383644,2374.0,2644.6,9998
60.02562666666667,-47.99059333333334,2853.995375865171,2967.0,12861.2,9998
52.697736666666664,-24.025953333333334,3876.2015218171055,3893.0,1756.0,9998
37.45692,20.109301666666667,2842.1176243638924,2793.0,429.5,9998
53.66143,-50.18668,3475.5166746203004,3449.0,1934.8,9998
-9.451743333333333,-11.958188333333334,3300.042176280653,3266.0,852.0,-1
55.558465,-26.399493333333332,3266.2317604551713,3305.0,2688.2,9998
55.574135,-26.300211666666666,3271.1060200719517,3329.0,2779.6,9998
57.037791666666664,-30.966041666666666,2241.9371890856864,2265.0,121.1,9998
56.87829,-31.0313,2304.6946123474936,2435.0,139.4,9998
37.44432666666667,20.12265,2792.1722621069184,2837.0,451.3,9998
60.79113666666667,-51.58494,3092.119396407759,3118.0,1351.8,9998
57.98065,-43.56551,3192.3842046787377,3188.0,1192.7,9998
60.188225,-50.63779,3194.73777179138,3170.0,962.7,9998
59.42672666666667,-55.604288333333336,3223.227800372571,3221.0,1241.0,-1
59.25592,-53.28556833333333,3365.668178497227,3365.0,1009.4,-1
75.476065,6.1843216666666665,2431.9555182706004,2364.0,485.4,9998
59.01157333333333,-33.358556666666665,2201.3829912918995,2243.0,1034.3,9998
59.020655,-33.06545833333333,2203.3418848642186,2307.0,622.7,9998
59.09184666666667,-35.87522666666667,2753.525503758494,2810.0,265.6,9998
59.07317,-35.80281,2874.7370038316835,2774.0,278.2,9998
49.56339,-21.572573333333334,3838.3504068002085,3815.0,1625.0,-1
59.678596666666664,-39.179175,2879.481833963322,2867.0,430.8,9998
59.70027666666667,-39.113126666666666,2886.3166400146256,2883.0,463.3,9998
51.87573,-33.20657,2992.8452255114476,3380.0,1884.5,-1
60.304543333333335,-56.580666666666666,3049.2843484026553,3120.0,428.6,9998
46.771638333333335,-29.640055,3440.6100939784524,3344.0,1985.6,-1
62.03655,-30.29496,2101.85018570822,2107.0,189.5,9998
48.80616,-32.25382,3855.1699953720786,3838.0,1946.6,9998
58.61629,-42.85728,2436.5968468893457,2399.0,1938.8,9998
61.57038333333333,-51.65033666666667,2924.9655186375144,2937.0,8660.9,9998
52.506083333333336,-23.828196666666667,3480.7480144620395,3432.0,2556.0,-1
53.7122,-49.97717,3533.991930111294,3533.0,1597.0,9998
49.94025,-38.62039,3788.553817580051,4103.0,4034.4,-1
35.94617,-15.490481666666666,2959.9934320890948,2690.0,391.3,9998
-9.409743333333333,-11.894345,3213.875781476899,3249.0,760.7,-1
55.738365,-25.598375,3353.9793897032237,3362.0,2040.6,-1
55.706385,-25.500985,3459.300408323584,3367.0,1569.6,9998
56.806125,-31.174931666666666,2542.7109491849774,2555.0,245.3,9998
37.45943,20.108163333333334,2831.3447578172227,2891.0,423.6,9998
61.12786666666667,-51.820766666666664,3036.394772005398,3046.0,684.7,9998
58.021665,-42.93430333333333,3223.598899506374,3249.0,1278.5,9998
59.95301,-52.05593,3367.428960538763,3371.0,643.6,9998
59.44434,-55.42973,3256.3916256195944,3252.0,1250.7,-1
58.77759666666667,-52.94233166666667,3506.1596500865016,3406.0,311.9,-1
58.97033833333333,-33.23460333333333,2180.803730882327,2197.0,823.7,9998
58.96644,-33.11134,2266.0791729266675,2264.0,716.4,9998
59.00140666666667,-35.733165,2578.456421585359,2544.0,326.7,9998
58.84733666666666,-35.60725,2646.977307052467,2849.0,554.0,9998
59.549506666666666,-40.26744,2703.5542266138136,2700.0,751.1,9998
59.642966666666666,-40.36304166666667,2801.304947502605,2755.0,1101.5,9998
59.93598,-55.83321,3150.8910943564583,3174.0,1290.1,-1
51.63261333333333,-33.64785,3235.148787685935,3043.0,1956.4,-1
46.782915,-29.766993333333332,3254.1589250617003,3331.0,1820.7,-1
62.25811,-29.74018166666667,1935.0695807856312,1915.0,189.3,9998
58.21749,-46.12448666666667,2588.4083116377747,2607.0,749.7,9998
61.370198333333335,-53.01918166666667,3054.8863547218884,3102.0,1601.1,9998
58.08479,-43.22389833333333,3176.742259385915,3167.0,1069.8,9998
52.13881166666667,-24.670223333333333,3321.864990514236,3435.0,1897.2,9998
37.47468333333333,20.110008333333333,2891.071027267593,2796.0,415.8,9998
53.900445,-49.90564833333333,3610.9213686734192,3667.0,1542.0,9998
35.985575,-15.606036666666666,3139.042756188317,3112.0,332.5,9998
-9.45246,-11.93397,3277.523552784738,3252.0,828.1,-1
55.95979333333333,-26.404688333333333,3124.595219027581,3126.0,1413.7,9998
55.80129,-25.394791666666666,3389.0705177544046,3266.0,1609.2,9998
55.88968,-31.737621666666666,2439.113805798915,2455.0,782.4,9998
56.825965,-31.071155,2503.547508999832,2524.0,228.2,9998
37.45506833333334,20.141896666666668,2671.658260240549,2717.0,439.1,9998
61.803068333333336,-52.50437,2990.3464980589256,2936.0,5272.0,9998
59.55136,-56.23142,3146.108811535384,3116.0,1455.5,-1
59.60479,-53.75378,3357.773325586155,3322.0,1248.3,-1
57.66239,-43.00873,3391.4615126622643,3386.0,581.1,9998
58.378695,-52.89949,3447.8000828176678,3438.0,1267.4,-1
59.02777,-33.20359,2229.8058989357432,2232.0,802.9,9998
59.00133833333334,-33.236338333333336,2269.9925732448223,2221.0,865.2,9998
58.816383333333334,-35.906528333333334,2606.871879580409,2575.0,311.6,9998
58.84118,-35.49739,2956.8627425883587,3139.0,722.7,9998
58.71264,-42.36196,2704.7162596645608,2490.0,1956.8,9998
58.71308666666667,-41.89223166666667,2810.314534660384,2859.0,733.8,9998
60.2129,-55.88938,3147.893766596284,3124.0,1305.2,9998
46.939508333333336,-29.956263333333332,3368.340475275692,3262.0,1830.5,9998
51.591611666666665,-33.518595,3572.6769376262127,3270.0,2054.1,-1
62.02883333333333,-29.744548333333334,2004.7611162127505,2012.0,525.4,9998
58.617115,-46.12266666666667,2540.3695034945904,2556.0,474.6,9998
61.65192,-53.25092,2967.9210454696154,2968.0,3022.7,9998
57.94768833333333,-43.38796833333333,3239.2299023933087,3263.0,1372.8,9998
52.16981833333333,-25.480675,3474.026807317335,3449.0,1883.8,9998
68.64678833333333,4.504626666666667,3040.633782704242,3021.0,659.2,9998
37.442618333333336,20.169176666666665,2567.7520133352145,2561.0,460.9,9998
54.59,-49.33827,3686.685939491284,3681.0,631.8,9998
35.91117333333333,-15.579371666666667,2972.7275160479603,2869.0,414.6,9998
-9.590461666666666,-11.970243333333332,3384.2074749880762,3377.0,989.9,-1
56.16419,-25.997156666666665,3194.8247706043635,3189.0,2391.9,-1
56.012233333333334,-25.51357,3307.080402481014,3314.0,2544.1,-1
56.7225,-31.380338333333334,2433.0643659534485,2566.0,623.4,9998
55.664833333333334,-32.407095,2455.8110639374886,2479.0,628.0,9998
61.89668,-55.51323166666667,2706.9654263908133,2698.0,1537.5,9998
59.39452,-56.07552,3097.3450704077727,3107.0,1407.4,-1
59.42068166666667,-54.146565,3325.645264807501,3304.0,1269.0,-1
57.39318,-43.07047,3404.2129637733105,3409.0,237.3,9998
58.52059,-53.67969,3425.3407250743853,3404.0,890.8,-1
46.513785,-18.389635,3665.006218285272,3817.0,439.8,-1
37.35893333333333,20.152526666666667,3781.212554967048,3764.0,749.9,9998
59.084535,-33.3963,2093.5139969292713,2492.0,1086.8,9998
59.054875,-33.215293333333335,2267.042800390358,2154.0,846.6,9998
58.76797666666667,-36.205828333333336,2504.1216166492286,2721.0,267.2,9998
58.72392166666667,-35.732169999999996,2790.7606831488597,2805.0,525.1,9998
40.62886,-21.45875,3341.9724639439796,3462.0,254.7,9998
58.1548,-44.42322,2528.7205281887323,2522.0,1503.3,9998
58.244186666666664,-41.564865,3144.4926199578213,3154.0,984.5,9998
51.648425,-33.424745,3259.5484622079844,3179.0,1699.9,-1
59.9849,-55.55425,3270.8809469601997,3229.0,1263.9,9998
47.076346666666666,-30.070085,3292.1532950263995,3337.0,1805.9,9998
49.917813333333335,-32.04866833333333,3534.2190407663647,3591.0,2328.0,-1
61.89719,-29.35775,2039.1115988043161,1859.0,2186.5,9998
59.00700833333333,-45.979501666666664,2512.882507275027,2522.0,314.5,9998
61.8626,-53.042498333333334,2927.8299061810567,2903.0,3845.1,9998
57.81997333333333,-44.10024666666666,3205.112980571143,3242.0,1296.0,9998
52.12246833333333,-25.611356666666666,3419.4279028236615,3362.0,1928.6,9998
68.71102166666667,6.6726383333333334,2953.760872303207,2996.0,313.5,9998
37.37879,20.16459,3481.6474946529497,3844.0,689.6,9998
54.26379,-50.21802,3425.6058196991075,3477.0,1535.4,9998
35.80296,-15.46485,2800.413923348293,2774.0,616.2,9998
-9.45009,-12.03877,3399.8794891062353,3359.0,937.6,-1
56.31650666666667,-26.169706666666666,3064.9367598772205,3058.0,1620.1,9998
56.24924333333333,-24.750846666666668,3260.1841647282668,3267.0,1097.4,9998
56.62506333333333,-31.618438333333334,2494.7781715317383,2512.0,704.2,9998
55.27039833333333,-32.58554,2539.1289322048224,2532.0,824.9,-1
62.020783333333334,-55.524295,2670.7605948340893,2662.0,1056.0,9998
59.67386333333334,-55.41974333333334,3136.3181205481933,3236.0,661.0,-1
59.69606,-53.98308,3306.0677168660127,3311.0,1122.6,9998
57.26588,-42.88932,3398.3993175631404,3418.0,235.9,-1
58.79654,-53.94717,3402.8423299673846,3418.0,366.1,9998
75.70671,5.37841,2492.5669708917485,2704.0,658.9,9998
59.129783333333336,-33.56662333333333,2137.6355757929346,2136.0,1249.2,9998
59.07113,-33.3223,2225.8774586602244,1824.0,1033.8,9998
58.762535,-36.313921666666666,3001.812764479986,2925.0,402.0,9998
58.683051666666664,-35.754378333333335,3097.5246147121093,3035.0,597.3,9998
58.43815333333333,-45.687455,2412.15016956298,2416.0,777.8,9998
58.50499666666666,-43.07581166666667,2644.1167763079393,2549.0,1895.3,9998
60.23979,-56.0495,3115.680337519209,3110.0,1018.7,9998
51.72967333333333,-33.365523333333336,3134.547040036582,2803.0,1692.5,-1
47.238545,-30.108056666666666,3406.3096974055447,3368.0,1772.4,-1
52.57421,-42.03547,3559.6920091458533,3744.0,1038.5,9998
50.18846333333333,-31.707335,3750.4826775125925,3574.0,2740.8,-1
61.89126666666667,-29.761643333333332,2072.4566395459788,2075.0,896.0,9998
62.133226666666665,-53.03601666666667,2814.4392371617755,2852.0,2442.3,9998
59.94981666666666,-47.39094166666667,2766.0442777744506,2727.0,13713.9,9998
57.74261333333333,-44.331685,3190.4956274803026,3215.0,1346.4,9998
52.00373,-25.80915,3244.8028152302263,3440.0,1807.4,9998
68.82259166666667,7.546435,3036.697318884978,3029.0,772.3,9998
53.63811333333334,-50.085275,3495.0226023506157,3496.0,1769.1,9998
49.491506666666666,-37.8928,3817.925797093313,4046.0,4747.5,-1
35.81934,-15.390236666666667,3076.482321042791,3039.0,675.0,9998
-9.364756666666667,-12.117753333333333,3384.2303296174805,3168.0,872.2,-1
56.30805,-24.339188333333333,3194.7855586186392,3198.0,987.7,9998
56.333845,-24.679918333333333,3243.5730074533167,3237.0,1312.5,9998
56.040641666666666,-32.12307666666667,2371.4911475385975,2440.0,953.3,9998
54.93543666666667,-33.08119666666666,2514.7245668036912,2628.0,694.8,-1
62.07207,-56.616476666666664,2598.3740640057795,2601.0,516.1,9998
60.11485166666667,-55.95279166666667,3186.950808971008,3185.0,1458.8,9998
59.81543,-53.4011,3377.215325804469,3371.0,1454.8,9998
57.34438333333333,-42.77332666666667,3392.526795684024,3414.0,299.7,-1
59.01454,-53.772238333333334,3385.2337090433343,3379.0,474.0,9998
59.105761666666666,-33.356184999999996,2319.944655064832,2347.0,1151.9,9998
59.171018333333336,-33.29542166666667,2336.5867978254964,2165.0,1085.7,9998
58.521406666666664,-35.92664333333333,2781.0305818291235,2832.0,663.1,9998
58.725975,-36.000445,2938.329412230657,3164.0,322.2,9998
58.88105,-45.358845,2469.834352514438,2495.0,406.6,9998
57.881393333333335,-45.697925,2425.9724378359574,2510.0,841.8,9998
51.854835,-33.238055,2832.5162912214882,3171.0,1732.8,-1
59.792343333333335,-55.96067166666667,3067.9592657185485,3089.0,1268.3,-1
47.33846166666667,-30.164688333333334,3515.54684866601,3475.0,1757.2,-1
50.28883,-31.36833,3643.275221660926,3464.0,2590.9,9998
61.834988333333335,-29.975571666666667,2105.8046469707215,2109.0,493.4,9998
61.97461166666667,-53.87092833333333,2794.9275021711533,2831.0,2380.2,9998
60.62591166666667,-49.48222333333333,2824.542005897098,2825.0,14116.8,9998
57.60565,-43.39046,3397.3276054177227,3398.0,655.2,-1
68.43380666666667,7.992516666666667,2792.6837842722202,2792.0,1373.5,9998
53.286633333333334,-50.27252166666667,3394.6907705277313,3346.0,1569.9,9998
35.79942,-15.32502,3084.3144464698084,3098.0,747.2,9998
-9.206855000000001,-12.139231666666667,3263.8391029751983,3166.0,746.6,-1
55.92636666666667,-25.029511666666668,3185.129232552371,3169.0,807.1,9998
55.870345,-25.650103333333334,3397.8268231596776,3332.0,2656.1,9998
55.9595,-31.93068,2352.8917120577153,2320.0,915.3,9998
54.76333,-33.44868,2516.72056436558,2537.0,477.2,9998
62.000238333333336,-55.883273333333335,2656.095851812424,2643.0,1232.2,9998
60.02477,-57.58385,2830.540957493709,2803.0,1451.6,9998
59.872695,-53.00671,3370.3754279944733,3374.0,1349.0,-1
57.65913166666667,-42.406773333333334,3370.0111068737265,3348.0,854.3,9998
59.32264,-52.87708,3441.6861810150153,3443.0,1258.8,-1
59.12916333333333,-33.26832666666667,2127.8299624618544,2121.0,923.0,9998
59.327395,-32.90540333333333,2520.647491164095,2564.0,609.3,9998
58.58023,-35.96161,2962.7871662041944,2940.0,612.1,9998
58.40215166666667,-36.646613333333335,3195.200393147939,3190.0,331.1,9998
59.55314,-47.2026,2563.662946724802,2703.0,849.6,9998
58.16431333333333,-46.17678,2617.774868496943,2657.0,678.4,9998
51.939148333333335,-33.304935,3073.927562830913,3358.0,2282.7,9998
59.74444666666667,-56.553515,3020.127869449078,3017.0,1413.5,-1
47.41449,-30.388865,3383.808962711456,3317.0,1491.1,-1
50.290353333333336,-30.961753333333334,3539.9494959251833,3525.0,2371.4,-1
62.166426666666666,-30.515,2150.847545349283,2126.0,212.0,9998
61.74661,-55.99478,2741.2152728457436,2715.0,1796.5,9998
61.29268666666667,-51.44294,3004.1353068939625,2992.0,6321.6,9998
57.371206666666666,-43.55581166666666,3425.667750308714,3451.0,132.5,9998
68.22318833333334,8.612391666666667,2471.0777969725837,2473.0,1167.4,9998
51.776041666666664,-26.762583333333332,3834.661474936244,3852.0,2213.8,-1
53.08584166666667,-50.09564,3320.6091006575684,3315.0,1250.1,9998
35.6617,-15.20473,3082.3948973532474,3066.0,1024.9,9998
-9.189156666666667,-12.13467,3239.359762835247,3164.0,733.9,-1
55.699463333333334,-26.371916666666667,3165.668496984511,3183.0,2247.8,9998
55.89242,-25.59258,3360.7622309000344,3444.0,2511.3,9998
55.98555,-32.39552166666667,2179.387295267192,2173.0,858.2,9998
54.73571666666667,-33.56523333333333,2383.5161190255353,2400.0,490.2,9998
61.296798333333335,-56.1953,2832.2113864052576,2820.0,1437.6,9998
59.41846,-57.9722,2808.1981635328657,2767.0,2608.7,-1
58.042805,-41.97150666666667,3158.2097400711295,3169.0,961.5,9998
60.41778,-53.87114,3206.3871565166164,3193.0,805.0,9998
60.48753,-53.0573,3263.922744464883,3250.0,294.8,-1
59.103415,-33.02357666666666,2227.831894044007,2257.0,578.4,9998
59.60899,-32.72671,2458.9192239790023,2357.0,465.1,-1
58.39226,-36.93835,2900.3046619767883,2917.0,585.2,9998
58.81115,-46.84690666666667,2688.06791591664,2694.0,41.7,9998
60.70237,-49.66897,2821.5930426859004,2782.0,14015.3,9998
59.168056666666665,-57.46836,2945.0616788874318,2956.0,1516.5,9998
47.52263333333333,-30.899043333333335,3419.882001010932,3520.0,974.0,-1
52.063543333333335,-33.178581666666666,3575.449774269302,3624.0,2951.6,9998
50.236225,-30.396188333333335,3539.966882639168,3474.0,2245.0,-1
52.963323333333335,-43.71587666666667,3697.9286366873766,3699.0,379.6,9998
62.50742,-30.28439,2189.9972943786192,2260.0,164.3,9998
61.60761,-56.43544,2761.77345938297,2737.0,1856.7,9998
61.379805,-54.451748333333335,2925.9855158112596,2834.0,1809.7,9998
57.442103333333336,-44.117085,3448.0684749710745,3465.0,691.6,9998
68.13980166666667,8.931301666666666,2396.7216773627442,2374.0,412.5,9998
51.85568166666667,-27.141193333333334,3828.792658954083,3817.0,2966.2,-1
52.74050666666667,-49.406546666666664,3481.650383918394,3485.0,1971.4,-1
35.641461666666665,-15.139438333333333,2996.2885788101403,2940.0,1029.0,9998
-9.21434,-12.175185,3257.963200165094,3076.0,749.1,-1
55.268433333333334,-27.350043333333332,3158.9524991813128,3121.0,1065.5,-1
55.746986666666665,-26.073131666666665,3255.4455068433094,3297.0,2826.7,9998
54.630275,-33.78277833333333,2336.5024057738483,2354.0,755.5,9998
55.995075,-33.15497666666667,2423.4203074999755,2323.0,247.6,9998
61.33370166666667,-56.807671666666664,2795.0657666918682,2785.0,1673.9,9998
58.332565,-57.87598833333333,2774.2299287459473,2764.0,3415.2,-1
58.40942,-41.07646,3147.3778735720107,3148.0,1081.5,9998
60.245205,-54.462801666666664,3205.4554831092287,3207.0,901.4,9998
60.422655,-53.26197833333333,3256.136529288044,3216.0,51.3,9998
75.8539,5.43338,2363.434156737722,2538.0,684.1,9998
59.842558333333336,-32.536368333333336,2322.7454812371343,2180.0,642.2,9998
58.834535,-33.17163166666667,2516.833303802737,2541.0,842.7,9998
58.32067333333333,-36.94042833333334,2950.150804956151,2919.0,641.5,9998
58.35637833333333,-36.139745,3093.702747796538,3057.0,684.3,9998
59.05936833333333,-46.71047,2773.0869560644223,2776.0,374.7,9998
58.46752,-57.26065,2946.2073960012517,2974.0,2716.9,-1
61.219615,-51.87481,3019.7751231910042,3020.0,1729.6,9998
49.956425,-29.92816,3118.442774812244,2928.0,1901.4,-1
53.18955166666667,-43.86398,3713.4385666944127,3731.0,540.1,-1
47.41679,-31.33657,3824.495446857521,3770.0,888.6,-1
62.20112,-31.55713,2161.624325511621,2438.0,491.5,9998
61.56067,-55.576368333333335,2772.5359208967116,2781.0,2180.4,9998
61.453825,-54.42500833333333,2908.385817290888,2815.0,1908.6,-1
57.66168833333333,-43.682291666666664,3375.8609563895834,3382.0,1194.4,9998
68.23279666666667,9.374215,2213.6112646460383,2239.0,478.7,9998
52.002626666666664,-27.212745,3822.9007419969,3779.0,3294.9,9998
51.96857833333333,-48.94753,3292.639343626552,3348.0,1579.2,-1
-9.237893333333334,-12.231618333333333,3116.9092893666757,3024.0,723.0,9998
35.568441666666665,-15.072893333333333,3400.1553846989627,3431.0,1271.2,9998
54.831801666666664,-27.36717833333333,3204.9526911211465,3228.0,928.4,9998
55.73440166666666,-25.930326666666666,3288.6229894040507,3358.0,2798.9,9998
54.028513333333336,-33.51466833333333,2451.2626918698365,2542.0,294.7,9998
61.46833,-56.33076,2784.2851540064107,2765.0,1928.8,9998
57.82866166666667,-57.54351166666667,2707.8479730746417,2700.0,3607.2,9998
58.04375666666667,-43.74944333333333,2960.9645811490554,3067.0,580.5,9998
60.67003,-53.83272,3108.742028415875,3077.0,204.4,9998
60.08969833333333,-55.314645,3200.616942711239,3189.0,1372.3,9998
75.47689,5.86694,2661.699219807997,2681.0,720.2,9998
49.91168166666667,-45.196075,3851.860321329254,3845.0,4944.5,9998
59.95415833333333,-32.276505,2260.9987205433067,2270.0,681.2,9998
58.70561,-33.308373333333336,2573.625859058486,2379.0,651.9,9998
58.41364166666666,-36.300975,3204.955387387778,3191.0,496.3,9998
58.43522333333333,-36.514586666666666,3191.2883638561757,3191.0,302.9,9998
62.077978333333334,-53.508988333333335,2829.10924707025,2815.0,2322.5,9998
59.961391666666664,-48.452965,2930.2204354599817,2967.0,3235.4,9998
57.723615,-56.626045,2956.158714829978,2968.0,3262.7,9998
49.79433,-29.60006,3204.440097733692,2640.0,2122.1,9998
47.306333333333335,-31.239428333333333,3507.7541202809184,3567.0,997.3,9998
53.7066,-43.75743,3615.854792355921,3633.0,1399.6,9998
61.946756666666666,-30.135971666666666,2080.2926995110643,2093.0,169.6,9998
61.39178666666667,-53.699268333333336,2998.2534352240236,2932.0,1923.4,9998
61.21118666666667,-55.065718333333336,2904.5331078850727,2897.0,1456.9,9998
68.20719,9.6052,2027.4203615358888,1966.0,804.5,9998
57.30760166666666,-43.37596333333333,3415.9369130426103,3419.0,266.6,9998
51.886698333333335,-27.563435,3848.252770453177,3840.0,2895.4,9998
51.182631666666666,-48.05569666666667,3246.99469049401,3241.0,755.7,-1
50.78807,-36.04345166666667,3559.2880660379965,3687.0,2859.4,9998
-9.250496666666667,-12.225798333333334,3116.9081418611836,3009.0,727.7,-1
35.498063333333334,-14.882211666666667,3348.3919878324564,3355.0,1016.0,9998
54.80634833333333,-26.885713333333335,3244.9755303263014,3349.0,3239.8,9998
55.75667166666667,-25.800273333333333,3287.641066610554,3307.0,2653.7,9998
53.75151833333334,-33.86216,2725.4274237779114,2769.0,611.9,9998
61.53292666666667,-55.70342,2774.496808421933,2778.0,2138.5,9998
57.382441666666665,-57.098915,2660.0169209632636,2657.0,3450.1,9998
57.5751,-45.14194,3156.3806013458398,3157.0,1344.6,9998
60.12774666666667,-55.039535,3168.408009142078,3192.0,1269.9,9998
60.0352,-53.91984,3306.953007675001,3318.0,597.6,9998
50.32414333333333,-45.364475,3699.779389253996,3863.0,4153.3,-1
60.12066166666666,-32.34800666666667,2277.626380250602,2195.0,537.4,9998
58.82275,-33.17583166666667,2508.0259597841814,2550.0,827.6,9998
58.54994833333333,-36.504495,2773.2025548193546,2999.0,369.3,9998
57.84066333333333,-36.4713,3081.1423668567763,3081.0,252.9,9998
61.628,-55.03272,2838.001767949069,2784.0,2143.0,9998
56.83018333333333,-55.710928333333335,2895.7966711425215,2892.0,3919.0,9998
60.947275,-51.402773333333336,3073.535122746853,3062.0,238.6,9998
68.45754333333333,-5.173796666666667,3155.782064727351,3208.0,967.5,9998
49.59521,-29.83413,3399.7204493844456,3336.0,2154.9,-1
47.39156666666667,-30.900598333333335,3469.6827741583193,3552.0,1122.0,-1
53.96185666666667,-43.62497666666667,3651.82105621664,3606.0,809.4,9998
52.36852,-33.204215,3798.4352372046023,3626.0,3191.8,9998
61.91606,-30.34966,2140.1054931350063,2127.0,160.8,9998
61.04931,-56.76188,2875.2603975879847,2854.0,1382.3,9998
68.28454,10.22686,1340.0212747252922,1339.0,1710.1,9998
61.82741166666667,-56.79056333333333,2686.446194140183,2662.0,818.1,9998
57.751715,-43.332026666666664,3361.2090062427187,3404.0,1210.0,9998
51.75282,-26.61688,3827.854394375086,3878.0,1977.1,-1
50.95522,-46.7723,3111.322751108661,3116.0,2502.9,9998
50.53404166666667,-35.29440666666667,3840.932888895795,4230.0,3189.5,9998
-9.26546,-12.21682,3106.1282760930776,2995.0,733.5,-1
35.43337,-14.752258333333334,3300.523727515847,3250.0,786.4,9998
55.42440333333333,-26.898281666666666,3218.4522031497468,3208.0,1922.7,9998
55.74890833333333,-25.52811833333333,3353.0010103731493,3394.0,1804.1,9998
53.44037333333333,-33.94656333333333,2786.1516134033704,2775.0,544.0,9998
60.33195,-57.838656666666665,2770.8479042893678,2807.0,2087.0,9998
56.870455,-56.279073333333336,2673.828107989358,2671.0,4002.2,9998
59.5109,-54.82738166666667,3193.9356094852174,3200.0,1212.5,-1
57.32380166666667,-47.243885,3177.919878433549,3208.0,1075.9,9998
75.36932166666666,6.961263333333333,2247.994343163094,2286.0,241.4,9998
59.93072,-54.38475833333333,3293.327367757241,3295.0,873.0,-1
58.78303,-33.17183,2255.332990325624,2354.0,698.8,9998
60.22087,-32.14821,2402.988711287478,2214.0,578.4,9998
57.75232333333334,-36.36821666666667,2877.0045056961403,2862.0,379.5,-1
58.61353666666667,-36.63861833333333,3038.95981281565,3037.0,512.2,9998
61.96711666666667,-53.31023,2876.0330229769133,2935.0,3138.9,9998
61.55587166666667,-54.606655,2861.4685358030147,2830.0,1934.5,9998
55.88216833333333,-54.429723333333335,3029.8895540156504,3036.0,4374.2,9998
49.485681666666665,-29.819895,3498.276761388795,3426.0,2328.5,9998
54.145415,-43.55200833333333,3646.8913883190257,3677.0,200.7,9998
47.25176666666667,-30.603036666666668,3654.0350339844163,3670.0,1619.3,9998
52.57825,-32.87482166666667,3847.0414982205675,3855.0,2866.3,9998
62.02512,-30.19042,2088.1247596041203,2102.0,157.3,9998
59.86714,-57.67669,2854.031590408327,2885.0,1607.5,9998
60.94088,-55.69331666666667,2903.617571583773,2897.0,921.3,9998
51.7016,-27.49703,2959.6611461402345,3278.0,1870.1,-1
68.02694333333334,9.140903333333334,2047.0510174636222,2038.0,937.2,9998
57.27029,-43.17054,3412.047834493268,3130.0,266.4,9998
51.14406,-46.61809,2823.894536415235,2825.0,2087.4,9998
50.744435,-35.60558,3760.033790541933,3736.0,2411.5,-1
-9.313886666666667,-12.270026666666666,3056.1439490800617,3035.0,737.5,-1
56.48298,-24.29882,3239.6287325128856,3294.0,1666.9,9998
55.76782166666667,-25.47962,3351.044870780715,3450.0,1711.6,9998
53.35742333333334,-34.02435166666667,2782.259657382583,2740.0,572.7,9998
59.41438333333333,-58.010266666666666,2769.0964601722944,2756.0,2614.0,-1
55.68206,-54.95063,2691.7093959568465,2699.0,6489.6,9998
59.59481,-55.93661,3138.290066915133,3127.0,1253.7,-1
59.70456,-53.9618,3340.1957130187534,3313.0,1136.2,9998
57.380658333333336,-48.30717666666666,3385.6911505859657,3373.0,796.9,9998
74.99996,7.77764,2615.8268555483824,2580.0,262.1,9998
58.85471666666667,-33.100091666666664,2445.361918697877,2384.0,827.2,9998
60.271925,-31.92656,2467.59943964652,2396.0,712.4,9998
57.76219,-36.26468,2910.227874941549,2973.0,342.4,-1
58.75882,-37.27111333333333,3158.99933273156,3053.0,400.8,9998
62.41647666666667,-53.70104833333333,2612.9783342154506,2587.0,724.9,9998
61.80139666666667,-56.17695833333333,2699.1631225621027,2689.0,1255.8,9998
49.26034166666667,-29.587518333333332,2856.658224375744,3007.0,1957.2,-1
55.396071666666664,-52.998848333333335,3124.74667660349,3146.0,5357.3,9998
54.25953166666667,-43.50963333333333,3504.5800361664587,3439.0,282.2,9998
47.071056666666664,-30.435546666666667,3662.8686592677923,3617.0,1939.3,9998
62.207638333333335,-30.156631666666666,2116.5293273232705,2083.0,31.0,9998
59.449603333333336,-57.820006666666664,2808.191090740624,2859.0,2327.2,-1
61.07580166666666,-56.699705,2871.346225273043,2856.0,1371.9,9998
68.31345,9.74944,2062.6978632979963,2178.0,588.4,9998
57.20225,-43.23056166666667,3419.866879950504,3438.0,285.2,9998
51.647758333333336,-27.65913,3475.1645296328734,3232.0,1878.1,-1
51.215093333333336,-46.30587333333333,3392.392445059757,3463.0,990.2,9998
50.90919,-35.66337,3444.18637438945,3757.0,1649.9,-1
-9.407888333333334,-12.227135,3026.7302567121515,3006.0,802.2,-1
56.81032,-25.24646,2989.6018027183213,2936.0,2539.2,-1
56.17032833333333,-24.962285,3209.4627829934825,3243.0,1244.9,9998
53.35487,-35.30713,2286.771864085875,2445.0,471.3,9998
58.85541333333333,-58.247013333333335,2794.641016989,2781.0,3196.6,-1
55.09142,-53.00473,2873.7456149155146,2611.0,9277.4,9998
59.67118833333333,-55.96350666666667,3077.7518388290982,3063.0,1262.5,-1
57.86522166666666,-47.176015,3177.7761206626847,3177.0,1145.8,9998
59.34141,-53.805231666666664,3316.8899185955433,3427.0,1168.5,9998
59.051156666666664,-32.853226666666664,2233.722148141536,2227.0,616.0,9998
60.35814833333333,-31.588008333333335,2327.547862032021,2254.0,901.7,9998
57.81353166666667,-36.032493333333335,3103.604962477367,3052.0,611.6,9998
59.18891333333333,-37.21032666666667,3111.06305036846,3126.0,657.0,9998
61.79544833333333,-56.779955,2679.6078027270546,2673.0,931.5,9998
62.04403666666666,-53.11412833333333,2866.2461930676295,2864.0,3040.6,9998
55.34457,-51.05676,3229.2098622369767,3230.0,1061.5,9998
46.89205,-30.39973,3517.642081107714,3433.0,2043.3,-1
54.26494,-43.56682,3546.4907664079838,3503.0,243.3,9998
62.16833,-30.34487,2028.280604864152,2035.0,207.5,9998
58.78971666666666,-58.04307333333333,2873.8262979077754,2858.0,3286.2,-1
60.51389833333333,-56.69047333333334,2984.7878695816403,3005.0,676.8,9998
68.73694,11.496803333333334,1856.7005005901633,2111.0,597.8,9998
51.59872,-28.94239,3180.482965190359,2504.0,1324.8,-1
57.28953,-43.0283,3406.192530877278,3329.0,240.6,-1
51.085073333333334,-46.197653333333335,3540.6698860173124,3639.0,817.2,9998
50.92349,-35.565641666666664,3812.560995591511,3839.0,1532.9,-1
-9.448993333333334,-12.169603333333333,3182.5289463045356,3122.0,916.5,-1
56.41372166666667,-23.846708333333332,3055.145451794854,3115.0,1008.5,9998
56.39973333333333,-25.447176666666667,3103.974450323515,3094.0,2479.8,-1
53.26845,-33.843001666666666,2471.018239270763,2525.0,406.2,9998
58.22170333333333,-57.94923,2678.4168692817925,2711.0,3255.5,-1
58.5837,-46.606,2710.6128679704934,2660.0,1164.1,9998
59.759548333333335,-56.24655666666666,3028.91250717084,3014.0,1488.0,-1
58.89181333333333,-55.07871166666666,3366.7429797404575,3327.0,629.9,9998
60.26808333333334,-31.791025,2263.8817402844097,2304.0,841.3,9998
57.920323333333336,-36.064346666666665,2455.3424873393424,2404.0,478.8,9998
59.19862333333333,-32.869395,2432.564207256201,2438.0,543.8,9998
59.46865666666667,-37.936145,3164.6722276311434,3157.0,1306.8,9998
61.76896333333333,-57.166138333333336,2657.1209939347964,2661.0,854.8,-1
61.30597,-55.08753,2851.7529023128322,2873.0,1546.5,9998
52.43178666666667,-33.57962666666667,3309.092667948243,3284.0,2540.6,9998
46.745131666666666,-30.298838333333332,3387.921408128671,3329.0,1909.8,-1
55.47895,-50.96449,3405.7423775327525,3444.0,2005.2,9998
54.116325,-43.50803166666667,3607.929890265294,3660.0,235.4,9998
62.067815,-30.318405,2109.688888972021,2120.0,205.5,9998
58.21591,-57.91523,2709.717024305964,2706.0,3331.1,-1
59.86885,-57.75645333333333,2865.7577022174673,2879.0,1759.2,9998
57.357591666666664,-43.65219166666667,3409.0979739611116,3184.0,88.3,9998
51.56393166666667,-27.89432,3574.635288788996,3342.0,1515.0,9998
69.12162,12.787766666666666,2764.2333068640846,2758.0,261.1,9998
51.12783,-46.3341,2984.250179017596,2996.0,1145.0,9998
50.828615,-35.60030666666667,3617.758916419186,3621.0,1885.4,-1
-9.435833333333333,-12.159096666666667,3190.3663873954015,3127.0,901.3,-1
-49.295875,-39.041201666666666,3620.2121488933317,4949.0,10020.2,9998
56.19086166666666,-24.218366666666668,3007.3431781628124,3029.0,1673.5,9998
56.38807166666667,-25.095816666666668,3135.22006608643,3130.0,2225.0,-1
57.85145166666667,-57.69764333333333,2672.6299055048225,2660.0,3447.1,9998
58.66622666666667,-46.71252666666667,2602.990123146711,2645.0,870.3,9998
53.02067,-33.9217,2924.1256705129285,2876.0,903.0,9998
53.86689833333333,-51.55619333333333,2794.8490801290172,2811.0,6009.6,9998
60.073391666666666,-55.50133833333334,3208.426300595358,3231.0,1414.0,9998
59.25975666666667,-55.871808333333334,3185.2185165265123,3170.0,1592.6,-1
60.36698166666667,-32.25598166666666,2344.1984774224793,2320.0,464.3,9998
59.51071666666667,-32.820971666666665,2470.6870129135455,2353.0,654.6,-1
58.33911,-35.8315,2457.215650056062,2509.0,720.0,9998
59.26965,-38.93384,3030.9853072652922,3061.0,1250.7,9998
48.77754,-19.48534,3861.9961914800774,3866.0,1509.1,-1
61.81451833333333,-56.62504166666667,2675.6923546397898,2674.0,927.2,-1
61.13372,-57.27816,2799.0188916234238,2824.0,1571.0,9998
52.47239166666667,-33.45051333333333,2908.62704512262,2650.0,2181.8,9998
55.38011,-51.66551,3262.378914733408,3295.0,310.7,9998
54.05404333333333,-43.653095,3444.196180998058,3525.0,490.3,9998
46.529491666666665,-30.250863333333335,3517.7595529733117,3495.0,1948.8,9998
62.23238,-29.4584,1988.0537004324176,1977.0,920.1,9998
57.72548,-57.29705,2796.8571273754555,2785.0,3752.5,9998
58.97557833333333,-57.901955,2965.621709079365,2941.0,2687.0,-1
51.4188,-28.16048,3341.595916498323,3404.0,918.3,9998
57.440075,-43.79865,3432.4720278172413,3459.0,383.0,9998
69.124325,12.274635,2874.604045166074,2878.0,62.9,9998
50.89288666666667,-46.609495,2878.7271960850876,2517.0,2202.2,9998
50.74395166666667,-35.52113333333333,3758.085978074675,3687.0,2195.2,-1
69.886,7.865301666666666,3084.305286316955,3083.0,780.7,9998
-9.439408333333333,-12.129908333333333,3206.0375915424524,3232.0,905.2,-1
56.07303,-24.767901666666667,3209.489469043538,3227.0,960.0,9998
56.14866,-22.268,3187.0207604901766,1326.0,848.2,9998
58.820526666666666,-46.83227,2675.3506007189626,2691.0,90.5,9998
57.52847,-56.45813,2850.66900214793,2863.0,3551.6,-1
53.06614,-33.95502,2938.775751252698,2979.0,845.6,9998
52.952235,-50.793348333333334,2954.4438546699866,2851.0,6498.4,9998
60.163685,-56.481453333333334,3182.0597425474953,3158.0,415.8,9998
59.572248333333334,-54.50416,3214.409291996348,3273.0,959.1,9998
59.812871666666666,-32.872658333333334,2500.972956376756,2623.0,864.6,9998
60.70145333333333,-32.30089,2555.600123905948,2587.0,724.8,9998
58.20214,-35.67216,2515.006427755541,2565.0,719.4,9998
59.31634833333333,-40.454925,2804.3114065536233,2809.0,506.5,9998
61.54018833333333,-56.938941666666665,2736.370840066327,2727.0,1599.5,9998
59.63442166666667,-58.0097,2855.062225929068,2844.0,2417.2,-1
54.77882,-51.2139,2981.3295503777426,3007.0,2202.0,9998
46.15429,-30.41302,3441.781638139178,3492.0,1842.1,9998
52.45921,-33.34718,3537.3089491171363,3168.0,2724.9,-1
54.199666666666666,-44.082456666666666,3694.6035750123274,3650.0,276.9,-1
62.232171666666666,-29.38705,1985.1107262255816,1985.0,1182.1,9998
57.15205,-56.19989,2759.835200022668,2788.0,3945.6,-1
58.19629666666667,-57.44676,2866.14824957264,2898.0,3243.4,-1
51.49644833333333,-28.20384333333333,3141.4494328805713,3037.0,985.2,9998
57.65752166666667,-43.39168166666666,3390.4878756214803,3406.0,907.5,-1
69.245745,12.735896666666667,2824.776399699767,2831.0,141.1,9998
50.69255,-46.04163,3330.104582113703,3332.0,1704.8,9998
-9.363756666666667,-12.136031666666666,3114.9380796458104,3119.0,804.1,-1
56.11316166666667,-24.995151666666665,3287.540649879029,3324.0,1172.5,9998
52.85972,-34.05173,2037.7065448180394,2053.0,692.2,9998
56.569775,-55.657293333333335,2833.3032996345455,2829.0,3790.3,9998
58.92910666666667,-46.380091666666665,2683.151650519536,2696.0,558.3,9998
51.76022,-49.437958333333334,2879.4801511653136,2850.0,4568.9,9998
59.638708333333334,-57.32406666666667,2974.2528870299966,2979.0,1229.6,9998
74.33339,9.33141,2412.5196256333898,2605.0,942.0,9998
59.04474666666667,-54.138185,3381.3256325311236,3364.0,789.9,-1
59.89797333333333,-33.05819666666667,2551.8489972459843,2453.0,1089.9,9998
61.14577833333333,-32.37271666666667,2647.4689300636182,2617.0,399.7,9998
58.29830666666667,-35.04540333333333,2663.7271110383244,2679.0,695.5,9998
58.53895,-42.08423,2846.5206234204766,2843.0,712.1,9998
61.459601666666664,-57.41472,2707.0567014848593,2698.0,1388.7,9998
58.424345,-57.82753,2727.273730129745,2712.0,3335.0,-1
54.38272,-50.80159,3185.554913146363,3147.0,941.0,9998
45.97025,-30.49435,3570.610739409855,3574.0,1927.9,9998
54.27282,-44.60906,3730.613522003295,3764.0,83.8,9998
62.240766666666666,-30.11428666666667,2130.249197299062,1972.0,88.3,9998
56.05568,-55.50802,2887.1910393069206,2874.0,4600.2,-1
57.49594,-58.14322,2817.441167026164,2321.0,2078.7,-1
57.69345666666667,-44.113818333333334,3335.8701222086966,3346.0,1410.9,9998
51.675763333333336,-28.11041,3398.104908316243,3223.0,1753.3,-1
68.98986833333333,11.887656666666667,2809.192794259846,2827.0,105.8,9998
50.44583,-45.79683,3184.7202158074783,3231.0,823.5,9998
57.64171,-22.457061666666668,3019.671826193541,3040.0,1926.0,9998
56.25354,-25.00519,3183.088035160336,3210.0,1635.4,-1
55.7612,-54.73646,2842.2977741506043,2809.0,6237.0,9998
59.1131,-46.5043,2604.8519371059365,2605.0,206.3,9998
58.88759666666667,-57.476015,3043.773960437647,3039.0,1820.8,-1
50.93743,-47.66873666666667,2973.5496938918072,3015.0,1540.4,-1
74.3033,11.651431666666667,2268.66518223671,2265.0,310.8,9998
59.395831666666666,-54.53861166666667,3256.404403140552,3229.0,1398.2,9998
52.67664833333333,-34.20942,3848.9546424881696,3894.0,1829.3,9998
60.06699833333333,-33.270855,2369.7207295675353,2501.0,845.9,9998
61.690485,-32.42728666666667,2759.8007640369347,2802.0,690.6,9998
58.37251833333333,-34.590425,2885.6516788221056,2834.0,727.6,9998
58.27833,-42.516643333333334,2900.331928151815,2939.0,521.4,9998
61.18256,-57.67141,2724.714614781688,2761.0,1574.5,9998
57.53456,-57.08816,2775.3916562262566,2726.0,3791.9,9998
53.80849,-50.768258333333335,3151.543742870961,3141.0,477.5,9998
45.663245,-30.824191666666668,3468.2838269512918,3478.0,2061.5,9998
54.16434,-44.917253333333335,3703.380565078545,3740.0,484.1,-1
37.27243333333333,-20.420341666666666,3833.891352613002,3779.0,633.3,9998
61.838435,-29.908891666666666,2097.9600778594695,2139.0,648.2,9998
55.3994,-53.69862,2753.40133594081,2650.0,8019.6,9998
56.177413333333334,-55.77227833333333,2802.1115195939183,2807.0,4189.6,9998
57.790238333333335,-43.98043666666667,3305.608415558335,3322.0,1411.4,9998
51.6638,-27.80704,3659.387453697213,3335.0,1923.4,-1
69.35151333333333,11.579518333333333,2931.192170060818,2949.0,256.0,9998
50.39949,-45.77127333333333,3359.4684400960614,3334.0,994.7,-1
34.83848166666667,-14.161653333333334,3810.331541555415,3887.0,1207.6,9998
58.21534,-22.93934,2974.5985109052917,2967.0,3736.5,9998
56.06722666666667,-24.685256666666668,3196.8032778269226,3193.0,1207.1,9998
59.826296666666664,-47.539745,2871.6305191915317,2909.0,4817.9,9998
55.26103166666667,-52.5624,3097.442169343365,3130.0,5868.9,9998
58.15433,-57.00748,3016.61323019566,3042.0,2656.2,-1
74.45710333333334,11.104001666666667,2369.4562484945864,2366.0,303.5,9998
59.963385,-53.231098333333335,3351.826683419752,3357.0,1100.2,9998
52.60615833333333,-33.51894166666667,3784.7232268882067,3821.0,2233.3,9998
51.349885,-47.09498166666667,3619.5378901667927,3589.0,2053.2,-1
62.19015,-33.17851,2807.5862742533204,2924.0,706.8,9998
60.45379666666667,-33.47208333333333,2882.2347654034184,2830.0,848.1,9998
58.28955166666667,-34.308215,2693.0736733960807,2647.0,629.1,9998
58.44235166666667,-40.97285333333333,3148.3453673257236,3138.0,1028.3,9998
60.877163333333336,-58.079458333333335,2711.0909748861404,2708.0,1722.9,9998
56.773916666666665,-56.124355,2688.5239534420307,2694.0,4089.0,9998
52.746613333333336,-32.895155,2995.5440556327476,3045.0,1337.6,9998
53.76095,-50.60783333333333,3221.8472875676102,3193.0,1521.5,9998
45.477428333333336,-31.098078333333333,3309.238845980459,3355.0,2056.1,9998
54.15969166666667,-45.232443333333336,3560.167759125518,3569.0,543.3,-1
61.723461666666665,-30.180771666666665,2204.8294813025072,2060.0,387.3,9998
54.997825,-51.5302,2702.6302890010343,2722.0,3416.9,9998
55.36465833333333,-53.43589333333333,2827.7294564961758,2856.0,7798.6,9998
58.13500666666667,-42.485751666666665,3126.9510065926147,3076.0,1055.1,9998
51.71717833333334,-27.996436666666668,3432.2319382626465,3407.0,1983.1,9998
69.284495,10.715616666666667,2974.1537671845263,2977.0,319.6,9998
50.52723833333334,-45.86826833333333,3153.4448865344275,2944.0,884.1,9998
50.27132,-34.42179,3748.5063290647354,3790.0,3860.0,9998
-9.138481666666667,-12.50622,3366.636268711515,3131.0,780.8,-1
55.921216666666666,-24.524841666666667,2776.748821333373,2755.0,1953.2,9998
58.17199333333333,-22.287786666666666,2974.60917663159,2983.0,891.0,9998
52.72828666666667,-32.540365,2915.4037701302027,2969.0,1631.3,9998
55.373365,-51.684963333333336,3266.283893859834,3279.0,422.2,9998
60.215203333333335,-49.52981166666667,2978.9988461055145,3013.0,1635.2,9998
75.12516666666667,12.003218333333333,2190.249932474377,2194.0,392.6,9998
60.194813333333336,-53.418515,3307.8860745457396,3297.0,766.2,9998
51.493273333333335,-47.84436,3573.683263195047,3609.0,1887.2,9998
58.14078166666667,-33.869928333333334,2530.68114389702,2498.0,973.1,9998
62.399121666666666,-32.952866666666665,2876.9152411324676,2898.0,696.3,9998
60.91457166666667,-33.08385333333333,2915.3464057611423,2667.0,873.9,9998
58.365265,-43.25080333333333,2785.9547147885432,2639.0,1306.0,9998
56.35015166666667,-55.962435,2737.5286476500396,2725.0,3962.3,-1
60.40876333333333,-57.56663,2730.747046180446,2726.0,1980.1,9998
52.82185166666667,-32.659263333333335,2885.0732899457844,2781.0,1055.2,9998
54.084145,-45.618046666666665,3443.2120013610183,3476.0,503.4,9998
45.14394333333333,-31.262066666666666,3424.535597856323,3399.0,2047.4,9998
37.03544,-20.44026,3764.743357024697,3710.0,525.6,9998
61.80632166666667,-30.182808333333334,2107.770251589427,2115.0,265.1,9998
55.14142,-51.04617,3013.476136848188,3019.0,317.1,9998
54.668908333333334,-51.379615,2898.2891805122954,2892.0,3364.0,9998
58.56678,-41.254695,3077.0520261543425,3071.0,819.0,9998
51.84533,-27.989341666666668,3769.399630631486,3301.0,2625.4,9998
69.79676666666667,12.180688333333332,2852.027233302794,2845.0,542.7,9998
50.676278333333336,-45.956093333333335,3602.2143528146335,3479.0,1745.6,9998
-9.175756666666667,-12.614476666666667,3374.462333515206,3193.0,817.2,-1
56.205515,-23.874878333333335,2673.0007884619295,2655.0,1967.4,9998
57.7938,-21.984476666666666,3053.8139261569736,3049.0,2729.5,9998
52.78499,-31.8796,3140.110837852713,3132.0,2211.2,-1
55.37624666666667,-52.219995,3202.849440665535,3219.0,2262.6,-1
60.297378333333334,-55.074866666666665,3120.546150411517,3168.0,810.8,-1
57.73346,-55.26661,3188.5462521506247,3204.0,823.2,-1
60.61621,-51.78531,3163.4062825466012,3162.0,876.4,9998
75.22860666666666,9.812143333333333,2513.1551862280576,2525.0,414.5,9998
52.7177,-48.73049,3729.177768798482,3687.0,1135.4,9998
68.01931666666667,-0.8473583333333334,2921.6732547243164,3080.0,576.2,9998
60.99030333333333,-32.54165166666667,2241.2155041324118,2224.0,360.8,9998
62.3541,-32.83273,2909.1616942622964,2934.0,837.7,9998
57.63479666666667,-46.383831666666666,2782.2126922433135,2915.0,1127.4,9998
60.28693,-58.21708,2724.906841865932,2684.0,1904.5,9998
52.745855,-32.272821666666665,2760.8900483204666,2910.0,1779.3,9998
55.741256666666665,-54.66355333333333,2808.0829766380875,2909.0,6292.0,9998
44.83705,-29.41841,3133.5917950569915,2448.0,643.2,9998
53.7458,-50.15558,3441.3641411439007,3462.0,1827.7,9998
54.04185,-45.86412,3478.325229847561,3466.0,320.7,9998
62.11355666666667,-30.233796666666667,2110.6619576089784,1971.0,151.7,9998
58.44109,-39.07724,3151.2737664887018,3164.0,819.3,9998
55.83522,-52.10821,3410.513480670537,3410.0,2375.7,9998
54.11784166666666,-50.87437166666667,3235.4107882266703,3224.0,481.9,9998
51.761028333333336,-27.91947,3328.808130954646,3446.0,2093.1,-1
70.520245,10.7667,2765.9558273240905,2735.0,634.3,9998
50.55075,-45.75858,3425.764778638806,3679.0,1341.7,9998
-9.173881666666666,-12.650531666666666,3278.529538730758,2927.0,804.0,-1
58.36376,-23.121731666666665,2965.7705432961634,2949.0,4084.5,-1
52.85561166666667,-31.763726666666667,3224.0576487841354,3386.0,1764.1,-1
60.64795,-55.66095,2969.130307939467,2985.0,369.0,9998
57.6893,-55.30485,3211.9786480046014,3172.0,1027.3,-1
75.16963333333334,11.854226666666667,2201.0171985626253,2244.0,402.0,9998
56.16952166666667,-52.289253333333335,3498.1531883572443,3563.0,1818.5,9998
59.81593,-51.87482,3377.2151902643104,3380.0,658.4,9998
53.14192,-49.65825,3487.376222662842,3545.0,1795.8,9998
61.04152,-32.17021,2295.095555043567,2537.0,524.5,9998
62.669295,-33.185986666666665,2890.5328863721256,2892.0,1416.3,9998
58.19522333333333,-46.70371,3075.193544197251,3075.0,148.7,9998
59.75554,-58.20593,2766.087383290677,2789.0,2396.9,-1
55.138846666666666,-52.42704,2881.553969050091,2952.0,6926.5,9998
44.807356666666664,-31.366063333333333,3174.6430509089573,3154.0,1796.2,-1
54.13936,-46.15931166666667,3427.593467282686,3439.0,152.4,9998
52.639375,-32.156675,3542.126086013981,3789.0,3286.4,9998
62.077615,-30.2092,2043.987220805668,2003.0,151.5,9998
55.54073,-51.78579,3340.380996161823,3388.0,1654.2,9998
53.85274833333333,-50.524925,3327.21368795972,3293.0,1892.6,9998
51.525243333333336,-27.905421666666665,3305.457732091733,3160.0,1299.1,9998
70.20281333333334,11.328505,2819.7307237834466,2848.0,999.1,9998
49.74913166666666,-35.30350333333333,3837.311747748332,3835.0,3682.6,-1
-9.21443,-12.687793333333333,3237.3987840738732,3106.0,809.1,-1
55.79316,-24.19574,2479.2876412263968,2488.0,1651.7,9998
57.906621666666666,-22.509848333333334,2987.3733467987136,3010.0,1303.0,9998
60.66559,-55.72137,2967.1728566086667,3005.0,358.6,9998
57.40746333333333,-55.586751666666665,2992.381938729971,2983.0,2288.7,9998
52.71856,-31.07771333333333,3436.80096342396,3516.0,2994.7,-1
56.848038333333335,-52.840575,3457.988929600101,3491.0,1116.9,9998
74.831065,12.230625,2315.5918747902992,2386.0,360.6,9998
59.32859,-52.7786,3452.4054572185364,3444.0,1307.8,-1
54.21915,-50.7365,3685.831410236686,3188.0,1409.9,-1
49.96187166666667,-38.061265,3817.7623231351786,3817.0,3135.8,-1
61.1651,-31.62699,2250.983791891701,2191.0,602.3,9998
57.899188333333335,-33.944871666666664,2304.497362747637,2288.0,846.2,9998
62.898525,-32.928738333333335,2876.806939522505,2907.0,475.3,9998
58.30341166666667,-47.12911833333333,3018.529306297878,3052.0,695.7,9998
59.187783333333336,-58.32654,2833.66407896523,2777.0,3048.7,-1
44.753811666666664,-31.711266666666667,3380.7341316505717,3299.0,1860.0,-1
55.241955,-50.440095,3348.270542830772,3371.0,1753.7,9998
52.784146666666665,-31.423481666666667,3384.1122539450685,3118.0,2649.1,9998
54.12191333333333,-46.42822666666667,3521.193461267235,3578.0,148.7,-1
66.69215666666666,-5.678235,3340.4144422171353,3355.0,405.2,9998
54.821645,-49.09727,3718.7495456573506,3719.0,897.8,9998
61.85910166666667,-30.046646666666668,2105.800744686898,2089.0,326.6,9998
55.70947,-52.8118,3215.445339527803,3191.0,312.1,-1
58.57004333333333,-36.21286333333333,3052.6413689814353,3113.0,464.9,9998
53.41042,-50.723345,3235.612268215533,3226.0,1327.1,9998
51.43859666666667,-28.016463333333334,3444.0219791281293,2910.0,1082.5,9998
70.42137833333334,8.710341666666666,2867.5455676806946,2862.0,537.3,9998
-9.20567,-12.779743333333334,3036.5504827342684,3080.0,778.5,-1
55.95959833333333,-24.162608333333335,2631.9614317934997,2507.0,2109.1,9998
56.23251,-55.64769,2829.474095234401,2842.0,4047.3,9998
60.28451333333334,-56.888575,3071.743539014301,3047.0,564.1,9998
74.04379333333333,11.873118333333334,2114.9407978608706,2117.0,271.1,9998
52.53565,-30.02291,3586.019762453431,3718.0,3471.9,-1
59.588185,-52.714545,3400.673877483569,3412.0,1642.4,-1
54.71749,-48.716561666666664,3734.3637467231256,3716.0,795.4,9998
61.32187833333333,-31.257886666666668,2245.077070912976,2331.0,443.4,9998
57.94616166666667,-34.10579333333333,2417.1452437396006,2413.0,980.5,9998
62.94659,-33.638873333333336,2838.694290152764,2826.0,1849.1,9998
57.9746,-47.05736,3181.65095059585,3213.0,1248.1,9998
58.53333666666666,-57.001306666666665,2993.078940518331,3052.0,2412.7,9998
66.63052,-5.482541666666667,3217.598709846934,3242.0,431.4,9998
54.05630166666667,-46.36505833333333,3534.859716831688,3533.0,201.7,-1
55.47457166666667,-50.347381666666664,3527.6015500917824,3550.0,1258.0,9998
55.36281,-49.438965,3642.6087646052006,3640.0,454.9,9998
44.724333333333334,-32.12253666666667,3651.9614727886496,3572.0,1637.1,-1
52.42187833333333,-30.317798333333332,3842.2278139291448,3841.0,4307.4,9998
61.991245,-29.927675,2047.9237158430303,2049.0,246.5,9998
51.560851666666665,-28.62772,3025.1788584194132,3062.0,957.0,-1
58.62352,-36.631278333333334,2986.2196821776697,3011.0,513.2,9998
55.39874,-52.43526,3215.531395072478,3198.0,2769.5,9998
52.91992,-50.01164,3237.7050745355186,3202.0,565.2,9998
70.10887833333334,8.45717,2954.485810894303,2944.0,922.1,9998
71.376955,3.57661,3072.3341404284074,3044.0,1310.0,9998
-9.199931666666666,-12.782646666666666,2981.6528307528943,3056.0,763.8,-1
55.701785,-24.392016666666667,2479.307103988927,2479.0,1536.7,9998
57.987125,-21.898445,2998.0977733643817,3005.0,2649.6,9998
55.56571666666667,-53.612471666666664,2860.919973914323,2898.0,5838.6,9998
52.892415,-29.830635,3335.301630766662,3402.0,1944.2,-1
59.23816333333333,-56.17978166666666,3129.5963403125193,3147.0,1605.3,-1
74.66528833333334,11.976445,2387.044712895306,2391.0,482.7,9998
59.83636166666667,-52.912965,3369.4103177219813,3381.0,1451.8,-1
55.36410166666667,-49.9082,3567.590271224808,3598.0,588.6,9998
61.76268833333334,-30.733885,2172.4792169479942,2097.0,294.4,9998
57.884071666666664,-34.263663333333334,2380.917851240004,2416.0,1011.0,9998
62.97716333333334,-35.18921,2658.833142996548,2648.0,664.9,9998
58.295141666666666,-46.76356833333333,3019.507988337599,3024.0,524.3,9998
58.27059333333333,-57.52836666666666,2861.2440452169385,2877.0,3242.6,-1
44.870351666666664,-32.48099666666667,3473.416505337379,3502.0,1222.2,-1
55.47916166666667,-51.711936666666666,3381.362648905233,3345.0,1152.6,9998
53.91594,-46.0338,3561.218496233546,3570.0,143.3,9998
66.61143166666666,-5.445931666666667,3231.253992036108,3262.0,442.7,9998
52.254376666666666,-29.253825,3599.753973779562,3389.0,3861.5,-1
55.77066,-49.46786,3692.1523938107653,3670.0,270.1,9998
61.82145666666667,-29.860058333333335,2108.748271517724,2150.0,845.6,9998
51.695051666666664,-28.620111666666666,2864.829308057074,2887.0,1470.7,9998
55.39132,-52.20809,3200.893179957231,3232.0,1897.6,-1
58.560035,-36.701746666666665,3157.0988969860273,3152.0,480.7,9998
52.957728333333336,-49.544285,3446.4798342773556,3462.0,1871.8,9998
70.49973166666666,8.398226666666666,2877.296644097534,2867.0,488.3,9998
50.355135,-34.89476166666667,3788.411095613757,3900.0,3322.4,9998
55.81469333333333,-24.394986666666668,2439.12949648936,2440.0,1760.6,9998
58.02342,-22.998508333333334,2992.2282425704966,3001.0,3089.3,9998
52.968385,-30.458601666666667,3130.2941317992563,3125.0,1182.0,9998
55.29553333333333,-52.382441666666665,3125.750206688208,3121.0,4429.2,9998
58.79151,-57.88455,3117.020803706188,2905.0,3241.6,-1
74.37963166666667,12.900596666666667,2161.924669913023,2194.0,388.3,9998
60.19846166666667,-52.685051666666666,3330.313079990451,3447.0,132.2,9998
55.50514,-49.88635,3617.236415192949,3618.0,375.6,-1
61.51601333333333,-30.48899,2087.2260115900276,2105.0,346.3,9998
58.01657333333333,-34.146966666666664,2438.6760102330313,2436.0,984.0,9998
62.72743,-34.71,2753.7180177050004,2759.0,664.8,9998
59.29502333333333,-47.142545,2922.562112470351,2904.0,455.7,9998
57.75664,-56.808605,2913.1606609259925,2882.0,3367.9,9998
55.84321833333333,-52.01886833333333,3429.036889007671,3461.0,2323.2,9998
54.02263,-44.35237,3513.42601661516,3749.0,1090.5,9998
66.58746,-5.69264,3341.4125271517414,3215.0,502.6,9998
55.80513166666667,-49.187823333333334,3754.458449141016,3783.0,741.8,9998
52.428335,-29.139838333333334,3799.388625238331,3809.0,3717.2,9998
44.71622,-33.05985,3879.0244937041375,3821.0,522.5,9998
61.842908333333334,-30.294651666666667,2130.3140346725154,2125.0,201.7,9998
51.48287666666667,-28.702798333333334,2989.0414941999124,2656.0,733.9,9998
58.68166166666666,-36.66558833333333,2995.9725818755014,3105.0,590.2,9998
55.33648,-51.70463,3215.5486808971627,3225.0,961.0,9998
53.00853,-49.34697,3552.7317816138316,3561.0,1599.9,9998
70.63667333333333,2.0216416666666666,2913.3970996011763,3078.0,192.7,9998
-9.264408333333334,-12.77481,3219.765919071569,3203.0,844.6,-1
56.02559,-24.808825,3176.3173865820504,3185.0,980.6,9998
57.71507,-23.458421666666666,3002.07265047344,2997.0,3698.9,-1
54.274208333333334,-51.577668333333335,2916.9608070407226,2951.0,4096.4,9998
52.94216,-30.88208,3194.7460994372323,3148.0,1465.3,9998
73.55492,10.96602,2104.2150885204105,2097.0,117.6,9998
59.23956833333333,-54.728458333333336,3318.867731740471,3275.0,1410.4,9998
60.10155,-52.74142333333333,3344.964625980418,3399.0,408.7,-1
45.71228,-21.80122,3825.0960003220866,3805.0,1455.8,9998
55.79197,-48.83809,3737.9114335468894,3454.0,666.7,9998
61.01544666666667,-30.979991666666667,2386.191099283047,2163.0,484.6,9998
58.10959,-31.03363,2467.053780125365,2187.0,1836.0,9998
62.43602333333333,-34.62086333333333,2814.3744248064213,2813.0,803.6,9998
60.24756,-48.97649333333333,2885.2131813404935,2900.0,11577.7,9998
57.318936666666666,-56.35715833333333,2773.486196136702,2779.0,3797.1,-1
56.36877,-52.62491,3525.3822128276574,3448.0,2111.5,9998
53.92098,-45.266485,3591.4267995244677,3576.0,899.8,9998
44.267725,-33.158855,3629.68807314434,3992.0,1353.0,-1
66.5172,-5.40621,3380.4076161460944,3265.0,476.0,9998
55.70524,-49.55059,3675.6171058440254,3678.0,166.5,9998
52.35221833333333,-27.83294,3764.359612287306,3749.0,3497.5,9998
61.709363333333336,-30.065996666666667,2130.335933916898,2142.0,562.1,9998
59.21289,-35.69246,2970.448303898545,2954.0,116.4,9998
54.42385,-50.8104,3195.3052712236477,3146.0,916.7,-1
53.25716,-50.07448333333333,3468.8155504749598,3439.0,1901.6,9998
70.06767666666667,13.120751666666667,2745.512954395328,2734.0,652.8,9998
70.57479166666667,-0.24111,3057.8412696463674,3103.0,1240.6,9998
-9.260363333333334,-12.808746666666666,3239.353038703124,3148.0,852.7,-1
57.54199,-24.53244,2846.7559878763327,2822.0,1360.6,-1
56.09279333333333,-24.917046666666668,3341.1981089610554,3299.0,934.0,9998
52.9264,-50.86786333333333,2841.046478432187,2769.0,6997.4,9998
53.13527833333333,-31.086496666666665,3254.2359970661364,3142.0,1129.4,-1
73.45235,10.24856,2190.42643675657,2204.0,237.2,9998
57.379558333333335,-54.282988333333336,3319.377270745679,3332.0,490.7,9998
59.72986,-51.90669,3379.1883491402546,3400.0,790.6,9998
55.96474833333333,-47.71402833333333,3577.1495435819447,3601.0,55.1,9998
45.75333666666667,-21.91698,3744.2122368143137,3732.0,1598.8,9998
58.10011,-34.22461166666667,2180.9597915922113,2150.0,787.8,9998
61.39102166666667,-31.336381666666668,2130.3884083834523,2240.0,461.6,9998
62.37481,-34.275771666666664,2851.518665058774,2879.0,769.6,9998
61.23171,-50.81483,2956.2980635643826,2974.0,11309.9,9998
57.80519666666667,-56.657795,2962.9771142544587,2939.0,3074.9,9998
55.86283666666667,-52.53211666666667,3346.1407770733167,3311.0,1985.0,9998
66.372765,-5.825568333333333,3327.8165153172827,3341.0,462.6,9998
53.846875,-44.998225,3657.70299650752,3648.0,1308.9,9998
44.27562666666667,-32.82380166666667,3740.82409308556,3653.0,1393.4,-1
55.33029166666667,-48.74003833333333,3770.189105619222,3784.0,312.5,9998
52.36463,-27.35348,3821.8034388553724,3819.0,3373.7,9998
61.62307166666667,-30.035351666666667,2157.7991970477538,2112.0,826.2,9998
53.85077,-50.59934,3217.9174281199207,3267.0,1619.9,9998
59.0975,-35.27798,3024.192084316272,3007.0,551.6,9998
52.59795666666667,-49.75949166666667,3257.31950731729,3242.0,70.9,9998
51.30663166666667,-29.168248333333334,3334.7990835403352,3345.0,1045.0,9998
70.32978166666666,13.784615,2597.8935190512266,2601.0,1301.5,9998
-9.225561666666668,-12.822583333333334,3064.9726915403444,2841.0,800.5,-1
57.099136666666666,-24.853956666666665,2847.839287611398,2857.0,1619.7,9998
56.477225,-24.236835,3205.47513733046,3294.0,1542.6,9998
51.81553666666667,-49.87950166666667,2621.1723505480722,2443.0,7642.1,9998
53.24063833333334,-31.131481666666666,3137.054350036184,3122.0,944.4,-1
72.86914666666667,8.651466666666666,2372.579610082708,2380.0,264.1,9998
56.44163,-53.43150166666667,3354.753023568998,3428.0,2330.0,-1
59.070015,-51.20947833333334,3476.842302704323,3490.0,1438.6,-1
45.76416,-20.94146,3672.0833781290876,4583.0,446.2,9998
56.418121666666664,-47.67538666666667,3593.5734989999137,3614.0,257.1,9998
43.35098833333333,-19.699335,3783.052745386429,3864.0,111.7,9998
58.11107666666667,-34.204876666666664,2168.21179178697,2130.0,774.4,9998
61.35032,-31.464961666666667,2121.5712919617467,2281.0,559.1,9998
62.2918,-34.310415,2856.4218852542267,2856.0,916.0,9998
61.715316666666666,-52.89836,2945.444043904727,3031.0,3830.1,9998
56.22953,-55.78943,2792.3211592518796,2789.0,4097.7,9998
55.494295,-51.09200333333333,3432.06484259924,3387.0,2118.7,-1
66.24089166666667,-5.932316666666667,3343.4401431741117,3315.0,438.9,9998
56.3788,-47.88757,3597.4823935688933,3630.0,170.0,9998
44.21127333333333,-32.736398333333334,3636.5329225986725,3528.0,1522.2,9998
53.89946,-44.69867,3675.2201891490486,3734.0,1547.0,-1
52.79725,-26.83031,3736.94274688101,3762.0,3160.7,-1
61.96103333333333,-29.697531666666666,2036.159250996217,2045.0,854.0,9998
51.35124666666667,-49.075491666666665,2693.7162746707977,2698.0,5737.2,9998
59.37083833333333,-34.58564666666667,3097.3510080470473,3124.0,206.7,9998
53.30643,-50.65568,3199.5242071956445,3136.0,1219.9,9998
51.079665,-29.119666666666667,3115.1950781239248,3001.0,1488.1,-1
35.62331,28.56109,3768.13724461763,3786.0,3103.9,9998
69.73856833333333,12.919818333333334,2790.505654714494,2793.0,449.2,9998
-9.08506,-12.77361,3003.231579040767,2625.0,740.1,-1
57.22256,-23.496916666666667,3025.6380199784503,3045.0,2946.3,9998
56.26546166666667,-25.197915,3154.777340344793,3164.0,1967.4,-1
35.52613,28.6175,3559.352398635844,3506.0,2358.5,9998
53.007176666666666,-31.353318333333334,3020.8798093799005,3186.0,1264.8,-1
56.67763,-53.66544,3307.8684359829235,3286.0,2386.9,-1
57.438563333333335,-47.70325,3219.852464703887,3207.0,719.0,9998
73.05223333333333,7.299873333333333,2461.585917335292,2327.0,405.7,9998
58.2226,-51.12747,3545.2946104372822,3571.0,262.7,9998
58.158955,-34.219926666666666,2086.807172909676,2084.0,681.7,9998
61.71500666666667,-31.165395,2392.9157737791047,2328.0,326.5,9998
62.443105,-35.08873166666667,2830.9849296537645,2811.0,879.5,9998
61.84132,-54.01174,2838.9322778311725,2848.0,2526.2,9998
49.00747166666667,-20.974723333333333,3737.2472318867067,3900.0,2012.2,-1
55.23825166666666,-52.57551,3057.4070378779547,3121.0,6301.8,9998
55.146341666666665,-50.44989,3352.199876123366,3350.0,1765.5,9998
57.21133,-47.81096,3452.034408435093,3445.0,512.2,-1
66.18958,-5.9579,3226.4709278349596,3274.0,368.5,9998
44.09077166666667,-32.55801833333334,3547.8185273338095,3547.0,1666.3,9998
53.98255,-44.82742,3648.8918782565843,3655.0,1224.5,-1
52.90223666666667,-27.13547,3657.034164308881,3667.0,3891.4,-1
61.8179,-29.62245,2108.7488482675894,1964.0,1621.3,9998
59.494445,-34.85368666666667,2721.1685098020157,2637.0,457.8,9998
50.650835,-28.856306666666665,3091.8701753642913,3003.0,1841.7,-1
52.619366666666664,-49.631825,3318.7952232901052,3308.0,1055.1,9998
51.14171,-46.7798,3406.072462790477,3421.0,2658.1,9998
35.31049333333333,28.541565,3439.306843306465,3492.0,1133.7,9998
70.093915,14.360356666666666,2559.7967381438357,2544.0,391.1,9998
58.07528,-22.81867666666667,2993.192131562576,2995.0,2661.3,9998
56.59533833333333,-24.885696666666668,3105.875601789933,3114.0,2844.6,-1
35.26291,28.76841,3190.097628681291,3864.0,626.9,9998
50.27703,-48.268425,2568.6582244375127,2550.0,2696.8,9998
52.798383333333334,-31.0733,3393.8623648465914,3360.0,2382.9,-1
72.69100666666667,7.960653333333333,2484.128540021611,2473.0,828.6,9998
57.593945,-51.45131666666666,3540.608124397785,3559.0,197.3,9998
56.53711833333333,-52.45945666666667,3524.357223889039,3573.0,1405.3,9998
57.71419,-49.1803,3560.0586910485395,3549.0,733.4,-1
61.98764,-30.42683,2156.758448973792,2130.0,176.2,9998
58.43523,-33.78509,2485.589536818899,2377.0,689.2,9998
62.620718333333336,-34.705391666666664,2778.175649274979,2774.0,514.4,9998
61.85218666666667,-55.54792833333333,2714.7964860300526,2718.0,1691.5,9998
54.922221666666665,-51.281005,2927.5467327733636,2982.0,2286.9,9998
55.063523333333336,-51.20467166666667,2932.397298934826,2976.0,1368.2,9998
65.97595,-6.08736,3136.789090877834,3255.0,174.2,9998
56.9126,-46.11049,3550.5547151602696,3527.0,734.8,9998
54.08657,-45.12973,3568.9615298807935,3607.0,677.0,-1
44.13412666666667,-32.49626666666666,3573.166395143021,3491.0,1668.1,-1
53.296076666666664,-27.425318333333333,3648.138419941748,3403.0,4065.2,-1
61.896566666666665,-29.757251666666665,2065.5912606883876,2075.0,887.3,9998
50.428311666666666,-29.696933333333334,3090.955519379253,2871.0,1916.1,9998
59.95126833333333,-34.860218333333336,3071.8252113371686,3080.0,1008.2,9998
35.416925,28.944991666666667,3147.0235544155616,3206.0,1588.8,9998
52.88357333333333,-49.27368,3566.4166701666186,3514.0,1714.5,-1
70.04277333333333,14.229751666666667,2579.3607008727167,2568.0,302.4,9998
-8.878931666666666,-12.914473333333333,2722.6859763247826,2860.0,690.2,-1
58.55316166666667,-22.070335,2944.2327781007257,2932.0,3635.4,9998
35.496161666666666,28.937658333333335,3000.241528291899,3047.0,1961.8,9998
56.70692,-23.436671666666665,3237.61561892155,3195.0,1243.4,9998
49.47905,-47.65575,2540.439782069176,2569.0,1838.0,9998
52.82954,-30.65824,3290.434627768052,3350.0,1820.4,-1
72.841525,7.095503333333333,2186.5774768472047,2505.0,654.5,9998
57.51365,-51.52784,3511.399020976618,3533.0,241.5,9998
56.20404833333333,-52.58739,3535.1769161181105,3468.0,2172.6,9998
57.967841666666665,-51.029735,3580.4416758641783,3615.0,321.3,9998
61.65676833333333,-29.974251666666667,2139.167856308006,2157.0,920.5,9998
63.2698,-34.28688,2648.018501750122,2704.0,616.5,9998
62.005986666666665,-57.141886666666664,2587.6264719994,2593.0,571.6,9998
54.23738,-51.366685,3033.2522631177794,3032.0,2993.0,9998
66.010715,-5.319553333333333,3042.136284476891,2974.0,561.5,9998
54.75582,-50.49584,3327.9263687617345,3323.0,1788.7,-1
44.321783333333336,-32.69175,3391.6072660586215,3503.0,1305.4,9998
54.16753,-45.69341,3406.1306886080565,3279.0,593.6,9998
56.84574666666666,-45.815905,3457.9895995856227,3534.0,386.5,-1
53.997411666666665,-26.399915,3575.811113594569,3659.0,4309.8,-1
61.83932,-29.841605,2100.9014729178616,2092.0,843.8,9998
50.49277333333333,-30.164235,2913.0560449711375,2723.0,1708.7,-1
60.344701666666666,-34.27149333333333,3018.030108276964,2887.0,828.8,9998
53.53724666666667,-50.20265166666667,3439.477109983535,3438.0,1982.5,9998
35.67888166666667,29.144761666666668,3601.2787044415713,3537.0,3520.5,9998
70.18515833333333,13.607833333333334,2628.2213510201873,2641.0,931.9,9998
56.67734,-52.597085,3509.6972124844037,3511.0,1037.2,9998
68.654705,6.935278333333334,3018.18837153331,3011.0,345.5,9998
-8.75708,-12.95099,2964.0413429524688,2839.0,794.2,-1
57.88165,-21.55088,2998.124047194042,2985.0,2659.8,9998
56.61133,-24.02866,3162.4936128568224,3136.0,2186.6,9998
36.08452333333334,28.946698333333334,3508.410667894828,3411.0,3588.2,9998
52.875206666666664,-30.589951666666668,3254.3110926314453,3255.0,1587.6,-1
56.87998,-51.69899,3548.615744352994,3554.0,400.1,9998
55.84867,-51.870021666666666,3439.7600008250365,3463.0,2210.5,9998
72.98876,7.36805,2500.7159874201193,2544.0,497.4,9998
58.232656666666664,-49.913938333333334,3543.3430850331047,3544.0,886.2,9998
46.152115,-22.013345,3822.9926192235143,3866.0,1773.7,-1
61.31957,-30.57923,2170.5932764349745,2367.0,376.3,9998
63.445701666666665,-34.264343333333336,2591.2588394484023,2685.0,1053.1,9998
61.17973333333333,-58.279495,2668.9782642928985,2680.0,1075.2,-1
58.361428333333336,-33.922538333333335,2666.647860571662,2637.0,725.9,9998
52.947491666666664,-50.256615,3147.8776342770852,3181.0,1292.5,9998
54.131148333333336,-50.926973333333336,3202.220307300933,3241.0,212.3,9998
54.375143333333334,-45.70771666666667,3346.571958013085,3359.0,921.9,9998
66.30035166666667,-4.892198333333333,3104.5258622785923,3071.0,274.2,9998
57.026133333333334,-46.838098333333335,3461.835983106485,3574.0,767.1,9998
53.759985,-24.841743333333334,3683.0578620838546,2930.0,3468.0,-1
44.32205666666667,-33.05070166666667,3775.892770503233,3888.0,1208.6,-1
61.6779,-29.91365,2135.2429619564045,2161.0,1069.1,9998
60.55797833333333,-34.020963333333334,2681.82242863106,2594.0,684.6,9998
50.426291666666664,-30.200146666666665,3267.717658425,3072.0,1981.6,-1
36.231455,28.536876666666668,3577.6791781453726,3590.0,1783.5,9998
70.48685,13.080665,2592.0036803437815,2586.0,957.0,9998
56.49757666666667,-53.09863,3430.7951667033217,3489.0,2227.8,-1
68.818545,8.21899,3039.625401490187,3014.0,1401.8,9998
-50.305193333333335,-36.54696166666667,2028.3564777536644,2023.0,1517.0,9998
-8.72008,-12.98644,2966.9859768981664,2878.0,831.7,9998
56.634815,-22.999865,2743.330477554531,2576.0,550.1,9998
58.43724,-20.73249,2926.675148504374,2921.0,1096.5,9998
35.88774,28.30976,3353.163627185183,3481.0,3825.0,9998
48.74988666666667,-46.73484666666667,2641.485151473038,2685.0,3603.7,9998
52.696835,-30.311175,3300.232107341775,3372.0,2376.6,-1
73.06459833333334,8.909581666666666,2350.0479926064163,2344.0,110.4,9998
55.90790166666667,-52.259735,3385.1388105793203,3397.0,2230.4,9998
56.90022,-49.88322,3577.839148633192,3654.0,580.2,-1
57.75817833333333,-49.02525,3536.662193135084,3535.0,786.2,9998
61.409688333333335,-30.586365,2306.7851702777857,2235.0,358.6,9998
63.8116,-33.304671666666664,2620.530813004025,2610.0,722.8,9998
60.99622,-58.17771666666667,2730.6206002507793,2727.0,1481.7,9998
51.90474,-50.31359,2981.1097024329315,1838.0,10483.4,9998
53.83426,-50.94152,3111.5003065858455,3087.0,1554.3,9998
54.62585,-45.35043,3341.6213266951295,3314.0,1262.2,9998
53.54645,-24.13414,3505.7745387722425,3494.0,741.4,-1
66.258245,-4.587283333333334,3264.4812958233647,3314.0,318.9,9998
56.40248833333333,-46.822768333333336,3545.8361633075656,3540.0,376.4,9998
50.803295,-38.22177833333333,3616.792590138969,3568.0,2142.2,9998
61.9417,-29.39512,2039.1046355420203,1929.0,1959.2,9998
60.67713166666667,-33.68466,2633.8724174119784,2689.0,801.8,9998
50.539155,-30.21972166666667,2813.2888515069476,2984.0,1552.2,-1
35.60541666666667,28.322655,3634.4849464559,3512.0,3130.6,9998
70.72204666666667,10.03033,2705.348307190191,2699.0,586.4,9998
56.61742,-52.740175,3473.6527885030473,3483.0,1497.1,9998
68.69297166666666,9.064688333333333,2949.859536413946,2951.0,1271.5,9998
57.063116666666666,-22.1301,2622.908256148149,2594.0,356.0,9998
58.752898333333334,-21.272785,2888.4929981519404,2900.0,1792.6,9998
35.450651666666666,28.531956666666666,3220.3578596545635,3301.0,1755.7,9998
49.370738333333335,-44.9056,2769.5589296224393,2765.0,2329.8,9998
72.59940166666667,9.461301666666667,2268.860224269812,2268.0,397.8,9998
52.67921,-29.35863833333333,3552.8357566316613,3566.0,2765.7,-1
57.78242,-48.33293,3412.876586506571,3390.0,756.1,9998
57.690205,-50.72524833333333,3598.0588409584507,3597.0,517.1,-1
56.95842,-52.18272,3518.3845281038016,3522.0,129.3,9998
61.60411833333333,-31.007811666666665,2183.287666986727,2179.0,354.0,9998
63.92972666666667,-32.576191666666666,2651.8013285863394,2609.0,676.6,9998
58.622751666666666,-33.388375,2551.134339087953,2479.0,544.5,9998
60.52972,-57.62383,2852.9037795049603,2791.0,2245.7,9998
50.80665833333333,-47.890195,2775.067959148664,2741.0,1683.3,-1
52.94157833333333,-50.478568333333335,3091.2349508961825,3060.0,3966.2,9998
54.562375,-44.44836,3422.5910584734243,3452.0,181.0,9998
56.252915,-46.458616666666664,3445.4904821687505,3449.0,417.8,-1
44.01445666666667,-33.67621,3556.6230909029578,3621.0,2201.7,9998
52.88281,-24.78344,3762.2341775956597,3645.0,3240.1,-1
61.992106666666665,-29.326788333333333,1934.127622244666,2034.0,1963.5,9998
60.761161666666666,-33.64749333333334,2846.011372488746,2959.0,973.6,9998
50.54839,-30.10201,3087.990968049629,2865.0,1798.4,-1
35.29577,28.57185,3414.8901261407696,3627.0,1030.1,9998
70.51954833333333,10.172081666666667,2756.186772328388,2753.0,185.8,9998
57.14933,-52.12502,3510.5318368932417,3544.0,413.4,9998
50.68,-33.47018,3355.4800153374613,3510.0,2285.0,9998
68.456235,8.82839,2817.1009012769796,2794.0,1806.1,9998
57.35504,-21.531515,2480.917192436142,2468.0,621.1,9998
58.29540166666666,-22.288563333333332,2960.9029213202693,2967.0,2312.9,9998
48.20213666666667,-43.376506666666664,3022.192766395455,3100.0,320.0,-1
53.2614,-29.054578333333332,3303.9698916506363,3298.0,2364.7,9998
72.37214,9.03417,2361.8771255688207,2386.0,565.3,9998
57.82004666666667,-48.36141666666666,3395.3169106490022,3411.0,782.2,9998
56.81265,-50.803105,3598.3241130673296,3592.0,311.3,9998
57.49362,-50.1517,3605.910702875082,3594.0,336.5,-1
46.378946666666664,-22.28074,3784.919395167572,3954.0,1938.3,9998
61.84610166666667,-31.120303333333332,2171.4850978320337,2302.0,131.4,9998
58.563316666666665,-33.537016666666666,2291.6326459120855,2140.0,512.3,9998
64.23009666666667,-31.078915,2598.9348475270763,2643.0,794.2,9998
59.712055,-58.471445,2716.231488910505,2729.0,2109.2,-1
50.01768333333333,-47.38465166666667,2794.834223154729,2824.0,256.2,9998
51.79319,-49.51829,2957.6819179310196,2839.0,5214.6,9998
54.51836,-43.99491,3449.9064377478812,3436.0,63.0,-1
52.11729,-24.355255,3446.7380019839784,3406.0,2066.1,9998
56.39071333333333,-46.675155,3581.8908774331157,3543.0,388.1,-1
43.93316166666666,-33.85554,3607.369865862001,3643.0,2468.6,9998
61.85102166666667,-29.426681666666667,2005.7693968168019,1849.0,2036.9,9998
61.07615,-33.54611,2855.712585372275,2733.0,1267.9,9998
50.55386333333333,-30.15208,3124.134699241083,2899.0,1762.9,-1
35.385463333333334,28.840538333333335,3489.094717369377,3504.0,1393.4,9998
70.6519,11.256746666666666,2696.5646280538713,2676.0,835.8,-1
57.47165833333333,-50.62814,3617.605979929479,3639.0,407.4,-1
50.69214,-33.664055,3519.345548285202,3513.0,2177.0,9998
68.36629166666667,8.269636666666667,2758.5013898909033,2739.0,1688.2,9998
57.361105,-21.591836666666666,2492.6651274605383,2604.0,647.9,9998
58.30702333333333,-21.43518,2970.6686663730134,2970.0,2213.4,9998
70.36427,0.26490833333333336,3166.142592877178,3144.0,1390.4,9998
35.528938333333336,28.868373333333334,3235.0015474746097,3277.0,2208.7,9998
53.377248333333334,-29.026693333333334,3385.8851210746393,3375.0,1860.4,-1
72.37851166666667,10.166273333333333,2207.1977982028875,2219.0,396.3,9998
47.9675,-43.06686,3336.7890287228815,3333.0,7013.4,-1
57.53417,-48.97119,3493.8514395120224,3503.0,637.2,9998
57.16277,-48.13572,3483.2394307337945,3498.0,560.5,-1
56.1614,-51.48102,3615.084462931934,3597.0,345.3,9998
46.452595,-22.17676,3864.76896495177,3990.0,2032.6,-1
58.540235,-33.289253333333335,2401.3568676009368,2192.0,651.8,9998
64.47776666666667,-31.042073333333335,2488.3416311449805,2499.0,474.2,9998
61.794961666666666,-31.60014333333333,2495.6896781069863,2364.0,274.1,9998
59.37478333333333,-58.29548833333333,2661.5363501038005,2670.0,2569.2,-1
51.01646,-48.55118,2660.518861307671,2614.0,3707.3,9998
49.53661666666667,-46.841155,2879.081596994355,2891.0,321.7,9998
56.82271,-46.01972,3284.415663084746,3541.0,417.0,9998
54.53411,-43.51327,3423.57463454411,3389.0,258.8,9998
52.36823833333333,-24.822308333333332,3501.266351224066,3507.0,1674.9,9998
43.865336666666664,-33.936053333333334,3709.7732468362983,3707.0,2591.7,9998
61.925915,-29.426075,1927.2684564357992,1992.0,1792.9,9998
61.34605,-33.50344,2929.9003383871127,2824.0,1211.3,9998
50.483305,-30.144151666666666,2937.501430431164,2860.0,1751.9,-1
35.589011666666664,29.055633333333333,3400.1492808440903,3436.0,2766.1,9998
70.65905,10.77923,2696.563514488558,2703.0,674.5,9998
57.46928833333333,-49.471555,3592.2805058644317,3595.0,361.0,-1
50.745945,-33.96423166666667,3444.237198079641,3590.0,1736.0,-1
68.37221,8.29514,2689.11816966309,2740.0,1659.7,9998
35.34620666666667,-12.902878333333334,3518.401672791572,3589.0,2678.4,9998
59.10561833333333,-22.50967,2763.2996865880746,2750.0,1039.1,9998
35.856765,29.110863333333334,3564.130563927757,3346.0,4399.5,9998
47.71313,-32.730801666666665,3876.979744951512,3902.0,1403.7,9998
53.34761,-28.85466,3375.1642763131463,3386.0,2424.8,9998
71.51989833333333,10.22243,2433.417807035577,2458.0,581.0,9998
55.53174,-51.51578833333333,3414.50286121742,3455.0,2071.4,9998
57.86777333333333,-48.154241666666664,3346.549091825442,3349.0,678.6,9998
47.64664,-42.7395,3495.9395547184913,3555.0,8189.9,-1
57.14495,-49.016601666666666,3609.912609528909,3613.0,461.8,9998
58.51451333333333,-33.05116833333334,1951.3480104082284,1952.0,938.6,9998
61.82807,-31.66722,2461.425986782132,2471.0,341.9,9998
64.43008333333333,-31.25733333333333,2530.4234755050484,2548.0,740.2,9998
58.320375,-57.73921,2836.7977261218575,2806.0,3444.6,-1
50.673858333333335,-48.000976666666666,2536.2462516826577,2548.0,1434.5,9998
49.42764,-45.512456666666665,3050.196121776692,3028.0,1853.3,9998
54.65103,-42.98276,3222.5721419558727,3246.0,468.6,9998
56.94451,-46.30195,3553.468233152589,3569.0,839.1,9998
52.65830166666667,-25.788465,3639.5759951141845,3672.0,1767.2,-1
44.055508333333336,-33.720893333333336,3672.662211794198,3664.0,2267.9,9998
61.97323333333333,-29.29667,1949.8300522137074,1948.0,2124.0,9998
61.247766666666664,-33.76651,2905.5017261050634,2467.0,884.6,9998
50.40361,-30.350256666666667,3012.7900501657086,3023.0,1824.3,-1
36.09733833333333,28.913093333333332,3415.627751269329,3492.0,3289.7,9998
52.55636666666667,-45.06769333333333,3865.543614184501,3911.0,214.1,9998
70.56191666666666,10.66919,2736.640385880607,2730.0,589.1,9998
56.63723,-49.89201833333333,3665.5859591929557,3734.0,219.9,-1
68.279775,8.232015,2707.703286592351,2740.0,1422.0,9998
56.978,-21.55708,2247.8299047496153,2215.0,469.8,9998
59.914825,-21.436418333333332,2803.198700987798,2802.0,1559.9,9998
69.344745,-0.02495333333333333,3190.713271919424,3253.0,1158.4,9998
36.19381,28.47553,3779.651771901258,3413.0,2071.2,9998
53.34907,-28.50016,3256.1263856483283,3296.0,2250.9,9998
54.915958333333336,-50.770325,3204.9292550889786,3226.0,1133.1,9998
71.36857833333333,10.054661666666666,2542.986024944601,2536.0,786.0,9998
58.22631,-48.80767,3455.6410507501464,3475.0,261.8,9998
57.03491833333333,-48.77509166666667,3612.868340891822,3558.0,462.3,9998
48.866188333333334,-43.124118333333335,3877.5436328653136,3854.0,6673.5,-1
58.670028333333335,-33.43954,2029.8241100560724,1608.0,464.3,9998
61.87077166666667,-31.38452,2309.641707293129,2280.0,75.4,9998
64.51250833333333,-30.079288333333334,2337.5876004176225,2332.0,664.8,9998
57.595173333333335,-57.126125,2740.1748806749465,2760.0,3737.5,9998
50.177973333333334,-47.23497666666667,2841.7482943230525,2843.0,318.5,9998
49.136828333333334,-43.933933333333336,3244.6685846370233,3266.0,1590.0,-1
54.366431666666664,-42.50671333333333,3252.907405992694,3290.0,108.8,-1
57.25436,-46.40632,3452.996700871248,3479.0,814.7,9998
44.298608333333334,-33.336378333333336,3475.551367172827,3637.0,1331.4,-1
53.42870666666666,-26.457246666666666,3663.682916533243,3658.0,4286.1,9998
62.22428,-29.185996666666668,1893.858492757017,1893.0,1999.6,9998
52.04259,-36.18173,3878.374911824134,3874.0,2375.6,9998
50.34983833333333,-30.32255333333333,2754.6353229975784,2938.0,1740.6,-1
61.30114833333333,-34.34339,2960.1886985726464,2874.0,367.2,9998
35.971085,28.35279,3628.5133806383405,3536.0,3623.5,9998
70.21274166666667,10.735598333333334,2848.050656904195,2836.0,805.7,9998
56.761588333333336,-50.36349666666667,3609.055297427728,3623.0,297.1,-1
68.51224833333333,8.225036666666666,2725.2537610346267,2733.0,1332.9,9998
35.20077,-12.512088333333333,3651.2033076156818,3651.0,2232.0,9998
57.73259,-21.031411666666667,2454.401643661317,2494.0,402.2,9998
69.177705,1.5233533333333333,3116.628090701809,3140.0,1150.6,9998
35.67481,28.260988333333334,3421.6152547044653,3424.0,3625.7,9998
53.34241,-27.02212,3197.5615483035176,3705.0,4742.3,-1
54.71243,-50.92603833333333,3160.0811861735697,3144.0,213.6,9998
58.03622,-50.1337,3554.117857059476,3557.0,405.3,-1
71.20174,9.4989,2615.3597011650945,2628.0,671.4,9998
57.045626666666664,-48.900256666666664,3608.9687070851114,3654.0,498.9,9998
64.08910666666667,-29.849166666666665,2121.134221954588,2098.0,1192.4,9998
62.131546666666665,-31.188668333333332,2208.6804603317473,2119.0,36.7,9998
56.928376666666665,-56.01897833333334,2815.6203209701603,2795.0,4262.4,-1
49.88415666666667,-47.050916666666666,2875.0785484335465,2892.0,500.9,9998
47.65218,-43.04065,3106.3972738442367,3122.0,5036.5,-1
57.31395833333333,-46.64597,3392.5354568670487,3369.0,767.6,9998
54.13958,-42.31487,3462.6960394320795,3350.0,286.1,-1
53.61503166666667,-25.1643,3573.982327055148,3654.0,4645.0,-1
52.11658666666667,-36.60321833333333,3579.331466429203,3497.0,2195.2,9998
62.39263,-28.891053333333332,1900.7040683983012,1872.0,2472.3,9998
61.23522333333333,-35.41567,2927.9720254325402,2943.0,1151.5,9998
50.27409,-30.43424,3087.0907511159385,3311.0,1961.2,-1
35.52491,28.34138,3291.7007306201817,3221.0,2397.1,9998
70.59030833333334,11.045585,2715.140311274422,2702.0,801.3,-1
57.631346666666666,-49.311425,3581.516174769005,3567.0,630.4,-1
51.71842,-47.13019,3817.1563601240114,3772.0,2788.9,-1
50.69855666666667,-34.881355,3854.506140062684,3967.0,1479.6,9998
68.53143333333334,8.849873333333333,2850.295637793981,2830.0,1579.5,9998
35.06191,-12.519658333333334,3201.8880148533517,3203.0,1409.1,9998
59.52535833333334,-23.450406666666666,2441.3121915844595,2443.0,403.0,9998
57.82940833333333,-20.725593333333332,2457.3194531101476,2477.0,402.4,9998
68.51692833333334,2.3004816666666668,2918.651900697667,2926.0,1665.5,9998
35.42921,28.412603333333333,3194.940842651311,3155.0,1714.2,9998
53.610945,-30.232793333333333,3145.739953503048,3160.0,383.6,9998
54.53511,-51.08911,2980.4157465547755,3001.0,1063.9,9998
71.39849833333334,10.306856666666667,2525.3796812672936,2507.0,781.0,-1
56.205165,-48.958396666666665,3715.38517475669,3696.0,409.8,9998
57.421145,-50.85205333333333,3667.2913549855,3572.0,615.4,9998
63.955058333333334,-30.004155,2154.481010479196,2168.0,513.6,9998
62.448858333333334,-30.910116666666667,2405.509816214741,2352.0,113.7,9998
56.30939,-55.933568333333334,2731.669764536459,2728.0,3973.0,-1
49.60825,-47.42832,2692.1840308316955,2705.0,818.6,9998
57.40737,-47.35459,3088.0886644751195,3105.0,1031.5,9998
52.159396666666666,-36.994773333333335,3441.848765948478,3498.0,2409.5,9998
54.13707,-43.3115,3554.3273517270845,3587.0,321.2,9998
52.81823833333333,-25.823816666666666,3530.3722907476226,3580.0,2753.2,9998
47.037591666666664,-43.005086666666664,3576.110463090706,3634.0,1162.0,9998
44.44744333333333,-32.80956166666667,3608.174009619847,3686.0,1049.5,9998
62.83273,-28.931188333333335,1861.3831896141785,1891.0,1610.5,9998
50.07568666666667,-30.006353333333333,2853.5119093864537,3076.0,1797.8,-1
61.78090666666667,-34.165031666666664,2937.6156209014794,2949.0,372.3,9998
35.32125833333333,28.42824166666667,2993.4359063114853,3061.0,1166.0,9998
69.760625,9.659985,2908.6659900230406,2914.0,1288.2,9998
57.66939166666667,-48.46769166666667,3486.0153643618405,3476.0,650.8,9998
68.59646833333333,8.603646666666666,2841.4941407143933,2841.0,1099.4,9998
35.06827,-10.55223,3307.470349447875,4455.0,269.5,9998
57.63116333333333,-21.451561666666667,2327.0855271183295,2224.0,1110.9,9998
59.600905,-24.877445,2446.192877943325,2436.0,138.6,-1
68.27297833333333,2.258355,2759.4947788644245,2732.0,520.2,9998
35.22736166666667,28.49658,3447.1459354372255,3315.0,972.1,9998
53.83675,-30.40082,2983.529598540233,3048.0,779.7,9998
54.08297,-51.36884,3005.938040659538,3006.0,3527.5,-1
71.677585,10.244621666666667,2393.281019986914,2396.0,408.5,9998
57.48501,-51.28809,3520.177726195907,3505.0,139.8,9998
56.102455,-49.15827,3740.7328415337233,3698.0,916.7,9998
62.50465,-30.278711666666666,2251.731803611525,2258.0,164.8,9998
64.347655,-29.887253333333334,2319.9883276034507,2196.0,1412.0,9998
58.85307,-33.24771,2393.4601985547297,2619.0,854.0,9998
55.60283833333333,-54.40875833333333,2786.6038794798455,2662.0,7128.1,9998
49.39884166666667,-46.92335833333333,2837.0588073773474,2876.0,424.2,9998
51.98707,-37.44074,3231.1411027397535,3283.0,2379.4,9998
57.41126,-48.15632,3336.9241090592,3368.0,719.0,9998
46.74468666666667,-42.758575,3564.5047290003313,3529.0,2696.0,-1
54.04291833333333,-43.35416166666667,3591.388344109614,3637.0,295.6,9998
44.57877,-32.50211,3652.0105141744934,3622.0,1326.6,9998
53.528803333333336,-26.29884,3644.166449363872,3606.0,3958.0,9998
63.53127333333333,-29.236866666666668,1826.931763305786,1868.0,1570.4,9998
49.96021833333333,-29.978088333333332,2894.6175469293185,2923.0,1771.3,-1
61.28516,-33.52447,2893.7702371852633,2984.0,1184.2,9998
35.21859166666667,28.584091666666666,3160.7707915489477,3161.0,740.5,9998
69.73040833333333,11.644818333333333,2900.8607382877753,2879.0,680.7,9998
57.643705,-48.49334666666667,3478.225939043414,3482.0,637.0,9998
50.25889166666666,-34.72096166666667,3538.984601823944,2581.0,3529.1,-1
68.365595,9.33497,2638.290026310505,2597.0,1367.1,9998
35.105045,-12.492276666666667,3527.263339836476,3522.0,1737.9,9998
59.66326166666666,-25.36034,2364.900178414897,2307.0,332.6,-1
68.32569,2.088338333333333,2812.2401327528023,2824.0,872.8,9998
57.69348166666666,-21.70022833333333,2982.542255147583,2965.0,2192.1,9998
35.21693,28.64905,3025.7605793499697,3068.0,600.8,9998
53.90296,-29.75243,3123.2001384563946,3123.0,906.0,-1
53.37547166666667,-50.72676,3225.861338941142,3225.0,1632.0,9998
71.33694166666666,10.79305,2498.0043959686527,2467.0,812.9,9998
57.48967,-51.19427,3524.0741462390693,3519.0,260.7,9998
56.507605,-49.01193166666667,3661.7306737438344,3653.0,268.0,9998
62.25113,-30.52801,2132.2081874715136,1992.0,209.2,9998
64.72704833333333,-29.787121666666668,2172.001223534639,2117.0,2740.1,9998
55.019996666666664,-52.55275666666667,2595.961982180216,2644.0,7495.8,9998
48.89907,-46.53489666666667,2745.2128917626396,2772.0,2590.2,9998
44.68683333333333,-32.172565,3361.22998272644,3304.0,1448.9,-1
58.35866,-48.5311,3478.0195796305065,3522.0,482.6,9998
52.16675,-37.70656666666667,3493.529265648757,3475.0,2344.9,9998
53.47717333333333,-25.31936333333333,3662.693065992626,3645.0,4590.9,-1
53.98069,-44.30972,3750.184749443888,3730.0,1333.6,-1
61.32955166666667,-34.78446666666667,2966.041942675435,2963.0,417.3,9998
35.192145,28.67242,2987.596703233829,3036.0,511.3,9998
50.09721,-29.91829,3396.6382741241046,3376.0,2074.1,-1
70.24028166666666,11.684686666666666,2801.1670127326474,2815.0,845.3,9998
58.28826166666666,-48.837423333333334,3475.116034476862,3488.0,226.4,9998
68.94361666666667,11.485663333333333,2859.988141171454,2838.0,128.2,9998
35.12083,-12.38599,3187.203238042716,2793.0,1646.4,9998
60.026088333333334,-25.533436666666667,2244.3265418205133,2270.0,246.0,9998
68.52469666666667,3.352585,2807.3206886719886,2805.0,886.4,9998
57.69178333333333,-21.953516666666665,3024.542490384233,3067.0,2405.4,9998
35.23563166666667,28.809863333333332,3061.9622947651683,3065.0,485.7,9998
53.90354,-30.59829,2985.466371219432,2992.0,605.3,-1
52.81869,-50.05886666666667,3186.9705917455312,3162.0,819.2,9998
70.9998,12.488478333333333,2395.329000749776,2408.0,403.9,9998
57.67006,-51.74862,3557.1489798837065,3586.0,533.6,-1
56.27700333333333,-48.702895,3697.835152409776,3691.0,39.3,9998
65.01463,-6.190618333333333,2414.8460860614423,2693.0,216.5,9998
64.90506,-29.82397,2038.6582037826827,2049.0,2713.2,9998
62.24346333333333,-30.601475,2138.091339989948,2186.0,177.7,9998
58.51814666666667,-33.697775,2410.175589186773,2463.0,617.5,9998
54.20924,-52.08736,2623.5521157959092,2575.0,6091.3,9998
49.165105,-44.361243333333334,2916.341582160394,3049.0,2807.2,9998
51.998801666666665,-37.37055333333333,3324.8340251402033,3281.0,2454.2,9998
52.58994333333333,-25.039046666666668,3386.12169802474,3477.0,1267.4,-1
44.629135,-31.580971666666667,3412.0096443578113,3285.0,1872.9,-1
58.608158333333336,-49.523761666666665,3501.336169911824,3509.0,471.6,9998
53.625598333333336,-44.37505,3694.7899641094705,3709.0,1216.5,9998
61.98088,-34.30408,2906.3140136109664,2908.0,807.2,9998
49.91495,-29.97978,3078.3979228724534,3145.0,1855.2,-1
35.34826,28.84937,3200.8305191993923,3443.0,1052.1,9998
70.54499333333334,10.979813333333333,2733.7119763338164,2713.0,768.3,-1
58.40858,-49.68933,3526.7282704172717,3529.0,808.5,-1
69.49897,10.70769,2963.3784704656136,2954.0,1049.3,9998
35.11922166666667,-12.241348333333333,3128.520210607126,3190.0,1682.1,9998
60.169195,-25.554428333333334,2224.7004471729747,2208.0,184.2,9998
68.63597,5.05416,3033.805327902133,3011.0,475.9,9998
57.47654,-22.59421,3021.6668864627286,3021.0,1246.6,9998
35.4297,28.844123333333332,3165.602774491962,3164.0,1545.9,9998
49.09771,-32.18543,3745.9843407526187,3792.0,1495.9,-1
53.87117166666667,-31.081386666666667,3006.971004629009,3051.0,527.7,-1
51.781725,-49.194716666666665,3126.7189601707996,3250.0,1662.4,9998
71.32601,12.29807,2261.1844301024,2249.0,736.0,9998
58.02672,-50.85357,3606.724569250039,3592.0,347.1,9998
55.97716,-47.93875833333333,3650.20855687378,3611.0,88.5,9998
64.95312,-31.938071666666666,2043.5540197596392,2052.0,2096.1,9998
62.159235,-30.20147,2048.878141004912,2070.0,87.5,9998
53.11277833333333,-51.065005,2638.4877651954143,2689.0,6350.4,9998
44.574155,-31.10099,3187.4137522389437,3113.0,1589.0,-1
58.3026,-49.68748,3533.5795197772864,3555.0,921.8,9998
47.863393333333335,-42.76303166666667,3560.2375358271056,3713.0,9569.0,-1
53.66686,-43.97238,3705.4904048793433,3670.0,1475.5,9998
52.47224,-25.77481,3680.555672620446,3640.0,734.5,9998
51.58389,-37.05465,3733.452070465998,3763.0,3926.4,9998
49.816025,-29.822488333333332,2928.879777650825,2753.0,1867.8,9998
61.33262,-34.55864,2959.2048071456024,2967.0,321.1,9998
35.601906666666665,28.898908333333335,3552.4951257797493,3625.0,2860.0,9998
69.95317166666666,11.087376666666668,2895.9404532585977,2920.0,1346.9,9998
58.357505,-50.152745,3535.5121544525446,3551.0,789.1,-1
69.160995,10.405205,2995.6480623620014,2984.0,433.5,9998
35.13998,-11.99045,3088.405224926968,3001.0,1999.2,9998
59.83985166666667,-24.886045,2309.0305096177776,2307.0,17.7,9998
68.64729,6.80759,3025.0207746719216,3005.0,380.1,9998
58.070045,-23.388626666666667,2982.4488595162743,2987.0,4066.1,-1
35.61564166666667,28.875081666666667,3629.6021455107516,3683.0,3005.4,9998
53.7807,-31.284188333333333,3037.281593259121,3060.0,387.4,-1
50.8951,-47.6957,2962.8087201052417,2916.0,1763.2,-1
71.20118333333333,12.303296666666666,2290.572738078406,2321.0,499.8,9998
57.81086333333333,-51.62524833333333,3474.2789684683435,3536.0,341.5,-1
55.445798333333336,-47.97966666666667,3565.6162715717282,3666.0,150.9,9998
62.247191666666666,-30.1526,2053.7679214131326,2075.0,64.6,9998
64.28512166666667,-33.24417833333333,2111.301561460377,2160.0,1723.4,9998
58.69826666666667,-33.67890333333333,2262.2088595195664,2205.0,861.6,-1
52.29345333333333,-49.98022,2805.998243512297,2774.0,4936.6,9998
44.57434166666667,-30.966058333333333,3189.36784696861,3043.0,1488.6,-1
52.29136,-25.72561,3424.252967516855,3812.0,1603.3,9998
58.05336,-48.9798,3519.036639836396,3557.0,792.9,9998
53.81816166666667,-43.86366,3663.557131364523,3618.0,1393.4,9998
51.13411,-37.21298,3873.8243499805208,3841.0,3011.6,9998
61.67867,-35.11588,2917.1267127652504,2917.0,1880.5,9998
49.820548333333335,-29.727673333333332,3115.5505666548447,3192.0,2015.8,9998
35.706518333333335,28.974153333333334,3844.1706053988864,3897.0,3781.7,9998
69.76153333333333,10.19828,2915.4997990690267,2924.0,1365.2,9998
58.038575,-50.27554666666666,3557.039928500328,3556.0,287.1,-1
50.731325,-33.86832,3527.133301441186,3563.0,1893.1,-1
68.77147166666667,9.607951666666667,3006.45564913042,2966.0,1389.2,9998
35.17808,-11.9045,3226.3007844560525,3404.0,2226.5,9998
59.89848833333333,-24.562576666666665,2223.7684927495584,2214.0,107.9,9998
58.771028333333334,-23.165368333333333,2823.9860429436267,2810.0,2330.0,9998
68.95797,7.871435,3065.942951812437,3055.0,1131.0,9998
53.60354666666667,-31.619976666666666,2938.6360885996733,3022.0,265.3,9998
50.54983,-47.31614,2842.6305488658277,2856.0,600.1,9998
71.11461,13.17714,2209.309940019832,2211.0,629.8,9998
55.54144,-48.14004,3507.113925078181,3468.0,189.6,9998
57.50020333333333,-51.78919833333333,3526.994336724164,3594.0,460.5,9998
-45.1984,-20.72298,3802.8695794459295,3868.0,2847.3,-1
63.524701666666665,-35.917091666666664,2074.1628683261515,2085.0,1802.9,9998
62.699585,-30.16448,2418.1915131694736,2404.0,357.8,9998
58.45805166666667,-33.9083,2420.960177998826,2436.0,658.3,9998
51.31267,-49.025578333333335,2719.1699402881404,2707.0,5755.9,9998
44.61592,-30.98706,2831.456180612896,2929.0,1369.7,-1
58.48749,-49.31304166666666,3500.396440264294,3552.0,428.6,9998
52.351135,-24.99587,3656.2393462915634,3623.0,1512.1,9998
50.848573333333334,-37.17698,3628.4727398811483,3656.0,2652.9,9998
54.05908,-43.70394,3720.944976394601,3749.0,568.1,9998
46.67677166666667,-42.440016666666665,3809.170288650622,3974.0,4457.8,-1
61.026736666666665,-35.26652833333333,2963.1820721657186,2972.0,899.4,9998
50.00666,-29.73796,3261.9846885563393,2748.0,2108.1,9998
69.98565166666667,11.197701666666667,2901.792823551021,2906.0,1278.2,9998
57.9524,-48.631116666666664,3445.972229739892,3475.0,696.3,9998
50.853095,-33.546685,3473.462910887908,3469.0,2284.3,9998
69.04853333333334,8.897021666666667,3050.3150834873063,3044.0,716.5,9998
35.20394666666667,-11.783881666666666,3329.910083344843,3417.0,2294.5,9998
59.86935166666667,-24.626175,2242.3946950462596,2281.0,72.3,9998
58.779293333333335,-23.534098333333333,2784.8823020591317,2782.0,1668.9,-1
69.50219,7.39168,3178.9818230626483,3168.0,1154.8,9998
36.06855,28.98987,3259.288255534983,3322.0,3578.0,9998
-52.594515,-35.90168166666667,3755.5138916974597,3789.0,2292.8,-1
53.47543,-30.39526,2844.819631093086,3074.0,233.7,-1
49.53508,-46.99379,2854.630413105905,2822.0,374.8,9998
71.27801166666667,11.657946666666666,2379.6342409536005,2379.0,746.1,9998
57.288395,-51.788375,3549.4680106276446,3578.0,202.3,9998
55.53393,-49.03259333333333,3870.372809751405,3756.0,461.1,9998
63.19588666666667,-37.263533333333335,1863.2956988791316,1696.0,2352.6,9998
62.89062,-30.2621,2142.8880477487646,2160.0,548.6,9998
50.66718,-48.40407,2467.674976755406,2467.0,2734.2,9998
58.388996666666664,-34.30309,2786.926921713212,2764.0,631.0,9998
44.730151666666664,-30.910421666666668,2975.2418959248294,2908.0,1427.6,-1
54.274565,-43.9212,3571.826270067963,3537.0,27.6,-1
58.50465,-49.8604,3524.7516764410975,3521.0,808.4,-1
50.545343333333335,-37.116915,3571.0645660791583,3475.0,1879.8,9998
52.149433333333334,-24.11883,3678.7133623429295,3619.0,2513.0,9998
66.665505,-1.8551616666666666,3442.7256514164333,3410.0,223.6,9998
60.74115666666667,-36.397795,2944.690889293692,2959.0,446.5,9998
49.89796,-29.619861666666665,3166.322338903436,2627.0,2113.1,9998
51.48855,-44.7555,3755.8857288965232,4017.0,6744.2,9998
70.49186166666667,10.58827,2764.006589732242,2747.0,483.0,9998
57.791,-48.71282,3440.169848757002,3468.0,781.1,9998
69.96120833333333,8.108026666666667,3066.7318079847573,3077.0,824.6,9998
36.287215,28.926946666666666,2091.892358293809,1865.0,1082.1,9998
59.774315,-25.00705,2324.717500408101,2342.0,54.2,-1
58.972438333333336,-23.583703333333332,2678.251718529192,2672.0,841.6,9998
69.89323,6.47836,3171.106308213933,3186.0,462.9,-1
-52.33595,-36.45897,3425.2146523473484,3552.0,1910.6,-1
53.56137833333333,-32.225251666666665,2918.121017168754,2926.0,11.5,9998
49.15017666666667,-46.587853333333335,2904.610732649172,2897.0,506.5,9998
71.66296333333334,11.294765,2287.576746908728,2259.0,558.5,9998
57.14625,-51.7945,3532.94575193121,3539.0,219.0,9998
56.12784333333333,-48.55291166666667,3687.170311899487,3684.0,218.4,-1
-45.94132166666667,-20.130203333333334,3837.6785871612883,3917.0,3000.4,-1
62.63989,-39.572158333333334,1937.9572194184043,1847.0,2227.3,9998
63.09997333333333,-30.263815,2032.0610530989272,2135.0,202.6,9998
50.38371166666667,-48.504673333333336,2427.5631068414505,2423.0,2901.9,9998
44.713831666666664,-30.981853333333333,2986.9822470842855,3048.0,1520.6,-1
54.459543333333336,-44.11772166666667,3502.569176789337,3436.0,141.4,-1
58.61922333333333,-49.51799833333333,3499.384085325429,3504.0,461.4,9998
36.22277833333333,28.995596666666668,1786.0372267394418,1697.0,1299.7,9998
52.34336,-23.62265,3701.0550677752713,3669.0,3125.2,9998
50.458486666666666,-37.486985,3823.432704483087,3764.0,1634.5,9998
66.66886833333334,-1.8384383333333334,3420.3192353064574,3391.0,227.8,9998
60.76686,-36.942393333333335,2933.940338861367,2934.0,729.4,9998
49.89494,-29.40631,3497.171183945349,2890.0,2264.5,-1
70.82798166666667,9.269705,2737.5754124890254,2742.0,527.0,9998
57.431075,-48.7903,3469.515792350431,3469.0,724.9,9998
51.227063333333334,-33.53881833333333,3689.7350567820886,3603.0,2775.5,9998
53.33202166666667,-46.84010166666667,3795.189275131807,3767.0,980.1,-1
70.23880666666666,9.050975,2862.693910431829,2847.0,815.3,9998
36.16623,29.009448333333335,2058.4969543780458,2133.0,1983.0,9998
59.55296,-25.77372,2432.494420551197,2420.0,788.0,-1
70.23079,6.131565,3149.5897812751036,3147.0,660.7,9998
-52.04127,-36.81097333333334,3664.1350970787494,3720.0,1313.6,9998
53.757625,-32.16289166666667,2938.596193823736,2939.0,65.5,9998
49.376405,-45.081235,2798.91099756283,2743.0,3121.6,9998
71.80879833333333,11.034215,2238.6030742591506,2244.0,559.8,9998
-46.482195,-19.93565,3483.6319223192368,4032.0,3327.1,-1
57.52347,-48.68834,3544.5264050335186,3503.0,717.6,9998
55.82288,-49.15637,3756.3998508054606,3740.0,814.0,9998
62.009503333333335,-39.45527,1938.050051759445,1817.0,2865.4,9998
63.28524,-30.34828,2272.1729727658,2348.0,112.5,9998
49.557136666666665,-48.198568333333334,2361.091882429931,2361.0,2783.1,9998
58.84513,-33.90156,2430.675837462037,2323.0,1569.4,9998
44.78276,-31.02446,3064.2081566184584,2941.0,1644.0,-1
54.48049,-44.25116833333333,3488.915293214069,3472.0,201.6,-1
58.76835,-50.04388,3500.3157424531732,3501.0,535.1,9998
50.54671,-37.79576,3747.4386965897907,3641.0,2228.7,-1
49.83936333333333,-29.3431,2678.4234118897834,2824.0,1770.2,-1
36.15053666666667,28.94755333333333,2518.0279688822507,2766.0,2332.0,9998
60.991128333333336,-37.432225,2890.9057533051155,2893.0,377.9,9998
66.53975833333334,-1.8358483333333333,3579.088962063086,3595.0,236.1,9998
70.550245,8.5508,2836.275886586563,2832.0,451.9,9998
57.19751,-48.37196,3513.441161484316,3506.0,627.9,9998
70.25222333333333,8.51921,2934.9387333220234,2919.0,870.2,9998
59.90972333333333,-24.970063333333332,2293.3417574102386,2326.0,125.5,9998
59.78734333333333,-24.275275,2410.906151039861,2416.0,287.0,9998
36.159275,28.70819,3554.2741426870252,3512.0,2579.5,9998
-51.93508333333333,-37.20485,3815.134920420203,3863.0,1386.7,-1
53.83537666666667,-31.827391666666667,2732.255434875765,2756.0,276.4,9998
48.0189,-43.472091666666664,2906.8676653605685,2932.0,5010.0,-1
71.83977666666667,11.028153333333334,2221.951943354059,2228.0,567.1,9998
57.33015666666667,-51.39665166666666,3527.044593272232,3543.0,188.5,9998
56.366595,-49.25246666666666,3700.728207045938,3690.0,518.0,9998
61.18907,-40.57709,1824.3111131007097,1835.0,2697.3,9998
63.28805833333333,-30.468663333333332,2189.8692147489137,2270.0,160.6,9998
59.159555,-33.819075,2273.8830601103778,2219.0,1099.4,9998
44.922851666666666,-30.971016666666667,2966.3868490590094,2982.0,1575.2,-1
54.39453,-44.08509,3505.513441802447,3510.0,139.8,-1
58.50095,-49.95713,3523.77839360065,3525.0,886.0,-1
53.129565,-21.68551,3875.079615403163,3835.0,1970.2,9998
66.32964333333334,-1.901805,3542.142701233123,3518.0,128.0,9998
60.75767,-37.29561,2937.849649684367,2941.0,745.2,9998
50.02133666666667,-29.222995,3272.718838530727,3122.0,1883.3,-1
36.052503333333334,28.419825,3714.3490633889096,3751.0,2971.8,9998
70.939085,9.72923,2674.04376803722,2667.0,540.2,9998
57.60487666666667,-48.65904333333334,3473.363999523711,3545.0,652.4,9998
53.06744,-48.16812,3830.325864849731,3839.0,414.0,9998
70.77430666666666,8.044661666666666,2912.397772985798,2970.0,582.8,-1
-7.721668333333334,49.35373666666667,3840.9573014974217,4036.0,1182.0,-1
60.17519333333333,-25.271833333333333,2249.199662338538,2232.0,220.9,9998
59.71751666666667,-24.050423333333335,2412.87817959264,2453.0,373.7,9998
35.80661666666666,28.337011666666665,3585.6214409161175,3640.0,3859.2,9998
47.38744,-31.4547,3778.7228287227913,3889.0,790.5,9998
53.74069166666666,-32.06711166666667,2764.5595731693647,2768.0,114.0,9998
71.91656,10.6681,2281.6709077056407,2261.0,606.0,9998
56.05023,-48.31961666666667,3692.0639280268147,3668.0,138.6,-1
57.44549833333333,-51.15128166666667,3665.3362417806197,3537.0,349.9,9998
60.02796333333333,-41.063718333333334,2065.8938062662387,2137.0,2668.7,9998
63.12603,-30.25644,2463.1416745257898,2156.0,161.3,9998
48.719915,-47.42859166666667,2473.0121653776596,2491.0,2996.4,9998
59.422441666666664,-33.733215,2697.714207258295,2717.0,1003.2,9998
44.95303166666667,-30.913821666666667,3035.807913499563,3024.0,1579.1,9998
54.416305,-43.923765,3500.632806853656,3558.0,110.6,-1
58.27625,-49.19899,3524.818038213302,3551.0,606.2,9998
51.36954333333333,-39.751041666666666,3496.704476361059,3435.0,1482.8,9998
66.04949,-1.1605433333333333,3413.6431601841878,3402.0,223.0,9998
50.113175,-29.639401666666668,2790.8965955291105,2938.0,1740.5,9998
60.98597,-36.50025,2919.2375372944766,2931.0,742.9,9998
35.61684833333333,28.300456666666665,3575.919544184493,3620.0,3227.0,9998
70.64494833333333,10.949146666666667,2700.474478820582,2704.0,732.7,9998
57.16502,-49.406036666666665,3613.8028297780925,3611.0,122.7,-1
52.750726666666665,-48.52021833333333,3749.6186397767,3734.0,862.0,9998
71.13210166666667,7.905485,2859.6171257445385,2849.0,577.4,9998
-7.804881666666667,49.434165,3834.1126040160534,4031.0,1238.1,-1
59.64064166666667,-26.22898,2219.8940750939023,2237.0,523.6,9998
59.607,-25.10681,2365.8903669348438,2373.0,155.6,-1
47.27577,-31.25404,3608.2083112088735,3496.0,1046.4,9998
35.56864,28.38148,3548.6003401661674,3356.0,2752.5,9998
-51.907915,-37.614085,3740.161376139809,3719.0,1569.9,9998
53.88353,-32.06155833333333,2731.2655786894406,2754.0,231.7,9998
71.85912,11.35508,2138.6935713790253,2159.0,536.9,9998
57.826,-50.67742,3587.3029293390728,3604.0,213.0,-1
55.97600666666666,-49.12509166666667,3721.3002216726063,3718.0,951.1,9998
63.15069166666667,-30.48619,2335.8617155208494,2415.0,369.8,9998
58.625101666666666,-42.838565,2354.324513345374,2392.0,1886.0,9998
48.57776166666667,-47.407698333333336,2402.4777194311246,2360.0,3886.6,9998
59.347525,-34.113881666666664,3037.801441218711,3059.0,92.0,9998
44.951636666666666,-31.068416666666668,2876.381283838866,3051.0,1605.1,-1
51.481856666666665,-39.911141666666666,3085.7769674877363,3084.0,1646.2,9998
51.74311,-20.90859,3180.4417208631553,4327.0,1369.6,-1
58.22186,-48.17983,3422.500635523883,3452.0,846.8,9998
54.35259,-44.04226,3583.4955182879803,3611.0,108.1,-1
66.2353,-0.97856,3360.008615725735,3387.0,691.0,9998
61.48679333333333,-35.50508833333333,2903.49400899436,2916.0,1474.5,9998
50.14322166666667,-29.714101666666668,2977.673686368154,2968.0,1859.3,9998
35.52469166666667,28.390073333333333,3327.8625934530164,3355.0,2347.3,9998
70.38063833333334,12.144705,2737.646300223415,2717.0,857.0,9998
56.99997,-51.57456666666667,3572.9377545829457,3559.0,453.5,9998
50.80141166666667,-35.01106166666667,3783.38868469059,3662.0,1063.8,9998
52.70875,-48.35171,3838.235773270473,3798.0,1006.7,-1
71.45313833333333,7.625676666666667,2843.9423004628593,2841.0,728.3,9998
59.200968333333336,-26.617195,2313.0686202129914,2315.0,733.3,9998
59.59329666666667,-26.273,2288.501034851425,2251.0,535.3,9998
47.340245,-30.969968333333334,3420.915142719647,3454.0,1134.1,-1
35.47638166666667,28.462823333333333,3509.573781352215,3510.0,2125.7,9998
53.94954666666667,-32.119656666666664,2850.5673797671607,2725.0,287.7,-1
71.71355,11.84748,2231.760113147304,2131.0,646.4,-1
57.818866666666665,-51.780855,3504.488195040256,3498.0,494.3,9998
55.97131,-49.33858,3751.484285140077,3756.0,875.9,9998
63.26902,-30.41706,2403.4038485707765,2296.0,154.1,9998
48.875305,-45.85779333333333,2339.668681415449,2412.0,6391.9,9998
58.22349,-44.36487666666667,2505.2127603567133,2466.0,2008.6,9998
51.56905166666667,-21.7841,2740.6341766717933,2776.0,524.2,-1
44.87745,-31.06097,2953.6843804413215,2995.0,1632.8,-1
58.06608166666667,-47.673721666666665,3287.975452907997,3328.0,1671.5,9998
54.28959,-43.95679,3571.821573677105,3548.0,16.1,-1
66.25849666666667,-1.2409966666666667,3361.9523040251534,3360.0,322.5,9998
50.19168833333333,-29.821421666666666,2702.807628375543,2665.0,1730.8,9998
61.16114,-34.845688333333335,2970.9639513777574,2979.0,500.7,9998
35.386691666666664,28.482561666666665,3165.6146321186498,3128.0,1438.1,9998
70.262205,11.854575,2772.8357794283306,2779.0,767.7,9998
56.76976,-51.82071,3535.006927106412,3551.0,163.8,9998
53.13335333333333,-48.60814833333333,3782.598628367956,3762.0,413.3,-1
71.237305,7.444836666666666,2912.3210901881293,2915.0,808.6,9998
59.24936666666667,-26.97457,2300.3225716115294,2278.0,166.6,9998
58.902615,-26.93741,2412.0582676280897,2435.0,729.9,9998
35.27793666666667,28.401868333333333,3106.9561589260998,3072.0,1115.5,9998
-51.937780000000004,-37.712605,3690.4735787109344,3702.0,1455.4,9998
47.27567,-30.63719,3726.147792617488,3694.0,1590.4,9998
53.892203333333335,-32.260306666666665,2549.2254445647404,2671.0,199.8,9998
72.03496166666666,11.10591,2141.6120651928736,2134.0,513.6,9998
57.68616,-50.72508833333333,3600.0082399507282,3597.0,525.2,-1
56.04794833333333,-49.388603333333336,3769.956518118646,3768.0,868.8,9998
58.79696,-45.154466666666664,2266.110557778733,2278.0,533.2,9998
63.31816166666667,-30.86939,2450.3825151863707,2564.0,759.8,9998
59.80879,-34.46243,2909.7404743221673,3076.0,454.3,9998
51.429955,-21.541871666666665,2796.433635055432,2763.0,139.3,-1
44.854063333333336,-30.967215,2930.215100911573,2980.0,1538.3,-1
58.36842333333333,-47.68971833333333,3234.2388924961306,3215.0,1605.8,9998
54.484335,-44.19215833333333,3488.914122034087,3456.0,171.6,-1
50.1824,-29.690118333333334,2610.7883264105126,2531.0,1656.6,9998
66.21687666666666,-1.1158133333333333,3366.834267682134,3298.0,373.3,9998
61.03652666666667,-34.44853833333333,2983.6885469000026,2975.0,322.4,9998
35.222065,28.360328333333335,3105.9929697842954,3085.0,1010.2,9998
70.55456,11.71119,2692.6709637566905,2693.0,1006.7,9998
56.484651666666664,-52.24169333333333,3520.4748129519967,3553.0,1194.5,9998
53.788615,-48.757113333333336,3805.74532815565,3801.0,394.3,-1
71.37921666666666,6.505308333333334,2997.2096231951155,2997.0,932.3,9998
-7.660466666666666,49.574025,3334.4669768234176,3973.0,983.0,-1
58.712465,-27.187018333333334,2218.101114977375,2042.0,80.9,9998
59.312285,-26.666725,2369.864658076495,2430.0,574.4,-1
35.16543,28.27399,3052.195923898557,2891.0,940.3,9998
47.20703666666667,-30.508866666666666,3581.905309989733,3481.0,1736.1,9998
53.77154,-32.297513333333335,2931.750935475143,2991.0,46.5,9998
72.71733,10.6881,2046.490322702115,2048.0,235.4,9998
57.72593,-50.03967,3578.5653919885035,3652.0,420.0,-1
56.23621333333333,-50.13601333333333,3654.9976252304655,3672.0,143.0,-1
59.21354,-46.41157,2364.0066823282227,2394.0,1717.7,9998
63.54948,-30.85331,2456.2132349754065,2497.0,436.7,9998
60.0123,-34.28688,3034.70969495141,2987.0,781.6,9998
46.88299333333333,-43.107013333333335,3451.307722149293,3433.0,2558.2,-1
51.52881166666667,-21.719946666666665,2822.8186113781508,2820.0,441.5,-1
44.89482,-30.9203,2945.854739413985,3086.0,1509.5,-1
58.06522,-46.835251666666665,3138.6826534027905,3122.0,937.8,9998
54.68747,-44.47356,3519.070058098453,3524.0,425.8,9998
66.143435,-0.9232033333333334,3372.69794820152,3318.0,782.8,9998
61.434855,-34.415895,2955.27471697653,2957.0,516.3,9998
50.116521666666664,-29.78109,3134.0269779328028,3194.0,1946.8,9998
35.027095,28.172126666666667,3062.9962096661543,3070.0,844.8,9998
71.06379,10.887216666666667,2563.5640307472554,2550.0,454.8,-1
56.30127,-52.7034,3540.9944641771926,3485.0,2238.8,9998
53.354996666666665,-47.807941666666665,3865.269596183601,3883.0,223.1,9998
50.69370166666667,-35.314391666666666,3807.7713535127605,3449.0,2087.3,-1
-7.37716,49.682125,2881.7623113669174,3253.0,727.8,-1
71.522355,7.7977533333333335,2833.189726035659,2823.0,634.1,9998
58.5793,-26.99584,2194.5986582255737,2234.0,397.6,9998
47.2782,-30.21074,3289.1630338054124,3533.0,1660.3,-1
53.63301333333333,-32.61597666666667,2689.2544066288992,2675.0,104.5,9998
72.99136,10.46917,2058.2212512679303,2107.0,206.2,9998
56.61071166666667,-51.53046,3580.8496492820627,3593.0,427.3,9998
57.729765,-49.42453166666667,3580.5125975514206,3572.0,760.3,-1
63.49026166666667,-30.955718333333333,2428.8169723796145,2390.0,642.2,9998
59.91043833333333,-47.6185,2835.4534884252544,2717.0,9349.5,9998
60.16150666666667,-34.09045833333333,2890.1182585511474,2938.0,642.5,9998
46.43943,-44.200116666666666,3174.1651878551124,3224.0,2505.5,9998
51.86965,-21.90929,2869.6736877559997,2983.0,926.2,-1
58.32361,-46.591335,2943.311490469725,2960.0,860.5,9998
44.90333666666667,-31.019043333333332,2974.216353907403,2984.0,1614.1,-1
54.88336833333334,-44.72049166666667,3455.6466446554286,3443.0,784.2,-1
66.37802,-0.763465,3247.880467005686,3243.0,1114.5,9998
34.91552166666666,28.185955,2701.6602068229367,2690.0,680.1,9998
50.22892,-29.95361,2771.2995175236833,2538.0,1836.6,-1
61.727375,-34.56758833333333,2917.1157586607783,2911.0,570.4,9998
71.27988166666667,10.367843333333333,2554.7326751773,2540.0,760.5,9998
56.23372,-52.78161,3540.040389516756,3498.0,2273.3,9998
53.55295,-48.63227,3840.8688324418977,3814.0,289.1,9998
71.57153333333333,6.843305,2950.3342923019304,2948.0,588.9,9998
-49.51719666666666,-49.087543333333336,3501.192437296015,3443.0,3747.8,9998
58.57692,-27.45734,2310.247171169136,2159.0,243.0,-1
59.06138166666667,-27.084278333333334,2391.4607321263993,2453.0,368.8,-1
34.927991666666664,28.181345,2758.4970256520496,2754.0,698.0,9998
69.91175333333334,6.453061666666667,3177.928486498703,3190.0,453.7,9998
47.27914,-29.78425,3357.498635020471,3318.0,1632.0,-1
53.78026166666667,-32.79022,2630.502320036494,2643.0,308.3,-1
73.14090166666666,9.854098333333333,2215.923222475851,2217.0,261.7,9998
58.297865,-48.99724333333333,3504.349029085504,3514.0,376.5,9998
56.683301666666665,-50.884083333333336,3606.1568156965377,3599.0,457.6,9998
63.482125,-30.836318333333335,2434.6916541320757,2530.0,445.1,9998
60.703941666666665,-50.04772333333333,2905.6255454276697,2962.0,9648.0,9998
60.52684,-34.11447,2946.6942489772077,2911.0,770.5,9998
44.92187333333333,-31.066235,2840.183863610777,3049.0,1574.5,-1
51.893953333333336,-21.65625,2997.726712392553,2928.0,889.2,-1
58.27084166666667,-47.19036833333333,3031.2331813101805,3057.0,838.3,9998
55.15065666666667,-44.56054833333334,3400.9631264403297,3396.0,538.3,9998
66.44630833333333,-0.686435,3259.5649924527143,3230.0,1129.9,9998
50.245575,-30.017088333333334,2808.4724824352597,3006.0,1861.8,-1
61.97473,-35.12957,2877.008315588105,2880.0,2133.3,9998
35.01557666666667,28.265231666666665,3200.923003816242,3200.0,803.1,9998
70.90741333333334,10.406756666666666,2627.1337015968406,2657.0,519.3,9998
56.30712833333333,-53.414445,3431.825725349533,3405.0,2274.0,9998
72.12444166666667,6.585308333333334,2751.0545146569284,2775.0,675.5,9998
-49.63589666666667,-49.640393333333336,2899.59257289314,2899.0,3059.7,-1
58.29729,-27.29762,2212.295315583723,2205.0,106.5,-1
58.572471666666665,-27.294865,2341.599470308901,2239.0,335.0,-1
70.90987,7.91319,2983.62704651156,2884.0,685.8,9998
47.28856,-29.42982,3180.7551528485847,2994.0,1369.7,-1
35.03334666666667,28.315916666666666,3126.5871121038253,3158.0,776.8,9998
53.96248166666667,-32.629086666666666,2634.375086575057,2562.0,422.9,9998
72.93612333333333,9.317135,2296.231101560793,2284.0,235.9,9998
58.44136666666667,-49.19686166666666,3505.2820079108847,3526.0,349.1,-1
57.00921,-50.27033,3592.4193859032184,3660.0,328.4,-1
63.268316666666664,-31.15292,2333.88263731786,2467.0,1152.7,9998
60.67563166666667,-33.532383333333335,2684.731337406295,2678.0,992.2,9998
60.955330000000004,-53.15047833333333,3152.5882139679084,3159.0,655.0,9998
51.51486166666667,-21.266241666666666,2840.4269527473393,2694.0,601.3,-1
44.69835833333333,-31.037458333333333,2999.699677203338,3049.0,1571.7,-1
58.039651666666664,-47.47726,3244.0834142268263,3284.0,1630.5,9998
55.04073,-44.55723,3409.7720652404373,3419.0,607.1,-1
66.55595166666667,-0.7075933333333333,3260.5157759633385,3277.0,1007.9,9998
61.9961,-34.766461666666665,2877.980570712503,2919.0,1263.6,9998
35.041426666666666,28.336946666666666,3110.933094149186,3089.0,771.5,9998
50.06394,-29.84196,3359.570751354454,3328.0,2089.1,-1
70.3905,11.3937,2767.9305294475653,2808.0,919.2,9998
56.5317,-51.95964,3553.5924582989173,3558.0,551.3,9998
49.90398,-33.13367,3733.045109316059,3806.0,2259.7,9998
53.35465,-48.31655,3846.776409588392,3850.0,61.0,9998
72.07495333333334,4.313026666666667,2887.7813086819315,2828.0,1801.8,9998
-49.77961833333333,-39.83195833333333,3485.5048142329742,3372.0,6634.5,-1
57.95489333333333,-28.85760833333333,2349.5565044479254,2364.0,251.1,-1
70.77211,8.127301666666666,2921.1839516150217,2959.0,553.2,-1
35.069745,28.379883333333332,3107.990619890333,3054.0,773.0,9998
53.88081666666667,-32.514245,2591.3257325834156,2587.0,245.2,9998
48.63286,-39.07542,3027.9381004988263,4006.0,1431.1,-1
72.77190166666666,8.736861666666666,2358.891428839647,2357.0,327.0,9998
58.72997,-49.99091,3505.198906795196,3501.0,551.5,9998
56.61838,-51.09586,3600.3316914222096,3615.0,673.5,-1
44.943995,-20.340393333333335,3864.3326632248227,4054.0,374.5,9998
63.438296666666666,-31.6693,2807.3232263480645,2832.0,1284.8,9998
60.342195,-54.88198666666667,3100.038023804144,3178.0,550.3,9998
60.75394,-33.566785,2993.520339950294,2993.0,1120.6,9998
51.557651666666665,-21.467358333333333,2607.526750156834,2668.0,317.5,-1
44.560425,-31.164313333333332,3079.912543259675,3156.0,1568.9,-1
58.08373,-46.940018333333335,3156.246984672313,3127.0,1009.1,9998
55.24874,-44.82206,3396.0583398076697,3394.0,494.0,9998
66.59467666666667,-0.46094666666666667,3247.8329070407103,3261.0,1068.2,9998
61.81234,-34.090381666666666,2943.4686869008565,2964.0,242.0,9998
49.994051666666664,-30.083391666666667,2913.187898665743,2903.0,1851.4,-1
35.138893333333336,28.360105,3237.0667569706807,3171.0,892.7,9998
70.1146,9.63558,2841.2311988423253,2843.0,788.2,9998
57.07078666666666,-50.82648,3585.5814250339436,3580.0,521.8,9998
71.88862666666667,2.8523066666666668,2944.4268153664543,2884.0,1171.8,9998
-49.51108,-39.80425833333334,3158.619952245121,3242.0,6740.2,-1
58.37707833333333,-28.007816666666667,2177.968602941182,2190.0,228.9,9998
70.32209,9.40982,2815.8042782568973,2799.0,488.6,9998
47.76844,-28.93012,3302.6830800450243,3284.0,632.8,9998
35.08647833333333,28.243515,3591.7033123773094,3595.0,959.2,9998
53.69932333333333,-32.607295,2607.029553465041,2615.0,105.6,9998
72.743635,9.643506666666667,2223.802884168981,2242.0,407.6,9998
58.6974,-50.76887,3527.618876620589,3525.0,915.8,-1
57.21685166666666,-50.40784,3630.345584201652,3611.0,233.4,-1
63.68302666666666,-32.82259166666667,2754.499821378295,2752.0,864.4,9998
61.100521666666666,-54.171165,2967.071529216284,2905.0,934.4,9998
60.957496666666664,-33.63765,2822.513748554757,2952.0,1104.1,9998
51.44213666666667,-21.366486666666667,2750.449849631459,2741.0,249.3,-1
44.15761333333333,-31.427805,2973.442897245128,2834.0,1362.4,-1
58.118896666666664,-47.130375,3144.525215413845,3163.0,1109.1,9998
55.42105166666666,-44.703028333333336,3384.3053131503184,3387.0,226.6,9998
66.08297166666667,-3.2913383333333335,3194.3134965946824,3202.0,389.0,9998
66.62382,-0.54222,3414.4842525550152,3262.0,1091.8,9998
61.86600333333333,-34.325645,2927.8291407964307,2949.0,345.2,9998
50.10447166666667,-30.302866666666667,3257.074424839399,3236.0,2113.7,-1
35.026448333333335,28.252336666666668,3439.3916731719737,3385.0,870.2,9998
69.66696833333333,9.265445,2936.017095984996,2937.0,1166.6,9998
57.93741166666667,-51.186523333333334,3567.7863633145384,3550.0,406.3,9998
72.19289833333333,2.8357,2303.173692085467,2283.0,1879.0,9998
36.234845,-12.753343333333333,3765.009532402688,3617.0,961.5,9998
-49.41903833333333,-39.384995,3799.447117943644,3438.0,9596.3,-1
58.23751,-28.321113333333333,2160.3451071476497,2285.0,306.2,9998
57.76897,-28.15953,2365.267326907203,2277.0,139.7,9998
48.006971666666665,-29.221511666666668,3029.08930264501,3247.0,499.4,9998
70.84172,2.84059,3150.453234767261,3198.0,254.8,9998
35.03899,28.33046,3156.907821286622,3127.0,783.7,9998
53.64631,-32.48737,2660.8729276870445,2748.0,51.0,9998
72.46211,9.5601,2281.6039171777347,2300.0,441.8,9998
57.393256666666666,-51.343945,3528.0003606496666,3529.0,160.3,9998
58.84619,-51.18862,3509.06317858081,3503.0,1085.6,9998
49.946466666666666,-38.65370333333333,3706.7264182043596,3699.0,3970.3,-1
63.883021666666664,-31.891331666666666,2723.1811048841064,2735.0,1250.3,9998
60.87078666666667,-34.07266166666667,2767.7973534097537,2803.0,438.7,9998
61.34313,-53.48894,3024.6279147595583,3000.0,1736.7,9998
51.30380666666667,-21.38282,2693.727784039919,2745.0,93.1,-1
57.90766,-47.19526,3187.5241185409695,3200.0,1254.6,9998
55.09229,-44.264586666666666,3440.9593464425548,3439.0,591.0,-1
43.98452,-31.61404,3496.1439810419133,3445.0,1589.9,-1
66.65242166666667,-0.44133833333333333,3350.168776227138,3372.0,1046.7,9998
61.862676666666665,-34.33307833333333,2923.922860953832,2948.0,333.8,9998
50.036271666666664,-30.424591666666668,3103.766297400209,3151.0,2100.1,-1
35.11992333333333,28.365715,3203.827614793931,3251.0,856.7,9998
70.58624,10.84481,2730.7743095604687,2716.0,709.4,9998
58.102365,-50.05923666666666,3552.149849013986,3556.0,548.7,9998
50.02124166666667,-35.440555,3600.4788469923524,3655.0,4311.2,9998
71.94545,1.1221666666666668,2224.8769663439884,2177.0,1321.9,9998
51.52717,-47.36557,3695.480643570726,3658.0,2680.5,-1
36.30425666666667,-12.929111666666667,3500.531591152247,3416.0,1012.4,9998
57.69083,-29.23712,2256.5167356853967,2328.0,429.7,9998
48.12142,-29.25821,3017.327617189706,3077.0,482.2,9998
70.87142,4.70913,3166.0497087535473,3144.0,292.0,9998
35.16401,28.37214,3225.3269755344513,3461.0,918.3,9998
53.37765666666667,-32.63527666666667,2791.057423430998,2872.0,395.1,-1
72.40518,10.00798,2242.4476481035017,2235.0,402.1,9998
59.03998,-51.91716,3471.003599787276,3483.0,1346.4,-1
57.62502,-50.50321,3602.948871406885,3607.0,423.7,-1
-48.10872,-19.38639,3861.2590529865333,3985.0,5361.7,9998
62.11381,-54.750346666666665,2682.475937232402,2685.0,1328.6,-1
63.495075,-32.403861666666664,2817.082925216135,2816.0,819.5,9998
61.494115,-34.00993833333333,2963.074226550363,2963.0,346.6,9998
51.41822,-21.43817,2783.7194646475846,2753.0,91.4,-1
57.72559,-47.007285,3074.337067111324,3066.0,1040.5,9998
43.92368,-31.926726666666667,3225.7100394541912,3280.0,1599.1,-1
54.89505666666667,-44.228456666666666,3441.0182272195084,3481.0,630.4,-1
66.62476,0.0,3305.34242072165,3310.0,758.3,9998
61.94499166666667,-34.46051666666666,2905.3451661326108,2916.0,690.7,9998
35.18077,28.49123,3077.632028609678,3137.0,807.9,9998
50.057386666666666,-30.451383333333332,3287.3506330421687,3187.0,2257.4,-1
70.322515,13.120433333333333,2675.116413668795,2655.0,981.4,9998
58.77515,-50.69708,3520.7760703766185,3513.0,998.1,-1
52.043055,-47.400238333333334,3843.331406600747,3828.0,1864.9,9998
50.19875833333333,-35.05488833333333,3874.1522356848573,4070.0,4088.3,-1
36.494746666666664,-13.348253333333334,3866.326241860417,3956.0,878.7,9998
57.357045,-29.912876666666666,2413.3464221394497,2386.0,462.0,-1
57.51945,-30.048231666666666,2496.548268046397,2476.0,245.1,9998
35.181621666666665,28.27176,2866.192643756372,2746.0,929.5,9998
70.99605166666667,3.6238183333333334,3007.0324565698975,3129.0,616.8,9998
48.17653833333333,-29.578483333333335,2883.352193685966,2835.0,585.8,9998
53.27619,-32.69198,2984.654361156614,2936.0,630.2,9998
72.70016333333334,9.988685,2162.107004109017,2184.0,353.4,9998
58.60331166666667,-53.5861,3434.090331793,3398.0,691.5,-1
57.52755,-51.67397,3525.037411600371,3549.0,394.4,9998
-48.040078333333334,-19.322296666666666,3817.4587624702654,3892.0,5220.6,9998
61.639496666666666,-56.13536833333333,2731.4616416057247,2733.0,1959.3,9998
63.743543333333335,-32.81724166666667,2750.5780033223896,2718.0,771.7,9998
61.75763166666667,-34.03030166666667,2956.1776255746695,2948.0,356.0,9998
51.502716666666664,-21.592466666666667,2791.524253560117,2786.0,257.8,-1
57.94012,-46.38057,2909.2076509266,2937.0,563.8,9998
66.52277,-2.6941183333333334,2870.203588129713,2865.0,313.8,9998
43.934598333333334,-32.177681666666665,3342.9115129264374,3382.0,1750.3,-1
54.85724,-43.776445,3425.428508648571,3449.0,549.7,9998
35.05009166666667,28.129131666666666,2610.4589783175134,2438.0,831.8,9998
66.70478,0.18132,3348.2079530109927,3343.0,410.7,9998
61.71957,-34.23573,2933.7226022643176,2929.0,546.3,9998
50.02363666666667,-30.12464,3032.440363736312,2860.0,1930.5,-1
70.54626833333333,12.412526666666666,2636.9633107337,2643.0,986.9,9998
59.178866666666664,-51.12938,3479.7350311269183,3476.0,1123.7,-1
72.26464666666666,3.23039,2443.1017038204723,2573.0,1917.3,9998
52.26771,-47.71937333333333,3867.5899397533017,3876.0,1248.1,9998
36.58696333333333,-13.508245,3501.420777005619,3679.0,788.3,9998
34.92467666666667,27.990395,2297.4693065327833,2299.0,668.1,9998
57.11063,-30.46554,2331.106471521753,2314.0,508.7,9998
57.006863333333335,-30.258611666666667,2429.0883498504336,2402.0,584.9,9998
48.24678,-29.53097,2845.1841367699326,2929.0,568.4,9998
70.61423,4.53948,3177.7973717504115,3180.0,92.5,9998
53.10195,-32.38991333333333,2818.5102399893008,2822.0,693.8,9998
73.56072333333333,9.533818333333333,2333.3515637105957,2345.0,406.4,9998
58.56926166666667,-53.15899,3414.604089940409,3431.0,809.7,-1
58.98633,-51.143325,3500.2533952022595,3489.0,1383.3,9998
-48.04510833333333,-19.279735,3761.933439278593,3878.0,5198.6,9998
61.94679166666667,-57.28970666666667,2583.725064596142,2605.0,623.6,9998
63.93322666666667,-31.18939,2720.2385592450537,2715.0,814.2,9998
61.92185333333333,-34.092803333333336,2934.6536882647765,2938.0,421.1,9998
51.49993333333333,-21.4207,2701.5094340397113,2609.0,238.2,-1
58.38133833333333,-47.236715,2951.1129616699914,2962.0,806.5,9998
54.833063333333335,-43.460505,3343.511991679822,3349.0,471.1,9998
43.85419666666667,-32.22431,3544.969258659341,3598.0,1873.9,-1
35.013353333333335,27.94034,2489.8285460753054,2232.0,1025.2,9998
66.75261166666667,0.7492833333333333,3375.482140162082,3362.0,1078.6,9998
61.70311,-33.75298,2948.3768395965144,2957.0,371.6,9998
50.00964,-30.0635,2969.8895024339868,2841.0,1885.7,-1
70.12577,9.42765,2844.159038539075,2852.0,933.0,9998
58.87309166666667,-50.60576666666667,3506.132264554844,3516.0,989.3,-1
72.25189166666667,2.09913,2119.0541170373594,2007.0,1590.4,9998
49.96619666666667,-34.07978,3846.972920153001,3754.0,3020.8,9998
52.11524,-47.56326,3851.094414887905,3847.0,1590.1,9998
36.590943333333335,-13.82513,3813.648157009295,3835.0,1416.5,9998
35.02344,27.820281666666666,2891.6942005280894,2701.0,1386.2,9998
48.43915,-29.51683,3306.384691229481,3184.0,730.2,-1
-51.26662,-32.65596,3833.8635109349407,3676.0,805.2,9998
53.04333666666667,-32.364711666666665,2940.7365405278456,2941.0,733.7,9998
73.09870833333333,8.853141666666666,2335.363742599191,2360.0,101.7,9998
47.595771666666664,-41.60335166666667,3437.422164791649,3594.0,5254.9,9998
57.20904,-53.22281,3435.4631612508138,3416.0,2558.6,-1
58.75484,-50.87596,3516.8844889723505,3560.0,987.3,-1
61.928095,-58.158185,2465.3224505014414,2487.0,650.4,9998
63.976236666666665,-30.566993333333333,2592.1361014682752,2529.0,495.1,9998
61.85535333333333,-34.82214333333334,2895.596437120819,2900.0,1132.2,9998
51.437005,-21.34349,2693.695479895866,2743.0,279.4,-1
58.90069,-47.55352,3106.2552480503446,3153.0,255.3,9998
55.00442,-43.00983,3322.976840334014,3316.0,601.9,9998
43.78587,-32.20041,3638.6258672056524,3558.0,1908.0,-1
66.92102666666666,-2.0770833333333334,3346.2105082670046,3244.0,120.4,9998
67.07793833333334,1.2859133333333332,2410.5897803036146,2343.0,2450.4,9998
35.03308,27.807028333333335,2672.227251950539,2465.0,1333.9,9998
61.79329666666667,-33.45453,2950.3096739861335,2958.0,518.0,9998
50.04278,-30.13983,2957.1719746774697,2864.0,1887.8,-1
69.48262833333334,10.378748333333334,2977.045921058153,2973.0,1167.4,9998
58.542825,-50.453651666666666,3528.637977336663,3559.0,864.9,9998
72.604525,3.522695,2159.1792813234188,2547.0,885.6,9998
50.09712,-33.53496,3775.838524462179,3735.0,2726.8,-1
-68.31957,-8.66505,3619.5509961598136,3612.0,1561.8,9998
36.378366666666665,-14.164071666666667,3826.3948743642422,3716.0,1972.1,9998
57.31663833333333,-31.208413333333333,2217.3776882381503,2117.0,316.3,9998
34.969605,27.803178333333335,2537.9055762770654,2552.0,1099.9,9998
48.51673,-29.46784,3508.3396897943016,3354.0,788.9,9998
53.05802833333333,-32.124181666666665,3025.751416914895,3026.0,846.3,9998
73.53703,13.26948,2372.4985933062376,1544.0,1101.5,9998
56.53630166666667,-53.95906,3264.0072283696686,3235.0,1800.6,9998
58.4427,-49.85219,3527.692704984005,3522.0,880.0,-1
64.41484333333334,-30.009323333333334,2342.5001129105804,2349.0,835.9,9998
61.995801666666665,-58.28145333333333,2449.647831416814,2435.0,945.9,9998
61.32787833333333,-34.08415166666666,2875.1979255154533,2623.0,504.1,9998
50.40448333333333,-14.754041666666666,3728.004741224273,3713.0,644.8,9998
51.42377,-21.56633,2679.9968060030214,2772.0,164.6,-1
59.50777,-44.30009,2826.749031775631,692.0,7359.2,9998
55.093943333333335,-43.079615,3344.4117276819707,3356.0,509.6,9998
43.70549166666667,-32.250405,3608.420864308091,3618.0,1896.0,-1
67.51785,1.50004,1883.3366483289558,1883.0,1265.4,9998
34.96388666666667,27.811925,2573.215001824974,2547.0,1082.8,9998
61.77693,-34.69425833333333,2902.452088359619,2953.0,704.2,9998
70.21269,12.761513333333333,2730.8338800857077,2714.0,566.9,9998
58.11241666666667,-48.71538666666667,3448.8506767215713,3455.0,407.5,9998
72.54257666666666,3.4066583333333336,2193.467603006682,2521.0,1040.7,9998
50.168638333333334,-32.97711,3793.344705460947,4016.0,3326.7,9998
-49.82354333333333,-44.41448,3044.222752459878,3004.0,3323.6,9998
34.96905666666667,27.796765,2539.867412214235,2522.0,1111.0,9998
57.08009666666667,-31.549338333333335,2510.347022814611,2581.0,457.7,9998
55.76882,-31.53232,2677.9926263607736,2659.0,406.1,9998
48.48871,-29.438365,3505.4227843472418,3483.0,743.7,9998
53.11524166666667,-32.026383333333335,3043.321917881251,2973.0,724.0,-1
73.33635833333334,8.116365,2065.0445220910333,1967.0,612.4,9998
56.47748333333333,-53.867445000000004,3279.633828584467,3258.0,1739.8,-1
57.93994,-49.30344,3548.300565489669,3559.0,1036.7,-1
64.15034833333333,-30.265278333333335,2121.1247968999605,2287.0,562.4,9998
61.781663333333334,-58.388955,2443.8145284271504,2441.0,936.7,9998
60.77844,-34.34205,3004.2562078918645,3004.0,369.6,9998
51.329076666666666,-21.325428333333335,2685.8920452750162,2595.0,187.6,-1
60.39104,-49.57188,2970.1673413457934,2923.0,7258.8,9998
54.89694,-42.79401,3364.952476084433,3379.0,698.8,9998
43.56757833333333,-32.34722333333333,3464.074621011853,3418.0,1797.9,9998
67.56371333333334,1.6490683333333334,1745.9319459733324,1758.0,824.9,9998
34.97217833333333,27.796775,2526.1343472596564,2490.0,1113.7,9998
49.98623166666667,-30.03677666666667,2864.2937511862337,2924.0,1786.8,-1
62.128005,-34.13607833333333,2892.605336259904,2900.0,993.7,9998
71.11507666666667,11.438578333333334,2477.4950750384787,2463.0,450.5,9998
57.81498833333333,-49.986885,3578.53884152603,3567.0,467.6,-1
72.52267,1.78991,1966.131098373517,1434.0,616.5,9998
51.65966,-47.533296666666665,3718.8158839359858,3686.0,2791.1,-1
-50.09538,-45.03954,2802.641050326908,2778.0,1541.0,9998
35.930985,-14.87592,2780.7898129183077,2798.0,1066.6,9998
56.660891666666664,-31.715015,2512.3940651448793,2532.0,829.5,9998
34.978253333333335,27.811938333333334,2564.3853090217913,2591.0,1119.3,9998
55.580795,-31.475408333333334,2664.338137609775,2655.0,317.5,-1
72.58584166666667,1.6757916666666666,1848.440556473879,1944.0,609.9,9998
48.52624,-29.40204,3496.6328033521872,3460.0,736.0,9998
52.83271166666667,-31.79024666666667,3027.7660487220483,3335.0,1765.9,-1
72.987235,7.381208333333333,2250.212117004386,2522.0,451.3,9998
56.65626666666667,-53.99684833333333,3262.0226630671277,3262.0,2232.1,-1
47.313536666666664,-42.776826666666665,3494.0956868054477,3474.0,6029.3,9998
58.16567,-49.42821,3542.388414999657,3549.0,932.8,9998
44.101533333333336,-20.022831666666665,3719.4403357435426,3713.0,349.0,9998
41.370416666666664,-23.166021666666666,3742.7983709331065,3768.0,824.4,9998
64.33653833333334,-30.401206666666667,2351.326086465179,2408.0,418.1,9998
61.44105,-59.03624,2404.716545280463,2391.0,965.7,9998
60.61944333333334,-35.53534833333333,3010.1527890659054,3025.0,1106.5,9998
72.68908,1.6877066666666667,2410.7623754285123,2520.0,794.7,9998
51.183255,-21.202315,2724.0945040295496,2775.0,226.0,-1
61.05112,-51.13021,3016.8856427846677,3028.0,3895.7,9998
55.240853333333334,-43.112536666666664,3386.3084807502046,3367.0,344.4,-1
67.62815,1.78991,1833.2811098634286,1808.0,572.2,9998
43.60331333333333,-32.51157,3654.28920726681,3665.0,1902.6,9998
52.869685,-44.260095,3867.382509827398,3878.0,294.9,9998
34.981793333333336,27.825301666666668,2675.179866093289,2744.0,1151.9,9998
62.00602,-34.4102,2897.5167341449583,2905.0,948.7,9998
49.98071,-30.083608333333334,3062.7457689351418,2948.0,1927.8,-1
71.853785,9.274695,2522.382372268499,2528.0,796.1,9998
58.0278,-49.79546,3554.1203391908252,3568.0,829.5,-1
72.79487166666667,2.232308333333333,2488.0271820084417,2421.0,597.8,9998
51.944813333333336,-47.69797,3797.6054670335934,3784.0,2439.0,9998
35.933165,-14.88622,2757.27569679236,2806.0,1063.2,9998
-49.726256666666664,-44.610935,3074.542355056463,3164.0,4093.3,9998
72.69508,2.6518,1550.9883877376142,2186.0,452.8,9998
56.520073333333336,-31.457056666666666,2507.528772216481,2590.0,409.9,-1
34.95486666666667,27.810821666666666,2689.8892254660645,2584.0,1107.6,9998
48.41831,-29.39605,3322.009626929903,3277.0,629.3,9998
52.81006,-31.18765,3267.9940247847408,3300.0,2260.8,9998
57.08826,-54.66185,3242.38998511987,3202.0,669.8,9998
58.514228333333335,-49.43719166666666,3512.0819525712936,3514.0,499.6,9998
46.600608333333334,-43.38063,3687.395645275706,3677.0,626.0,-1
73.32893,7.14051,2649.2686650989936,3059.0,723.7,9998
41.34750666666667,-23.315893333333335,3851.969763406584,3892.0,975.2,9998
61.36839333333333,-59.326035,2344.0140961765715,2296.0,1079.3,9998
64.39889166666667,-30.755816666666668,2501.076480262112,2489.0,267.5,9998
60.38991,-35.72326,3024.854372823057,3033.0,961.4,9998
62.159106666666666,-52.15316,2761.6565202077277,2787.0,1713.3,9998
51.24973833333333,-21.57811,3008.6505670838073,3007.0,208.0,-1
55.07309,-43.44945,3278.077863047702,3265.0,413.4,-1
67.62291333333333,1.5112183333333333,1905.8878642730554,1891.0,1202.8,9998
43.712135,-32.665843333333335,3790.7229196546014,3737.0,1843.3,9998
34.932203333333334,27.765586666666668,2710.477237156904,2633.0,1134.1,9998
61.612876666666665,-33.62786666666667,2956.21063136954,2961.0,619.7,9998
49.991025,-30.223945,3286.3943153288205,2921.0,2075.8,-1
72.406395,8.315511666666668,2470.4725525757085,2489.0,1044.7,9998
58.16228,-49.905633333333334,3545.3122993656066,3549.0,841.3,9998
50.64372,-32.54493,3429.6377799919587,3678.0,1942.4,-1
51.645405,-47.40075,3739.2754820023083,3765.0,2847.3,-1
35.98229333333333,-14.784255,3091.1131173854887,3139.0,1143.5,9998
-49.90184,-30.05589,3470.8365203280396,4721.0,6140.2,-1
72.72182333333333,2.6927766666666666,2320.7280174144366,2301.0,667.4,9998
55.724138333333336,-31.80322,2489.09483262024,2501.0,540.2,-1
34.88885333333333,27.750001666666666,2688.924414932065,2689.0,1022.9,9998
55.993135,-31.14643,2675.006051368766,2683.0,895.3,9998
48.55578,-29.15991,3332.7048180694833,3251.0,594.4,9998
52.723346666666664,-30.144205,3274.851006443702,3370.0,2218.6,-1
46.195708333333336,-44.729475,3150.7874875623806,3053.0,1230.0,9998
56.74161,-54.24187,3268.828617447637,3274.0,1340.6,9998
58.75603,-49.79612,3499.344830653855,3505.0,401.8,9998
41.28844,-22.60884,3668.7201806482644,4242.0,228.6,9998
61.37716666666667,-59.315848333333335,2329.3205713232387,2326.0,1075.4,9998
64.369575,-31.881881666666665,2569.5652632189867,2517.0,1218.3,9998
60.27106833333333,-35.31929,3019.024234661637,3051.0,959.1,9998
62.16638,-51.91613,2685.3986479192813,2745.0,1649.1,9998
51.41780333333333,-21.924428333333335,3045.737671253601,3108.0,527.4,-1
55.023535,-43.66907333333333,3355.161758824852,3346.0,483.3,9998
43.789915,-32.80738,3671.7771364557652,3694.0,1746.6,-1
67.78727833333333,1.36907,2226.4085761017627,2246.0,1552.6,9998
34.83161833333333,27.693358333333332,2742.841456544179,2670.0,983.3,9998
49.907765,-30.295826666666667,2916.14419835721,2993.0,1781.3,-1
62.15939,-33.745635,2918.9726778233858,2936.0,910.5,9998
72.31387333333333,7.931326666666667,2550.6767784407784,2558.0,1246.6,9998
58.13688666666667,-50.24613,3550.191159979539,3556.0,327.7,9998
50.742956666666664,-32.250771666666665,3628.507388387404,3649.0,1813.7,9998
51.49704166666667,-46.797203333333336,3796.784364221256,3799.0,2390.0,-1
36.00715,-14.67128,3453.748016977281,3506.0,1257.4,9998
72.61460666666666,4.131146666666667,2295.2907791639773,2140.0,1031.1,9998
55.39753,-31.724141666666668,2606.643384597906,2593.0,318.0,9998
55.87889,-31.524376666666665,2568.363506892771,2623.0,642.2,9998
34.748515,27.541955,2961.2809273769863,2951.0,1060.5,9998
57.677535,-28.541053333333334,2461.2673509490837,2523.0,372.6,9998
48.38458,-29.29596,3244.8919021957913,2927.0,564.4,9998
70.40532,0.5670783333333334,3174.9107749491486,3134.0,1281.7,9998
52.662108333333336,-29.57400833333333,3582.081014171384,3583.0,2973.3,-1
57.12237,-53.57926,3376.013579224605,3383.0,2873.5,9998
73.57861333333334,8.354671666666666,2520.1986407410254,2617.0,701.6,9998
58.50886166666667,-49.683765,3519.8786366558866,3518.0,652.1,-1
41.231408333333334,-23.475375,3729.196599435474,3741.0,968.4,9998
64.08298666666667,-33.265141666666665,2345.493994379632,2305.0,584.4,9998
61.31565666666667,-59.33700666666667,2346.961984555223,2336.0,1008.7,9998
60.246788333333335,-34.79136333333334,3055.156247421686,3052.0,996.0,9998
61.637103333333336,-55.417766666666665,2744.1712199421004,2787.0,2184.0,9998
51.62927333333333,-22.245035,3152.15475483643,3201.0,1103.2,-1
54.85391333333333,-43.72158833333334,3395.199355878598,3446.0,528.1,9998
43.956835,-32.906365,3798.4330128326383,3964.0,1732.8,-1
67.764475,1.0689283333333333,2699.974021085787,2746.0,2000.6,9998
61.84013,-34.46941,2909.2759206789806,2944.0,85.4,9998
34.712423333333334,27.517956666666667,3257.717824616633,3214.0,1141.0,9998
49.83721,-30.20037,3304.986522081641,3251.0,1897.9,-1
59.26624666666667,-35.66654666666667,3105.186656592368,3120.0,152.5,9998
72.29760666666667,7.887965,2567.3004539695203,2567.0,1274.6,9998
59.590125,-38.56077833333333,3012.353161669071,2999.0,1336.6,9998
58.243361666666665,-50.55454666666667,3549.1856273936,3563.0,402.3,9998
53.439143333333334,-25.271568333333335,3537.9759760827615,3528.0,4358.1,-1
59.73214,-41.00344,2236.539194384076,2249.0,2620.5,9998
50.753455,-31.97452,3488.122415291593,3610.0,1608.3,9998
36.041985,-14.737058333333334,3142.93943713595,3220.0,1178.0,9998
72.67206166666666,4.816826666666667,2264.935372954632,2405.0,939.1,9998
55.578113333333334,-31.789788333333334,2431.343232454903,2515.0,426.9,-1
55.80804166666667,-31.365411666666667,2705.376051137033,2705.0,395.0,9998
34.73018,27.5225,3294.860237392712,2913.0,1173.3,9998
48.548755,-29.487693333333333,3477.1178684632623,3398.0,816.2,9998
53.177121666666665,-29.307646666666667,3361.558234151608,3289.0,2071.6,-1
57.33196,-54.32539166666667,3326.21793599773,3329.0,424.1,9998
73.768475,8.789741666666666,2577.859254205805,2494.0,710.5,9998
58.560595,-50.12545333333333,3521.8123967127503,3527.0,911.9,9998
45.56499,-45.70538833333333,3605.85176517815,3582.0,1162.1,-1
41.20975333333333,-23.597225,3671.672318907791,3670.0,987.1,9998
44.324906666666664,-20.527511666666665,3792.4576191156543,3788.0,213.2,9998
60.93039666666667,-59.47047333333333,2329.4018094720927,2439.0,972.1,9998
63.67245166666667,-33.50286166666667,2617.6235221651823,2656.0,964.1,9998
60.63939333333333,-34.256971666666665,2978.8986649558155,2914.0,666.7,9998
61.53799,-56.24731,2755.9231260411134,2764.0,1994.1,9998
51.69726,-22.753356666666665,2919.583054760622,2769.0,2081.4,-1
54.8465,-43.58993,3427.3818965189507,3378.0,502.0,9998
44.24128,-32.89782,3745.709185365455,3625.0,1438.6,-1
67.82309833333333,0.7751266666666666,3199.7943797831063,3214.0,1715.2,9998
61.78024666666666,-33.654595,2949.335980947874,2959.0,361.6,9998
59.765391666666666,-34.917051666666666,3026.9581602006765,3091.0,864.8,9998
49.76257,-30.26843,3085.280149832002,3209.0,1679.3,-1
34.78589,27.69947,3155.9988871526657,3099.0,962.6,9998
72.29346833333334,6.27714,2700.2266209568725,2703.0,2073.5,9998
58.73835,-51.12943333333333,3519.8123269568127,3539.0,890.4,9998
53.3406,-24.92617,3517.536464726114,3510.0,4290.4,9998
58.85316,-42.10576,2588.2730207839313,2579.0,1906.0,9998
50.63756166666667,-31.887545,3768.835917160005,3718.0,1840.7,-1
36.08942,-14.709741666666666,2998.128430156169,2978.0,1153.0,9998
72.36082666666667,3.6339116666666667,2484.171955971,2253.0,1874.4,9998
55.58150333333333,-32.207393333333336,2432.3220223157587,2435.0,571.1,9998
57.0669,-29.90033,2393.8152399220226,2417.0,314.4,-1
55.510195,-31.11446,2708.3801335011512,2564.0,742.2,9998
34.74841,27.5427,3179.482199978291,2951.0,1137.4,9998
48.62459,-29.77182,3514.156669719902,3553.0,1137.2,-1
53.614808333333336,-29.344111666666667,3287.278439899608,3301.0,596.2,-1
73.73042833333334,8.020913333333333,2312.778395134149,2164.0,324.3,9998
57.30480166666667,-54.73685166666667,3220.8643839691335,3234.0,600.3,9998
45.067701666666665,-46.14765333333333,3535.793281316128,3533.0,3955.4,9998
58.720013333333334,-50.51425666666667,3524.689349342779,3564.0,956.4,9998
50.213165,-37.022958333333335,3534.124207303734,3660.0,2010.6,9998
60.95711166666667,-59.18553,2462.571371203444,2512.0,784.4,9998
64.16007833333333,-32.391225,2547.1045003829095,2556.0,1094.7,9998
60.43228,-34.10305666666667,2969.180956241612,2719.0,740.1,9998
61.77317,-56.49924,2705.0356172041156,2694.0,1198.0,9998
51.78354,-22.87868,2974.3005595515842,3061.0,2336.1,-1
54.803293333333336,-43.690715,3437.1455008946045,3406.0,498.5,9998
44.422821666666664,-32.82543833333333,3562.3417989798113,3686.0,1059.0,9998
68.10425,0.2884,2887.482790707453,3009.0,946.7,9998
61.94490833333333,-33.465935,2785.160245184037,2821.0,441.0,9998
59.96162833333333,-35.003355,3017.1457924485285,3068.0,935.7,9998
49.739156666666666,-30.287626666666668,3351.8631073269557,3269.0,1801.0,-1
72.33331166666666,5.233023333333334,2459.7224548512377,2128.0,2703.1,9998
59.549888333333335,-39.09276166666667,2929.3404224581973,2949.0,857.8,9998
59.00026166666667,-50.97725333333333,3498.300567429335,3499.0,1269.1,9998
53.07194,-25.171136666666666,3518.5949880081866,3514.0,3653.8,-1
58.39167,-44.01529333333333,2271.086050425287,2302.0,2608.0,9998
50.59866666666667,-31.768451666666667,3510.5996298314803,3478.0,1731.5,-1
35.96283,-14.61714,3698.769428783807,3772.0,1214.2,9998
57.13437833333333,-29.959008333333333,2363.4336928683615,2367.0,557.6,-1
55.53391,-32.78395833333333,2526.3435979974042,2293.0,420.3,-1
55.064955,-30.271125,2942.1695194203007,2985.0,675.3,-1
70.57305166666667,4.150688333333333,3191.455141096283,3192.0,415.9,9998
48.67459,-30.11561,3210.6273217629423,3422.0,1287.7,-1
53.35581666666667,-28.414226666666668,3311.7483049519064,3341.0,2211.3,-1
73.56805166666666,7.2313366666666665,2239.3754679590224,2251.0,305.2,9998
57.41000666666667,-54.469211666666666,3288.155266587167,3306.0,374.6,9998
58.396296666666665,-49.801985,3525.757485051722,3533.0,897.7,-1
44.78783,-45.78678,3767.9347546930508,3833.0,4896.6,9998
41.081981666666664,-23.861793333333335,3843.2929811960435,3741.0,931.5,9998
50.455103333333334,-36.76174,3639.322163775095,3648.0,2897.4,9998
64.28119,-32.93381,2322.937401907238,2280.0,1134.8,9998
60.66520666666667,-58.81211833333333,2441.0900781161863,2514.0,837.8,9998
60.302775,-33.711735,2868.5898484383374,2545.0,526.6,9998
61.66407,-57.11924166666667,2692.3470195316027,2682.0,1126.8,-1
51.92836,-22.94652,2945.9164587904,3006.0,2456.8,-1
54.76582,-43.81292,3443.006954128449,3420.0,491.8,9998
44.59167333333333,-32.79029333333333,3629.5796156177557,3628.0,838.2,9998
34.83372166666667,28.001121666666666,2681.0955810027012,2698.0,614.7,9998
68.63810833333334,-1.3413416666666667,3496.820867062643,3438.0,1970.7,9998
62.45585166666667,-33.487201666666664,2901.324807147199,2899.0,1076.3,9998
60.014825,-35.201926666666665,3061.0706197437094,3083.0,953.8,9998
49.77786,-30.295741666666668,3353.8030378611443,3172.0,1844.2,-1
72.11606666666667,3.806731666666667,2590.7891469063493,2705.0,1591.9,9998
59.37279,-38.06632,3109.06440131599,3113.0,1270.8,9998
58.71740833333333,-51.273695000000004,3516.895273770182,3594.0,764.4,9998
52.993606666666665,-25.67134666666667,3512.7702696522806,3545.0,2612.6,-1
58.06912,-44.59387,2614.860149261237,2578.0,1254.7,9998
50.5268,-31.650545,3400.4083120274645,3259.0,1797.2,-1
72.48776,0.8995283333333333,2179.7620879730675,2149.0,502.0,9998
35.95836333333333,-14.596215,3795.3330450128833,3867.0,1217.2,9998
55.301325,-33.29033666666667,2440.2168374776643,2450.0,382.9,-1
56.95715333333333,-29.72671,2565.191551473474,2621.0,665.8,9998
34.86747,28.17032,2709.512330819472,2682.0,669.7,9998
54.970888333333335,-29.819511666666667,3083.8479144680755,3115.0,1479.9,-1
48.617185,-30.10995,3511.2332545382997,3473.0,1332.0,-1
52.79835,-28.330635,3389.9606689456937,3407.0,1410.7,-1
40.99628,-24.05425,3465.868594050053,3491.0,716.5,9998
57.52825,-53.7713,3389.549467437289,3390.0,1447.4,-1
43.899635,-21.087528333333335,3622.0097015686483,3739.0,1056.4,9998
58.502035,-49.773805,3528.649814269225,3518.0,738.8,-1
73.39636,7.116715,2653.168641348614,2917.0,640.9,9998
50.40385,-36.68972,3792.289888929379,3852.0,3121.2,9998
60.50282,-59.717393333333334,2285.3954581927323,2232.0,1543.2,9998
64.00639833333334,-33.70741,2354.319903811933,2373.0,638.3,9998
61.33294166666667,-58.54294,2581.8908367296226,2623.0,740.0,-1
52.040011666666665,-23.160135,3343.3610089519157,3133.0,2700.7,9998
54.58139166666667,-43.890656666666665,3424.535643551312,3395.0,140.7,-1
44.67458166666667,-32.75695,3632.4771637283834,3628.0,802.4,9998
52.150906666666664,-47.84423666666667,3829.6649876367846,3856.0,1912.4,9998
69.07585,-3.11302,3015.181826987205,3005.0,143.5,9998
34.90908833333334,28.345508333333335,2714.402967736738,2741.0,659.8,9998
62.85491,-34.404131666666665,2794.7409808905595,2782.0,944.8,9998
59.84405666666667,-35.82710333333333,3073.804114552795,3079.0,1193.9,9998
49.84780333333333,-30.253661666666666,3303.0311770708095,3303.0,1888.1,-1
72.05493166666666,2.1153283333333333,2339.4074555082875,2324.0,2044.2,9998
58.74221,-37.97177666666666,3167.7870803755513,3163.0,684.1,9998
57.769895,-51.67565166666667,3477.2147130450066,3552.0,430.4,-1
53.380695,-25.653808333333334,3664.672631810041,3666.0,2970.3,9998
58.50654,-45.191225,2257.3442807777806,2211.0,867.4,9998
50.562353333333334,-31.393441666666668,3125.1091123232036,2981.0,1448.9,9998
72.38779,-0.358925,2807.666071369499,2861.0,560.9,9998
55.14405333333333,-33.741078333333334,2434.3729675027494,2206.0,655.6,9998
56.889741666666666,-29.330181666666668,2668.9322393237426,2626.0,1832.5,9998
34.932555,28.535035,2691.8547668590118,2678.0,527.6,9998
54.922165,-29.1575,3109.2514409905953,3132.0,968.9,9998
48.623353333333334,-30.159435,3574.614830869402,3531.0,1365.2,-1
52.827148333333334,-28.896905,3369.466950507454,3328.0,2286.1,-1
73.57427,7.842396666666667,2166.9073753285948,2072.0,497.1,9998
57.815895,-54.152825,3395.318084082304,3389.0,887.9,9998
58.185228333333335,-48.87291166666667,3486.8405031863426,3482.0,423.2,9998
40.95316166666667,-24.374365,3768.2883664601754,3787.0,426.4,9998
60.28661,-59.90505,2173.710539170272,2242.0,2044.2,9998
64.09925,-33.96323,2216.195345634597,2203.0,1448.7,9998
60.74573,-34.25906166666667,3005.240432999057,3009.0,463.9,9998
61.18909166666667,-59.10146666666667,2409.6594470843092,2428.0,758.7,9998
52.156971666666664,-23.300243333333334,3156.8883436400665,3301.0,2721.3,-1
54.65173333333333,-43.504308333333334,3403.060952487801,3395.0,376.4,9998
44.56921666666667,-32.989761666666666,3778.730096085359,3985.0,621.3,-1
51.889496666666666,-47.86817666666666,3704.1277569638805,3727.0,2567.3,9998
62.679915,-36.19705833333333,2618.794877565423,2577.0,543.6,9998
34.96503,28.66134,2798.6588852169066,2812.0,408.1,9998
69.19166,-4.663898333333333,3419.7643452464567,3378.0,671.2,9998
59.99236833333333,-35.728195,3060.099818815721,3087.0,1128.8,9998
49.68832,-30.36427,3525.517010307603,3354.0,1839.1,-1
72.28828333333334,3.4232733333333334,2564.3686293135875,2577.0,1988.1,9998
58.578556666666664,-38.09572,3165.8777381141817,3126.0,946.1,9998
57.26878833333333,-52.250755,3502.7002991583963,3506.0,747.3,9998
53.57897833333333,-25.484043333333332,3654.8667309930265,3585.0,5176.4,-1
59.663318333333336,-46.836976666666665,2085.570065431934,2242.0,8270.1,9998
50.52037,-31.321968333333334,2915.982043010943,2919.0,1448.7,9998
36.05229666666666,-14.544176666666667,3699.7159828856247,3643.0,1402.4,9998
72.39229166666667,-0.5968083333333334,2939.46682080363,2933.0,653.5,9998
54.555218333333336,-33.905723333333334,2631.302368149995,2409.0,1061.6,-1
56.90137,-29.099635,2862.548871388976,2746.0,2099.1,-1
34.969773333333336,28.654533333333333,2764.3661465576065,2794.0,404.4,9998
55.252345,-28.676043333333332,3114.0447852025404,3088.0,217.7,9998
48.66908333333333,-30.153948333333332,3526.8203043878325,3483.0,1400.3,-1
53.02345833333333,-28.605181666666667,3281.595073082005,3340.0,2522.3,-1
73.52667,7.98713,2350.971360922614,2566.0,661.6,9998
57.849563333333336,-55.04857166666667,3283.15724057928,3242.0,511.4,9998
58.2681,-47.94185,3394.2158095147824,3389.0,1460.8,9998
40.90217,-24.629946666666665,3761.4819091529134,3695.0,378.5,9998
43.46641833333333,-20.712443333333333,3866.8075658823477,3883.0,1132.0,9998
60.24883666666667,-59.76504833333333,2262.9053226928713,2292.0,1853.0,9998
60.49926,-35.99964666666666,3002.369379275457,3011.0,687.1,9998
60.76929,-58.99075666666667,2395.050578033736,2655.0,729.9,9998
54.32719,-43.56464,3502.6096921158623,3479.0,278.3,9998
44.38906333333333,-33.30558833333333,3726.1647836463435,3555.0,1160.3,-1
52.24792,-23.31803,3836.446482489453,3878.0,3352.8,9998
62.90542333333333,-36.19424,2572.7766168971066,2577.0,829.1,9998
68.87473833333334,-5.134073333333333,3379.890801603272,3378.0,1035.3,9998
49.61167,-30.10894,3110.7250572935245,3002.0,1767.2,-1
59.86211,-36.02737,3030.840460934968,3073.0,1220.1,9998
72.04744,4.181943333333333,2846.7787693541336,2850.0,1745.5,9998
58.48583166666667,-38.591845,3195.178373249173,3217.0,1000.0,9998
56.902503333333335,-52.26730166666667,3512.5539808973863,3538.0,72.1,9998
53.56485833333333,-25.067065,3539.886130903788,3547.0,4438.4,-1
59.99527333333333,-49.436526666666666,3122.5733735894682,3084.0,1047.7,9998
50.519135,-31.455375,3072.3668661186525,3031.0,1563.4,9998
72.26845333333333,-0.12750999999999998,1393.7857654410793,1308.0,138.3,9998
35.98333,-14.62834,3827.50272941733,3722.0,1314.7,9998
57.09316833333333,-28.290351666666666,2821.4469146762535,3228.0,1263.4,-1
70.00918,6.274561666666667,3175.9599080015155,3161.0,442.8,9998
55.103318333333334,-28.826838333333335,3117.990772217787,3121.0,611.3,-1
48.783791666666666,-29.939696666666666,3509.229195559246,3371.0,1566.8,9998
52.75759333333333,-28.87294,3410.456213639868,3382.0,2110.6,9998
72.75608333333334,9.011718333333333,2333.4477839974434,2330.0,192.4,9998
58.639538333333334,-47.89237833333333,3311.228106640935,3300.0,756.9,9998
57.63517,-54.661321666666666,3260.778363063033,3263.0,246.7,9998
40.70229666666667,-24.72844,3435.6975108899655,3560.0,174.9,9998
51.216295,-35.656848333333336,3875.7425240545904,3862.0,1725.0,9998
60.154765,-59.685065,2223.722935373311,2328.0,1832.2,9998
62.37978666666667,-36.773606666666666,2443.7028188070417,2434.0,681.9,9998
60.089665,-36.664078333333336,3050.3128806272684,3048.0,994.0,9998
60.499471666666665,-59.22911833333333,2421.5400813206847,2422.0,1020.6,9998
54.28890166666667,-43.53986166666667,3515.293537689699,3489.0,272.9,9998
44.690751666666664,-33.648286666666664,3572.0075852062423,3527.0,746.1,-1
62.41249333333333,-36.19954333333333,2627.650527795046,2612.0,656.7,9998
68.70324333333333,-5.09376,3410.126796321755,3421.0,1086.3,9998
60.81342166666667,-34.74435,3001.318462726949,3000.0,508.9,9998
49.62755166666667,-30.410008333333334,3431.9053450632287,3577.0,1717.3,-1
71.978665,3.7197016666666665,2885.8438524608796,2682.0,1659.7,9998
58.54005,-38.856700000000004,3191.260834377943,3224.0,1019.4,9998
56.89212333333333,-52.293881666666664,3514.5061330005706,3539.0,108.8,9998
53.12738,-24.987528333333334,3558.542379237902,3563.0,4180.1,-1
59.51634166666667,-49.84359166666667,3401.668408274054,3436.0,228.7,9998
50.51479833333333,-31.587436666666665,3149.541642269038,3127.0,1692.4,-1
36.012245,-14.690171666666666,3502.5743056855254,3489.0,1283.6,9998
72.22270666666667,-0.35635,2161.182276292977,2074.0,231.8,9998
54.196185,-33.887105,2506.073373446385,2418.0,745.6,9998
56.89664333333333,-26.651381666666666,2801.9403310064868,2793.0,1157.5,9998
55.08641333333333,-28.056036666666667,2887.4320211382974,2900.0,1377.8,9998
70.77962,5.477393333333334,3142.6630831718867,3156.0,325.5,9998
48.901356666666665,-29.62219,3494.5621456964527,3558.0,1532.9,9998
52.736623333333334,-29.52482,3527.473437306251,3508.0,2773.5,-1
59.102023333333335,-48.607283333333335,3316.95438919839,3321.0,268.1,-1
40.66220166666667,-24.935618333333334,3454.2595889946824,3484.0,117.7,9998
72.61299,8.14203,2448.9258376461135,2453.0,870.4,9998
58.45995666666666,-53.344528333333336,3441.928736811238,3462.0,1133.7,9998
51.36428,-35.329075,3486.9550240039725,3499.0,1811.1,9998
59.947633333333336,-59.496525,2300.193083345432,2296.0,1898.9,-1
62.29315,-35.898545,2739.1454922740604,2745.0,449.9,9998
59.922225,-36.220575,3072.808606730948,3066.0,1180.8,9998
60.37654666666667,-59.174148333333335,2434.2922840696665,2408.0,995.7,9998
54.47714,-45.96066,3458.6938819514426,3354.0,1486.5,9998
44.919695,-33.38691166666667,3582.6606299752807,3579.0,290.8,9998
68.39735166666667,-5.181791666666666,3489.083676319792,3462.0,1043.5,9998
62.13028,-34.90363166666667,2854.5029296482367,2860.0,1660.9,9998
60.777815,-34.283905,3000.3503654536457,3011.0,394.9,9998
49.20988,-30.2762,3340.3134427278155,3144.0,1999.0,-1
72.16643,4.56175,2729.556062473573,2653.0,2059.7,9998
58.75704833333333,-38.60687333333333,3144.3599414749942,3141.0,953.7,9998
57.030125,-52.749651666666665,3463.7843157553666,3474.0,1219.8,9998
52.597168333333336,-24.952106666666666,3431.96182680929,3438.0,1351.5,-1
59.38615,-49.619906666666665,3413.40182067949,3452.0,160.2,9998
50.455911666666665,-31.570236666666666,3345.7899300256076,3480.0,1931.7,-1
35.98092,-14.792378333333334,3206.520290788178,3085.0,1190.3,9998
72.18968,-0.58583,2337.4329509884647,2371.0,267.5,9998
54.125951666666666,-33.653205,2399.320039314937,2523.0,522.0,9998
56.90981,-26.18328,2758.9136643880574,2760.0,445.8,9998
54.8335,-28.43152,2897.270210392059,2896.0,1271.2,-1
70.99552833333334,4.442483333333334,3135.797946972912,3133.0,230.4,9998
48.772306666666665,-29.528101666666668,3082.6275254465218,3253.0,987.3,9998
52.939978333333336,-29.619358333333334,3400.6474021414137,3358.0,2294.8,9998
73.22760833333334,9.087716666666667,2330.454752832041,2341.0,162.9,9998
40.62693,-25.06262,3377.133258420895,3390.0,124.3,-1
58.891976666666665,-48.98999666666667,3415.4886129494585,3404.0,345.7,9998
58.9268,-51.69835,3434.974089783156,3491.0,1102.2,9998
51.3326,-34.9638,3351.379427127504,3262.0,1641.5,9998
59.56102,-59.33318,2313.0011972032003,2206.0,2530.5,-1
61.88014,-37.033521666666665,2633.6257908974244,2631.0,464.5,9998
60.903725,-37.47510333333334,2936.839141038165,2916.0,454.1,9998
59.84952166666667,-59.04335,2402.080751771181,2382.0,1350.4,-1
54.598416666666665,-44.702173333333334,3384.546805077006,3394.0,73.7,9998
44.67225666666667,-33.236601666666665,3718.2698294624774,3608.0,445.3,-1
52.71138,-23.38522,3765.2128978321225,3814.0,2980.7,-1
68.04978833333334,-5.256483333333334,3486.2394057104993,3504.0,841.1,9998
61.30590333333333,-34.801085,2957.257647139061,2963.0,425.8,9998
60.79009833333333,-34.896298333333334,3006.206418918419,3012.0,654.4,9998
48.867445000000004,-30.35624333333333,3206.6643007511907,3208.0,1723.0,9998
72.60794,6.686885,2636.662160148284,2532.0,1794.2,9998
58.31548,-39.90546166666667,3150.3303739985363,3172.0,621.9,9998
57.349086666666665,-52.75767166666667,3474.413047058314,3475.0,1712.5,9998
52.57982,-25.77299,3585.0310586285063,3668.0,1175.1,-1
60.04368,-49.98294,3139.152948665272,3117.0,1304.4,9998
50.425603333333335,-31.574453333333334,3530.1560400104445,3597.0,2113.2,-1
-9.296555,50.05992666666667,3053.205154510711,2709.0,3447.4,-1
35.746525,-15.065381666666667,2853.3201082656224,2798.0,935.1,9998
71.88100166666666,-0.9415933333333334,2494.9950882034045,2112.0,743.1,9998
57.06688,-26.212066666666665,2638.562964088997,2645.0,513.5,9998
53.97374166666667,-33.90738666666667,2532.5617594095506,2533.0,693.0,9998
71.199945,3.8134983333333334,3129.910387780167,3128.0,631.7,9998
55.316116666666666,-29.514506666666666,3095.474374459398,3009.0,1473.9,9998
48.78304,-29.68409,3233.055925366566,3273.0,1227.2,9998
53.145158333333335,-29.287993333333333,3393.7579075084595,3327.0,2312.0,-1
59.154196666666664,-48.14753666666667,3230.128395341544,3250.0,522.8,9998
40.572515,-25.221475,3375.19680257371,3371.0,332.4,9998
73.96951666666666,9.3731,2469.296933577526,2458.0,906.0,9998
59.19234333333333,-52.333263333333335,3475.833199466659,3474.0,1415.1,-1
59.03919,-59.34138166666666,2232.744207140099,2229.0,3517.1,9998
61.35834666666667,-37.60639,2751.0736616042664,2747.0,373.0,9998
59.095175,-58.88117666666667,2537.334054603992,2480.0,2076.6,9998
54.584936666666664,-45.11733,3348.4615962059406,3353.0,722.9,9998
44.269106666666666,-33.36902666666667,3588.7276912063235,3650.0,1486.4,-1
49.04543666666667,-43.181736666666666,3851.1907543498032,3880.0,5420.0,9998
67.71112666666667,-5.250083333333333,3486.315496665925,3509.0,624.0,9998
60.64985,-35.93772833333333,2983.779214327096,3011.0,742.1,9998
61.44619,-34.81378,2952.3421286613348,2944.0,748.9,9998
48.74702833333333,-30.442046666666666,3461.4476215495856,3453.0,1629.8,9998
72.59707,6.48578,2468.4913413825047,2647.0,1721.0,9998
58.09589166666667,-41.39527833333333,3022.4876383493556,3172.0,1214.2,9998
57.66821,-53.007285,3467.497659480408,3470.0,1636.2,9998
52.734141666666666,-25.93665,3663.9085227012342,3637.0,2227.3,-1
59.89611333333333,-49.77558333333333,3183.1035552742883,3154.0,998.2,-1
50.48269333333333,-31.663718333333332,3542.8126767119807,3602.0,1994.5,-1
-9.19995,50.18826833333333,3062.034735571995,2624.0,3565.7,-1
35.63631,-15.210683333333334,3121.5322523414015,3106.0,1098.8,9998
71.719795,-1.5098150000000001,1897.5720715953723,1838.0,551.0,9998
57.30728333333333,-25.581879999999998,2720.6809461497587,2731.0,133.4,9998
55.83144,-29.87953,2920.47617409848,2950.0,1179.2,9998
71.07815,4.23767,3137.7336312269126,3139.0,324.5,9998
40.39657833333333,-25.37807,3019.4716904593192,2899.0,545.9,-1
53.42287666666667,-28.869455,3354.6565007379936,3446.0,1980.0,-1
59.30526166666667,-47.72577833333333,3063.1981951941684,3058.0,752.5,9998
74.04424666666667,9.815091666666667,2401.791747606198,2401.0,691.2,9998
59.590066666666665,-52.76984,3415.2951018384915,3412.0,1658.6,-1
42.38143,-22.06303,3876.936100640213,3873.0,487.6,9998
43.61128333333333,-45.95531166666667,3860.9108944533878,3519.0,5211.3,-1
58.72118666666667,-59.07574,2086.7105317419914,2106.0,2684.8,9998
61.14337,-38.25942166666667,2707.1233069878376,2737.0,436.3,9998
61.817951666666666,-38.01965,2527.0015147390864,2560.0,484.5,9998
58.70119,-58.14828,2701.784772311054,2729.0,3237.3,-1
54.66203,-44.935233333333336,3437.187763183252,3386.0,679.9,-1
44.20101833333333,-33.935185,3475.5826491495095,3514.0,1977.9,9998
67.40052333333334,-5.065465,3553.572684839793,3493.0,439.9,9998
61.575298333333336,-34.4922,2931.8017805291465,2950.0,878.4,9998
60.27538833333333,-37.11649333333333,3035.622418605333,3019.0,814.5,9998
48.65582333333333,-30.47428,3595.0780224650707,3546.0,1498.7,-1
58.223555,-42.48738,2953.1052598284928,2989.0,724.7,9998
57.96512,-53.83341,3444.993841405827,3439.0,977.2,9998
52.72623333333333,-25.97507,3650.271449814047,3639.0,2084.5,-1
59.745718333333336,-49.18316,3234.8516875479,3248.0,762.4,9998
50.53991,-31.67036,3489.165031161788,3239.0,1810.5,-1
-9.096563333333334,49.99757,3122.801041678473,3164.0,3331.4,-1
35.649925,-15.408218333333334,2878.8065185787686,2964.0,984.6,9998
72.012365,-1.3829799999999999,2391.2801683649127,2461.0,156.6,9998
53.027836666666666,-34.483243333333334,2595.4369157262154,2488.0,471.6,9998
57.22728,-25.55737,2755.906205280533,2766.0,162.8,9998
55.98335,-30.334763333333335,2854.952149265331,2695.0,1109.3,-1
70.77784833333334,4.044016666666667,3167.0417746143303,3173.0,559.9,9998
53.661955,-28.928213333333332,3273.602933795606,3323.0,498.4,-1
40.1022,-25.78828,3104.642553683979,3175.0,525.9,-1
59.336335,-48.028551666666665,3199.835155809587,3176.0,357.9,9998
74.129545,10.011891666666667,2397.868309520132,2408.0,618.8,9998
51.25444,-39.60003,3490.89005536589,3433.0,1145.8,9998
42.33545,-22.41446,3812.6436023026513,3839.0,509.1,9998
36.571738333333336,21.59623,3742.4660631033084,3684.0,1578.6,9998
58.15808666666667,-59.028013333333334,1947.4794304848638,1994.0,2764.5,9998
61.303985,-39.48455333333333,2535.9092065447326,2505.0,983.0,9998
60.871858333333336,-37.59471333333333,2911.4486243722054,2904.0,458.8,9998
57.87337,-57.30124,2815.397314199989,2819.0,3616.1,-1
44.52084,-34.26313666666667,3310.5074576296397,3052.0,1002.3,9998
54.91645,-44.64687,3460.511459507411,3437.0,697.4,-1
36.63512,21.548445,3815.5833218965386,3735.0,1098.0,9998
67.20206333333333,-5.2559716666666665,3541.9357632016336,3545.0,355.4,9998
59.82186,-38.68209,2949.790249079971,2906.0,1008.9,-1
61.22996333333333,-33.93374166666667,2930.903593845455,2938.0,669.4,9998
48.587785,-30.365141666666666,3577.551436513,3583.0,1310.7,-1
58.17081,-41.93792666666667,3123.0371116527267,3105.0,809.4,9998
58.66408833333333,-53.276066666666665,3419.451591732891,3422.0,585.2,-1
53.013596666666665,-26.438756666666666,3647.25544073213,3717.0,3585.2,-1
59.72071,-49.28561833333333,3237.784797089801,3308.0,592.5,9998
50.547865,-31.682138333333334,3442.348149052491,3290.0,1770.0,-1
36.69415333333333,21.407126666666667,3805.8131059444586,3717.0,846.7,9998
35.67285833333333,-15.653188333333333,3022.7045545636042,2988.0,880.1,9998
71.99243333333334,-1.3964416666666666,2431.397977679503,2452.0,146.2,9998
53.17688666666667,-34.718963333333335,2584.6337413269857,2597.0,117.8,9998
57.25494666666667,-23.769475,2988.512897145986,3004.0,2585.7,9998
55.91602666666667,-29.92986833333333,2931.2045989431335,2939.0,1322.1,9998
70.70475333333333,4.632326666666667,3170.955397621315,3172.0,270.9,9998
53.861311666666666,-29.053931666666667,3116.3757594947947,3094.0,473.9,-1
39.806835,-25.989381666666667,3096.902635854441,3105.0,649.5,9998
51.70639,-40.36895,3197.0514603610623,2913.0,2060.6,9998
59.47971,-47.79757,3145.151053618908,3140.0,813.4,9998
73.99204666666667,9.91807,2359.7242246779997,2370.0,500.9,9998
42.23568,-22.442006666666668,3833.1426531705365,3835.0,532.8,9998
57.29136833333333,-57.892651666666666,2183.06793206689,2190.0,1660.1,9998
60.050765,-39.61065,2578.2380075259134,2603.0,741.9,9998
60.730515,-37.481143333333335,2958.367563304402,2954.0,749.9,9998
36.64974,21.25282,3429.1360699974607,3394.0,838.5,9998
57.03832833333333,-56.00288333333334,2828.3031310984506,2817.0,4107.4,9998
55.06132,-44.55723,3410.741126950586,3425.0,601.4,9998
67.14466,-5.45346,3443.5897663262,3470.0,367.3,9998
61.26775,-33.58665,2793.1253182888304,2764.0,1079.0,9998
59.434158333333336,-39.848971666666664,2941.090663457976,2951.0,333.0,9998
48.57652,-30.18225,3536.602044160573,3515.0,1300.6,-1
57.99176666666666,-41.88990166666667,3191.405385734342,3193.0,925.8,9998
58.58271833333333,-52.56511666666667,3445.7928066537343,3438.0,623.2,-1
53.59522,-26.49028,3676.292733994989,3661.0,4920.9,9998
59.46069833333333,-48.45174,3223.2189470805392,3252.0,257.6,9998
50.62096,-31.47782,3563.2413592848807,3482.0,1544.3,9998
36.759096666666665,21.015138333333333,3675.0964207788375,3605.0,778.4,9998
35.69241,-15.740875,2903.2759329616715,2927.0,766.9,9998
71.94813333333333,-1.5432733333333335,1982.858957880198,2022.0,123.6,9998
58.22770166666667,-23.40256,2972.641810800275,2984.0,4112.4,9998
55.83849333333333,-29.646828333333332,2915.5880123198576,2920.0,1263.3,9998
53.81595333333333,-28.489961666666666,3166.1872892941064,3199.0,640.8,-1
39.14496833333333,-26.096451666666667,2919.0241098200695,2906.0,1175.7,9998
51.90701166666667,-40.70805166666667,3109.102772449651,3117.0,1699.5,9998
73.69554666666667,10.30968,2285.3747682055136,2258.0,307.5,9998
42.156261666666666,-22.40074,3839.9916042042482,3836.0,503.6,9998
56.9059,-57.29458,2338.9853561434725,2225.0,1650.4,9998
60.74453,-38.29319,2887.0537130557523,2873.0,479.9,9998
59.883871666666664,-38.95035333333333,2823.7313998552527,2837.0,407.2,9998
36.73702,20.84449,3755.090325883491,4087.0,893.1,9998
56.20784,-55.68407,2842.1890768653034,2828.0,4149.1,9998
55.12357,-44.55654,3407.7972873962644,3420.0,561.0,9998
67.11456833333334,-5.639653333333333,3412.4240028542517,3403.0,485.0,-1
59.64169,-39.935865,2802.2827238756618,2794.0,645.2,9998
61.206465,-34.327753333333334,2972.906648321518,2982.0,271.1,9998
48.73578666666667,-30.156948333333332,3342.410217511002,3641.0,1464.3,9998
58.677166666666665,-41.413405,3033.0848625122067,2968.0,509.3,9998
58.248623333333335,-52.813826666666664,3476.1020049644526,3468.0,1585.4,-1
53.63935,-26.86262,3590.541345511564,3612.0,5373.0,9998
59.508543333333336,-48.190665,3156.854918758401,3191.0,436.3,-1
50.75980333333333,-31.56054,3652.864553654208,3691.0,1362.0,9998
35.46377666666667,-15.910301666666667,3039.395823598166,3010.0,936.4,9998
71.99771833333334,-0.8482716666666666,2801.865176528728,2734.0,581.5,9998
57.628835,-22.08281,3080.2203763746793,3080.0,2203.3,9998
56.02178,-30.107566666666667,2856.8978423875415,2848.0,1307.7,-1
52.90876166666666,-36.190655,3050.216355952566,3075.0,719.1,9998
39.01593333333334,-25.678765,2797.6549165177707,2853.0,667.2,-1
53.95527833333333,-28.390041666666665,3162.2431557089226,3120.0,594.1,-1
73.52900333333334,8.791121666666667,2490.867552136668,2491.0,587.4,9998
42.107971666666664,-22.42958,3830.2642249504715,3828.0,538.0,9998
56.16412,-56.64938,2416.528745925877,2398.0,3272.7,9998
61.07095666666667,-39.435698333333335,2549.654964017195,2618.0,583.0,9998
59.67823833333333,-39.813315,2778.8136106026373,2771.0,637.6,9998
37.01493166666667,17.909943333333334,3413.3977092060068,3408.0,1104.6,9998
55.49872166666667,-53.5562,2858.981349812287,2840.0,6605.5,9998
55.35132,-44.3753,3399.928946579059,3386.0,147.2,9998
58.928003333333336,-41.722565,2657.7202867569326,2647.0,1114.5,9998
66.99839,-5.663451666666667,3426.0889662399427,3376.0,449.1,9998
61.535396666666664,-34.66937166666666,2936.6945520849363,2963.0,902.3,9998
49.057455,-30.253876666666667,3682.666221277194,3618.0,2260.7,-1
57.98562,-43.80352,3088.9160521915205,3134.0,906.2,9998
58.40109,-52.13102,3488.72740487104,3536.0,580.4,-1
36.97342,18.00844,3434.8979297985043,3444.0,1186.5,9998
53.64609166666666,-26.398071666666667,3661.664329004923,3663.0,4764.5,-1
59.34416,-47.91527333333333,3126.641296992131,3140.0,476.4,9998
50.76586,-31.44032,3721.063793131843,3637.0,1339.4,9998
35.61427,-16.15774,3223.245090486778,3125.0,907.3,9998
72.15862,-0.4656516666666667,2245.4147962446177,2249.0,315.0,9998
