lat,lon,grnd,gebco,uncertainty,tid_flag
-31.05952,51.13664,4993.37,4933.0,414.6,-1
-31.07169,51.10729,4988.706,4921.0,453.3,-1
-31.15724,51.15253,4840.441,4908.0,520.4,-1
-31.24143,51.27307,4910.409,4927.0,626.7,-1
-31.09083,51.40638,4940.658,4943.0,360.8,-1
-31.13537,51.4354,4902.006,4879.0,430.9,-1
-31.1403,50.96344,4858.8,4880.0,720.8,-1
-31.08469,50.82153,4853.19,4917.0,813.8,-1
-25.23995,57.35527,4169.856,3946.0,1418.4,9998
-25.10573,57.44403,3978.932,5175.0,1183.6,9998
-25.05582,57.49745,4033.747,5148.0,1163.5,9998
-24.94445,57.57327,3920.553,5098.0,1045.4,-1
-24.87256,57.62206,4041.501,5062.0,1007.8,-1
-24.8227,57.64537,4036.64,5119.0,950.5,-1
-24.85047,57.69655,4041.703,5112.0,988.8,-1
-24.93344,57.70019,4860.131,5073.0,1305.3,-1
-4.9201,-20.01627,3943.415,5189.0,1990.8,9998
-2.11078,-21.66587,1811.21,4860.0,1602.2,9998
-2.43918,-20.92609,4565.554,5704.0,4389.0,9998
-2.452,-21.00627,4750.951,5642.0,4603.6,-1
-2.41657,-21.06944,5315.559,5435.0,5067.4,-1
-2.41395,-21.10627,5053.589,5342.0,4820.0,-1
-2.40711,-21.12611,4949.224,5217.0,4723.6,-1
-2.39018,-21.22417,4350.771,4737.0,4202.0,-1
-2.2005,-21.14536,4581.333,4440.0,4159.0,-1
-2.1845,-21.21551,4244.137,4492.0,3845.8,-1
-1.60255,-21.27618,4672.748,4553.0,2602.5,-1
-1.46334,-21.12724,4292.218,4244.0,1956.7,-1
-1.33759,-21.14663,4405.756,4411.0,1544.4,-1
-1.17035,-21.76087,5267.75,5442.0,1252.0,9998
-1.23767,-22.08291,5213.483,5176.0,1396.3,9998
-1.27967,-22.1621,5288.129,5247.0,1555.4,-1
-1.33432,-22.03923,5539.362,5651.0,1936.1,9998
-1.31044,-21.93874,5481.187,5601.0,1799.1,9998
-1.30233,-21.80653,5147.551,5199.0,1671.1,9998
-1.29593,-21.88939,5368.865,5500.0,1702.7,9998
-1.25583,-21.84087,5300.456,5360.0,1542.8,9998
-1.28047,-21.77552,5223.87,5217.0,1600.9,9998
-1.29823,-21.82248,5180.763,5242.0,1666.4,9998
-1.33234,-21.91158,5332.866,5597.0,1859.0,9998
-1.36181,-21.89271,5523.366,5583.0,2108.1,9998
-1.41318,-21.70812,5050.9,4991.0,2210.3,9998
-1.17324,-22.47998,4534.721,4422.0,1008.9,-1
-1.15982,-21.89379,4994.063,5016.0,1184.9,9998
-1.1544,-21.8718,5092.484,5006.0,1196.7,-1
-1.19339,-22.35263,5023.894,5031.0,1161.7,-1
-1.00372,-22.32355,5043.718,5050.0,1433.0,-1
-1.19852,-22.76677,4280.623,4367.0,1085.2,9998
-1.25518,-23.11731,4299.631,4372.0,1101.7,9998
-1.25463,-23.05157,3692.307,3725.0,969.6,9998
-1.55084,-23.07626,4616.689,4720.0,2495.3,9998
-1.55166,-23.19433,4353.523,4364.0,2340.1,9998
-1.61418,-23.2904,4287.438,4276.0,2540.6,-1
-1.95253,-22.92564,4633.322,4459.0,4047.5,9998
-1.78379,-23.25619,4684.032,4794.0,3430.2,9998
-1.59321,-23.52241,4606.953,4616.0,2556.9,-1
-1.49062,-23.46047,4777.634,5351.0,2188.7,-1
-1.54574,-22.88017,4617.273,4590.0,2495.8,9998
-1.68124,-22.77107,4369.599,4403.0,2879.5,9998
-2.06497,-23.20371,4720.415,5062.0,4500.2,9998
-13.98924,-34.01915,4080.025,4750.0,1696.8,9998
-14.04106,-34.08167,3948.004,4719.0,1667.4,9998
-14.19943,-34.1285,4632.95,4573.0,1964.0,-1
-14.3367,-34.09437,4601.686,4611.0,1874.2,-1
-14.34171,-34.07598,4598.766,4608.0,1861.8,-1
-14.25931,-34.18644,4618.537,4597.0,1961.7,9998
-14.10647,-33.82642,4600.565,4667.0,1850.5,9998
-13.66531,-33.95953,4620.602,4637.0,1770.6,9998
-13.90509,-33.62536,4592.722,4587.0,1816.2,9998
-14.14536,-34.1954,4685.012,4680.0,2024.8,9998
-14.78985,-33.84277,4572.883,4542.0,1404.2,9998
-14.5781,-33.66057,4573.9,4563.0,1532.2,9998
-14.73061,-34.9189,4548.467,4551.0,1530.3,9998
-14.71415,-34.59842,4572.997,4569.0,1561.6,9998
-13.85396,-34.91351,4538.129,4546.0,1908.8,9998
-13.92737,-35.38712,4498.103,4507.0,1692.1,-1
-14.06695,-35.2541,4543.149,4544.0,1921.7,9998
-13.78981,-34.69398,4547.389,4530.0,1867.5,9998
-13.608,-35.11019,4484.63,4477.0,1659.6,9998
-13.72673,-34.82397,4531.047,4523.0,1829.9,9998
-13.8778,-34.73782,4560.512,4556.0,1933.5,9998
-14.04897,-34.90782,4591.623,4590.0,2030.4,9998
-13.96689,-35.2414,4531.78,4537.0,1871.2,9998
-14.01749,-35.43341,4497.501,4510.0,1707.1,-1
-14.24115,-36.39676,4337.146,4347.0,1267.2,9998
-13.72305,-36.90535,4082.12,4037.0,1658.1,9998
-13.58366,-36.88447,4052.294,4008.0,1552.8,9998
-13.23444,-36.85498,3941.501,3898.0,1361.0,9998
-12.92312,-36.96792,3765.496,3762.0,565.8,9998
-13.00337,-37.26367,3577.95,3584.0,1211.7,9998
-13.39561,-37.45194,3578.772,3578.0,885.1,9998
-13.63149,-37.5463,3565.734,3569.0,1418.1,9998
-14.09037,-37.6221,3661.455,3659.0,2119.2,9998
-14.15102,-36.48227,4312.804,4303.0,1297.0,9998
-14.36448,-36.04385,4459.946,4465.0,1244.5,9998
-13.90241,-35.7017,4446.111,4450.0,1335.2,-1
-13.70689,-34.92832,4520.147,4521.0,1808.6,9998
-13.57831,-34.68495,4488.238,4483.0,1705.0,-1
-13.22348,-34.84031,4443.024,4454.0,1360.9,9998
-12.80283,-35.09611,4356.893,4359.0,517.8,9998
-12.58968,-34.96577,4376.512,4380.0,371.0,-1
-12.76869,-34.67423,4441.061,4441.0,927.3,9998
-13.47775,-34.94802,4465.375,4463.0,1617.9,9998
-14.0601,-35.18758,4559.503,4554.0,1961.2,9998
-14.62798,-35.12038,4544.691,4493.0,1670.1,9998
-14.39646,-34.85201,4588.342,4593.0,2016.8,9998
-15.54816,-35.4824,4450.941,4450.0,1372.9,9998
-16.50723,-35.53858,4193.821,4194.0,743.4,9998
-17.69729,-35.50528,3775.396,3948.0,2390.5,9998
-17.33405,-35.13976,4251.343,4254.0,1519.5,9998
-16.95149,-34.37111,4392.3,4396.0,1682.1,9998
-17.15984,-34.07945,4431.596,4440.0,1490.1,9998
-17.29091,-33.91917,4469.928,4475.0,1372.9,9998
-17.45745,-34.19165,4438.538,4448.0,1205.5,9998
-17.8848,-34.40868,4347.185,4345.0,930.0,9998
-18.33419,-34.60652,4243.611,4268.0,691.1,9998
-18.61433,-34.91843,4142.274,4122.0,867.0,9998
-18.69525,-34.81338,4192.36,4196.0,750.2,9998
-19.09415,-34.06475,4204.546,4199.0,509.4,9998
-19.16963,-34.52951,4189.128,4145.0,278.6,-1
-18.79185,-34.19056,4267.571,4278.0,454.6,9998
-19.17159,-33.80931,4247.601,4248.0,557.4,9998
-18.99199,-33.72877,4268.302,4255.0,637.9,9998
-18.93403,-33.18052,4265.101,4278.0,407.7,9998
-18.68363,-32.85922,4321.278,4312.0,449.6,-1
-18.44358,-32.83558,4375.785,4373.0,692.6,9998
-18.22652,-32.74851,4439.036,4446.0,938.4,9998
-18.33232,-32.3979,4447.773,4441.0,770.5,9998
-18.62317,-32.33834,4298.79,4349.0,298.8,9998
-18.74125,-32.45358,4230.261,4230.0,181.3,9998
-18.88535,-32.70775,4202.647,4234.0,259.6,9998
-18.94523,-32.96846,4253.503,4256.0,373.7,9998
-19.10269,-33.23046,4209.125,4223.0,328.0,9998
-18.97822,-33.47173,4265.87,4281.0,488.0,9998
-18.93049,-33.88982,4278.353,4276.0,643.8,9998
-18.70886,-33.83624,4317.667,4319.0,666.1,9998
-18.617,-33.78398,4328.6,4334.0,670.6,9998
-18.33652,-33.18445,4361.785,4384.0,782.0,9998
-18.5732,-32.91248,4325.981,4328.0,577.0,9998
-18.49791,-32.93794,4347.137,4358.0,652.6,9998
-18.31707,-32.85933,4397.045,4409.0,832.7,9998
-17.10619,-33.76573,4467.244,4482.0,1528.0,-1
-17.05689,-33.27526,4534.716,4554.0,1516.3,9998
-17.59081,-33.60834,4467.813,4476.0,1250.3,9998
-16.909,-34.09609,4430.972,4417.0,1696.1,-1
-16.79022,-33.51914,4528.452,4541.0,1442.7,-1
-16.92518,-33.43569,4536.694,4533.0,1476.4,9998
-16.95596,-33.65426,4506.901,4529.0,1557.6,-1
-16.30242,-33.89542,4470.056,4478.0,1306.8,-1
-16.19177,-33.8977,4475.143,4476.0,1237.1,-1
-15.95126,-33.7646,4504.695,4507.0,1106.6,9998
-15.64928,-33.02999,4620.382,4589.0,1106.3,9998
-17.07664,-33.76387,4471.146,4485.0,1544.3,9998
-17.57627,-33.4394,4496.048,4535.0,1321.8,9998
-17.03892,-32.94096,4551.558,4579.0,1464.3,-1
-16.42209,-33.06707,4600.942,4577.0,907.3,9998
-16.04269,-33.27457,4600.347,4606.0,1103.2,9998
-15.85426,-33.4747,4564.383,4586.0,1100.3,9998
-15.6331,-33.76807,4513.135,4497.0,1032.1,9998
-15.87065,-33.76742,4510.358,4511.0,1083.5,9998
-16.29356,-33.66682,4523.502,4537.0,1229.3,9998
-16.67771,-33.73222,4532.468,4551.0,1552.2,9998
-17.20241,-33.5093,4504.215,4521.0,1525.6,-1
-17.13529,-33.12613,4545.598,4564.0,1537.6,9998
-17.32524,-32.79578,4537.28,4573.0,1633.0,9998
-17.31637,-32.56239,4579.033,4589.0,1676.2,9998
-17.17541,-32.60779,4584.808,4601.0,1589.5,9998
-17.1295,-32.51865,4586.083,4606.0,1538.4,9998
-17.3016,-32.62945,4551.885,4585.0,1655.5,9998
-17.44527,-32.68359,4516.618,4566.0,1611.7,9998
-17.46996,-32.79396,4511.063,4532.0,1576.4,9998
-17.49156,-32.80962,4511.253,4533.0,1561.4,9998
-17.47712,-32.71316,4509.991,4533.0,1585.4,9998
-17.26972,-32.75093,4551.212,4594.0,1633.4,9998
-17.11908,-32.85886,4536.648,4552.0,1527.9,9998
-17.17624,-33.12148,4540.139,4578.0,1548.1,9998
-17.06451,-33.45905,4522.84,4530.0,1543.7,-1
-16.95378,-33.74503,4491.911,4503.0,1580.2,9998
-16.78488,-33.99117,4473.745,4441.0,1713.4,9998
-15.9649,-34.13943,4437.706,4459.0,974.9,-1
-15.99046,-33.78916,4505.075,4497.0,1119.8,-1
-16.2915,-33.1567,4601.069,4589.0,1005.2,9998
-16.57846,-33.31738,4567.723,4570.0,1158.9,9998
-16.53995,-33.71098,4517.51,4534.0,1439.8,9998
-16.13055,-33.95353,4472.917,4479.0,1199.1,9998
-15.57838,-33.81694,4514.51,4510.0,998.2,-1
-15.87583,-33.64638,4534.303,4541.0,1101.5,-1
-15.91665,-34.05819,4452.711,4514.0,976.0,-1
-16.37787,-34.25431,4363.305,4371.0,1453.0,9998
-16.29052,-34.52996,4351.147,4340.0,1303.5,9998
-27.05868,-30.04409,4168.817,5378.0,256.7,9998
-27.24171,-30.05577,3944.572,5031.0,344.7,9998
-27.25166,-30.06848,3945.251,4989.0,347.9,9998
-27.36524,-30.27448,5158.124,5067.0,423.0,9998
-27.36128,-30.50264,4776.504,4826.0,325.1,9998
-27.35195,-30.94137,4991.521,5038.0,298.3,9998
-27.44656,-31.14625,5075.047,5048.0,324.7,9998
-27.51641,-31.38646,5049.305,5004.0,341.9,9998
-27.33656,-31.64379,4868.021,4813.0,188.5,9998
-27.43212,-31.84273,4717.884,4686.0,92.3,9998
-27.52689,-31.89624,4759.441,4793.0,49.2,9998
-27.58888,-31.94957,4733.279,4707.0,25.8,-1
-27.60855,-32.04165,4686.136,4677.0,23.6,9998
-27.63639,-32.12556,4631.008,4688.0,37.7,9998
-27.60344,-32.10408,4708.784,4716.0,14.7,9998
-27.62901,-32.05878,4677.089,4659.0,38.5,9998
-27.60387,-31.99768,4702.758,4677.0,23.4,9998
-27.55746,-31.90716,4756.904,4814.0,37.2,-1
-27.45087,-31.816,4723.902,4683.0,100.9,9998
-27.31813,-31.81823,4915.321,4850.0,89.0,-1
-27.11651,-31.98602,4961.71,4972.0,82.6,-1
-27.09121,-31.97649,4868.791,4879.0,82.7,-1
-27.02366,-31.89217,4709.864,4769.0,53.8,-1
-26.91023,-31.82469,4807.368,4805.0,3.7,9998
-26.73683,-31.84269,4903.688,4845.0,150.1,-1
-26.39417,-31.83583,4716.693,4710.0,382.6,-1
-26.1691,-32.08157,4826.866,4763.0,595.7,-1
-26.09192,-32.16764,4751.979,4708.0,689.6,-1
-26.04177,-32.15065,4774.152,4717.0,769.2,-1
-26.06286,-32.08958,4776.963,4757.0,757.9,-1
-26.17016,-32.07201,4831.237,4765.0,599.7,-1
-26.22457,-32.10612,4803.627,4785.0,526.0,-1
-26.37672,-32.12446,4673.638,4695.0,392.6,-1
-26.52092,-32.16889,4610.878,4560.0,313.5,-1
-26.8154,-32.11376,4776.894,4778.0,137.9,9998
-26.97529,-31.9548,4585.343,4655.0,57.5,-1
-26.91732,-31.63032,4653.523,4849.0,25.8,9998
-26.71244,-31.25728,5180.88,5104.0,85.4,-1
-26.81457,-31.34932,4881.225,4935.0,57.9,9998
-27.21468,-31.2191,5156.146,5132.0,271.1,9998
-27.26738,-31.20642,5093.357,5073.0,290.5,9998
-27.36369,-31.35389,4933.268,4839.0,319.3,-1
-27.45252,-31.47329,5033.414,5014.0,307.3,9998
-27.50042,-31.60588,5011.849,5035.0,230.4,9998
-27.50064,-31.75072,4883.888,4860.0,138.3,9998
-27.56804,-31.72676,4981.053,5025.0,143.1,-1
-27.46421,-31.87616,4744.694,4726.0,73.8,9998
-27.42854,-32.01197,4529.654,4647.0,54.5,9998
-27.38083,-32.11195,4791.168,4818.0,68.8,9998
-27.05975,-31.96069,4859.089,4793.0,77.0,-1
-26.7571,-31.30148,4875.807,4971.0,59.6,-1
-27.15019,-31.78774,5114.262,5113.0,58.4,9998
-27.12352,-31.9068,5052.462,5036.0,66.2,9998
-27.03381,-31.99567,4739.599,4765.0,84.0,-1
-26.99256,-32.03464,4603.619,4731.0,97.4,-1
-26.99439,-31.96758,4612.758,4678.0,68.8,-1
-27.38715,-32.18111,4763.184,4733.0,88.6,-1
-27.4226,-32.44123,4790.764,4733.0,142.3,-1
-27.47156,-32.70055,4716.897,4688.0,144.4,-1
-27.46587,-32.83552,4730.992,4709.0,157.6,9998
-27.41495,-32.95426,4793.974,4805.0,185.7,9998
-27.37227,-32.87122,4801.858,4789.0,192.2,9998
-27.42305,-32.92336,4785.518,4798.0,182.7,9998
-27.53841,-32.58668,4791.111,4772.0,118.5,9998
-27.57644,-32.42358,4745.819,4715.0,108.0,9998
-27.60113,-32.40795,4740.563,4732.0,86.0,-1
-27.64274,-32.39674,4732.872,4701.0,48.1,-1
-27.67552,-32.40843,4656.854,4651.0,38.1,-1
-27.7629,-32.48492,4579.821,4522.0,89.7,-1
-27.90357,-32.58645,4400.095,4400.0,169.0,-1
-28.18508,-32.59007,4283.871,4165.0,86.2,-1
-27.72631,-31.46615,3783.366,3836.0,332.8,9998
-28.32786,-31.84288,4001.187,3997.0,269.3,9998
-28.41284,-32.92174,3637.232,3606.0,116.6,9998
-28.77223,-33.43446,3128.987,3124.0,331.6,9998
-28.90137,-33.49596,2934.598,2923.0,367.1,9998
-28.96252,-33.52067,2974.448,2997.0,379.9,9998
-28.98474,-33.53296,2988.741,3014.0,384.8,9998
-28.95647,-33.53825,2986.496,3007.0,379.9,9998
-28.96037,-33.46637,2956.819,2978.0,384.3,9998
-28.95009,-33.39452,2896.772,2913.0,385.6,9998
-28.88236,-33.33424,2901.882,2925.0,377.1,9998
-28.75062,-33.41068,3035.897,3055.0,309.1,9998
-28.68074,-34.39694,3989.866,4001.0,162.3,9998
-29.16759,-34.29783,3237.888,3188.0,985.1,9998
-29.16579,-34.15637,3506.824,3451.0,909.0,9998
-29.16315,-34.26675,3358.466,3367.0,978.5,9998
-29.20849,-34.4631,3017.674,3036.0,1162.5,9998
-29.28154,-34.60609,2842.512,2750.0,1310.1,9998
-29.4362,-34.86682,2777.007,2775.0,1546.8,9998
-29.61392,-35.74756,3012.291,3016.0,1821.6,9998
-29.10983,-37.3812,4344.697,4351.0,1341.3,9998
-29.84618,-38.01665,4002.953,4023.0,1108.6,9998
-30.11975,-38.21858,3856.509,3880.0,556.7,9998
-30.21862,-38.3546,3826.24,3808.0,379.8,9998
-30.31262,-38.29105,3677.885,3689.0,314.7,9998
-1.52546,-25.42781,4188.669,4767.0,1959.0,9998
-1.55365,-25.41492,3947.946,4663.0,1974.8,9998
-1.58902,-25.40601,3951.85,4767.0,2134.8,9998
-1.62652,-25.39808,3948.53,4317.0,2280.9,9998
-1.6883,-25.41036,4479.491,4384.0,2811.6,9998
-1.89206,-25.46135,5032.816,5039.0,3893.5,9998
-1.86783,-25.46068,5126.753,5144.0,3862.5,9998
-21.93048,-24.9469,4006.313,5516.0,1273.0,9998
-21.9408,-24.97277,3942.711,5451.0,1247.2,9998
-21.96898,-25.07913,5249.711,5489.0,1639.4,9998
-21.98928,-25.12767,5121.535,5101.0,1574.3,9998
-22.08356,-25.24888,5320.664,5360.0,1535.4,9998
-22.10576,-25.29686,5344.217,5479.0,1518.8,9998
-22.12657,-25.39301,5375.331,5376.0,1494.7,9998
-22.14182,-25.2729,5387.347,5394.0,1515.2,9998
-22.21983,-25.3248,5154.162,5335.0,1403.4,9998
-22.34066,-25.15328,5318.733,5362.0,1411.8,-1
-22.14556,-24.99726,5241.309,5320.0,1510.0,-1
-21.99895,-24.93416,5349.295,5397.0,1656.7,9998
-21.97482,-24.7003,5107.855,5487.0,1592.9,9998
-22.05592,-24.71364,5337.059,5512.0,1607.3,9998
-22.40113,-24.54333,5088.302,5131.0,1267.3,-1
-22.44154,-24.61748,5195.809,5144.0,1287.5,-1
-22.52708,-24.53433,5337.769,5251.0,1281.5,-1
-22.96088,-24.67275,5247.917,5341.0,1115.9,-1
-22.72677,-23.42187,4987.616,5191.0,971.5,-1
-22.60025,-23.29731,4934.923,4962.0,1088.4,-1
-22.19752,-23.07957,5538.114,5445.0,1737.8,-1
-22.02474,-23.20267,5238.246,5189.0,1679.2,9998
-21.4816,-23.62323,5103.84,5113.0,1834.1,-1
-21.44104,-23.62968,5244.164,5225.0,1848.0,-1
-21.58133,-23.52969,4973.417,4793.0,1804.6,-1
-21.49626,-23.58882,4731.201,4957.0,1707.0,-1
-21.59811,-23.59276,4889.488,4995.0,1791.3,-1
-21.35483,-23.50936,5170.553,5104.0,1777.8,-1
-21.12689,-23.24916,5239.707,5020.0,1725.9,-1
-21.11682,-23.15757,4967.54,4938.0,1653.6,-1
-20.61431,-23.73359,5240.163,5226.0,1146.2,-1
-20.54658,-23.83181,5234.751,5318.0,1042.9,-1
-20.46904,-23.91939,5089.209,5070.0,909.8,-1
-20.30982,-24.14614,5544.287,5497.0,695.5,-1
-20.248,-24.18878,5295.471,5261.0,584.0,-1
-20.10586,-24.23225,5054.176,4941.0,454.1,-1
-20.03278,-24.37376,4926.972,4929.0,457.6,9998
-20.03521,-24.38821,4953.393,4968.0,465.2,9998
-20.03897,-24.4014,4897.63,5134.0,464.6,9998
-19.75069,-24.31584,5546.603,5561.0,579.7,9998
-19.47777,-23.94678,5451.721,5363.0,638.7,-1
-19.61183,-23.95821,5316.523,5296.0,489.0,-1
-19.63997,-23.87142,5239.69,5202.0,420.9,-1
-19.54665,-23.70249,5443.46,5327.0,471.3,-1
-19.58767,-23.52233,5321.961,5125.0,395.8,-1
-19.62192,-23.35775,5326.994,5089.0,377.7,-1
-19.45649,-23.14408,5460.548,5355.0,569.3,-1
-19.37907,-23.14603,5274.305,5233.0,643.0,-1
-19.29971,-23.21735,5356.768,5232.0,765.9,-1
-19.29948,-23.25307,5260.36,5253.0,753.0,-1
-19.34985,-23.29389,5396.214,5409.0,702.4,-1
-19.49524,-23.52798,5189.571,5597.0,490.3,-1
-19.55627,-23.59957,5539.883,5524.0,451.7,-1
-19.71573,-23.86885,5209.299,5262.0,367.5,-1
-19.52686,-24.09006,5451.802,5359.0,642.2,-1
-19.45586,-24.14225,5135.914,5337.0,707.1,-1
-18.85791,-24.92274,5847.733,5827.0,1251.8,9998
-18.87091,-25.4432,5696.918,5787.0,987.9,-1
-18.77346,-25.5697,5640.879,5657.0,1019.5,-1
-18.67687,-25.57908,5606.137,5541.0,1096.3,-1
-18.65893,-25.62591,5342.027,5445.0,1063.4,-1
-18.65656,-25.4875,5741.041,5730.0,1164.2,-1
-18.63461,-25.25507,5360.654,5347.0,1160.6,-1
-18.67752,-25.21235,5566.902,5526.0,1192.0,-1
-18.66569,-25.18761,5560.608,5540.0,1203.1,-1
-18.68259,-25.0837,5580.754,5534.0,1220.5,-1
-18.69642,-25.06865,5641.485,5594.0,1230.8,9998
-18.9492,-24.88512,5691.374,5680.0,1191.9,9998
-18.71004,-25.0129,5623.368,5683.0,1234.1,9998
-18.56396,-25.13197,5388.988,5322.0,1219.0,-1
-18.00444,-25.42598,5734.47,5690.0,1671.1,9998
-29.99144,-25.07221,3943.244,4922.0,102.3,9998
-29.98839,-25.07557,3942.27,4922.0,104.5,9998
-30.00447,-25.10772,5047.844,5077.0,124.4,9998
-30.00193,-25.09308,5075.787,5094.0,125.1,9998
-29.98178,-25.09917,4797.195,5025.0,134.1,9998
-29.95851,-25.09026,4963.919,4965.0,157.6,9998
-29.94797,-25.08459,4914.319,4895.0,164.4,9998
-29.99334,-24.93671,5380.017,5335.0,133.8,9998
-29.95287,-24.90658,4809.444,4856.0,143.9,9998
-29.94311,-24.95102,4456.31,4633.0,144.6,9998
-30.20264,-24.97731,4294.68,4285.0,57.1,9998
-30.09418,-25.06131,5139.769,5333.0,86.2,9998
-30.06845,-24.84063,4997.359,5038.0,95.7,9998
-30.2038,-25.07302,4704.818,4604.0,66.3,9998
-30.20422,-25.60357,4934.12,4858.0,263.6,9998
-30.01904,-25.84868,4375.722,4740.0,241.7,9998
-29.93989,-25.90921,4551.041,4537.0,263.0,9998
-29.98516,-25.92076,4313.64,4325.0,248.6,9998
-9.33504,-25.10172,3950.244,5860.0,819.7,-1
-9.32023,-25.13624,3948.585,5783.0,822.6,9998
-9.23788,-25.30401,5746.75,5755.0,1241.7,9998
-9.22913,-25.32349,5746.074,5751.0,1248.7,9998
-9.2166,-25.42217,5730.193,5747.0,1257.6,9998
-9.25611,-25.49832,5649.297,5694.0,1206.6,-1
-9.30282,-25.51947,5736.376,5563.0,1179.9,-1
-9.24367,-25.61309,5642.42,5620.0,1220.2,9998
-9.25351,-25.78368,5442.54,5455.0,1167.6,9998
-9.21761,-25.87772,5729.417,5741.0,1297.4,9998
-9.12857,-26.10762,5716.355,5759.0,1508.4,9998
-9.09146,-26.18484,5713.166,5749.0,1610.7,9998
-9.06691,-26.28424,5709.102,5728.0,1705.3,9998
-9.006,-26.29809,5704.752,5720.0,1840.0,9998
-9.23394,-26.34009,5703.747,5725.0,1382.7,-1
-9.03531,-26.3396,5705.425,5716.0,1800.4,9998
-9.06774,-26.24344,5708.811,5760.0,1683.6,9998
-9.09639,-26.47588,5701.832,5704.0,1732.9,9998
-8.90891,-26.4623,5702.346,5663.0,2158.3,-1
-9.1013,-26.60068,5692.435,5674.0,1776.1,9998
-9.13481,-26.52182,5696.498,5701.0,1670.6,9998
-9.11866,-26.43225,5704.831,5712.0,1665.2,9998
-9.18908,-26.40125,5692.711,5723.0,1498.8,9998
-9.09095,-26.20598,5711.422,5758.0,1620.2,9998
-9.20042,-26.09247,5710.92,5718.0,1363.2,9998
-9.3705,-26.05989,5586.098,5697.0,1038.2,-1
-9.2517,-25.79325,5464.261,5453.0,1175.2,9998
-9.24475,-25.82402,5690.086,5649.0,1236.7,9998
-9.21663,-25.81836,5503.827,5576.0,1240.6,9998
-9.22722,-25.74179,5570.129,5593.0,1230.3,9998
-9.18906,-25.70026,5574.594,5515.0,1278.5,9998
-9.05589,-25.89384,5719.758,5724.0,1587.5,9998
-8.89882,-26.01214,5544.01,5449.0,1940.0,9998
-8.88601,-26.23077,5533.931,5553.0,2034.9,9998
-9.23918,-26.27431,5706.749,5715.0,1349.9,9998
-9.13494,-26.35542,5707.057,5732.0,1595.5,9998
-9.26554,-26.30052,5645.517,5589.0,1294.2,9998
-9.14556,-26.14836,5712.77,5755.0,1488.8,9998
-9.11517,-26.21177,5710.643,5731.0,1573.9,9998
-9.08254,-26.3155,5705.902,5725.0,1686.8,9998
-9.11663,-26.33588,5706.382,5729.0,1625.2,9998
-9.11789,-26.21508,5711.902,5729.0,1570.2,9998
-9.17868,-26.10817,5710.826,5749.0,1409.5,9998
-9.119,-26.30548,5706.865,5732.0,1606.3,9998
-9.09242,-26.47439,5702.801,5707.0,1741.1,9998
-9.09756,-26.51123,5697.472,5700.0,1745.8,9998
-9.14041,-26.4984,5696.497,5704.0,1648.0,9998
-9.15749,-26.60098,5695.235,5712.0,1659.8,9998
-9.2416,-26.63606,5694.445,5698.0,1514.1,9998
-9.28264,-26.53215,5657.916,5708.0,1377.3,9998
-9.21248,-26.47475,5670.813,5708.0,1481.4,9998
-9.19878,-26.57005,5697.262,5699.0,1564.2,9998
-9.30908,-26.64708,5696.663,5702.0,1401.7,9998
-9.4145,-26.76485,5685.795,5564.0,1321.0,9998
-9.43943,-26.97041,5671.356,5688.0,1447.4,9998
-9.50826,-27.11768,5670.375,5644.0,1472.2,9998
-9.63998,-27.02945,5650.492,5713.0,1326.8,9998
-9.79891,-26.78098,5686.311,5722.0,1134.3,-1
-9.7352,-26.67394,5690.777,5722.0,1079.7,9998
-9.64929,-26.67177,5688.758,5687.0,1100.1,9998
-9.49913,-26.69247,5603.617,5635.0,1168.6,9998
-9.25545,-26.7493,5691.537,5668.0,1543.4,9998
-9.23142,-26.75781,5690.572,5643.0,1591.0,-1
-9.15809,-26.85862,5688.55,5635.0,1781.0,-1
-9.18159,-26.95844,5683.896,5647.0,1786.3,-1
-9.06644,-26.99654,5683.333,5686.0,1995.1,-1
-8.94289,-27.10209,5671.341,5627.0,2211.1,-1
-9.05585,-27.05838,5680.429,5630.0,2020.4,-1
-9.01169,-27.31985,5582.473,5524.0,2051.3,-1
-9.14521,-27.13311,5681.577,5638.0,1885.4,-1
-9.16371,-27.18337,5679.927,5624.0,1865.2,-1
-9.18368,-27.24202,5677.018,5592.0,1846.7,-1
-9.10656,-27.36933,5657.653,5645.0,1940.3,-1
-8.93932,-27.45267,5647.313,5625.0,2145.4,-1
-8.75015,-27.48446,5645.987,5674.0,2368.6,9998
-9.05876,-27.63184,5644.389,5662.0,1911.6,9998
-9.32181,-27.66132,5637.078,5639.0,1632.6,-1
-9.41007,-27.67702,5633.962,5593.0,1572.8,9998
-9.15313,-27.7141,5640.788,5648.0,1751.7,9998
-8.91542,-27.67679,5630.942,5649.0,2073.1,9998
-8.98744,-27.60238,5641.686,5672.0,2019.2,9998
-9.12774,-27.54394,5652.321,5670.0,1868.2,9998
-9.22161,-27.35281,5663.447,5686.0,1807.8,9998
-9.35228,-27.1338,5668.464,5686.0,1612.6,9998
-9.30223,-26.89798,5682.23,5634.0,1558.9,-1
-9.10841,-26.60801,5641.182,5656.0,1748.3,9998
-9.32894,-26.751,5690.653,5707.0,1423.6,9998
-9.30245,-26.87277,5683.683,5643.0,1541.3,-1
-9.04244,-26.95571,5683.919,5681.0,2027.4,-1
-9.24143,-26.838,5682.144,5649.0,1615.9,-1
-9.42655,-26.56715,5574.361,5658.0,1154.8,9998
-9.29045,-26.40182,5704.511,5671.0,1304.1,-1
-8.9924,-26.22958,5705.723,5734.0,1835.4,9998
-20.01026,-20.0689,4129.17,4858.0,524.3,-1
-20.00903,-20.08411,3947.571,4851.0,501.0,-1
-19.99252,-20.16443,4910.954,5087.0,597.2,-1
-19.99878,-20.1644,4880.152,5088.0,591.8,-1
-20.03782,-20.14366,4967.671,5030.0,623.9,-1
-20.15322,-20.15826,5081.249,5062.0,702.9,-1
-20.1807,-20.14914,5011.235,5052.0,719.4,-1
-20.15557,-20.10968,4862.421,4999.0,689.9,-1
-19.87739,-19.90224,4993.942,5106.0,648.3,-1
-19.88928,-19.82295,4588.496,4874.0,615.8,-1
-19.94553,-19.78804,4722.995,4836.0,657.7,-1
-20.03988,-19.7491,4998.944,4899.0,765.0,-1
-20.09567,-19.70504,4863.022,4870.0,806.2,-1
-20.10592,-19.68732,4767.964,4823.0,809.7,-1
-20.20714,-19.5709,4529.93,4693.0,900.9,-1
-20.13076,-19.57071,4499.294,4642.0,825.1,-1
-20.08118,-19.634,4751.152,4659.0,803.5,-1
-19.79245,-19.75305,4636.092,4609.0,642.8,9998
-19.85988,-19.50513,4977.533,5003.0,726.7,9998
-20.31604,-18.82896,4550.238,4660.0,1132.5,9998
-20.17389,-18.78481,4645.617,4613.0,1070.3,-1
-20.12197,-18.77777,4590.378,4537.0,1046.7,-1
-20.06207,-18.88419,4648.469,4668.0,1003.3,-1
-20.06614,-18.90189,4504.86,4757.0,969.8,-1
-20.03132,-18.96273,4751.264,4894.0,984.6,9998
-20.08862,-18.99198,4760.678,4765.0,1013.1,9998
-20.21596,-19.13537,4833.931,4861.0,1054.7,9998
-20.29108,-19.15285,5056.547,4948.0,1136.6,9998
-20.33497,-19.16085,5114.295,5060.0,1169.2,-1
-20.04364,-18.52196,4436.336,4464.0,1022.9,-1
-19.8874,-18.40398,4530.6,4433.0,987.7,-1
-19.66599,-18.11482,4590.988,4583.0,943.3,9998
-19.65634,-17.93573,4691.859,4532.0,970.8,-1
-20.2221,-17.72256,4434.926,4454.0,984.0,-1
-19.87264,-17.40359,3958.043,4307.0,822.1,-1
-20.03678,-17.31836,4817.751,4626.0,985.8,-1
-20.1167,-17.38136,4480.026,4540.0,941.2,-1
-20.19441,-17.4128,4665.842,4426.0,1022.8,9998
-20.21522,-17.44906,4476.3,4436.0,993.5,9998
-20.21439,-17.53019,4404.844,4503.0,973.2,-1
-20.2673,-17.64781,4600.164,4537.0,1046.1,-1
-19.895,-17.47508,4246.156,3990.0,880.1,-1
-19.68727,-17.43236,4168.827,4311.0,950.7,9998
-19.50366,-17.37177,4120.811,4112.0,1081.4,9998
-19.50583,-17.19354,4044.262,4120.0,1044.2,9998
-19.784,-16.83572,4065.262,4059.0,891.4,-1
-20.00943,-16.90614,4220.987,4274.0,865.6,9998
-19.86362,-16.91517,4057.052,4110.0,860.8,9998
-19.59186,-16.61825,3952.156,4033.0,949.0,-1
-19.61827,-16.5752,3988.15,3999.0,949.0,-1
-19.63764,-16.57087,3968.927,4009.0,933.3,-1
-19.62186,-16.56404,3982.003,4004.0,944.1,-1
-19.55945,-16.58667,3955.09,3993.0,973.7,-1
-19.49266,-16.59496,3941.348,3981.0,1006.3,-1
-19.48164,-16.59478,3915.101,3997.0,1006.4,-1
-19.5161,-16.59642,3977.052,3972.0,1001.4,-1
-19.56251,-16.61194,3992.553,4002.0,975.9,-1
-19.39177,-16.86298,4063.6,3947.0,1101.9,-1
-19.29023,-16.90077,3449.849,3692.0,1014.1,-1
-19.22002,-16.8802,3688.447,3662.0,1150.3,-1
-19.13215,-16.89837,3655.932,3716.0,1211.3,-1
-19.07707,-16.81849,3722.469,3750.0,1245.4,-1
-18.99746,-16.65722,3982.537,3901.0,1359.7,-1
-19.15953,-16.56212,3877.6,3754.0,1218.7,-1
-19.12862,-16.52669,3798.142,3755.0,1215.7,-1
-19.15467,-16.49172,3751.46,3741.0,1185.4,-1
-19.0894,-16.37513,3728.425,3734.0,1235.5,-1
-18.98159,-15.99507,3641.796,3695.0,1313.7,-1
-18.91138,-15.87048,3830.798,3623.0,1429.8,-1
-18.906,-15.7895,3709.612,3579.0,1399.6,-1
-18.95783,-15.51047,3733.824,3636.0,1438.2,-1
-19.04028,-15.45226,3701.476,3676.0,1384.0,-1
-19.09588,-15.44626,3622.719,3638.0,1312.6,-1
-19.27103,-15.49984,3700.353,3745.0,1131.2,-1
-19.60003,-15.75851,3896.435,3907.0,878.1,-1
-19.66299,-15.86375,4048.712,3932.0,845.0,-1
-11.50198,-30.12318,4074.574,5431.0,1568.0,9998
-11.51371,-30.14425,3947.912,5437.0,1513.3,9998
-11.53483,-30.17194,3944.883,5437.0,1501.5,9998
-11.61929,-30.14192,5426.894,5453.0,2037.9,9998
-11.61949,-30.10458,5429.705,5469.0,2045.4,9998
-11.62011,-30.05621,5433.486,5402.0,2053.0,9998
-11.49113,-29.75868,5433.997,5412.0,2092.6,9998
-11.26042,-29.65196,5429.192,5419.0,2140.8,9998
-11.08531,-29.52016,5443.189,5430.0,2143.6,9998
-11.01726,-29.47055,5446.306,5434.0,2126.5,9998
-10.99234,-29.48941,5441.171,5433.0,2133.6,9998
-11.04039,-29.60032,5427.877,5417.0,2172.6,9998
-11.17672,-29.67742,5423.875,5381.0,2171.5,-1
-11.44449,-29.7993,5428.285,5445.0,2109.1,9998
-11.74189,-29.9322,5449.365,5398.0,2051.3,9998
-11.92553,-29.84074,5460.77,5474.0,2052.0,9998
-11.89769,-29.62423,5479.198,5437.0,2000.4,9998
-11.66479,-29.50734,5465.962,5444.0,2033.4,9998
-11.35337,-29.52701,5449.926,5468.0,2103.4,9998
-11.06558,-29.55024,5436.019,5422.0,2154.4,9998
-10.86913,-29.58964,5421.993,5445.0,2137.4,-1
-10.83202,-29.64588,5415.309,5442.0,2133.2,-1
-10.95562,-29.76616,5409.466,5421.0,2205.5,9998
-11.11782,-29.88432,5398.379,5415.0,2233.6,9998
-11.47468,-29.751,5437.685,5408.0,2098.5,9998
-11.79018,-29.49353,5470.396,5458.0,1993.9,9998
-11.86631,-29.23404,5498.302,5517.0,1895.7,9998
-11.7599,-29.07109,5497.064,5470.0,1958.5,9998
-11.90195,-29.14091,5505.468,5530.0,1857.9,-1
-12.0222,-29.24572,5497.107,5520.0,1808.3,9998
-12.15765,-29.34153,5509.002,5538.0,1762.9,9998
-12.1023,-29.29825,5498.447,5539.0,1778.2,9998
-12.01347,-29.24417,5497.981,5523.0,1813.5,9998
-11.92218,-29.21674,5500.617,5520.0,1859.7,9998
-11.97804,-29.21102,5498.086,5520.0,1824.4,9998
-12.11107,-29.20373,5500.87,5519.0,1741.9,-1
-12.23178,-29.21212,5512.186,5578.0,1684.1,9998
-12.38251,-29.32368,5508.955,5522.0,1690.9,9998
-12.51947,-29.41877,5509.023,5523.0,1741.5,9998
-12.77263,-29.53908,5504.218,5529.0,1831.4,9998
-12.92174,-29.49425,5538.402,5544.0,1817.2,9998
-12.80391,-29.39678,5537.459,5535.0,1789.5,9998
-12.55062,-29.29469,5516.674,5535.0,1714.3,9998
-12.27936,-29.1831,5381.565,5534.0,1623.7,9998
-12.08704,-29.10755,5511.344,5521.0,1732.9,9998
-12.01231,-29.15651,5506.707,5515.0,1790.0,9998
-11.96463,-29.20266,5501.579,5514.0,1831.0,9998
-11.98072,-29.24513,5494.789,5531.0,1832.0,9998
-12.00678,-29.31828,5489.063,5509.0,1842.6,9998
-12.07102,-29.38014,5501.653,5514.0,1833.0,9998
-12.09049,-29.32393,5501.262,5532.0,1796.2,9998
-12.05348,-29.15752,5510.963,5515.0,1766.3,9998
-11.91108,-28.89133,5511.864,5516.0,1846.7,9998
-11.61956,-28.6698,5507.077,5537.0,2209.1,9998
-11.41197,-28.52164,5515.261,5496.0,2257.0,9998
-11.36008,-28.44316,5513.041,5517.0,2213.5,9998
-11.5077,-28.43225,5520.283,5528.0,2305.5,9998
-11.72027,-28.397,5524.796,5521.0,2199.1,-1
-11.89739,-28.42645,5526.602,5529.0,1989.3,9998
-11.90988,-28.42497,5527.277,5539.0,1973.9,9998
-11.67818,-28.42986,5524.32,5526.0,2235.7,9998
-11.04859,-28.52113,5497.494,5555.0,1817.9,9998
-10.85156,-28.56004,5445.949,5397.0,1660.0,-1
-10.98164,-28.59231,5491.689,5541.0,1742.2,9998
-11.157,-28.61263,5500.381,5537.0,1927.9,-1
-11.30134,-28.67879,5503.068,5514.0,2102.0,9998
-11.3801,-28.60634,5512.262,5511.0,2206.9,9998
-11.35096,-28.40934,5508.972,5513.0,2204.2,9998
-11.26079,-28.26424,5517.52,5522.0,2090.2,9998
-11.37344,-28.19302,5520.794,5528.0,2197.5,9998
-11.50867,-28.18866,5521.446,5493.0,2273.2,9998
-11.60078,-28.25866,5520.943,5515.0,2278.5,-1
-11.56861,-28.38705,5522.016,5541.0,2298.4,9998
-11.44676,-28.55306,5513.315,5476.0,2267.5,9998
-11.26822,-28.60083,5502.881,5515.0,2077.6,9998
-11.24136,-28.55614,5504.534,5513.0,2051.4,9998
-11.33865,-28.42541,5511.107,5517.0,2193.6,9998
-11.40526,-28.26883,5517.201,5538.0,2240.1,9998
-11.37046,-28.11885,5523.315,5543.0,2180.2,9998
-11.21557,-28.019,5530.228,5597.0,2025.7,9998
-11.11313,-27.94968,5530.15,5565.0,1980.2,9998
-11.25812,-27.71202,5544.467,5526.0,2016.4,9998
-11.34547,-27.59513,5551.235,5575.0,2027.0,9998
-11.42467,-27.26942,5520.105,5473.0,1896.3,9998
-11.42767,-27.13063,5237.75,5283.0,1742.8,9998
-11.49163,-27.06581,5503.031,5399.0,1814.6,9998
-11.45182,-27.01346,5602.965,5570.0,1827.2,9998
-11.2567,-26.95828,5457.509,5521.0,1756.9,9998
-11.23334,-26.77257,5689.915,5628.0,1778.7,9998
-11.22368,-26.81186,5558.626,5649.0,1744.4,-1
-11.21189,-26.80912,5472.934,5647.0,1717.5,-1
-11.23016,-26.75283,5660.757,5664.0,1766.6,9998
-11.26222,-26.66239,5488.146,5498.0,1690.7,9998
-11.2496,-26.57979,5380.702,5392.0,1632.1,9998
-10.76361,-26.39152,5694.851,5730.0,1658.2,9998
-10.71133,-26.41544,5646.907,5639.0,1635.3,9998
-10.81368,-26.37476,5499.671,5546.0,1603.1,9998
-10.90176,-26.29154,5657.818,5662.0,1623.2,9998
-11.05284,-26.40202,5637.153,5701.0,1650.8,9998
-11.17704,-26.45262,5556.987,5658.0,1650.3,9998
-11.14125,-26.48064,5568.625,5695.0,1659.9,-1
-11.12051,-26.44358,5676.473,5702.0,1680.7,-1
-11.10364,-26.40343,5714.544,5725.0,1677.1,9998
-11.06481,-26.35086,5725.302,5751.0,1656.0,9998
-11.07127,-26.27488,5679.195,5691.0,1610.7,9998
-11.13704,-26.25613,5674.823,5672.0,1612.5,9998
-11.2257,-26.2724,5715.778,5728.0,1654.3,9998
-11.23676,-26.10109,5684.005,5657.0,1557.7,-1
-11.22351,-26.05775,5657.755,5596.0,1521.2,-1
-11.20074,-26.02102,5557.564,5567.0,1466.5,-1
-11.23559,-26.02077,5647.29,5559.0,1496.9,9998
-11.39337,-25.97423,5484.048,5466.0,1448.8,9998
-11.33704,-25.98802,5621.206,5644.0,1487.2,9998
-11.28171,-25.87458,5764.286,5802.0,1446.3,9998
-11.05132,-25.84708,5361.824,5681.0,1299.7,-1
-10.923,-25.89929,5614.117,5589.0,1444.8,-1
-33.75869,-24.6446,3941.529,4386.0,1621.0,-1
-33.82189,-24.47288,4190.504,4190.0,1842.1,-1
-33.81558,-24.4138,4151.168,4224.0,1836.4,-1
-33.79863,-24.04564,4382.138,4291.0,1963.2,-1
-33.74984,-23.91572,4286.217,4349.0,1864.0,9998
-33.6549,-23.69466,4132.625,4202.0,1589.7,-1
-33.63083,-23.55849,4352.235,4299.0,1594.5,-1
-33.59531,-23.47544,4235.465,4219.0,1442.5,-1
-33.26618,-23.51453,4413.853,4272.0,797.9,-1
-32.69959,-23.28548,3970.735,3945.0,328.8,-1
-32.68207,-23.14499,3975.613,3955.0,320.3,-1
-32.66411,-22.77915,4003.785,3777.0,273.8,-1
-33.36833,-22.15944,4348.051,4033.0,585.6,-1
-33.44483,-21.99727,4095.395,3987.0,693.1,-1
-33.53013,-21.87146,3759.842,3711.0,828.6,-1
-33.36519,-21.61345,4150.938,3989.0,542.4,-1
-33.29305,-21.69019,3975.799,4009.0,383.3,-1
-32.99554,-21.65613,4290.676,4020.0,130.5,-1
-32.91313,-21.55025,4118.762,4079.0,50.5,-1
-32.89466,-21.33208,3990.941,4001.0,97.7,-1
-32.31873,-22.32043,4279.045,4150.0,815.2,-1
-32.04932,-21.88227,4205.541,4128.0,819.1,-1
-32.19673,-21.57512,4126.508,4097.0,769.0,-1
-32.57219,-21.30095,4049.128,4033.0,436.0,-1
-32.64853,-21.077,4087.877,4106.0,435.7,9998
-32.48519,-20.89607,3971.098,3935.0,558.3,-1
-32.2318,-20.8405,4012.798,4022.0,800.7,-1
-32.11063,-20.45423,3933.497,4047.0,939.8,-1
-32.36763,-20.66116,3949.205,3880.0,671.9,-1
-32.47783,-20.82649,3887.066,3948.0,549.7,-1
-32.43971,-21.03176,4194.693,4129.0,623.2,9998
-32.53436,-20.95413,3965.039,3998.0,519.6,9998
-32.57089,-20.87596,3928.082,3935.0,493.1,-1
-32.63306,-20.63162,4050.958,4006.0,472.3,-1
-32.71119,-20.52619,3557.379,3757.0,428.8,-1
-32.79649,-20.41458,3766.318,3861.0,532.4,-1
-32.84861,-20.29699,3888.408,3900.0,654.7,-1
-32.8731,-20.13215,3753.612,3692.0,699.2,-1
-32.40428,-20.22295,4081.92,3886.0,676.6,-1
-32.36014,-20.59605,3799.039,3808.0,658.1,-1
-32.54193,-20.68329,3961.722,3976.0,514.5,-1
-32.79426,-20.91301,3787.39,3790.0,313.0,9998
-33.40515,-21.1742,3378.118,2829.0,571.5,-1
-33.56599,-21.17418,3927.558,3878.0,948.1,-1
-33.47723,-21.07745,3369.986,3634.0,680.5,-1
-33.02667,-20.91567,3926.08,4084.0,325.3,-1
-32.81443,-20.93961,3717.822,3722.0,287.1,9998
-32.69206,-20.93631,3835.802,3949.0,395.9,9998
-32.53262,-20.58755,4157.267,3984.0,563.3,-1
-32.61945,-20.49356,3865.374,3934.0,510.7,-1
-32.67154,-20.45609,3696.887,3812.0,497.1,-1
-32.56232,-20.56837,3754.88,4031.0,488.8,-1
-32.52168,-20.55789,4152.889,4036.0,575.7,-1
-32.52703,-20.52775,4115.291,4071.0,570.0,-1
-32.61999,-20.49697,3853.671,3938.0,507.5,-1
-32.71273,-20.52876,3564.115,3751.0,427.8,-1
-32.86715,-20.60475,3942.217,4016.0,421.2,-1
-32.90084,-20.51895,4043.073,3972.0,511.1,-1
-32.9467,-20.13566,3595.094,3629.0,670.8,-1
-32.98013,-20.0008,3675.321,3809.0,654.7,-1
-33.22184,-19.7276,3722.281,3726.0,353.0,-1
-33.24745,-19.5522,3679.922,3749.0,242.8,-1
-33.34907,-19.40167,3690.138,3654.0,230.8,-1
-33.42041,-19.13324,3742.219,3674.0,177.3,-1
-33.41955,-19.13087,3731.097,3674.0,175.9,-1
-33.42373,-19.12676,3723.485,3670.0,176.6,-1
-33.42012,-19.12553,3741.049,3670.0,175.5,-1
-33.47395,-19.13308,3612.896,3667.0,196.0,-1
-33.50262,-19.09199,3636.119,3637.0,207.8,-1
-33.52613,-19.04076,3506.549,3601.0,223.7,-1
-33.39067,-19.07516,3677.146,3571.0,152.8,-1
-33.40327,-18.88875,3737.054,3707.0,169.3,-1
-33.42471,-18.78216,3765.924,3785.0,208.5,-1
-33.51793,-18.66433,3513.486,3544.0,290.5,-1
-33.50804,-18.62975,3482.04,3527.0,282.0,-1
-33.53789,-18.57074,3648.699,3543.0,322.9,-1
-33.56887,-18.46441,3516.596,3540.0,340.9,-1
-33.63937,-18.4196,3440.486,3537.0,406.6,-1
-33.66981,-18.34464,3379.41,3463.0,439.4,-1
-33.70296,-18.3071,3449.162,3445.0,493.4,-1
-33.71671,-18.27392,3477.583,3483.0,516.9,-1
-33.73807,-18.20705,3378.218,3480.0,534.7,-1
-34.24744,-18.34172,3346.605,3278.0,1540.6,-1
-34.46589,-18.71088,3509.588,3485.0,2006.5,9998
-34.56522,-18.80488,3400.94,3384.0,2044.1,9998
-34.77557,-18.45112,3717.201,3976.0,2243.9,-1
-34.75437,-18.26122,3876.858,3831.0,2345.9,-1
-34.48429,-17.68472,3496.985,3444.0,1799.9,9998
-34.41933,-17.47743,3467.997,3499.0,1642.6,9998
-34.27839,-17.43737,2807.74,2998.0,1075.6,9998
-34.19716,-17.33246,3440.224,3357.0,1142.6,9998
-24.93526,-36.54139,3748.022,4184.0,74.0,9998
-24.85493,-36.55209,3746.969,4175.0,122.9,9998
-24.75932,-36.57322,3747.873,4168.0,187.5,9998
-24.65256,-36.61971,4122.375,4149.0,291.7,9998
-24.56591,-36.69802,4081.169,4101.0,377.6,9998
-24.48168,-36.79381,4099.226,4112.0,486.8,9998
-24.35232,-37.30946,4029.265,4053.0,892.7,9998
-24.32089,-37.40362,4025.959,4040.0,943.0,9998
-24.2899,-37.12726,4057.752,4059.0,838.5,9998
-24.22287,-36.80356,4089.844,4067.0,614.4,-1
-24.2346,-36.7224,4093.253,4084.0,546.0,-1
-24.16536,-36.63684,4067.536,4063.0,497.3,-1
-24.13091,-36.45593,4066.377,4030.0,398.6,9998
-23.89719,-36.0065,4181.55,4186.0,444.1,9998
-23.30417,-35.978,4150.923,4153.0,448.2,9998
-22.97563,-36.195,4122.455,4114.0,611.4,-1
-22.7766,-36.49733,4060.995,4072.0,761.1,9998
-22.92404,-36.8165,3989.669,3994.0,929.5,9998
-23.03798,-36.90216,3986.714,3991.0,991.4,9998
-23.20592,-36.74514,4039.72,4061.0,919.6,9998
-23.47529,-36.78407,4047.74,4074.0,847.3,9998
-23.14081,-36.82617,4018.09,4006.0,981.9,9998
-23.05581,-36.88997,3994.902,4000.0,991.0,9998
-22.99206,-36.8485,3995.895,4001.0,959.1,9998
-22.46019,-36.77084,4028.119,4035.0,1189.4,9998
-22.58453,-36.12252,4151.9,4161.0,1200.8,9998
-22.2885,-36.65923,4050.982,4045.0,1371.3,9998
-22.54014,-36.79184,4021.565,3990.0,1098.2,9998
-22.3143,-37.02312,3933.446,3918.0,1191.5,9998
-22.26741,-37.11901,3894.918,3904.0,1277.8,9998
-22.52371,-37.36961,3806.822,3831.0,849.0,9998
-23.08173,-37.32361,3870.218,3875.0,693.9,9998
-23.01428,-37.18743,3892.776,3928.0,805.8,9998
-22.82848,-37.49166,3776.582,3776.0,111.6,9998
-22.59844,-37.9102,3631.419,3605.0,1033.5,-1
-22.89454,-38.21997,3527.675,3564.0,594.0,9998
-23.2065,-38.4153,3653.056,3626.0,562.2,9998
-23.55354,-38.76905,3237.164,3287.0,414.0,9998
-23.83485,-38.78478,3253.248,3254.0,532.7,9998
-24.36752,-39.15323,3426.251,3448.0,721.8,9998
-24.35447,-39.10232,3512.862,3473.0,749.0,9998
-24.56651,-39.17141,3487.398,3470.0,831.4,9998
-24.77208,-39.41475,3467.017,3497.0,707.8,9998
-25.44137,-39.71012,3361.948,3287.0,735.5,9998
-25.43008,-39.78836,3270.985,3236.0,662.6,9998
-25.88752,-40.33477,3328.101,3393.0,1075.8,9998
-26.18513,-40.58522,2979.579,3071.0,923.0,9998
-27.60957,-41.20886,3116.346,3160.0,398.8,9998
-27.83778,-41.08348,2970.299,2961.0,187.5,9998
-27.07319,-40.53797,3435.945,3433.0,639.9,9998
-27.46396,-40.18127,3400.067,3398.0,344.6,9998
-27.61963,-39.88087,3634.621,3681.0,456.6,9998
-28.31392,-39.21078,4263.186,4275.0,1279.5,9998
-28.16046,-38.81712,4226.522,4258.0,1070.3,9998
-27.43643,-38.72267,4318.971,4295.0,606.1,9998
-27.26963,-38.573,4218.432,4300.0,718.0,9998
-27.46305,-38.55955,4250.607,4253.0,501.5,9998
-27.37282,-38.56128,4218.496,4288.0,599.4,9998
-27.52855,-38.5646,4236.465,4237.0,425.3,9998
-27.48162,-38.61009,4253.329,4271.0,498.4,9998
-27.54583,-38.61178,4234.414,4250.0,424.0,9998
-27.62385,-38.8939,4215.397,4258.0,443.0,9998
-27.04477,-39.57815,4099.541,4041.0,574.3,9998
-27.88872,-39.3179,4339.559,4344.0,582.1,9998
-28.161,-38.94136,4248.726,4266.0,1092.1,9998
-27.96556,-38.88449,4372.531,4366.0,736.5,9998
-27.73673,-39.23331,4245.065,4254.0,393.5,9998
-28.20748,-39.68944,4447.672,4356.0,1178.9,9998
-28.25505,-39.24657,4291.442,4286.0,1212.2,9998
-28.79823,-40.10623,3953.171,4020.0,1322.3,9998
-28.67898,-40.32402,3914.884,3967.0,1738.9,9998
-29.2812,-40.71186,3712.743,3697.0,735.2,9998
-29.03879,-40.39639,3690.948,3697.0,928.2,9998
-28.80336,-40.74901,3810.472,3815.0,1744.1,9998
-29.03065,-40.59893,3817.429,3753.0,1138.2,9998
-28.63363,-40.90144,3891.003,3887.0,1752.2,9998
-28.9927,-41.36657,3741.425,3759.0,1700.0,9998
-29.07051,-40.90588,3786.78,3752.0,1314.9,9998
-29.03873,-40.81233,3762.491,3777.0,1300.0,9998
-29.03743,-41.04247,3790.986,3774.0,1476.0,9998
-29.34845,-41.61471,3782.306,3774.0,1229.5,9998
-29.76081,-42.3732,3980.462,3988.0,555.6,9998
-29.8027,-42.78747,4009.791,4016.0,645.2,9998
-29.91544,-43.51527,3889.636,3928.0,790.8,9998
-29.98165,-43.96677,3647.719,3656.0,776.6,9998
-30.37548,-42.96008,3832.63,3832.0,388.0,9998
-30.98418,-42.59148,3787.86,3795.0,593.0,9998
-31.90075,-42.69863,3785.136,3794.0,586.0,9998
-31.75665,-42.32769,3881.156,3867.0,726.5,9998
-31.57075,-42.8575,3730.307,3747.0,154.4,9998
-31.49927,-42.70165,3837.156,3896.0,236.1,9998
-31.74047,-42.54601,3745.185,3783.0,402.1,9998
-32.97284,-41.959,4472.124,4485.0,277.3,9998
-33.12259,-42.17928,4500.753,4503.0,398.3,9998
-32.92516,-42.15705,4426.139,4431.0,253.5,9998
-32.74911,-41.8704,4363.749,4383.0,156.3,9998
-32.46528,-41.18491,4390.219,4404.0,178.0,9998
-32.67211,-40.92259,4448.798,4465.0,302.8,9998
-33.69025,-41.39972,4620.097,4635.0,576.2,9998
-35.05798,-40.84266,4740.979,4736.0,1107.5,-1
-34.95658,-40.32707,4726.453,4736.0,105.5,9998
-34.81619,-40.53212,4614.986,4650.0,246.4,9998
-35.10401,-40.494,4680.451,4655.0,805.8,-1
-34.79946,-40.46898,4670.374,4807.0,39.4,9998
-33.41108,-40.72904,4688.029,4692.0,778.3,9998
-33.08388,-40.56264,4717.788,4722.0,295.3,9998
-33.02788,-40.20739,4703.53,4720.0,529.2,9998
-17.02608,-30.02168,3948.126,4872.0,1330.3,9998
-17.01313,-30.00849,3943.152,4881.0,1331.0,9998
-16.94713,-29.93532,4899.538,4878.0,1649.7,-1
-16.9421,-29.923,4895.943,4874.0,1649.1,-1
-16.94571,-29.92104,4896.331,4874.0,1650.3,-1
-16.93236,-29.86147,4878.55,4870.0,1644.9,-1
-16.95518,-29.81998,4879.517,4892.0,1649.9,-1
-16.77934,-29.85467,4909.879,4891.0,1570.3,9998
-16.62765,-29.93221,4941.886,4887.0,1390.9,-1
-16.60685,-30.01838,4930.037,4913.0,1311.4,-1
-16.61308,-30.0747,4939.46,4932.0,1286.9,9998
-16.61661,-30.10555,4938.002,4940.0,1271.9,9998
-16.67025,-30.07384,4941.583,4933.0,1360.1,9998
-16.75106,-29.94783,4937.969,4903.0,1524.5,9998
-16.89231,-29.63033,4940.847,4908.0,1651.0,-1
-17.47854,-29.29601,4985.383,4961.0,1354.0,-1
-17.76893,-29.32276,4973.553,4960.0,1227.6,-1
-18.01562,-29.3493,4930.937,4962.0,1149.4,9998
-18.32542,-29.16803,5072.46,5037.0,1212.6,-1
-18.64013,-28.9606,4976.133,5008.0,915.0,9998
-18.74916,-28.77283,5078.263,5149.0,711.2,-1
-18.65632,-28.70836,4872.853,5035.0,887.9,-1
-18.54226,-28.71058,5209.453,5220.0,1182.5,9998
-18.5591,-28.74842,4928.554,5079.0,1086.9,9998
-18.61137,-28.79331,4999.256,4974.0,997.4,9998
-18.63221,-28.84647,5033.922,5034.0,955.9,9998
-18.73424,-29.09021,4945.507,4985.0,730.5,-1
-18.92554,-28.99847,5012.474,4998.0,410.7,-1
-19.08481,-28.51836,5084.866,5160.0,198.4,-1
-18.85581,-28.14619,5271.455,5295.0,644.3,-1
-18.82799,-27.91155,5024.641,5057.0,757.7,9998
-19.34753,-27.19986,4783.438,5027.0,205.9,-1
-19.66822,-26.75848,5553.508,5554.0,160.0,-1
-19.85131,-26.76039,5300.736,5274.0,243.6,-1
-19.94068,-26.75955,5407.76,5434.0,339.8,9998
-19.9925,-26.72557,5470.748,5420.0,413.2,9998
-19.92043,-26.68406,5356.38,5330.0,295.7,9998
-19.80104,-26.69182,5102.517,5202.0,192.2,-1
-19.47037,-26.89129,5236.831,5383.0,202.7,-1
-19.29294,-27.08527,5068.3,5269.0,280.8,-1
-20.093,-26.0054,5595.412,5853.0,554.5,-1
-20.02539,-25.80523,5828.276,5858.0,539.7,-1
-19.90267,-25.52048,5664.53,5652.0,555.0,-1
-20.11259,-25.38738,5399.948,5709.0,699.2,9998
-20.47129,-25.56422,5499.178,5389.0,945.7,9998
-20.68906,-25.81384,5528.659,5632.0,1291.2,9998
-20.77954,-26.02782,5206.348,5295.0,1327.5,-1
-20.79891,-26.19645,5365.696,5311.0,1405.7,-1
-20.85953,-26.26633,5355.204,5350.0,1416.6,-1
-21.17356,-26.15012,5540.701,5804.0,1529.8,-1
-21.29236,-26.17098,5334.699,5622.0,1507.9,-1
-21.6238,-26.18573,4808.537,5511.0,1393.1,-1
-21.66058,-26.23645,5481.042,5538.0,1575.7,-1
-21.29674,-26.18602,5596.938,5610.0,1579.9,-1
-21.32976,-26.03963,5048.848,5420.0,1456.4,-1
-21.65799,-26.09601,5300.83,5556.0,1533.0,-1
-21.78244,-26.25392,5308.547,5429.0,1472.5,-1
-22.2777,-26.55551,5607.05,5618.0,1317.1,9998
-22.27495,-26.53939,5601.627,5659.0,1320.1,9998
-22.25932,-26.54751,5569.477,5627.0,1317.3,9998
-22.22736,-26.6306,5529.869,5520.0,1318.9,-1
-22.4911,-26.7751,5491.505,5537.0,1178.6,-1
-22.76651,-26.57866,5292.985,5477.0,1029.4,9998
-22.8363,-26.3744,5279.287,5442.0,1055.6,9998
-22.45011,-26.51591,5451.596,5584.0,1239.6,-1
-22.27621,-26.50224,5358.798,5641.0,1269.4,9998
-22.18747,-26.39494,5268.938,5500.0,1315.5,-1
-22.21774,-26.12774,5406.417,5365.0,1363.7,-1
-28.06203,-34.59703,3941.206,4461.0,239.9,9998
-28.06243,-34.61167,3942.083,4470.0,242.2,9998
-28.06492,-34.61539,3941.498,4472.0,244.0,9998
-28.07824,-34.62535,4406.848,4479.0,282.0,-1
-28.08402,-34.63802,4405.191,4480.0,288.6,-1
-28.09202,-34.6258,4402.27,4475.0,288.0,-1
-28.11001,-34.62833,4394.673,4468.0,295.6,-1
-27.88103,-34.539,4450.313,4458.0,178.9,9998
-27.91531,-34.42002,4422.375,4405.0,233.7,9998
-28.08709,-34.3192,4466.783,4473.0,293.1,9998
-28.1486,-34.21996,4422.492,4427.0,280.0,9998
-28.19156,-34.14186,4375.569,4385.0,240.2,9998
-28.27044,-34.15032,4334.564,4333.0,191.4,9998
-28.32821,-34.18995,4301.349,4330.0,149.8,9998
-28.40872,-34.20818,4246.503,4261.0,85.1,9998
-28.48497,-34.23719,4186.97,4199.0,38.2,9998
-28.57397,-34.24929,4120.792,4117.0,32.0,9998
-28.59609,-34.29624,4091.651,4088.0,59.6,9998
-28.58435,-34.49174,4132.091,4131.0,145.7,9998
-28.60638,-34.67362,4209.431,4207.0,241.4,9998
-28.62236,-34.84781,4301.641,4303.0,308.2,9998
-28.65072,-35.03764,4319.057,4325.0,357.4,9998
-28.79759,-35.33776,4349.183,4339.0,498.1,9998
-28.86411,-35.34931,4262.03,4333.0,564.2,-1
-28.89959,-35.30071,4186.543,4265.0,612.3,-1
-28.9158,-35.3021,4156.049,4231.0,631.4,-1
-28.92467,-35.34634,4196.373,4244.0,645.8,9998
-28.98285,-35.47312,3992.307,4028.0,722.4,9998
-29.01509,-35.68291,3931.165,3928.0,812.1,9998
-28.99656,-35.94489,3943.261,3913.0,882.4,9998
-29.02181,-36.11145,3854.113,3873.0,984.8,9998
-29.10018,-36.19705,3788.821,3788.0,1165.7,9998
-29.11873,-36.17576,3725.186,3742.0,1184.0,9998
-29.09705,-36.11929,3760.327,3746.0,1116.4,9998
-29.11778,-35.98409,3752.319,3768.0,1110.6,-1
-29.20696,-35.81555,3669.422,3686.0,1247.5,9998
-29.26484,-35.59789,3647.731,3635.0,1354.5,9998
-28.75573,-34.70725,4154.152,4158.0,408.5,9998
-29.10137,-34.71695,3266.955,3230.0,999.0,9998
-29.21239,-35.89749,3768.588,3714.0,1328.8,9998
-28.91718,-35.74069,4045.842,4069.0,689.7,9998
-29.10459,-35.57676,3785.306,3784.0,945.3,9998
-29.16418,-35.57847,3726.539,3728.0,1078.0,9998
-29.16875,-35.56371,3748.205,3751.0,1095.4,9998
-29.20855,-35.60309,3670.203,3665.0,1195.4,9998
-29.27668,-35.56695,3624.391,3640.0,1374.4,9998
-29.45933,-35.47525,3698.244,3748.0,1858.5,9998
-29.51807,-35.58459,3199.647,3254.0,1756.0,9998
-29.51085,-35.62381,3235.159,3253.0,1795.1,9998
-29.04752,-36.47074,3843.472,3853.0,1134.8,9998
-29.00652,-36.87072,3581.401,3600.0,943.3,9998
-28.75216,-37.03002,2817.933,2820.0,397.0,9998
-28.6803,-36.9434,2555.414,2518.0,394.7,9998
-28.43449,-36.27425,4384.539,4384.0,399.5,9998
-28.49433,-35.91156,4335.561,4332.0,564.0,9998
-28.56498,-35.56767,4340.209,4350.0,491.4,9998
-28.78293,-35.3804,4386.854,4341.0,495.4,9998
-28.87932,-35.3454,4247.419,4318.0,584.2,-1
-28.94843,-35.38811,4218.96,4193.0,691.8,9998
-29.0095,-35.4134,4151.537,4166.0,796.2,9998
-29.0326,-35.38105,4111.682,4125.0,847.7,9998
-29.01687,-35.36614,4105.548,4119.0,813.3,9998
-29.00538,-35.3155,4078.853,4083.0,793.1,9998
-28.94664,-35.25489,4112.587,4151.0,698.5,-1
-28.8632,-35.27174,4235.836,4270.0,570.4,-1
-28.65825,-35.14555,4332.974,4346.0,371.8,9998
-28.59708,-34.99572,4332.8,4328.0,311.4,9998
-28.81545,-35.02376,4218.127,4238.0,551.3,9998
-29.04516,-35.43978,4138.374,4149.0,875.3,9998
-29.20393,-35.98435,3629.588,3637.0,1312.7,-1
-29.05091,-36.51506,3797.812,3826.0,1129.1,9998
-29.06292,-36.65986,3787.465,3814.0,1128.7,9998
-29.05311,-36.79412,3592.619,3633.0,1032.4,9998
-29.00796,-36.85275,3582.67,3588.0,945.3,9998
-28.83807,-36.9298,3454.344,3447.0,599.6,9998
-28.42378,-37.41997,4348.628,4369.0,822.0,9998
-28.57916,-37.3128,4139.498,4198.0,859.9,9998
-28.59297,-36.25589,4297.074,4297.0,540.5,9998
-28.72738,-36.26115,4167.8,4174.0,651.1,9998
-28.70205,-36.46253,4243.193,4247.0,617.9,9998
-28.68825,-36.64389,4226.35,4237.0,598.6,9998
-28.54628,-36.9203,4380.024,4311.0,843.5,9998
-27.38532,-37.13819,4651.22,4678.0,611.6,9998
-26.94168,-37.04516,4585.646,4597.0,583.5,9998
-26.86253,-37.12492,4548.327,4609.0,577.7,9998
-26.82951,-37.45701,4519.255,4537.0,575.3,9998
-26.9943,-37.57519,4638.816,4651.0,544.2,9998
-27.06882,-37.32038,4566.445,4591.0,576.5,9998
-27.45486,-37.42842,4588.971,4602.0,571.6,9998
-27.69391,-37.00959,4666.86,4676.0,594.7,9998
-27.59712,-36.93016,4663.297,4662.0,560.3,9998
-27.80029,-36.94691,4686.165,4709.0,577.4,9998
-27.86163,-37.15406,4663.689,4642.0,607.9,9998
-27.96205,-37.31402,4679.304,4670.0,585.7,9998
-27.91662,-37.53135,4660.073,4670.0,610.2,9998
-28.08893,-38.31915,4579.707,4636.0,550.9,9998
-28.17745,-38.60219,4201.777,4209.0,1033.2,9998
-28.70969,-39.37018,3985.373,4000.0,1157.8,9998
-28.83227,-39.72235,3886.651,3904.0,993.4,9998
-29.08846,-39.59437,3866.383,3865.0,726.8,9998
-29.5445,-39.60978,3877.071,3905.0,652.8,9998
-29.55163,-39.93999,3640.912,3651.0,576.5,9998
-29.56276,-40.00278,3649.402,3659.0,594.1,9998
-29.52459,-40.0503,3719.016,3681.0,623.9,9998
-28.86609,-40.28227,3804.599,3762.0,1261.2,9998
-28.34911,-40.72409,3028.843,3099.0,743.9,9998
-28.31684,-40.93892,2976.556,2987.0,380.0,9998
-28.00941,-41.27732,3166.556,3176.0,155.5,9998
-28.05254,-41.06569,3146.582,3132.0,180.8,9998
-6.90584,-30.53941,4095.704,5288.0,1704.1,-1
-6.88813,-30.55271,3946.783,5279.0,1626.8,-1
-6.88818,-30.57122,3948.637,5278.0,1619.7,-1
-6.93695,-30.59534,5328.59,5315.0,2208.9,9998
-6.97336,-30.60328,5330.817,5327.0,2237.6,9998
-6.99128,-30.60704,5331.592,5323.0,2253.6,9998
-7.02937,-30.56912,5343.424,5337.0,2290.0,9998
-7.00978,-30.46023,5360.793,5328.0,2334.1,9998
-6.97613,-30.23432,5394.556,5360.0,2388.3,9998
-7.13674,-30.00108,5421.793,5436.0,2503.2,9998
-7.44066,-29.88585,5430.095,5437.0,2684.6,-1
-7.6517,-29.89123,5435.791,5432.0,2766.8,9998
-7.55006,-29.84114,5434.251,5444.0,2732.0,-1
-7.33342,-29.70496,5449.894,5453.0,2643.1,-1
-7.14357,-29.63479,5432.073,5437.0,2527.5,-1
-7.02753,-29.70415,5355.455,5344.0,2393.3,-1
-6.79431,-30.03143,5269.411,5255.0,2346.5,9998
-6.78153,-30.32949,5370.521,5326.0,2242.1,9998
-6.94363,-30.29362,5381.95,5368.0,2352.0,9998
-7.06833,-30.30728,5387.367,5365.0,2429.2,9998
-7.17938,-30.45693,5374.936,5358.0,2444.9,9998
-7.412,-30.57622,5377.235,5394.0,2523.3,9998
-7.54102,-30.56186,5381.682,5395.0,2600.2,9998
-7.43672,-30.56547,5381.307,5391.0,2542.3,9998
-7.34081,-30.70506,5350.565,5364.0,2416.3,9998
-7.18543,-30.83402,5300.031,5277.0,2221.4,9998
-7.02763,-30.7886,5288.502,5281.0,2145.2,9998
-7.02693,-30.74536,5309.949,5292.0,2170.8,9998
-7.01679,-30.63831,5326.64,5311.0,2266.5,-1
-6.94704,-30.4801,5347.703,5314.0,2281.7,9998
-6.99055,-30.4747,5355.847,5326.0,2314.5,9998
-7.19366,-30.54032,5358.345,5326.0,2413.1,9998
-7.38139,-30.70809,5358.419,5369.0,2440.3,9998
-7.45923,-30.90407,5344.341,5355.0,2383.3,9998
-7.47226,-30.97556,5335.317,5322.0,2340.1,9998
-7.47697,-31.06576,5321.829,5299.0,2291.8,-1
-7.50898,-31.29731,5283.979,5280.0,2196.9,9998
-7.57833,-31.53663,5188.165,5198.0,2168.3,-1
-7.71654,-31.59762,5180.478,5188.0,2292.1,9998
-7.89968,-31.54447,5243.069,5215.0,2550.1,-1
-7.93821,-31.74214,5157.243,5103.0,2518.5,-1
-8.39521,-32.1127,5026.644,5023.0,2690.1,9998
-8.79232,-32.45023,4971.691,4967.0,1967.0,9998
-8.8756,-32.83743,4831.606,4867.0,1851.6,9998
-9.10025,-33.20262,4654.246,4656.0,1767.8,9998
-9.54751,-33.25526,4724.821,4720.0,1484.5,9998
-10.07037,-33.21154,4843.198,4847.0,1555.4,9998
-9.37215,-32.80584,4850.691,4878.0,1398.2,9998
-9.258,-33.80088,4425.039,4434.0,1609.2,9998
-10.44465,-33.98408,4581.256,4602.0,1703.4,9998
-9.6242,-33.7848,4638.604,4679.0,1459.9,9998
-11.90104,-33.7719,4420.072,4432.0,1364.7,9998
-11.92184,-33.76665,4424.16,4407.0,1336.1,9998
-11.39811,-33.89641,4568.647,4540.0,1967.4,9998
-10.96545,-33.394,4605.995,4624.0,2045.5,9998
-11.01825,-33.69876,4880.085,4793.0,2087.7,9998
-10.92836,-33.53839,4954.55,4882.0,2073.7,9998
-11.2174,-33.68776,4599.142,4604.0,2035.5,9998
-11.03388,-34.04201,4576.103,4574.0,1938.4,9998
-11.21038,-34.08568,4703.552,4674.0,2105.9,9998
-11.0454,-34.0023,4596.542,4641.0,1945.1,9998
-11.2964,-34.1181,4763.165,4704.0,2140.4,9998
-11.49555,-33.65395,4776.649,4769.0,1960.1,9998
-11.66726,-33.28292,4588.848,4582.0,1634.0,9998
-12.54571,-33.04023,3746.699,3825.0,1171.6,9998
-12.53684,-32.97124,2867.663,2864.0,915.6,9998
-12.9861,-32.26925,4558.637,4575.0,1401.5,9998
-12.43224,-32.62073,4618.498,4611.0,1581.5,9998
-12.3581,-32.73802,4621.138,4612.0,1525.8,9998
-12.31616,-32.70331,4622.994,4616.0,1528.1,9998
-12.61981,-32.25133,4598.026,4609.0,1498.9,9998
-12.89063,-32.28481,4580.75,4573.0,1406.5,9998
-13.21366,-32.62809,4512.16,4515.0,1349.8,9998
-13.55148,-32.64959,4694.664,4706.0,1583.9,9998
-13.69023,-32.7147,4686.854,4696.0,1681.7,9998
-13.81864,-32.50739,4561.4,4528.0,1601.5,-1
-14.05422,-32.13573,4818.266,4844.0,1556.3,-1
-14.28989,-32.1156,4836.104,4836.0,1707.5,9998
-14.61583,-32.21003,4812.312,4797.0,1495.8,9998
-14.99758,-32.40863,4732.396,4717.0,1694.5,-1
-15.46932,-32.63057,4602.615,4612.0,1229.1,9998
-15.75395,-32.85613,4634.954,4622.0,1022.2,9998
-15.87563,-33.06088,4610.602,4612.0,1044.8,9998
-15.77708,-33.11004,4615.587,4623.0,1079.9,9998
-15.6057,-33.0398,4613.094,4612.0,1122.6,9998
-15.8495,-32.85754,4642.327,4630.0,986.5,9998
-16.21904,-32.77389,4627.065,4616.0,844.4,-1
-16.32973,-32.59029,4620.327,4628.0,769.4,9998
-16.01409,-32.40276,4688.692,4697.0,885.7,9998
-15.72623,-32.12317,4685.839,4696.0,1031.1,9998
-15.9233,-31.91024,4701.455,4734.0,943.3,9998
-16.18923,-31.95503,4651.687,4669.0,803.2,-1
-16.23806,-31.81732,4653.135,4666.0,774.2,9998
-16.12558,-31.62518,4653.258,4672.0,847.5,9998
-16.02287,-31.68733,4677.99,4689.0,884.3,9998
-15.9911,-31.74706,4680.818,4700.0,893.1,-1
-15.94129,-31.86392,4695.323,4712.0,927.3,9998
-15.90921,-31.97091,4724.217,4750.0,957.3,9998
-15.84141,-32.00056,4690.871,4733.0,979.5,9998
-15.71501,-31.84572,4723.97,4743.0,1081.6,9998
-15.44401,-31.55492,4740.077,4658.0,1444.8,-1
-15.33323,-31.38788,4726.875,4727.0,1616.9,9998
-15.28461,-31.28073,4731.359,4733.0,1659.8,9998
-15.37165,-31.34756,4726.575,4732.0,1563.3,9998
-15.45546,-31.50668,4756.12,4656.0,1440.0,-1
-15.60709,-31.69684,4753.461,4706.0,1215.5,-1
-15.74132,-31.82394,4779.878,4811.0,1069.7,9998
-15.73443,-31.92043,4705.389,4731.0,1055.9,9998
-15.64701,-32.10881,4697.724,4719.0,1108.1,9998
-15.52349,-32.25306,4678.978,4709.0,1232.6,-1
-14.77337,-32.52577,4677.196,4709.0,1623.3,9998
-14.84251,-32.34845,4743.809,4729.0,1672.4,-1
-14.94846,-32.21629,4746.605,4809.0,1710.6,-1
-15.16928,-32.10072,4694.329,4675.0,1655.2,-1
-15.22778,-32.0866,4690.813,4687.0,1604.5,-1
-15.22251,-32.19471,4719.216,4719.0,1590.2,-1
-15.05435,-32.28367,4750.861,4745.0,1699.5,9998
-14.93967,-32.58863,4632.894,4629.0,1631.5,9998
-14.69672,-32.9064,4546.04,4548.0,1593.6,9998
-14.53796,-33.28424,4552.496,4536.0,1449.6,-1
-14.3301,-33.51106,4575.119,4560.0,1576.5,9998
-1.76606,-25.50208,3946.281,5180.0,2627.3,9998
-1.75856,-25.5002,3947.453,5179.0,2601.8,9998
-1.74342,-25.49661,4397.172,5150.0,2848.3,9998
-18.32451,-25.03242,4198.587,4993.0,1082.6,9998
-18.32118,-25.04345,3945.61,4927.0,1018.6,9998
-18.30219,-25.05272,3942.882,4721.0,1028.4,9998
-18.28394,-25.0679,3948.545,4729.0,1040.8,9998
-18.27351,-25.09286,4911.338,4793.0,1299.6,-1
-18.3237,-25.31626,5709.487,5693.0,1412.6,-1
-18.38439,-25.46127,5368.874,5235.0,1284.3,-1
-18.41086,-25.59424,5148.254,5195.0,1200.4,-1
-18.46632,-25.60766,4783.482,5162.0,1079.8,-1
-18.61344,-25.60469,5089.953,5439.0,1044.5,-1
-18.51654,-25.72312,5289.89,5381.0,1132.5,-1
-18.40684,-25.67367,5572.896,5356.0,1271.5,9998
-18.3678,-25.74232,5374.406,5386.0,1258.4,9998
-18.85144,-25.75397,5749.4,5687.0,941.0,-1
-18.94329,-25.87407,5694.377,5709.0,849.5,-1
-18.89215,-25.8279,5768.554,5748.0,905.8,-1
-18.84028,-25.52352,5729.655,5701.0,988.7,-1
-18.92986,-25.42101,5647.609,5669.0,940.8,-1
-19.03151,-25.56837,5612.127,5608.0,793.5,9998
-19.22974,-25.98263,4822.546,5142.0,465.3,9998
-19.21896,-25.97447,4695.868,5116.0,465.3,-1
-18.75352,-25.74268,5578.02,5537.0,1002.6,-1
-18.6936,-25.5281,5568.544,5704.0,1087.2,-1
-18.94452,-24.75136,5641.601,5503.0,1254.0,-1
-18.9811,-24.70172,4848.176,5356.0,1077.1,-1
-18.76386,-24.64135,5846.313,5557.0,1391.9,-1
-18.97781,-24.79119,5258.226,5273.0,1141.7,-1
-19.02637,-24.86071,5055.076,5171.0,1034.6,-1
-19.40451,-24.90168,5191.637,5550.0,775.9,9998
-19.51882,-24.81708,5225.658,5112.0,721.7,-1
-19.50693,-24.78571,5002.208,5121.0,695.1,-1
-19.59279,-24.44422,5254.451,5066.0,662.0,-1
-19.57422,-24.42024,5154.223,5038.0,660.8,-1
-19.82209,-24.23091,5348.75,5242.0,497.7,-1
-19.76577,-24.21063,5240.428,5175.0,501.6,-1
-19.66041,-24.21073,5281.882,5236.0,566.3,-1
-20.00912,-24.70492,5100.222,5007.0,598.7,-1
-19.97215,-24.678,4739.03,4877.0,546.9,-1
-20.43755,-24.7564,5867.126,5761.0,885.1,-1
-20.50986,-24.67138,5639.437,5554.0,903.1,-1
-20.53337,-24.582,5662.186,5740.0,927.3,-1
-20.63417,-24.51453,5130.121,5113.0,954.1,9998
-20.54507,-24.98025,5485.684,5558.0,957.8,-1
-20.26686,-25.35387,5015.191,5213.0,732.2,-1
-19.96452,-25.48168,5717.666,5725.0,610.2,-1
-19.86036,-25.45325,5327.792,5451.0,554.8,-1
-19.81793,-25.45631,5223.724,5394.0,531.2,-1
-19.87758,-25.48222,5509.354,5513.0,557.4,-1
-20.01605,-25.42288,5709.709,5799.0,670.1,9998
-20.12741,-25.39956,5263.695,5560.0,679.4,9998
-20.30208,-25.42108,5510.958,5289.0,794.2,-1
-20.35817,-25.3318,5271.382,5269.0,836.6,-1
-20.34649,-25.27023,5316.776,5339.0,839.9,-1
-20.2709,-25.18406,5361.504,5506.0,821.3,9998
-20.27489,-25.22699,4943.317,5047.0,756.4,-1
-20.17447,-25.32772,5194.216,5368.0,731.0,-1
-20.01514,-25.21875,5820.732,5623.0,817.9,-1
-20.05336,-25.22817,5333.065,5560.0,764.0,-1
-20.20933,-24.35807,5474.359,5281.0,568.6,9998
-20.13417,-24.24719,5017.561,4995.0,469.1,-1
-19.74223,-24.25557,5389.499,5357.0,551.4,9998
-19.63945,-24.38639,5184.87,5095.0,617.5,9998
-19.54191,-24.63632,5334.001,5118.0,713.5,-1
-19.44146,-24.83801,5446.498,5469.0,799.4,-1
-28.96028,-38.67133,3942.785,4772.0,1189.3,9998
-28.92307,-38.71993,3940.944,4696.0,1145.9,9998
-28.87039,-38.82313,4400.544,4423.0,1238.1,9998
-28.83449,-38.81644,4326.394,4356.0,1232.8,9998
-28.79504,-38.99836,4072.098,4076.0,1122.8,9998
-28.82954,-39.0417,4101.71,4103.0,1109.2,9998
-28.91391,-39.17198,4028.591,4023.0,1037.4,9998
-29.09993,-39.35084,4142.351,4149.0,910.0,9998
-29.4419,-40.0169,3805.5,3807.0,646.6,9998
-29.34669,-40.1654,4101.837,4115.0,679.3,9998
-29.33062,-40.13404,4133.995,4122.0,682.4,9998
-29.25923,-40.01857,4098.26,4105.0,678.4,9998
-29.63603,-40.15683,3601.536,3550.0,574.1,9998
-30.84668,-40.20213,3802.536,3815.0,255.9,9998
-30.84649,-40.09051,3791.512,3807.0,241.6,9998
-30.8766,-39.92437,4019.288,4042.0,201.6,9998
-30.54356,-39.79171,4037.816,4130.0,304.2,9998
-30.0437,-39.88783,3261.333,3269.0,148.2,9998
-30.25557,-40.11539,2856.892,2828.0,93.7,9998
-29.64044,-40.10837,3490.181,3371.0,544.3,9998
-29.46008,-41.08422,3856.321,3872.0,695.1,9998
-29.60256,-41.43388,3676.239,3699.0,575.2,9998
-29.54368,-41.65173,3766.147,3779.0,780.2,9998
-29.55552,-42.94856,4024.197,4033.0,979.7,9998
-28.95756,-43.61369,3898.902,3904.0,1618.1,9998
-28.17687,-43.38556,3478.854,3515.0,1051.6,9998
-28.24987,-44.0506,3550.549,3558.0,1528.8,9998
-28.04684,-44.26044,3496.282,3500.0,1210.4,9998
-29.54884,-45.34388,3543.546,3529.0,1409.1,9998
-30.12198,-45.28826,3462.69,3479.0,1170.0,9998
-30.6414,-45.29286,3495.568,3481.0,572.4,9998
-31.37196,-46.74492,3409.965,3420.0,544.1,9998
-31.72158,-46.535,3480.802,3497.0,435.2,9998
-31.79829,-46.41218,3544.953,3564.0,426.2,9998
-31.62276,-46.34023,3565.317,3591.0,290.0,9998
-31.51503,-46.15517,3572.771,3570.0,172.9,-1
-31.22448,-45.614,3531.837,3544.0,183.1,9998
-31.1525,-45.21911,3550.805,3550.0,479.6,9998
-31.48588,-44.89323,3599.046,3612.0,583.4,9998
-31.67156,-44.7457,3630.038,3667.0,619.6,9998
-31.74146,-44.49992,3656.667,3662.0,630.7,9998
-31.5567,-44.2347,3649.694,3645.0,499.6,9998
-31.31935,-44.01372,3461.084,3483.0,415.3,9998
-31.01008,-44.0083,3354.158,3410.0,265.6,9998
-30.86233,-44.10388,3410.497,3431.0,159.9,9998
-30.89531,-44.17673,3375.01,3402.0,220.5,9998
-30.85368,-44.35839,3410.206,3399.0,252.7,9998
-30.7099,-44.50881,3267.905,3271.0,243.5,9998
-30.60881,-44.44401,3429.234,3430.0,296.1,9998
-30.65715,-44.31454,3389.15,3394.0,195.8,9998
-30.73845,-44.32844,3388.64,3412.0,182.5,9998
-30.82775,-44.35558,3382.066,3388.0,224.4,9998
-30.91297,-44.24655,3363.471,3378.0,277.6,9998
-30.88047,-44.82767,3448.994,3454.0,135.2,9998
-30.98966,-44.88403,3489.998,3500.0,351.4,9998
-30.98142,-44.93747,3517.939,3520.0,336.4,9998
-30.95043,-45.13631,3532.502,3477.0,359.5,-1
-31.14442,-45.06121,3637.322,3640.0,517.0,9998
-31.64995,-44.45437,3647.519,3649.0,582.5,9998
-31.97576,-44.18977,3681.388,3713.0,586.8,9998
-31.79271,-44.56646,3661.825,3658.0,648.3,9998
-31.82311,-43.81174,3751.111,3773.0,745.8,9998
-31.80155,-44.2875,3672.461,3675.0,640.4,-1
-31.44198,-43.8928,3625.225,3650.0,527.0,9998
-31.84628,-43.43243,3791.787,3802.0,967.5,9998
-32.21401,-43.71859,3738.11,3749.0,828.4,9998
-31.56165,-43.50069,3795.486,3804.0,812.0,9998
-31.50358,-44.1688,3663.376,3665.0,479.8,9998
-31.99812,-44.50936,3721.589,3736.0,561.5,9998
-31.84907,-44.73785,3626.666,3652.0,613.4,9998
-31.45642,-44.28291,3647.87,3630.0,478.4,9998
-31.48289,-44.7922,3603.05,3622.0,615.5,9998
-31.00484,-44.95878,3521.156,3534.0,373.5,9998
-31.11577,-44.93433,3594.175,3611.0,503.3,9998
-31.3588,-44.30791,3601.036,3593.0,481.3,9998
-31.37634,-44.15929,3641.646,3646.0,461.8,9998
-31.3729,-43.57501,3527.204,3489.0,501.3,9998
-31.57793,-43.31312,3707.665,3734.0,907.8,9998
-32.02259,-42.03449,3835.918,3809.0,892.6,-1
-31.42437,-41.7068,3693.756,3685.0,429.1,9998
-31.38297,-42.09278,3680.592,3689.0,614.9,9998
-31.44624,-41.54888,3678.035,3677.0,294.3,9998
-31.4834,-41.94034,3745.459,3764.0,512.5,9998
-31.58405,-41.94966,3756.844,3755.0,511.0,9998
-31.84808,-41.59986,3915.936,3828.0,816.6,-1
-31.75275,-41.06147,3678.04,3768.0,710.6,9998
-31.47372,-40.415,3789.269,3764.0,445.5,9998
-31.63043,-39.90037,3874.273,3830.0,213.7,9998
-33.00653,-39.71356,4730.738,4734.0,923.7,9998
-32.45739,-39.59077,4713.955,4716.0,441.1,9998
-32.3705,-39.43284,4526.416,4608.0,481.1,9998
-32.33003,-39.50376,4699.919,4709.0,452.9,9998
-32.38613,-39.08569,4414.86,4394.0,478.8,9998
-32.55341,-38.57636,4220.066,4477.0,877.0,9998
-33.36276,-38.54541,4425.489,4513.0,457.9,-1
-33.85945,-37.86504,4522.056,4496.0,1075.9,9998
-33.55202,-37.60948,4447.69,4454.0,481.7,9998
-33.77196,-38.10145,4549.698,4543.0,976.3,9998
-34.10891,-37.6193,4485.695,4534.0,740.0,-1
-33.7039,-37.31476,4606.778,4565.0,729.5,-1
-33.37362,-37.45604,4475.084,4455.0,70.3,9998
-33.4036,-37.83554,4501.813,4524.0,612.1,9998
-34.25485,-37.99839,4630.563,4576.0,1078.2,-1
-34.29034,-37.5959,4419.109,4509.0,653.8,-1
-33.72192,-37.30174,4611.338,4561.0,748.0,-1
-3.01653,-29.28286,4198.181,4947.0,5326.5,-1
-3.02261,-29.36197,3946.732,4947.0,5011.4,9998
-3.04228,-29.44338,3949.953,4918.0,5026.0,-1
-3.05045,-29.53601,3948.39,4915.0,5029.2,9998
-3.11114,-29.82121,4900.201,4895.0,6262.7,-1
-3.12629,-29.96243,4877.255,4876.0,6232.9,9998
-3.26936,-30.11088,4836.604,4841.0,6198.4,9998
-3.33724,-30.26703,4789.724,4802.0,6173.3,-1
-3.37354,-30.26967,4784.858,4797.0,6141.7,-1
-3.41511,-29.95058,4851.766,4859.0,6108.3,-1
-3.31535,-29.81332,4887.648,4894.0,6228.3,-1
-3.17514,-29.70574,4904.669,4912.0,6287.4,-1
-3.08943,-29.60028,4905.063,4919.0,6268.8,-1
-3.06094,-29.483,4923.729,4925.0,6276.9,9998
-3.04962,-29.49144,4924.896,4922.0,6271.8,9998
-3.0917,-29.45101,4924.894,4933.0,6294.4,9998
-3.11092,-29.32489,4946.568,4957.0,6330.2,9998
-3.14302,-29.02843,4969.407,4978.0,6378.7,9998
-3.32014,-28.70011,5057.044,5066.0,6548.0,9998
-3.58107,-28.34788,5144.157,5158.0,6597.8,9998
-3.69532,-28.06698,5144.636,5130.0,6506.8,9998
-3.65993,-28.0665,5153.184,5133.0,6557.8,9998
-3.61943,-28.08356,5178.628,5181.0,6625.6,9998
-3.63618,-28.03997,5159.887,5142.0,6587.7,9998
-3.67104,-28.05673,5139.685,5124.0,6529.7,9998
-3.67753,-28.26932,5145.706,5161.0,6520.2,9998
-3.2324,-28.37584,5096.295,5106.0,6625.5,9998
-3.23362,-28.04139,5129.61,5120.0,6693.9,9998
-3.36433,-27.98928,5165.825,5174.0,6740.5,9998
-3.44736,-28.12615,5162.228,5173.0,6706.2,9998
-3.34667,-28.12362,5131.449,5150.0,6690.7,9998
-3.25952,-28.11028,5119.798,5106.0,6679.2,9998
-3.14679,-28.12066,5120.776,5101.0,6653.3,9998
-3.27345,-28.21953,5099.79,5117.0,6645.1,9998
-3.44627,-28.40056,5122.12,5134.0,6633.0,9998
-3.35745,-28.51909,5090.655,5110.0,6604.1,9998
-3.24038,-28.51824,5077.547,5092.0,6591.2,9998
-3.33362,-28.48058,5092.016,5099.0,6614.3,9998
-3.51315,-28.34279,5140.083,5160.0,6634.2,9998
-3.44854,-28.197,5161.547,5179.0,6700.8,9998
-3.21847,-28.09116,5119.898,5107.0,6674.2,9998
-3.15925,-28.1244,5118.638,5108.0,6655.9,9998
-3.23934,-27.88261,5152.916,5154.0,6740.9,9998
-3.30808,-27.61993,5190.006,5178.0,6813.4,9998
-3.30825,-27.68214,5188.55,5145.0,6805.5,9998
-3.3355,-27.80922,5176.702,5139.0,6773.9,9998
-3.19097,-28.00684,5126.504,5117.0,6684.5,9998
-3.07365,-28.21289,5070.561,5046.0,6543.6,9998
-2.85431,-28.10662,5080.675,5001.0,6369.6,9998
-2.90078,-27.89849,5032.485,5155.0,6387.0,9998
-3.06594,-27.5886,5176.425,5195.0,6751.8,-1
-3.20339,-27.29088,5220.691,5228.0,6878.6,9998
-3.22808,-27.27038,5229.719,5239.0,6895.6,9998
-3.21663,-27.3506,5215.158,5203.0,6869.8,9998
-3.20024,-27.48995,5192.634,5210.0,6830.1,9998
-3.17955,-27.65828,5176.419,5148.0,6792.3,-1
-3.19789,-27.79036,5161.562,5068.0,6758.2,-1
-3.18465,-27.99658,5127.669,5118.0,6685.8,9998
-3.14038,-28.07012,5129.615,5164.0,6666.1,9998
-3.22977,-28.06604,5124.171,5118.0,6684.1,9998
-3.1791,-28.06879,5126.991,5119.0,6677.3,9998
-3.11389,-28.09416,5113.008,5106.0,6630.2,9998
-3.0619,-28.17742,5054.338,5040.0,6518.1,9998
-3.01129,-28.30091,5060.655,5057.0,6474.9,9998
-3.0037,-28.42614,5039.087,5020.0,6424.3,9998
-3.11829,-28.56352,5055.792,5066.0,6513.4,9998
-3.1631,-28.8375,5006.627,5007.0,6450.9,9998
-3.07493,-29.14697,4949.972,4964.0,6318.8,9998
-3.00341,-29.41067,4930.925,4913.0,6249.6,9998
-3.04813,-29.65937,4901.564,4906.0,6242.0,-1
-3.24062,-29.91479,4871.124,4878.0,6228.2,-1
-3.3997,-29.97519,4852.836,4855.0,6118.6,9998
-3.58076,-29.84875,4849.52,4870.0,5935.2,-1
-3.72273,-29.66097,4892.876,4894.0,5812.0,-1
-3.87287,-29.50625,4921.448,4949.0,5638.9,9998
-3.68267,-29.53126,4906.1,4911.0,5912.2,9998
-3.28317,-29.73708,4901.067,4909.0,6263.7,-1
-2.67234,-30.16472,4859.482,4859.0,5895.9,9998
-1.88482,-30.51303,4850.662,4830.0,4145.9,-1
-2.15712,-30.11548,4886.629,4875.0,4960.0,-1
-2.81946,-30.08595,4866.574,4868.0,6052.6,9998
-3.10403,-29.9562,4884.451,4879.0,6238.3,9998
-3.08925,-29.88646,4899.91,4888.0,6256.2,-1
-2.87218,-29.92062,4876.489,4881.0,6096.6,-1
-2.68939,-29.81626,4854.523,4876.0,5927.1,-1
-2.6518,-29.60208,4863.956,4877.0,5814.7,-1
-2.77795,-29.44451,4885.244,4891.0,5984.9,9998
-2.93334,-29.37983,4899.042,4910.0,6152.7,9998
-2.5642,-29.05879,4812.517,4842.0,5602.8,9998
-2.19564,-28.50876,5001.81,5026.0,4990.2,-1
-2.15469,-28.04104,5044.758,5031.0,4940.7,-1
-2.26602,-27.60366,5056.219,4985.0,5283.9,-1
-2.18751,-27.08748,5129.074,5143.0,5138.4,9998
-2.25012,-26.93758,5111.783,5115.0,5303.2,9998
-2.22769,-26.96065,5126.644,5115.0,5251.6,9998
-2.01785,-27.13716,4944.766,4945.0,4436.4,9998
-1.86836,-26.85853,5117.915,5136.0,3989.4,9998
-1.9277,-26.89017,5110.435,5124.0,4252.2,9998
-1.91535,-26.91247,5108.395,5126.0,4194.8,9998
-1.91379,-26.89726,5109.075,5127.0,4187.4,9998
-1.71755,-26.70766,4591.764,4658.0,2995.0,9998
-1.39075,-26.43665,4093.954,4391.0,1433.4,-1
-1.42769,-26.40778,4732.594,4618.0,1812.5,-1
-1.48434,-26.65947,4916.203,4944.0,2195.3,9998
-1.47546,-26.6676,4826.458,4912.0,2113.4,9998
-1.3728,-26.3449,4577.168,4538.0,1525.7,-1
-1.43125,-26.61125,4563.148,4592.0,1824.8,9998
-1.32473,-26.19435,4616.012,4555.0,1291.3,9998
-1.59912,-24.71766,4768.974,4484.0,2507.6,-1
-1.17358,-25.64807,4959.95,4110.0,807.2,-1
-1.17695,-25.88024,4912.806,4938.0,897.8,9998
-1.1703,-25.85199,4918.542,4930.0,896.1,9998
-1.17834,-25.77598,4948.967,4717.0,866.6,-1
-1.1689,-25.67367,4960.242,4231.0,815.8,-1
-1.15183,-25.35581,4793.203,4584.0,825.3,9998
-1.17357,-24.74982,4762.367,4389.0,787.2,9998
-1.24389,-24.60168,4512.517,4766.0,768.0,-1
-1.23226,-24.68676,4818.002,4667.0,795.3,-1
-1.08243,-24.88305,3608.626,3397.0,865.3,-1
-1.04781,-24.82759,3384.306,3181.0,950.6,-1
-1.21118,-24.12372,4143.711,4496.0,710.1,-1
-1.57559,-24.01803,4499.07,4206.0,2349.1,-1
-1.47859,-25.01349,4700.29,4738.0,1884.9,9998
0.26433,-34.93375,4128.309,4547.0,2252.9,9998
0.25437,-34.94317,3948.644,4546.0,2191.4,9998
0.2488,-34.94279,3945.617,4544.0,2208.2,9998
0.22866,-34.9367,3948.937,4543.0,2267.9,9998
0.17707,-34.97287,4538.041,4544.0,2790.3,9998
0.14079,-35.0117,4538.431,4547.0,2905.9,9998
-0.26519,-35.5605,4524.214,4528.0,3331.3,9998
-0.1718,-35.47624,4528.011,4527.0,3381.9,9998
-0.05252,-35.31727,4529.862,4532.0,3313.2,9998
0.14615,-35.47809,4532.296,4544.0,2981.0,9998
0.26802,-35.78406,4526.843,4614.0,2740.4,9998
0.42248,-36.03923,4337.555,4387.0,2252.0,9998
0.14402,-36.09772,4525.675,4548.0,3184.4,9998
-0.07009,-36.09131,4525.675,4530.0,3454.6,9998
-0.14199,-36.05233,4526.064,4527.0,3456.4,9998
0.08529,-36.02702,4526.648,4507.0,3275.9,9998
0.22489,-36.21229,4526.843,4548.0,3046.7,9998
-0.13327,-36.35346,4522.363,4514.0,3449.3,9998
-0.52345,-36.47756,4488.275,4465.0,2514.1,9998
-0.76817,-36.31464,4474.15,4455.0,1643.7,9998
-0.9776,-36.06704,4353.923,4415.0,1130.1,9998
-1.24624,-35.94509,4422.418,4437.0,1625.1,9998
-1.34171,-35.61979,4406.633,4409.0,1827.5,9998
-1.18859,-35.52615,4431.09,4435.0,1183.1,9998
-1.16222,-35.43809,4428.556,4434.0,1066.9,9998
-1.04562,-35.15375,4413.75,4423.0,911.9,9998
-0.90662,-35.45093,4467.234,4488.0,1288.3,9998
-0.71459,-35.88298,4460.514,4461.0,1962.3,9998
-0.61801,-36.15241,4482.529,4466.0,2295.7,9998
-0.591,-36.34348,4487.107,4481.0,2329.9,9998
-0.65086,-36.48078,4478.243,4480.0,2023.2,9998
-1.10298,-35.75675,4341.738,4371.0,1070.3,9998
-1.15711,-35.31823,4418.425,4397.0,1007.1,-1
-1.49555,-34.93564,4252.442,4213.0,2196.6,9998
-2.25891,-34.91685,3983.657,3995.0,4560.7,9998
-2.29822,-34.89795,3977.312,3988.0,4667.9,9998
-2.21863,-34.64827,4074.227,4103.0,4482.0,-1
-2.15319,-34.10576,4181.145,4177.0,4352.1,-1
-2.00828,-33.95392,4267.639,4278.0,4169.5,9998
-1.67997,-33.41949,4441.893,4455.0,2966.6,9998
-1.52751,-33.0728,4521.178,4520.0,2353.9,-1
-1.66258,-33.13565,4508.223,4495.0,3003.4,-1
-1.97548,-33.18251,4399.701,4402.0,4045.3,-1
-2.22288,-33.15885,4363.542,4367.0,4781.5,9998
-2.3241,-33.02101,4353.891,4335.0,5024.4,9998
-2.38079,-32.96016,4341.61,4329.0,5139.7,9998
-2.25958,-32.98428,4376.112,4363.0,4887.4,9998
-1.9831,-32.95991,4470.231,4460.0,4149.4,-1
-1.81229,-33.09012,4485.138,4461.0,3594.8,9998
-1.73014,-33.22948,4481.731,4468.0,3241.8,9998
-1.64077,-33.24452,4489.232,4508.0,2876.6,9998
-1.67717,-33.18541,4497.315,4492.0,3058.8,9998
-1.35086,-33.08791,4541.923,4516.0,1417.5,-1
-1.18525,-32.98529,4316.299,4381.0,613.7,9998
-1.22804,-32.88554,4382.471,4455.0,800.0,-1
-1.49352,-32.75214,4582.229,4584.0,2266.7,-1
-1.56641,-32.62784,4607.928,4605.0,2684.4,9998
-1.47021,-32.54804,4621.751,4526.0,2218.6,9998
-1.25455,-32.32727,4342.809,4238.0,1086.9,9998
-1.23632,-32.10375,4186.139,4125.0,1022.6,9998
-1.39607,-31.10578,4817.999,4614.0,2160.7,9998
-1.67033,-30.84166,4870.698,4882.0,3427.8,9998
-2.26814,-30.86603,4681.584,4651.0,5115.2,-1
-2.17426,-30.28214,4878.364,4857.0,5024.2,-1
-2.07988,-29.66318,4925.518,4918.0,4671.9,-1
-1.85038,-29.09055,4996.768,4857.0,3933.3,-1
-1.5168,-28.6232,5031.952,5003.0,2564.9,-1
-1.4781,-28.21137,5044.681,5175.0,2291.4,-1
-1.54391,-27.77577,4974.715,5114.0,2562.0,9998
-1.70665,-27.39057,5103.836,5103.0,3363.7,-1
-1.68552,-27.05075,4877.893,4947.0,3096.8,9998
-1.75745,-26.81423,5124.523,5136.0,3500.2,9998
-1.66689,-26.81401,5117.629,5128.0,3142.9,9998
-1.45561,-26.86841,4636.255,4665.0,1991.9,9998
-1.18845,-28.83639,3653.501,3439.0,988.1,-1
-1.20321,-29.93051,4430.895,4392.0,1379.5,9998
-0.93545,-29.83117,3608.041,3875.0,911.0,-1
-0.9535,-29.63287,3303.738,3853.0,811.2,-1
-0.34648,-30.41425,4454.284,4431.0,3341.5,9998
0.00594,-29.27247,3868.084,3838.0,3319.1,9998
-0.05667,-28.96424,3787.692,3967.0,3286.3,9998
-0.0653,-29.09246,4183.808,4034.0,3621.0,-1
-0.07859,-28.97822,3819.735,4040.0,3317.0,9998
-0.15204,-29.48052,3942.103,4088.0,3326.2,-1
-0.13948,-29.97798,3967.584,3881.0,3339.8,9998
-0.13152,-30.4559,4047.424,4176.0,3383.3,9998
-0.03376,-30.72276,3661.33,3582.0,3138.9,9998
-0.00922,-30.7081,3156.92,3232.0,2744.5,9998
-0.14907,-30.65144,3899.336,3935.0,3275.5,-1
-0.26819,-30.18898,4378.973,4195.0,3498.4,9998
-0.16386,-30.52558,4161.278,4165.0,3473.0,9998
-0.11565,-30.63024,3817.586,3662.0,3249.0,-1
-0.059,-30.55895,3535.482,3520.0,3023.9,-1
0.53164,-38.255,4221.937,4497.0,2442.9,9998
0.52678,-38.28565,3946.3,4495.0,2270.0,9998
0.51507,-38.33579,3945.128,4488.0,2258.4,9998
0.50603,-38.38616,3943.957,4486.0,2215.7,9998
0.46395,-38.4594,4469.673,4407.0,2514.3,9998
0.30665,-38.88788,4346.425,4316.0,1854.9,9998
0.31419,-38.94568,4330.734,4345.0,1784.0,9998
0.25182,-39.08241,4301.883,4307.0,1423.6,9998
0.04391,-38.97378,4313.775,4319.0,1003.3,9998
-0.65371,-38.87549,4287.941,4286.0,4305.7,9998
-1.33059,-37.40423,4194.719,4170.0,3970.4,9998
-1.61717,-36.55376,4269.793,4267.0,3910.8,9998
-1.43317,-36.53248,4390.944,4395.0,3046.0,9998
-1.51669,-35.8066,4259.461,4267.0,2633.7,9998
-1.7138,-34.93313,4133.85,4112.0,3046.1,9998
-2.43847,-35.0561,3891.682,3910.0,5000.3,9998
-2.85905,-35.27982,3803.86,3812.0,6357.9,9998
-3.05355,-35.17376,3743.862,3748.0,6792.0,9998
-3.55196,-34.59023,3827.863,3833.0,6344.6,9998
-3.97984,-34.63333,3490.2,3529.0,7361.4,9998
-5.72283,-33.9434,4268.319,4257.0,3708.2,9998
-4.94335,-32.60152,4519.947,4516.0,3550.2,9998
-5.26513,-32.04461,4646.381,4660.0,2740.9,9998
-5.50138,-31.92978,4728.975,4720.0,2042.2,9998
-5.59449,-32.02328,4711.357,4719.0,1761.4,9998
-5.68686,-32.22248,4713.198,4717.0,1536.6,9998
-5.63599,-32.61811,4621.338,4600.0,1911.3,9998
-5.47051,-32.94627,4584.556,4592.0,2524.7,9998
-5.12012,-32.90149,4550.119,4551.0,3163.5,9998
-5.07956,-32.42947,4545.352,4550.0,3264.0,9998
-5.37701,-31.69234,4704.662,4708.0,2436.3,9998
-5.74497,-31.21436,4966.793,4964.0,1728.8,9998
-5.87367,-31.23595,4978.93,4984.0,1505.8,-1
-6.08392,-31.18022,5018.167,5007.0,1329.5,9998
-6.06291,-31.01679,5055.574,5051.0,1491.8,9998
-6.01822,-30.94485,5075.493,5067.0,1589.2,9998
-6.2108,-30.90902,5131.515,5078.0,1557.7,9998
-6.47596,-30.85566,5180.332,5197.0,1675.6,9998
-6.59636,-30.78271,5212.939,5209.0,1803.2,9998
-6.5296,-30.65555,5236.147,5235.0,1897.5,9998
-6.32495,-30.70383,5188.891,5185.0,1791.3,9998
-6.2927,-30.72018,5179.379,5184.0,1768.7,9998
-6.43945,-30.75818,5199.268,5220.0,1762.8,9998
-6.64551,-30.78205,5221.962,5212.0,1813.8,9998
-6.66617,-30.78295,5226.911,5215.0,1818.5,9998
-6.60938,-30.69758,5228.081,5229.0,1877.1,9998
-6.44332,-30.6329,5220.722,5229.0,1864.0,9998
-6.31074,-30.59583,5210.057,5128.0,1913.0,9998
-6.20592,-30.5399,5202.108,5152.0,1973.2,-1
-6.08127,-30.44431,5184.645,5158.0,2051.8,9998
-6.09034,-30.43813,5189.401,5154.0,2059.4,-1
-6.14734,-30.56343,5188.133,5179.0,1942.2,9998
-6.13014,-30.80595,5139.682,5144.0,1679.6,9998
-6.0367,-30.96959,5067.525,5067.0,1553.6,9998
-6.32047,-31.10623,5069.926,5071.0,1356.7,9998
-6.55879,-31.15567,5109.918,5109.0,1422.9,9998
-6.56143,-31.07352,5128.856,5128.0,1499.8,9998
-6.44674,-30.87437,5163.925,5169.0,1640.9,9998
-6.52835,-30.68521,5226.829,5231.0,1868.2,-1
-6.7045,-30.53793,5282.135,5300.0,2041.9,9998
-6.62345,-30.46341,5300.292,5335.0,2041.7,9998
-6.46351,-30.38389,5256.732,5253.0,2052.2,9998
-6.48809,-30.36076,5251.683,5265.0,2078.2,9998
-6.65952,-30.41455,5322.023,5318.0,2111.2,9998
-6.94098,-30.46268,5352.749,5310.0,2287.1,9998
-7.15517,-30.39806,5384.543,5354.0,2455.6,9998
-7.11297,-30.3325,5387.264,5344.0,2451.2,9998
-6.75955,-30.38086,5350.053,5324.0,2202.6,9998
-6.36407,-30.40948,5238.01,5171.0,2048.1,9998
-6.0879,-30.37678,5183.188,5151.0,2108.7,-1
-6.12076,-30.32461,5188.912,5148.0,2158.9,-1
-6.36183,-30.30304,5138.2,5162.0,2070.1,9998
-6.62509,-30.186,5027.537,4934.0,2151.7,9998
-6.86575,-29.98528,5078.999,5174.0,2263.8,9998
-6.96911,-29.95506,5412.986,5429.0,2376.6,9998
-7.08381,-29.98511,5419.181,5435.0,2456.9,9998
-7.01368,-30.02772,5414.048,5384.0,2405.3,9998
-7.15476,-30.12547,5412.091,5415.0,2517.3,9998
-7.33891,-30.24204,5410.904,5388.0,2603.8,9998
-7.53618,-30.24869,5414.565,5406.0,2702.7,9998
-7.52017,-30.23779,5414.664,5412.0,2696.0,9998
-7.09778,-30.26245,5395.706,5379.0,2461.4,9998
-7.00651,-30.31006,5384.852,5355.0,2388.2,9998
-6.97849,-30.36132,5372.147,5333.0,2352.5,9998
-7.00023,-30.32304,5380.778,5350.0,2379.7,9998
-7.21546,-30.36423,5392.102,5384.0,2503.7,9998
-7.66488,-30.46738,5399.028,5399.0,2712.4,9998
-8.07078,-30.71218,5386.364,5401.0,2846.4,9998
-8.28376,-30.93567,5377.604,5375.0,2951.2,9998
-8.44835,-30.92274,5375.738,5390.0,2928.1,-1
-8.67225,-30.71956,5369.108,5377.0,2689.3,9998
-8.93613,-30.51378,5340.74,5362.0,2093.3,9998
-8.98371,-30.25606,5346.166,5374.0,1954.8,9998
-9.07639,-30.03459,5369.145,5455.0,1867.4,9998
-9.41747,-30.1812,5349.106,5347.0,1676.3,9998
-9.55196,-30.39233,5327.644,5338.0,1591.4,9998
-9.69705,-30.61177,5299.676,5124.0,1487.9,9998
-10.0762,-30.88271,5316.497,5229.0,1639.8,-1
-9.77992,-31.2391,5252.207,5266.0,1659.4,9998
-9.06155,-31.5814,5089.401,5086.0,1903.2,9998
-8.54938,-32.15993,5028.663,4959.0,2337.9,9998
-8.0461,-32.46436,4805.652,4865.0,2191.6,9998
-8.16733,-32.26796,4919.779,4901.0,2359.8,9998
-8.45857,-32.56073,4895.829,4794.0,2169.7,9998
-8.89851,-32.75025,4931.831,4932.0,1821.5,9998
-9.78509,-32.72426,4915.568,4904.0,1378.5,-1
-9.39951,-32.18889,4995.897,4986.0,1525.6,9998
-9.05423,-32.75583,4863.667,4877.0,1645.0,9998
-8.89648,-32.81968,4849.688,4903.0,1818.3,9998
-9.04926,-33.33148,4612.6,4626.0,1828.3,9998
-9.06695,-33.71126,4518.656,4550.0,1717.5,9998
-9.4563,-34.15961,4529.12,4078.0,2426.6,9998
-10.33863,-33.00573,4843.06,4865.0,1800.9,9998
-10.79036,-33.71251,4674.919,4630.0,1815.0,9998
-11.26108,-33.91679,4563.705,4678.0,2036.2,9998
-10.66939,-33.83186,4608.182,4645.0,1731.1,9998
-10.53601,-33.51207,4739.556,4728.0,1738.8,9998
-10.16273,-34.64382,4317.646,4292.0,1952.7,9998
-9.45613,-33.28963,4675.507,4682.0,1535.7,9998
-8.95199,-33.0868,4860.959,4791.0,1914.3,9998
-9.75651,-32.88215,4889.23,4870.0,1349.7,-1
-10.39599,-33.44881,4811.06,4764.0,1705.0,9998
-10.59633,-34.00511,4598.267,4602.0,1841.3,9998
-10.66731,-34.66789,4219.518,4243.0,1377.3,9998
-10.43142,-34.91515,4014.23,4001.0,2196.2,9998
-10.98011,-35.03998,3966.824,4008.0,1360.1,9998
-11.2518,-35.50069,3804.416,3820.0,881.7,9998
-11.29079,-35.68063,3581.213,3594.0,774.9,9998
-11.43927,-35.70194,3826.365,3787.0,749.0,9998
-10.59793,-34.65902,4239.025,4241.0,1180.0,9998
-10.45311,-34.35572,4425.265,4426.0,1490.4,9998
-9.98264,-20.03594,4126.581,4332.0,553.9,9998
-9.97286,-20.04699,3949.288,4297.0,527.6,9998
-9.96186,-20.07744,3752.706,4563.0,504.3,9998
-9.97063,-20.0763,3749.969,4565.0,508.5,9998
-9.95764,-20.04857,4248.082,4231.0,558.2,9998
-9.96796,-20.03678,4369.61,4353.0,576.9,9998
-10.09108,-20.18748,4660.237,4406.0,761.3,-1
-10.39313,-20.16413,4352.013,4468.0,995.1,-1
-5.92751,-25.08011,3949.301,5617.0,1234.5,9998
-5.8857,-25.0414,3944.91,5539.0,1238.7,9998
-5.86841,-25.02339,5364.314,5379.0,1690.0,9998
-5.85936,-25.01988,5377.315,5429.0,1697.7,9998
-5.8624,-25.01156,5544.502,5562.0,1748.5,9998
-5.86733,-25.0877,5553.518,5625.0,1755.0,9998
-5.92511,-25.2278,5656.921,5560.0,1774.1,9998
-6.00826,-25.3654,5483.6,5466.0,1728.2,9998
-6.03579,-25.39871,5792.618,5709.0,1842.6,9998
-5.98213,-25.39155,5558.449,5584.0,1746.6,9998
-5.87596,-25.36576,5414.563,5383.0,1710.2,9998
-5.85277,-25.29062,5738.791,5702.0,1812.8,9998
-5.86916,-25.24231,5736.367,5687.0,1812.9,9998
-5.95986,-25.20394,5725.992,5700.0,1797.4,9998
-6.02683,-25.17821,5693.339,5682.0,1799.3,9998
-6.07498,-25.2042,5741.381,5651.0,1835.1,9998
-6.25965,-25.313,5541.357,5736.0,1900.5,-1
-6.48332,-25.4634,5619.649,5586.0,2146.7,-1
-6.63731,-25.49795,5727.851,5695.0,2369.9,-1
-6.61778,-25.48619,5724.852,5671.0,2345.8,-1
-6.53373,-25.44119,5772.126,5617.0,2268.1,-1
-6.42568,-25.35406,5787.925,5688.0,2156.4,-1
-6.361,-25.08693,5828.602,5672.0,2127.3,9998
-6.38595,-24.95765,5789.479,5811.0,2141.8,9998
-6.46814,-24.84268,5574.486,5679.0,2156.9,-1
-6.40164,-24.57124,5482.878,5559.0,2029.1,9998
-6.37376,-24.51568,5718.875,5671.0,2089.8,9998
-6.35378,-24.45173,5501.112,5417.0,1998.7,9998
-6.35376,-24.41831,5295.178,5342.0,1930.8,9998
-6.31935,-24.20958,5196.756,5306.0,1940.0,9998
-6.26258,-24.01215,5171.324,5082.0,1941.1,9998
-5.97763,-23.3569,5745.266,5743.0,1939.7,9998
-6.27999,-24.10553,5041.368,5080.0,1889.9,9998
-6.31857,-23.67569,4515.258,4623.0,1800.8,9998
-5.89876,-23.52433,5753.798,5777.0,1895.1,9998
-5.90285,-23.59675,5461.696,5485.0,1792.7,9998
-5.86089,-23.60048,5488.948,5441.0,1789.3,9998
-5.74598,-23.48752,5356.08,5395.0,1766.6,9998
-5.64449,-23.37322,5440.579,5519.0,1819.0,9998
-5.55584,-23.24913,5259.25,5260.0,1790.8,9998
-5.511,-23.05778,5377.835,5326.0,1818.7,9998
-5.48005,-22.99084,5045.039,5056.0,1703.3,9998
-5.37048,-22.49427,5467.178,5459.0,1747.2,9998
-5.08667,-22.54008,4963.935,5209.0,2052.6,-1
-5.15744,-22.46912,4851.26,5238.0,1854.6,-1
-5.6122,-21.90298,5103.117,5120.0,1450.9,9998
-5.46994,-21.83598,5205.771,5157.0,1506.6,-1
-5.45259,-21.83655,5053.007,5115.0,1481.7,-1
-5.30387,-21.78616,4942.048,5319.0,1595.8,-1
-5.17896,-22.0989,5314.797,5332.0,1840.5,9998
-5.19045,-22.26019,4657.092,4903.0,1636.8,-1
-5.08212,-22.33375,4838.334,5012.0,1943.6,-1
-5.18031,-22.53084,5153.171,5286.0,1934.1,-1
-5.16386,-22.42807,5301.504,5265.0,1995.7,-1
-5.03916,-22.36952,5262.306,5318.0,2225.1,-1
-5.2405,-22.50705,4938.36,5253.0,1731.9,-1
-5.47933,-22.69992,5456.5,5457.0,1711.1,-1
-5.61987,-22.90828,5105.35,5277.0,1599.8,9998
-5.61914,-22.98223,4943.479,4923.0,1587.6,9998
-5.69163,-22.99948,4706.484,4754.0,1497.6,9998
-5.53746,-22.68761,5036.095,5179.0,1563.7,-1
-5.89534,-22.51636,4991.755,5092.0,1591.0,-1
-6.0904,-22.51943,4701.098,4902.0,1727.6,-1
-6.28298,-22.55908,4792.521,4817.0,1984.4,-1
-6.34077,-22.56854,4695.529,4964.0,2009.0,-1
-6.20106,-22.31244,5151.716,5038.0,2041.9,-1
-5.98414,-22.03683,5088.026,5078.0,1723.1,9998
-5.93327,-21.9813,5220.095,5223.0,1706.6,9998
-5.96981,-21.9653,5136.396,5206.0,1729.2,9998
-6.03407,-21.99102,5222.123,5191.0,1818.4,9998
-6.08533,-21.9931,5235.805,5250.0,1886.0,-1
-6.09371,-22.03199,5099.865,5217.0,1846.3,-1
-5.95632,-22.1012,4915.26,5095.0,1650.0,9998
-6.0519,-22.02204,4999.029,5130.0,1759.1,9998
-6.24865,-21.92753,4670.724,4534.0,1939.8,9998
-6.08084,-21.90329,4631.52,4971.0,1703.8,-1
-5.58465,-21.84448,5271.09,5241.0,1482.4,-1
-5.50901,-21.8873,5059.317,5004.0,1465.9,-1
-5.9639,-22.07259,5087.445,5171.0,1714.3,9998
-6.32292,-22.23393,4433.154,4344.0,1926.3,9998
-6.33063,-22.21966,3964.303,4141.0,1744.1,9998
-24.03728,-29.84308,4245.52,5343.0,252.0,9998
-24.09476,-29.72427,3946.635,5308.0,237.2,9998
-24.13294,-29.59041,3945.844,5379.0,239.5,9998
-24.14057,-29.46598,3943.892,5399.0,238.6,9998
-24.05669,-29.15127,5437.736,5424.0,376.7,-1
-24.01163,-29.02882,5464.981,5452.0,398.8,-1
-24.02095,-28.94994,5470.113,5456.0,413.1,-1
-24.10522,-28.99931,5467.464,5388.0,420.0,9998
-24.29542,-29.13568,5454.604,5447.0,420.4,9998
-24.42129,-29.31925,5453.199,5424.0,395.5,9998
-24.40856,-29.52265,5221.41,5308.0,357.4,9998
-24.34905,-29.9915,5405.354,5311.0,359.4,9998
-24.40303,-30.81859,5353.576,5310.0,388.7,-1
-24.35963,-30.78023,5356.791,5301.0,393.9,-1
-24.01534,-30.69466,5247.06,5237.0,344.1,9998
-23.48567,-30.67684,5200.98,5258.0,572.5,9998
-23.42609,-30.61512,5225.251,5253.0,614.6,-1
-23.93472,-30.749,5236.905,5247.0,348.7,9998
-24.12071,-30.96871,5251.871,5251.0,370.8,-1
-24.08411,-30.85846,5262.455,5214.0,378.8,-1
-23.9769,-30.81088,5240.284,5250.0,364.0,9998
-23.80721,-30.80304,5216.775,5221.0,366.2,9998
-23.62328,-30.78842,5186.962,5209.0,459.7,9998
-23.4971,-30.83518,5165.565,5183.0,569.3,-1
-23.36729,-30.83516,5185.888,5199.0,667.3,-1
-23.57092,-31.05764,5124.69,5144.0,484.1,9998
-23.6254,-31.10786,5121.08,5149.0,444.9,9998
-23.60425,-31.22796,5111.092,5137.0,453.5,9998
-23.62023,-31.25724,5181.531,5176.0,452.9,9998
-23.57499,-31.17554,5106.734,5112.0,470.1,9998
-23.53586,-31.26472,5094.326,5127.0,477.0,9998
-23.24736,-31.31556,5048.222,5074.0,514.4,9998
-22.86192,-31.41601,4894.432,4912.0,503.0,-1
-22.64479,-31.49769,4799.766,4845.0,624.5,-1
-22.60498,-31.4315,4807.359,4873.0,647.6,-1
-22.64351,-31.29388,4883.33,4949.0,643.7,-1
-22.88263,-31.18428,4997.761,5028.0,577.6,-1
-23.05927,-31.122,5004.305,5046.0,592.0,-1
-23.32965,-31.30059,5120.502,5108.0,519.9,9998
-23.56148,-31.39534,5182.132,5187.0,466.1,9998
-23.61353,-31.30296,5170.473,5184.0,455.1,9998
-23.55937,-31.2237,5095.773,5111.0,472.5,9998
-23.58588,-31.17079,5108.187,5107.0,464.5,9998
-23.502,-31.13313,5116.271,5145.0,521.6,9998
-23.50503,-31.03439,5135.387,5143.0,541.0,9998
-23.54034,-30.86753,5169.237,5182.0,528.2,-1
-23.69773,-30.79741,5195.473,5211.0,410.1,-1
-23.77527,-30.79465,5216.205,5215.0,375.6,-1
-23.86936,-30.51541,5266.508,5325.0,322.1,9998
-23.78804,-30.16683,5299.702,5299.0,378.4,-1
-23.66422,-30.10433,5326.992,5330.0,490.7,-1
-23.67548,-30.22024,5328.539,5308.0,459.0,9998
-23.72396,-30.34121,5281.883,5294.0,396.8,9998
-23.78029,-30.40032,5264.698,5309.0,353.3,-1
-23.87479,-30.4039,5277.076,5296.0,318.8,9998
-24.05119,-30.43513,5266.928,5302.0,336.2,9998
-24.17226,-30.49858,5284.824,5297.0,367.2,-1
-24.18544,-30.53006,5286.467,5287.0,368.5,-1
-24.13948,-30.50249,5279.017,5295.0,359.5,-1
-24.16669,-30.57841,5291.128,5315.0,367.7,-1
-24.15251,-30.64625,5299.182,5308.0,369.3,-1
-24.20673,-30.74312,5312.057,5299.0,384.0,9998
-24.26039,-30.83444,5344.226,5286.0,382.4,9998
-24.26741,-30.8587,5344.223,5277.0,377.8,-1
-24.29488,-30.87179,5315.71,5270.0,369.0,9998
-24.35596,-30.93719,5270.696,5237.0,338.9,-1
-24.39733,-30.9379,5333.414,5288.0,341.3,-1
-24.43849,-30.90306,5369.169,5354.0,358.7,9998
-24.50435,-30.95098,5331.628,5358.0,341.8,9998
-24.58182,-31.06259,5322.002,5356.0,302.3,-1
-24.64099,-31.18653,5304.044,5279.0,291.0,-1
-24.64196,-31.32437,5248.675,5273.0,291.8,-1
-24.54043,-31.56821,5272.374,5258.0,235.9,-1
-24.30477,-31.69958,5186.624,5172.0,250.9,9998
-24.15876,-31.62,5124.872,5125.0,243.9,9998
-24.18585,-31.82328,5136.215,5106.0,264.1,-1
-23.9375,-32.23766,5022.358,5016.0,429.7,-1
-23.74937,-32.01116,5016.112,5008.0,412.0,-1
-23.52959,-31.14615,5115.775,5148.0,501.4,9998
-23.02684,-31.318,4947.897,4955.0,503.9,9998
-22.95252,-30.98047,5072.685,5132.0,618.9,9998
-23.1279,-30.72578,5150.75,5225.0,678.0,-1
-23.17054,-30.44846,5211.567,5229.0,679.4,-1
-22.99595,-30.23511,5231.998,5224.0,670.7,-1
-22.89834,-30.24328,5226.6,5255.0,691.3,-1
-22.73806,-30.48048,5223.163,5206.0,724.5,-1
-22.69183,-30.64637,5183.306,5158.0,698.9,-1
-22.8747,-30.77331,5156.077,5177.0,639.8,-1
-23.43038,-30.65166,5213.804,5256.0,615.5,9998
-23.61808,-30.35259,5263.203,5289.0,478.9,-1
-23.36185,-29.99397,5309.939,5396.0,654.2,-1
-23.02577,-29.88137,5286.979,5257.0,673.7,-1
-22.78638,-29.9595,5252.439,5292.0,766.3,-1
-22.63254,-30.08363,5235.906,5253.0,896.8,-1
-22.5412,-30.27615,5220.708,5204.0,906.4,-1
-22.51527,-30.32937,5212.083,5191.0,900.1,-1
-22.52109,-30.40834,5208.2,5178.0,858.1,-1
-22.38889,-30.51621,5127.322,5122.0,867.2,9998
-22.29539,-30.4736,5097.364,5110.0,916.6,9998
-22.18387,-30.42932,5051.098,5092.0,946.2,-1
-22.08292,-30.26727,5063.362,5135.0,1030.0,-1
-21.94558,-30.08271,5071.854,5173.0,1069.0,-1
-21.83391,-29.92869,5140.412,5188.0,1069.1,-1
-21.87108,-29.87002,5181.835,5197.0,1116.6,-1
-22.09643,-29.86655,5176.618,5204.0,1237.0,9998
-22.48838,-29.81208,5243.327,5326.0,1166.3,-1
-22.94619,-29.90405,5258.591,5255.0,686.2,9998
-23.15868,-30.1945,5256.771,5251.0,652.7,9998
-23.41559,-30.53177,5233.598,5256.0,612.1,-1
-23.78605,-30.57318,5243.36,5272.0,353.5,9998
-23.86138,-30.31163,5295.603,5299.0,328.3,9998
-23.06323,-30.16999,5236.437,5244.0,668.0,9998
-22.8938,-30.2318,5227.473,5256.0,692.9,-1
-22.96303,-30.27543,5238.896,5234.0,678.4,-1
-23.24286,-30.21055,5261.009,5272.0,648.3,-1
-23.70433,-30.04495,5311.853,5323.0,468.3,9998
-24.12084,-29.90814,5377.817,5380.0,335.6,9998
-24.29641,-29.67569,5394.907,5406.0,359.4,9998
-24.33318,-29.53409,5420.188,5426.0,357.4,9998
-14.23572,-24.87584,3947.97,5542.0,1405.8,-1
-14.24536,-24.88566,5539.063,5558.0,1971.6,-1
-14.30545,-24.8918,5269.558,5577.0,1883.9,-1
-14.35409,-24.87647,5306.221,5470.0,1901.8,-1
-14.45482,-25.08172,5186.547,5266.0,1917.4,9998
-14.57129,-25.17799,5035.729,5261.0,1849.0,9998
-14.69294,-25.19007,5494.754,5324.0,1960.8,-1
-14.75517,-25.1302,5293.319,5359.0,1876.0,-1
-14.87181,-25.12059,5442.166,5215.0,1877.8,9998
-14.9945,-25.11603,5251.152,5161.0,1775.7,9998
-15.12307,-25.14438,5291.096,5235.0,1758.5,-1
-15.29646,-25.18227,5802.736,5525.0,2002.9,9998
-15.45862,-25.2063,5701.802,5309.0,2072.3,-1
-15.24771,-25.21232,5733.622,5722.0,1948.1,-1
-15.32584,-25.31556,5853.35,5737.0,2055.5,-1
-15.30419,-25.43092,5465.228,5460.0,1920.0,-1
-15.21393,-25.52038,5483.282,5501.0,1865.4,-1
-15.16284,-25.54273,5272.749,5338.0,1766.0,9998
-15.64352,-26.06864,4797.305,4748.0,1889.2,-1
-15.28162,-26.91469,5678.024,5810.0,1719.4,9998
-15.3373,-27.08131,5881.508,5822.0,1678.0,-1
-15.40827,-27.28784,5234.263,5302.0,1425.3,-1
-15.48081,-27.33245,5191.446,5188.0,1430.8,9998
-15.6893,-27.52014,5544.607,5415.0,1605.0,-1
-15.58104,-27.34924,5465.932,5211.0,1569.2,9998
-15.49949,-27.34352,5179.212,5187.0,1433.0,9998
-15.18337,-27.24669,5294.865,5132.0,1438.9,-1
-14.97016,-27.15087,5412.569,5452.0,1589.2,9998
-14.87553,-27.08436,4874.858,5101.0,1537.2,-1
-15.15797,-27.12102,5627.881,5483.0,1599.5,-1
-15.11875,-27.04025,5442.201,5302.0,1616.7,-1
-15.04503,-27.04934,5379.19,5289.0,1628.5,9998
-14.92868,-27.25606,5572.52,5474.0,1573.3,-1
-14.83994,-27.39011,5208.198,5259.0,1499.2,9998
-14.81802,-27.68604,5210.921,5208.0,1442.5,9998
-14.87955,-27.72976,5343.636,5257.0,1416.8,9998
-15.02483,-27.70372,5417.209,5462.0,1325.1,-1
-15.18488,-27.57968,5271.773,5408.0,1297.3,9998
-15.35971,-27.29522,5644.49,5475.0,1516.6,-1
-15.26706,-27.0374,5675.51,5693.0,1644.5,9998
-15.20661,-26.88453,5614.692,5651.0,1712.2,9998
-15.09987,-26.66398,5094.653,5231.0,1670.7,-1
-15.06788,-26.71635,5051.737,5081.0,1650.7,-1
-14.99088,-27.14996,5419.836,5448.0,1578.3,-1
-14.91816,-27.09498,5189.544,5312.0,1589.5,9998
-14.83991,-27.04674,4814.305,5023.0,1553.6,9998
-14.61975,-27.04796,5439.028,5448.0,1790.3,9998
-14.43663,-26.96728,5269.235,5230.0,1732.8,9998
-14.57026,-26.67595,5524.833,5410.0,1801.3,-1
-14.5276,-26.58207,5808.07,5689.0,1862.7,-1
-14.57521,-26.47423,5228.836,5449.0,1705.7,-1
-14.6758,-26.45849,5511.043,5567.0,1859.6,9998
-14.60136,-26.35038,4792.384,5238.0,1582.4,9998
-14.469,-26.23051,5448.567,5445.0,1735.9,-1
-14.38163,-26.24039,5438.407,5441.0,1674.0,-1
-14.23603,-26.21739,5137.282,5234.0,1548.5,-1
-13.99668,-26.06554,5566.646,5317.0,1642.2,-1
-13.95143,-25.16326,5383.721,5633.0,1744.0,9998
-13.97866,-25.13734,5868.223,5784.0,1937.8,9998
-14.01505,-25.11915,5847.793,5768.0,1968.1,9998
-14.02704,-25.1036,5742.265,5731.0,1949.3,9998
-14.0472,-25.18679,5618.28,5426.0,1872.8,-1
-14.07603,-25.35531,5403.185,5452.0,1765.2,-1
-14.07903,-25.58048,5663.223,5603.0,1784.7,-1
-14.02879,-25.6211,5491.426,5557.0,1701.2,9998
-13.94894,-25.6368,5663.544,5352.0,1699.4,9998
-13.78476,-25.57455,5441.07,5373.0,1520.4,9998
-13.6274,-25.58976,4885.525,5076.0,1298.8,-1
-14.0752,-26.16976,5506.44,5344.0,1665.5,-1
-14.07296,-26.01805,5851.359,5502.0,1763.3,-1
-13.99852,-25.93561,5121.801,5285.0,1517.5,-1
-13.8791,-25.91966,5200.364,5186.0,1502.7,-1
-17.97665,-35.13216,3457.438,4093.0,900.9,9998
-17.85973,-35.19984,3457.166,4119.0,982.4,9998
-17.7824,-35.31861,3454.442,4149.0,1242.5,9998
-17.82191,-35.49458,4023.379,4039.0,2198.3,9998
-17.88528,-35.52529,3993.318,4011.0,2078.9,9998
-17.95828,-35.54237,4049.198,4028.0,1838.0,9998
-18.83792,-35.15296,4105.659,4092.0,833.1,-1
-19.16308,-34.76824,4143.706,4156.0,609.9,9998
-19.34066,-34.88334,4133.621,4136.0,674.6,9998
-19.1672,-33.93941,4239.807,4224.0,557.0,-1
-18.42924,-33.68782,4363.029,4337.0,691.8,-1
-18.11061,-33.81098,4396.316,4392.0,828.8,-1
-18.04876,-34.40566,4277.392,4301.0,790.1,9998
-18.62195,-34.00636,4333.177,4234.0,587.2,-1
-18.40676,-33.92556,4345.892,4304.0,632.8,9998
-18.85054,-33.45637,4277.3,4278.0,546.7,9998
-19.01471,-33.53997,4242.085,4241.0,508.2,9998
-19.1853,-33.67149,4220.703,4226.0,486.1,-1
-19.39914,-33.80008,4113.231,4158.0,512.9,9998
-19.00338,-34.81441,4189.363,4176.0,656.2,9998
-19.61999,-33.96952,4168.258,4165.0,562.5,9998
-19.38172,-33.56957,4140.242,4170.0,334.9,9998
-21.10879,-33.11595,4324.459,4318.0,359.5,9998
-23.70783,-32.96996,4819.347,4827.0,470.8,9998
-22.82355,-34.54231,4306.26,4311.0,916.5,-1
-23.02215,-34.36264,4258.573,4274.0,453.4,9998
-22.52898,-34.92736,4333.807,4352.0,1843.1,9998
-22.82915,-34.39727,4318.725,4339.0,901.9,9998
-22.76378,-34.31509,4372.107,4376.0,1129.1,9998
-22.51439,-34.33322,4467.093,4487.0,2058.9,-1
-21.46799,-34.38426,4484.522,4524.0,929.9,9998
-21.28797,-33.67891,4338.533,4349.0,1535.1,9998
-21.50557,-32.86868,4397.582,4378.0,1069.4,9998
-22.21635,-32.26816,4533.646,4521.0,748.3,-1
-22.31487,-32.49329,4523.303,4540.0,711.8,-1
-22.25389,-32.52321,4519.039,4508.0,756.2,9998
-22.29005,-32.56556,4523.213,4508.0,750.4,9998
-22.47319,-32.42793,4526.565,4590.0,623.4,-1
-22.53635,-32.41654,4537.151,4544.0,577.2,9998
-22.36135,-32.49641,4525.819,4553.0,689.0,-1
-22.15005,-32.62967,4510.409,4475.0,855.8,-1
-21.96001,-32.85679,4477.667,4487.0,1138.9,9998
-21.58349,-33.10994,4377.308,4381.0,1285.4,9998
-21.51235,-33.72407,4416.955,4412.0,800.7,9998
-21.90745,-33.91228,4504.835,4517.0,1940.3,9998
-21.93369,-33.76562,4499.669,4533.0,1945.7,9998
-22.03277,-33.88454,4513.654,4517.0,2163.4,9998
-22.00607,-33.8028,4509.38,4517.0,2086.1,9998
-22.10516,-33.82299,4513.633,4510.0,2183.7,9998
-22.06737,-34.10801,4528.143,4532.0,2336.1,9998
-21.7472,-33.86427,4480.161,4456.0,1440.0,-1
-21.86719,-33.5591,4471.173,4489.0,1786.1,9998
-21.8826,-33.08883,4460.462,4466.0,1430.5,9998
-21.69825,-32.69762,4424.983,4430.0,1026.6,9998
-21.46255,-32.26516,4413.561,4380.0,726.8,9998
-21.15949,-32.15602,4418.707,4425.0,625.5,9998
-20.89879,-31.9382,3823.907,3796.0,162.5,9998
-20.90249,-31.90194,3561.354,3656.0,134.0,9998
-21.22705,-32.14546,4428.035,4346.0,659.1,9998
-21.35488,-32.21989,4137.898,4077.0,668.1,9998
-21.23732,-32.18956,4428.908,4436.0,672.6,9998
-21.16456,-32.34935,4396.604,4400.0,733.6,9998
-21.88656,-32.8486,4457.638,4468.0,1162.6,9998
-22.17818,-33.40229,4498.139,4503.0,1724.6,9998
-21.93878,-33.75002,4498.11,4540.0,1947.6,9998
-21.2571,-33.40193,4298.511,4321.0,594.5,9998
-21.22229,-32.59192,4413.53,4406.0,915.3,9998
-22.11291,-31.81318,4573.566,4570.0,928.1,-1
-22.27027,-31.66341,4567.683,4600.0,814.4,9998
-22.17262,-31.55085,4607.498,4619.0,929.2,9998
-22.18331,-31.50601,4609.732,4647.0,924.9,9998
-22.2022,-31.611,4587.938,4604.0,891.3,9998
-22.2749,-31.8637,4559.022,4577.0,759.3,-1
-22.40464,-32.00298,4567.156,4619.0,650.3,-1
-22.5116,-32.07077,4619.264,4668.0,610.2,-1
-22.54966,-32.0009,4691.02,4724.0,604.3,9998
-22.23265,-31.74447,4573.531,4583.0,829.0,-1
-22.37198,-31.93041,4553.546,4605.0,674.1,-1
-22.62623,-32.50376,4544.325,4565.0,483.4,9998
-22.67756,-32.41577,4573.398,4587.0,438.8,9998
-22.74509,-32.16909,4696.697,4700.0,449.7,9998
-22.66812,-31.95587,4723.554,4718.0,539.9,-1
-22.44342,-31.73977,4603.332,4660.0,676.5,-1
-21.84808,-31.52166,4640.956,4648.0,1058.8,-1
-21.31888,-31.41445,4558.035,4569.0,1087.6,-1
-21.15417,-31.24232,4592.814,4612.0,1156.3,9998
-20.83941,-31.15471,4598.254,4590.0,1184.4,9998
-20.7022,-31.25026,4569.787,4576.0,1232.0,9998
-20.33481,-31.40262,4255.204,4251.0,1257.6,9998
-20.96529,-31.76378,4029.379,4090.0,680.3,9998
-21.30873,-31.91645,4399.389,4393.0,722.1,9998
-21.19255,-31.73111,4451.797,4483.0,841.8,9998
-21.21534,-31.61333,4474.275,4477.0,960.3,9998
-21.12176,-31.60934,4518.682,4578.0,983.6,9998
-21.08239,-31.50545,4549.832,4566.0,1087.9,-1
-21.08605,-31.41912,4566.664,4556.0,1119.8,9998
-20.94388,-31.37439,4562.13,4561.0,1191.9,9998
-20.91519,-31.48145,4377.685,4437.0,1250.1,9998
-20.62415,-31.28068,4510.937,4468.0,1272.7,9998
-20.59175,-31.52653,4130.001,4145.0,1959.5,9998
-20.42236,-31.61695,4223.903,4221.0,2064.8,9998
-20.57106,-31.43334,4325.771,4297.0,1650.8,9998
-21.2381,-31.48187,4507.458,4534.0,1049.1,9998
-20.49656,-32.73311,4211.412,4205.0,1366.9,9998
-20.83781,-32.71046,4276.41,4275.0,1140.8,9998
-21.79835,-32.68543,4456.592,4457.0,1037.1,9998
-22.50347,-33.41272,4568.976,4651.0,1332.1,9998
-22.50683,-34.22733,4473.713,4497.0,2041.1,9998
-22.39121,-35.14803,4364.91,4368.0,2135.0,9998
-21.99238,-35.51231,4471.721,4446.0,2270.2,9998
-21.30872,-35.21842,4372.709,4369.0,683.5,9998
-21.5337,-34.90886,4435.933,4433.0,337.6,9998
-22.43059,-34.88765,4365.094,4392.0,2156.7,9998
-22.66711,-35.41324,4234.317,4235.0,1279.5,9998
-22.62254,-36.04664,4154.522,4168.0,1156.8,9998
-22.40336,-35.93498,4229.421,4247.0,1717.7,9998
-22.44108,-36.35716,4101.154,4112.0,1331.1,9998
-23.07914,-36.0708,4139.095,4116.0,534.2,-1
-23.19302,-36.22492,4127.756,4121.0,581.4,-1
-23.00378,-36.13037,4131.318,4118.0,583.0,-1
-22.75003,-36.12596,4150.783,4134.0,853.5,-1
-22.87236,-35.9328,4160.496,4165.0,696.1,-1
-22.98676,-35.43392,4188.92,4209.0,580.7,9998
-23.35596,-34.96129,4208.207,4213.0,222.7,9998
-23.68892,-34.71844,4260.623,4252.0,131.8,9998
-23.36657,-34.32916,4262.761,4240.0,196.7,9998
-23.01653,-34.66446,4248.443,4257.0,494.8,9998
-22.66836,-34.90051,4289.843,4321.0,1393.6,9998
-22.3711,-35.08367,4361.313,4370.0,2210.1,9998
-14.98045,-20.03934,3753.343,4464.0,1311.3,-1
-14.99783,-20.05432,3750.996,4492.0,1331.1,-1
-14.97396,-20.12156,4317.03,4354.0,1499.3,-1
-14.98109,-20.14298,4440.833,4356.0,1552.7,-1
-14.53362,-20.31028,4568.362,4378.0,958.1,9998
-14.34909,-20.30949,4531.898,4856.0,863.8,-1
-14.24191,-20.30252,4880.246,4908.0,927.6,-1
-14.2448,-20.25151,4870.331,4874.0,915.3,-1
-14.26158,-20.25181,4906.872,4889.0,919.8,-1
-14.29102,-20.20763,4883.928,4767.0,917.3,-1
-5.14708,-21.13566,3982.741,4882.0,1592.3,-1
-5.15472,-21.12267,3950.917,4845.0,1575.7,-1
-5.16302,-21.1003,3945.449,4823.0,1571.0,-1
-5.16222,-21.02344,4750.404,4771.0,1895.5,-1
-4.94246,-20.20478,5322.096,5168.0,2619.6,9998
-4.95419,-20.18514,5370.413,5196.0,2626.5,9998
-4.91271,-20.23564,4987.953,4963.0,2503.9,9998
-4.94937,-20.35344,5284.539,5187.0,2556.6,9998
-5.09634,-20.52541,4633.353,4664.0,2083.4,9998
-5.87085,-20.75991,4863.937,4872.0,1744.5,-1
-5.94801,-20.69911,4939.95,4858.0,1823.6,-1
-6.00622,-20.46599,4670.551,4810.0,1767.0,9998
-6.39898,-20.46006,4980.434,5171.0,2023.3,9998
-6.56731,-20.42938,5388.978,5389.0,2362.2,9998
-6.40047,-20.35306,5128.777,4960.0,2093.6,9998
-6.16889,-20.40046,5237.448,5119.0,2052.2,9998
-5.92969,-20.6197,4892.125,4842.0,1812.7,-1
-5.76973,-20.7037,4728.757,4762.0,1700.6,-1
-5.76198,-20.69431,4768.058,4746.0,1719.4,-1
-5.70757,-20.58007,4960.091,4853.0,1837.3,9998
-5.25326,-20.5372,5127.138,5151.0,2083.6,9998
-5.20953,-20.55796,4957.607,5025.0,2071.8,9998
-5.16302,-20.45645,5105.875,4884.0,2232.4,-1
-5.20568,-19.87371,4912.119,4759.0,2173.5,-1
-5.23589,-19.86155,4930.682,4812.0,2141.1,-1
-5.31546,-19.88851,4883.138,4827.0,2090.4,-1
-5.65409,-19.05061,4591.355,4343.0,1826.8,-1
-5.57576,-18.9942,4465.848,4464.0,1751.1,-1
-5.42694,-19.05411,4543.572,4536.0,1821.2,-1
-5.08388,-19.25266,4512.828,4138.0,2147.7,-1
-5.10751,-19.4444,4732.314,4703.0,2163.4,-1
-5.34984,-19.44175,4744.456,4644.0,1978.0,-1
-5.4582,-19.3199,4737.733,4633.0,1924.3,-1
-5.63249,-19.42764,4819.131,4672.0,1946.4,-1
-5.69545,-19.46116,4832.448,4741.0,1952.5,-1
-5.79179,-19.51346,4688.572,4636.0,1900.1,-1
-6.21795,-19.66773,4806.046,4811.0,2016.1,-1
-6.39433,-19.41923,4521.678,4479.0,1931.5,-1
-5.98572,-19.31906,4583.93,4652.0,1895.9,-1
-5.67239,-19.34733,4528.07,4489.0,1834.2,-1
-5.51673,-19.37767,4582.8,4538.0,1855.3,-1
-5.35491,-19.11147,4703.788,4623.0,1921.4,-1
-5.35062,-19.10293,4668.077,4639.0,1907.8,-1
-5.33167,-19.07641,4732.102,4686.0,1940.2,-1
-5.33503,-18.98398,4549.518,4563.0,1854.5,-1
-5.44318,-18.9825,4549.121,4606.0,1808.8,-1
-5.39381,-19.05459,4583.784,4616.0,1849.7,-1
-5.34017,-19.15809,4589.142,4612.0,1884.9,-1
-5.34582,-19.45153,4587.486,4652.0,1915.4,-1
-5.76819,-19.76455,4825.149,4816.0,1954.4,-1
-5.72794,-20.19992,5105.631,4973.0,1983.3,-1
-6.21049,-20.14643,4688.826,4847.0,1928.8,-1
-6.32137,-20.29928,5041.268,4752.0,2087.9,-1
-6.28589,-20.35184,5097.224,4985.0,2070.2,-1
-6.61148,-20.36529,5027.636,4987.0,2243.8,9998
-6.80285,-20.12869,5139.416,4585.0,2490.0,-1
-6.84659,-20.09989,4949.773,4822.0,2447.6,-1
-6.64618,-19.75804,4227.003,3767.0,1889.3,-1
-5.92423,-20.04926,4977.37,4973.0,1964.0,-1
-5.94782,-20.05555,4986.793,4952.0,1978.3,-1
-6.22235,-19.91578,4918.346,4922.0,2022.6,-1
-6.57812,-19.81596,5027.445,4672.0,2207.3,-1
-6.57717,-19.88238,5240.802,4928.0,2283.0,-1
-6.52906,-20.05817,4935.033,4949.0,2123.7,-1
-6.49881,-19.8425,4764.002,4974.0,2023.4,-1
-6.28321,-19.98696,4857.092,4841.0,2000.5,-1
-6.36151,-19.85994,5067.104,4920.0,2095.6,-1
-6.63744,-19.7552,4238.118,3559.0,1889.3,-1
-6.61479,-19.71794,4460.109,4263.0,1974.5,-1
-6.92637,-19.49917,4681.556,4888.0,2298.3,-1
-6.86196,-19.60068,4976.692,4577.0,2355.3,-1
-6.29263,-19.57345,4650.77,4566.0,1959.1,-1
-6.52235,-19.71089,5355.804,4887.0,2288.9,-1
-6.62077,-19.97865,5043.957,4925.0,2225.4,-1
-6.64201,-20.06998,5247.783,4916.0,2355.1,-1
-6.40234,-20.21192,5009.293,4761.0,2096.7,-1
-6.20317,-20.0714,5053.325,4940.0,2050.6,-1
-5.93898,-20.00408,4980.964,4955.0,1969.9,-1
-6.08192,-19.95477,5010.686,4987.0,2014.3,-1
-6.0061,-19.71329,4801.009,4728.0,1977.2,9998
-5.80571,-19.21066,4453.167,4481.0,1820.1,-1
-5.76469,-19.08672,4476.157,4431.0,1811.8,-1
-5.63013,-18.75827,4582.985,4491.0,1754.2,-1
-5.55205,-18.51391,4332.469,4357.0,1663.0,-1
-25.81627,-25.31387,4115.699,5071.0,884.4,9998
-25.78432,-25.3372,3946.75,4905.0,847.4,9998
-25.74898,-25.33958,3943.445,4910.0,847.2,9998
-25.71915,-25.36898,3943.844,5238.0,830.5,9998
-25.61011,-25.40237,5046.618,5102.0,1058.4,9998
-26.07523,-25.04885,4576.31,4747.0,926.2,9998
-26.22824,-24.84409,4796.436,4910.0,824.2,9998
-26.44212,-24.59506,5064.364,4862.0,693.0,-1
-26.52611,-24.4428,4814.791,4581.0,604.3,-1
-26.58534,-24.13211,4695.146,4794.0,558.7,9998
-26.66881,-24.07536,4348.718,4759.0,428.8,-1
-27.00782,-23.77306,4749.423,4889.0,187.7,9998
-27.00895,-23.70985,4734.458,4764.0,209.5,9998
-26.96795,-23.36869,4944.289,4882.0,304.6,9998
-27.06582,-23.17888,4553.706,4574.0,272.3,9998
-27.4967,-23.03577,4836.881,4843.0,480.7,9998
-27.61542,-22.90524,4462.663,4469.0,495.3,-1
-27.54154,-22.91782,4418.316,4497.0,476.1,9998
-27.51897,-22.9262,4432.336,4504.0,470.2,9998
-27.5058,-23.08296,4710.18,4791.0,460.9,9998
-27.49463,-23.16034,4321.678,4463.0,389.1,-1
-27.50423,-23.23552,4320.994,4345.0,373.0,-1
-27.43545,-23.23667,4399.569,4759.0,315.0,-1
-27.30215,-23.41751,4617.222,4628.0,152.1,9998
-27.1817,-23.39918,4295.881,4384.0,157.9,9998
-27.13539,-23.3286,4477.709,4448.0,190.5,9998
-26.80241,-23.33225,4942.213,4972.0,456.8,9998
-26.77643,-23.29603,4572.476,4749.0,455.9,9998
-26.78306,-23.32578,4887.064,4838.0,477.8,9998
-26.75131,-23.36236,4794.406,4725.0,511.7,-1
-26.71211,-23.30123,4616.647,4554.0,531.4,-1
-26.90657,-23.24162,5179.544,5246.0,375.0,9998
-26.92176,-23.50771,5111.245,4953.0,321.3,9998
-26.83712,-23.4147,5099.052,5201.0,418.4,9998
-26.87209,-23.26865,5382.378,5415.0,420.3,9998
-26.87838,-23.21307,5375.689,5384.0,416.1,9998
-26.86268,-23.30825,5372.594,5407.0,427.7,9998
-26.77464,-23.51448,4911.151,4895.0,473.7,9998
-26.73666,-23.58492,4676.916,4658.0,503.7,-1
-26.70548,-23.45544,4726.498,4732.0,551.3,-1
-26.54118,-22.752,4635.762,4229.0,673.2,9998
-26.6556,-22.51394,4605.095,4684.0,578.2,-1
-26.65422,-22.46684,4641.85,4602.0,587.0,-1
-26.66514,-22.50357,4613.649,4688.0,573.6,-1
-26.69592,-22.5017,4632.89,4798.0,549.2,-1
-26.61753,-22.32108,4761.319,4572.0,642.2,-1
-26.23703,-23.52451,4752.706,4501.0,935.9,-1
-26.24111,-23.94407,4246.708,4257.0,837.9,9998
-26.72253,-24.699,4598.362,4983.0,285.9,9998
-26.94025,-24.49467,5238.689,5226.0,161.0,9998
-26.94954,-24.3925,5076.498,5115.0,145.6,9998
-26.8029,-23.99004,4941.922,4934.0,306.7,9998
-26.61978,-23.59707,4744.701,4741.0,642.1,-1
-26.37243,-23.00069,5555.403,5562.0,1004.9,-1
-26.42217,-22.84966,4830.08,5076.0,835.4,-1
-26.47097,-22.92236,4681.188,4704.0,760.8,-1
-26.54337,-22.90582,4280.699,4512.0,616.0,9998
-26.79294,-22.85332,4399.294,4792.0,403.3,9998
-26.84259,-22.87254,5040.923,4821.0,408.8,9998
-26.91202,-22.93009,5125.607,5146.0,389.3,9998
-26.92897,-22.9147,5060.785,5029.0,380.7,9998
-26.91492,-22.96202,5093.395,5137.0,380.4,9998
-26.88067,-23.02387,5199.728,5263.0,407.5,9998
-26.83695,-23.02324,4775.04,4823.0,403.1,9998
-26.92121,-23.07698,5204.271,5180.0,379.0,9998
-26.83554,-23.16554,5237.469,5362.0,443.9,9998
-26.84304,-23.35041,5110.886,5093.0,420.6,9998
-26.88754,-23.65598,5253.254,5328.0,326.1,9998
-27.02646,-24.03186,4740.865,4759.0,104.2,-1
-27.06597,-24.44052,4518.3,4600.0,111.4,9998
-27.04986,-24.53884,4713.645,4801.0,125.3,9998
-27.15128,-24.70862,4399.566,4506.0,163.7,9998
-27.22692,-24.8395,4880.493,4934.0,223.8,-1
-27.48222,-24.98855,5103.948,5104.0,337.8,9998
-27.49712,-25.03709,4741.669,4635.0,297.3,9998
-27.52834,-25.10964,4163.116,4462.0,225.3,9998
-27.68285,-25.33683,4719.349,4680.0,187.3,9998
-34.14299,-41.93349,3938.865,4623.0,1053.1,9998
-34.17555,-41.94192,3939.342,4625.0,1061.8,9998
-34.21679,-41.96298,4626.594,4634.0,1266.6,9998
-34.25345,-41.99964,4633.09,4643.0,1288.6,9998
-34.28547,-42.05143,4631.814,4640.0,1310.3,9998
-34.58884,-42.71451,4706.595,4719.0,2068.6,9998
-34.61659,-43.92014,4774.858,4773.0,2015.0,-1
-34.68281,-45.82802,4778.423,4838.0,1716.0,9998
-35.97249,-47.25387,4877.675,4876.0,763.2,9998
-36.97098,-46.70892,5067.849,5051.0,769.4,-1
-37.37998,-46.44465,5107.607,5134.0,802.9,9998
-37.6215,-46.40211,5133.766,5177.0,1068.2,-1
-38.24131,-46.62948,5182.323,5170.0,2494.7,-1
-38.91468,-47.37552,5230.354,5226.0,4317.1,-1
-38.96939,-47.31915,5226.937,5225.0,4568.4,-1
-39.15523,-47.28713,5234.018,5223.0,5346.3,-1
-39.09962,-46.85046,5212.054,5244.0,5128.6,9998
-38.61875,-45.99348,5185.539,5186.0,4044.1,-1
-39.05084,-45.53982,5177.295,5179.0,6728.7,-1
-39.40563,-45.00489,5153.195,5169.0,7909.6,9998
-39.42605,-44.32379,5129.153,5139.0,7428.5,-1
-39.0587,-43.51709,5120.892,5112.0,6854.3,-1
-38.85366,-42.78026,5099.76,5116.0,6225.9,9998
-39.68244,-41.64721,5136.302,5126.0,7693.0,-1
-40.09204,-40.78684,5167.409,5180.0,8028.9,9998
-40.16152,-39.51673,5204.869,5172.0,6747.5,-1
-40.50352,-38.71359,5176.128,5173.0,5692.8,-1
-40.41271,-38.77102,5160.96,5188.0,5595.2,9998
-40.25094,-39.25051,5178.767,5186.0,6256.3,-1
-40.61691,-40.29263,5197.872,5199.0,6953.5,-1
-41.42132,-41.10094,5165.91,5149.0,2712.7,-1
-41.702,-41.02301,5197.938,5226.0,1941.6,9998
-41.97307,-41.02192,5176.596,5218.0,1480.0,9998
-41.85703,-41.96918,5195.249,5149.0,853.6,9998
-41.39322,-43.12939,5168.055,5164.0,457.5,-1
-40.39501,-43.672,5143.916,5135.0,4319.1,-1
-39.48835,-43.96086,5117.785,5129.0,7155.2,9998
-39.81076,-44.31147,5110.756,5132.0,6561.6,9998
-40.13389,-45.05112,5120.102,5150.0,5158.7,-1
-40.36574,-45.11404,5110.207,5122.0,4122.2,-1
-40.42341,-44.83347,5094.382,5110.0,3985.3,-1
-39.54669,-43.95424,5115.723,5132.0,7058.9,9998
-39.6282,-40.24692,5124.698,5132.0,7215.8,-1
-38.69118,-39.61012,5089.172,5082.0,3552.2,-1
-38.48394,-39.70481,5036.915,5037.0,2138.5,-1
-38.13626,-39.37221,4963.855,5004.0,1002.4,-1
-37.92544,-39.73213,5021.944,5008.0,1254.4,-1
-37.66173,-41.06386,5027.104,5056.0,1059.5,9998
-36.99515,-42.31508,4993.653,5031.0,1550.9,-1
-36.49675,-43.09516,4970.593,4982.0,694.1,9998
-35.94139,-43.21165,4936.589,4954.0,1078.8,9998
-35.73072,-43.06708,4919.118,4932.0,1126.5,9998
-35.90639,-42.9134,4934.082,4938.0,1051.8,9998
-36.29163,-42.83741,4964.765,4967.0,276.9,-1
-36.3679,-42.42975,4962.21,5024.0,268.4,9998
-36.18966,-41.1518,4909.508,4899.0,1478.7,-1
-35.88579,-39.89494,4826.173,4826.0,1130.4,9998
-35.93906,-39.53133,4805.183,4699.0,827.2,9998
-35.28689,-40.23128,4566.016,4642.0,591.3,9998
-36.03583,-39.43511,4792.618,4720.0,775.5,9998
-36.48391,-39.14596,4843.003,4823.0,70.3,9998
-36.83944,-38.89498,4894.187,4913.0,856.9,9998
-36.52146,-39.02246,4779.89,4864.0,225.4,9998
-35.24232,-39.91564,4828.58,4847.0,512.8,-1
-34.8444,-39.89273,4839.328,4845.0,764.8,9998
-34.55312,-39.62875,4852.554,4856.0,276.2,9998
-34.31172,-39.55956,4913.318,4843.0,232.4,-1
-33.86153,-39.53948,4816.047,4798.0,1352.4,9998
-33.54195,-39.63839,4752.669,4798.0,1181.1,9998
-33.6644,-39.48108,4860.787,4800.0,1539.2,9998
-34.31724,-39.30774,4855.371,4858.0,683.1,-1
-34.56371,-38.73349,4853.424,4836.0,1078.5,9998
-34.63792,-38.08522,4696.28,4729.0,983.3,-1
-34.57619,-38.03036,4663.081,4667.0,978.9,9998
-34.59226,-37.96409,4700.085,4687.0,915.3,-1
-34.64484,-38.02563,4702.687,4735.0,932.1,-1
-34.38786,-38.29696,4619.627,4681.0,1187.3,-1
-34.73113,-37.24963,4592.282,4601.0,694.6,-1
-34.55162,-37.05521,4456.159,4467.0,404.0,9998
-34.57444,-37.03812,4471.805,4492.0,489.9,9998
-34.32838,-36.93959,4674.643,4645.0,195.6,-1
-34.32359,-36.59882,4685.526,4696.0,232.7,-1
-34.69756,-36.22601,4676.244,4690.0,603.3,9998
-34.89185,-36.13168,4699.867,4716.0,648.9,9998
-35.27396,-36.08945,4689.221,4706.0,889.1,9998
-35.31917,-36.36992,4496.698,4534.0,554.1,9998
-35.83553,-36.11398,4643.044,4668.0,1153.7,-1
-36.17551,-36.01834,4757.218,4720.0,1124.2,9998
-36.36024,-35.86185,4773.259,4821.0,1062.7,9998
-25.08481,-20.12187,3751.887,4850.0,331.9,-1
-25.06561,-20.17453,4469.334,4754.0,387.3,-1
-24.82583,-20.42808,4431.552,4405.0,490.8,9998
-24.67077,-20.558,4651.068,4645.0,580.1,-1
-24.3477,-20.59419,4548.662,4598.0,528.6,9998
-24.27179,-20.67705,4597.905,4618.0,554.9,9998
-24.28039,-20.63492,4605.197,4475.0,554.6,9998
-24.37428,-20.43412,4611.975,4902.0,549.3,-1
-24.40901,-20.28802,4863.417,5032.0,601.1,-1
-24.35091,-20.27646,4597.879,4777.0,583.1,-1
-24.3268,-20.33479,4686.959,4846.0,574.8,-1
-24.2977,-20.35213,4565.604,4735.0,582.5,-1
-24.32932,-20.39517,4771.623,4772.0,594.2,-1
-24.33501,-20.39616,4771.913,4787.0,591.6,-1
-24.39444,-20.36291,4787.636,5092.0,568.2,-1
-24.50233,-20.36601,4858.82,4907.0,604.7,-1
-24.62943,-20.4357,4461.394,4460.0,559.2,-1
-25.04335,-20.17116,4484.424,4713.0,384.6,-1
-25.16673,-19.9109,4984.261,4966.0,382.0,-1
-25.21572,-19.80603,4775.699,4778.0,359.4,9998
-25.31219,-19.59824,4720.658,4518.0,405.6,-1
-25.34366,-19.41909,4267.047,4074.0,411.3,-1
-25.32349,-19.24677,3813.023,3506.0,404.3,-1
-24.97032,-19.24418,4013.49,4514.0,339.5,-1
-24.83594,-19.33466,4696.126,4752.0,336.6,9998
-24.98993,-18.53432,4228.874,4236.0,495.1,9998
-25.02556,-18.47928,4521.597,4537.0,516.4,9998
-25.02563,-18.41168,4762.45,4892.0,511.9,9998
-25.09841,-18.51359,4782.736,4739.0,603.2,9998
-25.18946,-18.57706,4884.229,4590.0,711.2,9998
-25.22704,-18.58079,4605.183,4483.0,708.9,-1
-25.31945,-18.60587,4468.378,4341.0,762.7,-1
-25.37677,-18.61227,4242.2,4321.0,766.1,-1
-25.43566,-18.6623,4657.429,4323.0,898.4,-1
-25.43612,-18.62504,4658.011,4298.0,904.8,-1
-25.3814,-18.54703,4734.437,4579.0,872.8,9998
-25.23998,-18.19235,4363.09,4215.0,707.2,-1
-25.26131,-18.00383,4089.547,4192.0,690.3,-1
-25.40754,-17.95168,3843.349,3883.0,755.7,-1
-25.54654,-17.91276,4302.921,4372.0,941.4,-1
-25.58969,-17.85162,4292.683,4235.0,974.2,-1
-25.65835,-17.92908,4341.444,4193.0,1067.0,-1
-25.66674,-17.93616,4413.38,4186.0,1095.6,-1
-25.71053,-17.97817,3875.952,4156.0,1015.2,-1
-25.89964,-18.06975,4186.028,4245.0,1239.6,-1
-25.91152,-18.01698,4131.263,4079.0,1219.4,-1
-26.04734,-18.07044,4141.845,4147.0,1221.8,-1
-26.04121,-18.01094,4136.682,4148.0,1221.8,-1
-26.22197,-18.09628,4049.006,3966.0,1138.7,-1
-26.16189,-18.0684,4047.464,4019.0,1179.0,-1
-26.1577,-18.20368,4003.398,4100.0,1139.3,-1
-26.22023,-18.30495,4279.924,4287.0,1166.0,9998
-26.27603,-18.34751,4089.443,4046.0,1070.1,9998
-26.28097,-18.59126,4036.706,4135.0,1012.2,-1
-26.39283,-18.77664,3844.442,3888.0,838.0,-1
-26.15788,-19.38733,4081.973,4104.0,959.0,-1
-26.11733,-19.49232,4235.545,4228.0,932.1,9998
-25.99376,-19.41857,4400.623,4354.0,941.7,9998
-26.04756,-19.37903,4049.74,4061.0,917.5,-1
-26.13325,-19.38598,4013.643,3983.0,939.0,-1
-26.28687,-19.37288,4354.389,4295.0,1063.4,-1
-26.4003,-19.3234,4094.083,4038.0,986.5,-1
-26.67642,-19.21977,4298.77,4390.0,845.5,-1
-26.73608,-19.21336,3809.704,4152.0,742.9,-1
-26.77066,-19.24125,4160.234,4162.0,813.7,-1
-26.77484,-19.20604,3547.622,4169.0,684.5,-1
-26.72366,-19.08422,4273.437,4140.0,800.7,-1
-26.92378,-18.46329,4307.356,4290.0,713.9,-1
-26.96168,-18.33486,4228.171,4316.0,743.6,9998
-26.99783,-18.36945,4119.435,4249.0,727.0,-1
-27.03753,-18.56965,4253.081,4234.0,724.8,-1
-27.02807,-18.78426,4292.814,4214.0,707.1,-1
-26.95665,-18.8183,4313.967,4250.0,709.5,-1
-44.25798,-46.52816,5072.05,5064.0,3559.4,9998
-44.25493,-46.85933,5014.782,5038.0,3399.6,9998
-44.26058,-47.41161,4975.525,4996.0,2682.4,9998
-44.60288,-47.35378,5182.993,5212.0,2132.6,9998
-45.35413,-46.47617,5244.696,5209.0,2788.4,-1
-46.11528,-45.64768,5380.39,5360.0,4412.8,-1
-46.27621,-44.10889,5267.674,5229.0,3374.9,-1
-45.68501,-42.79668,5341.031,5322.0,3205.4,-1
-45.82529,-40.79005,5467.3,5448.0,3053.0,-1
-46.9035,-39.66556,5393.543,5395.0,3350.3,9998
-47.94332,-38.49651,5862.619,5867.0,13041.1,-1
-46.95449,-37.90052,5828.107,5825.0,5361.0,-1
-46.59816,-37.27081,5673.376,5669.0,5127.5,-1
-45.43598,-36.30064,5505.115,5511.0,5524.7,-1
-44.30106,-36.97675,5360.874,5372.0,5088.1,-1
-43.63287,-37.97025,5317.264,5327.0,5944.6,-1
-42.71929,-38.56075,5133.327,5244.0,3282.0,-1
-42.9306,-39.35636,5141.171,5174.0,3281.6,-1
-43.40477,-40.01578,5151.506,5222.0,3923.7,-1
-43.3045,-40.46665,5165.598,5156.0,3301.8,-1
-42.90157,-41.54372,5152.81,5168.0,2461.0,-1
-42.41279,-42.48977,5154.688,5198.0,1490.6,9998
-41.76305,-43.22422,5130.581,5183.0,435.3,-1
-40.86136,-43.38189,5160.071,5155.0,2368.6,-1
-40.40584,-43.74259,5137.031,5137.0,4280.8,-1
-40.49028,-44.58342,5087.277,5099.0,3848.1,9998
-40.68532,-45.94853,5130.214,5136.0,2235.1,9998
-40.65416,-46.79138,5188.36,5200.0,2219.6,9998
-40.34614,-47.26443,5236.747,5266.0,3595.5,9998
-40.28428,-47.20621,5230.77,5242.0,4012.4,9998
-39.97091,-44.99,5121.922,5136.0,5812.4,9998
-40.2573,-44.88398,5104.83,5131.0,4608.6,-1
-40.52516,-44.83541,5089.199,5098.0,3603.8,-1
-41.07588,-45.23479,5108.713,5095.0,1897.7,-1
-41.67029,-46.33215,5066.57,5109.0,424.5,9998
-42.75934,-46.4836,5168.473,5152.0,1430.8,-1
-43.75174,-47.76287,5233.175,5251.0,3464.0,9998
-45.11931,-47.70805,5303.663,5305.0,3073.2,9998
-45.73183,-46.021,5200.656,5203.0,3352.2,-1
-45.6794,-45.97746,5174.345,5153.0,3063.4,-1
-45.84854,-45.2073,5251.04,5243.0,1932.8,-1
-46.13808,-44.91776,5272.388,5275.0,3057.0,-1
-45.86205,-36.17612,5501.418,5536.0,5370.8,-1
-44.62982,-36.28866,5353.55,5387.0,4670.8,-1
-43.97199,-35.62453,5206.827,5236.0,3733.9,-1
-43.56447,-35.41579,5174.385,5222.0,3608.2,-1
-43.19761,-35.51435,5180.371,5191.0,3685.9,-1
-44.05588,-37.25676,5298.181,5348.0,5449.7,-1
-43.505,-38.58717,5211.7,5225.0,6627.6,-1
-43.01744,-37.99027,5227.332,5259.0,2926.7,-1
-42.88796,-37.02165,5231.848,5219.0,2682.6,-1
-41.99924,-36.69133,5247.77,5253.0,5642.1,-1
-42.26983,-34.75015,4966.936,4942.0,6088.1,-1
-40.59092,-33.96006,4770.865,4792.0,4219.9,-1
-38.93641,-36.27165,4777.307,4878.0,3420.4,9998
-40.22207,-36.67606,5132.078,5053.0,3712.8,-1
-40.58542,-36.37893,5095.277,5040.0,4287.2,-1
-40.68297,-36.35042,5064.023,5102.0,4429.3,-1
-41.69189,-35.60271,5118.211,5114.0,4276.9,-1
-42.5786,-34.90166,5083.009,5091.0,6103.7,-1
-42.07507,-34.63916,4946.954,4940.0,5679.8,-1
-41.53138,-35.37303,4990.736,5022.0,3196.7,-1
-41.24371,-35.03237,5038.175,5026.0,4068.2,-1
-41.03229,-34.74824,5062.408,5073.0,4524.3,-1
-40.79434,-34.8981,5066.589,5014.0,5420.0,-1
-40.57711,-34.7369,5069.306,4995.0,4972.3,-1
-41.08932,-34.58312,5030.492,5062.0,4115.1,-1
-41.59066,-34.83929,4856.781,4933.0,3576.5,9998
-41.40844,-34.69999,5019.875,5003.0,4092.2,-1
-41.31251,-34.53516,5045.704,5053.0,4140.8,-1
-41.02917,-34.42813,5018.111,5029.0,3633.5,-1
-40.64088,-35.15428,5098.352,4986.0,6164.8,-1
-40.79227,-35.27713,5076.379,5019.0,5942.5,-1
-40.49004,-34.79406,5087.568,5026.0,5364.3,-1
-39.89877,-34.90088,4855.203,5052.0,3731.9,-1
-39.04079,-35.92542,4917.961,4924.0,3304.0,-1
-38.87922,-37.01368,5031.695,4809.0,2356.1,-1
-39.72246,-37.77462,5203.235,5225.0,3669.7,9998
-39.98108,-37.30551,5172.596,5068.0,3879.0,-1
-40.82358,-36.23153,5058.046,5123.0,4514.9,-1
-41.72484,-35.02612,4858.468,4899.0,3237.9,-1
-41.92044,-34.6417,4943.049,4935.0,5148.8,-1
-41.75802,-34.83927,4904.137,4916.0,3834.7,-1
-41.97151,-34.65186,4958.733,4955.0,5296.1,-1
-42.2039,-34.45928,4910.92,4918.0,6393.3,-1
-11.93985,-19.95582,3965.906,4840.0,1212.9,9998
-11.89532,-19.94515,3946.295,4925.0,1221.3,9998
-11.72541,-19.85459,3950.322,4885.0,1263.6,9998
-11.70697,-19.83148,3949.934,4778.0,1270.5,9998
-11.68655,-19.80608,3944.666,4812.0,1281.5,9998
-11.71018,-19.74845,3949.445,4715.0,1291.1,-1
-11.69627,-19.73202,3948.862,4727.0,1290.2,-1
-11.69083,-19.69762,3947.691,4751.0,1279.8,-1
-11.7013,-19.63337,4843.609,4801.0,1549.6,-1
-11.53751,-19.69124,4204.668,4610.0,1405.3,-1
-11.43508,-19.70192,4391.705,4677.0,1483.4,-1
-11.20637,-20.00149,4823.86,4844.0,1544.7,9998
-10.9627,-20.16761,4930.735,4918.0,1416.4,-1
-10.8536,-20.21286,4647.373,4660.0,1306.8,-1
-10.86233,-20.2503,4594.819,4717.0,1304.2,-1
-10.99414,-20.22832,4593.532,4827.0,1338.3,-1
-11.31272,-19.81206,4560.289,4581.0,1507.9,9998
-11.27851,-19.61638,4582.683,4551.0,1522.6,9998
-11.17412,-19.50843,4766.783,4585.0,1512.2,-1
-11.34234,-19.39599,4821.504,4724.0,1605.2,9998
-11.52848,-19.27557,4534.457,4449.0,1555.7,-1
-11.72284,-19.01341,4453.217,4390.0,1373.8,-1
-11.70895,-19.00224,4289.74,4202.0,1337.3,-1
-11.8028,-19.08628,4389.404,4491.0,1337.7,-1
-12.36259,-19.43612,4660.74,4624.0,1573.6,-1
-12.45652,-19.39804,4832.971,4824.0,1723.5,-1
-12.42204,-19.31769,4563.898,4591.0,1639.1,-1
-12.15077,-19.26928,4243.762,4272.0,1375.3,9998
-12.58011,-18.69069,4669.652,4478.0,1828.8,-1
-12.37768,-18.33347,4491.571,4497.0,1795.1,-1
-12.44389,-18.4766,4737.771,4647.0,1874.5,-1
-12.59009,-18.77864,4808.736,4560.0,1882.0,-1
-12.5909,-18.77733,4821.182,4560.0,1886.7,-1
-12.79878,-19.41152,4663.482,4584.0,1829.7,-1
-12.87952,-19.57128,4535.781,4462.0,1803.1,-1
-12.72784,-19.61184,4824.364,4351.0,1826.4,-1
-12.51102,-19.83616,4848.322,4893.0,1636.1,9998
-12.45648,-19.95088,4857.568,4759.0,1566.9,-1
-12.43443,-20.035,4825.975,4683.0,1530.7,-1
-12.50723,-20.13236,4828.101,4696.0,1553.3,9998
-12.48959,-20.15904,4643.884,4643.0,1477.5,9998
-12.43911,-20.01775,4787.566,4791.0,1522.8,-1
-12.62894,-20.01322,4867.547,4753.0,1674.0,9998
-12.68227,-19.99958,5004.656,5001.0,1746.1,9998
-12.64209,-19.8602,4949.768,4988.0,1756.5,9998
-12.59,-19.76938,4778.495,4902.0,1707.3,9998
-12.60468,-19.74958,4733.56,4690.0,1711.1,9998
-12.71577,-19.79742,4988.522,5013.0,1844.2,9998
-12.89855,-20.26063,4836.096,4782.0,1733.4,-1
-12.94507,-20.4361,4807.696,4715.0,1680.2,-1
-13.01005,-20.52639,4707.318,4552.0,1625.7,-1
-13.12354,-20.61379,4697.569,4683.0,1584.2,9998
-13.28789,-20.65825,5259.598,5186.0,1720.3,-1
-13.39224,-20.55223,4954.379,4767.0,1675.0,-1
-13.39165,-20.41529,4882.269,4946.0,1698.0,9998
-13.05011,-20.50103,4774.81,4538.0,1655.5,-1
-13.00216,-20.63337,4752.548,4587.0,1617.2,-1
-12.50548,-21.33285,5064.917,5090.0,1724.1,-1
-16.00323,-20.09311,4039.46,4425.0,1505.5,-1
-16.02446,-20.11076,3947.154,4544.0,1446.4,9998
-16.0997,-20.15351,4547.978,4566.0,1573.0,9998
-16.11802,-20.14506,4607.532,4592.0,1574.5,9998
-16.18436,-20.04322,4459.858,4462.0,1461.4,9998
-16.224,-19.7798,4413.985,4806.0,1378.8,-1
-16.21716,-19.50892,5023.683,4833.0,1549.9,9998
-16.25932,-19.45596,4892.322,4955.0,1470.7,9998
-16.63262,-19.53017,4324.868,4380.0,1201.7,-1
-17.23508,-19.40777,4233.823,4201.0,1526.6,9998
-17.53249,-19.38592,4347.072,4468.0,1529.5,9998
-17.54383,-19.41248,4485.152,4470.0,1555.5,-1
-17.5792,-19.40403,4394.786,4448.0,1513.7,-1
-17.5183,-19.36,4436.771,4457.0,1584.2,9998
-17.40122,-19.32666,4319.923,4344.0,1592.5,9998
-17.1629,-19.14576,4330.108,4504.0,1495.5,-1
-17.10156,-19.03261,4572.759,4304.0,1562.3,-1
-17.12189,-18.99378,4137.146,4201.0,1400.8,-1
-17.18779,-18.96312,4504.609,4556.0,1540.3,-1
-17.48005,-19.15675,4372.506,4313.0,1633.3,9998
-17.76241,-19.20679,4330.946,4390.0,1447.6,9998
-18.06046,-19.36158,4426.223,4625.0,1347.6,-1
-18.1604,-19.33849,4267.135,4429.0,1330.1,-1
-18.16937,-19.19103,4289.349,4341.0,1360.0,9998
-18.07822,-19.33037,4671.659,4638.0,1426.5,9998
-17.99905,-19.5823,4376.768,4756.0,1317.9,-1
-17.7522,-19.99353,4824.4,4957.0,1463.2,-1
-17.60905,-20.04641,4550.06,4811.0,1408.7,-1
-17.51756,-20.00696,4700.296,4512.0,1478.6,-1
-17.38958,-19.71816,4767.912,4649.0,1612.7,-1
-17.37193,-19.5209,4638.857,4590.0,1636.8,-1
-17.32456,-19.31179,4103.072,4115.0,1512.4,9998
-17.13681,-19.13949,4132.073,4212.0,1432.2,-1
-16.7214,-19.4315,4402.968,4472.0,1234.5,9998
-16.60219,-19.4181,4557.109,4550.0,1252.0,9998
-16.45542,-19.33144,4339.13,4362.0,1224.2,9998
-16.45408,-19.323,4260.305,4293.0,1204.5,9998
-16.44365,-19.32669,4320.72,4312.0,1222.7,9998
-16.44609,-19.40832,4613.877,4624.0,1284.5,9998
-16.41579,-19.44198,4496.803,4478.0,1261.5,9998
-16.43856,-19.4967,4450.26,4453.0,1251.3,9998
-16.46612,-19.57716,4422.891,4477.0,1262.0,-1
-16.98546,-20.05421,4481.292,4532.0,1316.6,-1
-17.06214,-20.15354,4804.063,4738.0,1427.9,-1
-17.12084,-20.23972,4879.961,4846.0,1459.4,-1
-17.15339,-20.23996,4919.599,4857.0,1481.9,-1
-16.90646,-20.02588,4702.683,4576.0,1336.7,-1
-16.8103,-20.03703,4699.01,4578.0,1299.3,-1
-16.83628,-20.04558,4620.987,4600.0,1285.2,-1
-16.80515,-20.11241,4740.539,4591.0,1315.8,-1
-16.81353,-20.16419,4675.666,4584.0,1305.2,-1
-16.8005,-20.21348,4519.592,4434.0,1267.1,-1
-16.84754,-20.22564,4569.218,4518.0,1292.6,-1
-16.8747,-20.19952,4554.029,4588.0,1295.6,-1
-16.87346,-20.0696,4527.848,4585.0,1276.3,-1
-16.84427,-20.11277,4685.093,4643.0,1312.4,-1
-16.73617,-19.93122,4616.729,4590.0,1257.8,-1
-16.59194,-19.88118,4738.936,4888.0,1316.6,9998
-16.42109,-19.81486,4583.427,4481.0,1351.2,9998
-16.54903,-19.62941,4395.41,4315.0,1249.5,-1
-16.77974,-19.83347,4550.938,4564.0,1247.8,-1
-16.90366,-20.14139,4662.025,4668.0,1332.0,-1
-16.95116,-20.19145,4539.608,4569.0,1322.1,-1
-16.90354,-20.36892,4560.154,4605.0,1322.2,-1
-16.96159,-20.68378,4795.339,4819.0,1412.7,-1
-16.97192,-20.75044,4758.778,4654.0,1399.7,-1
-34.62355,-37.17729,3938.508,4552.0,373.3,-1
-34.67557,-37.16252,3941.025,4573.0,521.8,-1
-34.73843,-37.15755,4545.919,4569.0,776.5,9998
-34.81574,-37.15917,4575.921,4578.0,935.1,9998
-35.19816,-36.75812,4509.383,4546.0,397.7,-1
-34.50405,-36.80995,4687.008,4681.0,487.6,9998
-33.90635,-37.43481,4579.681,4549.0,791.7,-1
-33.52407,-37.60857,4471.721,4470.0,426.2,9998
-33.17491,-37.82778,4500.54,4473.0,588.5,9998
-33.11372,-38.39428,4657.638,4519.0,1030.2,-1
-33.2583,-38.53022,4313.353,4527.0,578.8,-1
-33.68259,-38.75989,4519.693,4490.0,1115.1,-1
-33.90724,-38.83713,4607.767,4583.0,1441.7,9998
-34.01896,-38.76851,4757.623,4757.0,1476.3,9998
-34.16856,-38.70868,4773.779,4766.0,1453.2,9998
-34.26205,-38.54435,4719.84,4753.0,1330.8,-1
-34.33657,-37.97121,4598.754,4585.0,1059.0,-1
-34.46077,-37.52428,4594.235,4589.0,556.0,9998
-34.55381,-37.29283,4555.419,4557.0,164.4,9998
-34.69548,-37.18415,4535.535,4582.0,634.3,-1
-34.82162,-36.7994,4492.517,4480.0,1037.9,9998
-34.41907,-36.80066,4685.488,4703.0,173.1,-1
-34.01442,-37.04946,4672.632,4651.0,705.5,-1
-33.73994,-37.37076,4584.508,4542.0,758.6,-1
-33.67472,-37.73282,4412.825,4453.0,785.5,9998
-33.93604,-37.75897,4524.165,4526.0,951.1,-1
-33.94513,-37.55395,4440.053,4468.0,788.7,9998
-33.93444,-37.61564,4456.686,4510.0,825.4,-1
-33.89995,-37.70041,4496.373,4524.0,907.8,-1
-34.09954,-37.69108,4514.866,4532.0,801.8,-1
-34.4856,-37.61931,4636.301,4622.0,674.5,9998
-34.63803,-37.45924,4676.365,4694.0,412.6,9998
-34.99106,-37.28686,4663.885,4673.0,1116.1,9998
-35.27457,-37.2239,4665.228,4688.0,1201.3,-1
-35.60786,-37.11292,4724.535,4703.0,1366.5,9998
-35.92315,-37.30246,4774.996,4844.0,1285.0,9998
-36.31229,-37.85646,4921.196,4948.0,903.9,-1
-36.2592,-37.85371,4890.458,4992.0,838.0,9998
-36.39609,-37.39732,4935.228,4968.0,1218.2,9998
-36.80313,-36.97677,4928.938,4976.0,645.2,-1
-37.16203,-36.97069,4935.185,4944.0,484.5,9998
-37.5915,-37.29031,4828.066,4882.0,1408.2,-1
-39.65552,-37.71776,5202.104,5192.0,3497.3,9998
-40.10236,-38.02015,5195.209,5198.0,4571.6,9998
-40.14174,-38.38601,5188.215,5210.0,4916.6,9998
-39.33264,-39.32634,5186.271,5179.0,4994.8,-1
-39.3673,-39.53158,5178.115,5157.0,5237.3,-1
-39.26409,-39.69826,5154.714,5166.0,5059.0,-1
-39.28594,-39.32592,5181.642,5180.0,4951.0,-1
-39.5266,-38.49129,5202.359,5210.0,4111.6,-1
-40.22226,-38.37556,5164.537,5208.0,4996.5,9998
-41.13723,-38.92469,5213.801,5215.0,5536.2,-1
-42.1026,-41.25583,5198.327,5199.0,1422.8,9998
-42.6354,-42.62022,5157.004,5161.0,2012.0,9998
-34.31195,-46.98256,4011.508,4495.0,3210.0,9998
-34.25612,-46.79251,3941.167,4540.0,3021.4,9998
-34.07788,-46.43394,3940.35,4528.0,2926.1,9998
-34.01721,-46.22407,4466.185,4501.0,3168.4,9998
-33.96652,-45.96028,4427.499,4447.0,2865.0,9998
-33.93839,-45.72094,4404.166,4399.0,2554.5,9998
-34.01069,-44.93998,4506.149,4477.0,1733.6,-1
-34.06646,-44.56777,4531.211,4496.0,1548.7,9998
-34.18208,-44.29812,4592.984,4625.0,1696.3,9998
-34.34297,-44.19808,4696.981,4721.0,1883.4,-1
-34.91801,-45.7707,4782.987,4807.0,1164.0,9998
-34.63852,-46.84751,4717.163,4690.0,2475.6,9998
-35.34375,-47.21396,4826.596,4815.0,1209.8,9998
-36.75038,-46.80262,5036.53,5018.0,441.5,-1
-36.37148,-46.6414,4980.639,5020.0,550.0,9998
-36.56096,-46.34264,5026.722,5012.0,949.5,9998
-37.53478,-46.2947,5133.223,5164.0,793.5,-1
-38.8618,-46.1405,5197.148,5208.0,4838.3,-1
-40.61844,-46.03735,5145.265,5158.0,2568.6,-1
-41.74398,-46.79838,5106.559,5095.0,672.6,9998
-42.2389,-46.97249,5235.356,5245.0,682.8,-1
-44.00547,-49.54834,5273.231,5228.0,829.6,9998
-45.63754,-46.57916,5280.375,5275.0,3563.4,-1
-46.56696,-44.99523,5378.522,5415.0,6101.2,-1
-45.92634,-43.43017,5304.042,5300.0,4021.6,-1
-44.63564,-44.55246,5069.258,5036.0,2049.8,-1
-43.67747,-45.52482,5143.142,5125.0,3722.6,-1
-43.58943,-45.54283,5137.663,5152.0,3547.1,9998
-44.16663,-45.74228,5022.673,5019.0,2862.3,9998
-44.3582,-45.56924,4978.194,5016.0,1921.8,9998
-44.45397,-45.79232,4984.741,4991.0,1621.1,9998
-44.60171,-46.30737,5100.083,5092.0,1553.2,9998
-45.16177,-45.99847,5156.385,5167.0,1311.0,-1
-45.10132,-45.44108,5059.352,5082.0,1043.3,-1
-44.79104,-44.65205,4984.684,4895.0,1504.8,-1
-46.83459,-40.33337,5670.741,5669.0,3893.2,-1
-47.83892,-39.71485,5653.214,5708.0,11021.2,-1
-47.65097,-39.63312,5794.521,5748.0,8288.7,-1
-47.32119,-38.76589,5782.337,5850.0,6689.8,-1
-45.91631,-37.01713,5341.498,5425.0,4736.6,-1
-44.16231,-37.45451,5299.098,5390.0,6460.3,-1
-42.01313,-37.40142,5233.527,5240.0,4885.5,9998
-41.79985,-35.77972,5127.076,5159.0,5068.0,9998
-42.7091,-35.07457,5109.305,5128.0,5805.1,-1
-43.45102,-34.4877,5130.172,5120.0,4415.3,-1
-45.29375,-35.54481,5546.087,5558.0,6725.6,-1
-44.83665,-34.49014,5269.923,5414.0,5095.3,-1
-46.51128,-34.82291,5650.812,5629.0,5143.6,-1
-36.07095,-47.17778,4876.468,4894.0,678.8,9998
-34.94116,-46.87688,4786.473,4803.0,657.8,9998
-34.99366,-46.73138,4790.238,4801.0,977.8,9998
-35.22575,-46.71835,4816.355,4827.0,1282.7,9998
-35.45257,-44.86599,4843.538,4852.0,783.2,9998
-35.38237,-43.41349,4888.505,4913.0,1316.1,-1
-36.19471,-42.26532,4948.898,4901.0,794.3,-1
-37.07281,-42.14933,4998.371,5013.0,1540.8,-1
-37.85136,-42.76072,5071.33,5066.0,786.4,9998
-38.94667,-43.96261,5132.283,5122.0,6407.0,-1
-38.94511,-45.49308,5179.476,5179.0,6290.4,-1
-38.31977,-46.91436,5186.841,5155.0,2751.7,-1
-38.26686,-47.65155,5197.814,5208.0,2324.1,-1
-38.67948,-48.11504,5263.108,5283.0,3396.9,-1
-39.22923,-47.79195,5268.465,5273.0,5483.6,-1
-38.66993,-46.69606,5199.176,5208.0,3627.9,-1
-37.8487,-45.97103,5144.128,5158.0,975.7,9998
-37.0474,-45.09377,5054.628,5093.0,448.6,9998
-36.41484,-44.75473,4971.987,5020.0,495.7,9998
-35.84046,-45.10397,4880.449,4910.0,1366.9,-1
-35.22788,-45.75812,4767.031,4779.0,1107.7,9998
-34.89808,-46.30995,4709.383,4714.0,1729.9,9998
-34.94649,-47.182,4768.411,4799.0,802.3,9998
-35.9489,-48.31965,4768.965,4746.0,1591.6,9998
-42.06642,-48.85542,3936.275,5675.0,2636.5,-1
-42.25946,-48.91933,3935.913,5684.0,2561.9,9998
-42.61258,-49.19369,5657.676,5679.0,3609.9,9998
-42.69891,-49.40251,5672.13,5698.0,3462.4,9998
-43.02102,-49.67238,5568.91,5597.0,3735.2,9998
-42.85196,-49.10033,5555.265,5557.0,3279.1,-1
-43.37064,-48.61667,5366.947,5365.0,2472.0,-1
-41.92398,-52.0343,5616.367,5640.0,9902.8,-1
-40.8297,-50.05451,5419.397,5462.0,9961.8,-1
-42.31135,-50.8883,5678.324,5647.0,3227.2,-1
-42.84902,-50.96315,5590.753,5621.0,1783.6,-1
-43.57608,-50.7056,5378.651,5365.0,4091.3,9998
-44.77413,-50.86404,5751.625,5735.0,6393.9,-1
-66.31085,-103.8339,3932.254,4893.0,2246.2,-1
-66.31128,-104.0118,3927.977,4893.0,2005.1,-1
-66.27608,-104.1257,4693.97,4900.0,2162.3,-1
-66.24341,-105.0998,4422.584,4875.0,1647.8,-1
-66.2519,-105.2096,3929.45,4854.0,1569.0,-1
-66.23857,-105.3651,3928.288,4854.0,1724.9,-1
-66.21288,-105.5858,3931.697,4849.0,2001.0,-1
-66.21926,-105.8479,3930.043,4836.0,2604.7,-1
-66.28274,-106.0508,3928.179,4840.0,3422.2,-1
-66.48215,-106.05,4771.966,4765.0,4664.7,9998
-66.5271,-106.0292,4766.916,4745.0,4643.7,9998
-66.92383,-105.1492,4713.428,4735.0,2349.3,-1
-66.50991,-103.8595,4775.926,4831.0,3114.7,9998
-66.21925,-104.4664,4801.584,4915.0,1717.3,9998
-66.87894,-105.8674,4718.769,4736.0,3862.4,9998
-67.09091,-104.303,4695.553,4704.0,3346.2,-1
-66.44868,-103.5418,4787.566,4867.0,3494.1,-1
-66.2101,-102.7956,4816.013,4817.0,3519.6,9998
-66.13857,-102.7026,4822.136,4763.0,3319.0,9998
-66.09575,-103.2461,4828.926,4864.0,2775.8,-1
-62.31276,-86.45937,4841.965,4822.0,4485.9,9998
-62.18892,-86.41903,4852.662,4838.0,4530.0,-1
-62.07028,-86.40441,4860.743,4881.0,4446.8,9998
-61.77592,-85.66554,4871.116,4852.0,3704.8,9998
-62.02367,-84.89561,4835.39,4823.0,4539.4,-1
-61.7084,-84.02842,4863.492,4879.0,4263.7,9998
-62.22477,-83.64102,4812.945,4827.0,3230.9,9998
-61.66209,-83.78077,4862.058,4886.0,4361.4,-1
-61.85441,-83.79236,4852.302,4766.0,4303.6,-1
-61.89916,-83.91395,4843.667,4748.0,4261.9,-1
-61.95729,-84.49076,4841.806,4872.0,4441.7,-1
-62.43969,-84.83924,4795.918,4806.0,3750.9,9998
-62.54296,-83.65044,4783.484,4791.0,3619.5,9998
-62.16784,-82.58028,4807.543,4772.0,2417.8,-1
-62.09818,-81.49293,4754.198,4762.0,2750.6,9998
-61.92316,-80.72847,4800.465,4851.0,3472.0,-1
-61.22002,-79.33487,4913.637,4880.0,3897.2,-1
-60.75761,-80.09709,4967.056,4668.0,3537.0,-1
-64.92436,-92.50824,3929.036,4463.0,826.0,9998
-64.85184,-92.51112,3928.861,4682.0,861.5,9998
-64.78209,-92.44146,4726.813,4738.0,1193.1,9998
-64.6953,-92.23821,4728.489,4739.0,1258.0,9998
-64.61731,-91.93549,4711.37,4737.0,1155.0,9998
-64.67082,-91.5049,4522.178,4671.0,1405.4,9998
-64.73004,-93.19408,4517.892,4385.0,2326.8,9998
-64.51728,-94.14183,4791.988,4787.0,1845.5,-1
-64.21124,-94.08145,4814.656,4850.0,1454.9,9998
-64.6163,-93.0982,4719.313,4696.0,2493.5,-1
-64.51137,-92.06133,4734.073,4750.0,1352.7,9998
-64.50073,-92.65841,4673.432,4639.0,2160.1,9998
-64.11932,-93.29483,4744.377,4737.0,2514.2,9998
-64.11195,-93.10376,4747.964,4712.0,2740.6,9998
-63.97919,-92.60842,4752.271,4772.0,3170.3,9998
-63.8837,-91.99415,4765.09,4816.0,3016.0,-1
-66.81352,-99.89584,3928.913,4708.0,1745.1,9998
-66.67233,-99.86875,3928.464,4757.0,2142.7,9998
-66.52245,-99.51422,4747.937,4712.0,3071.3,9998
-66.53892,-99.26835,4737.666,4728.0,3269.2,-1
-66.61275,-99.099,4726.408,4757.0,3172.8,9998
-66.67515,-99.10076,4718.542,4769.0,2913.0,9998
-66.56374,-99.64318,4743.274,4731.0,2951.3,-1
-66.50632,-100.1311,4752.106,4790.0,2463.2,-1
-66.55635,-100.6498,4757.417,4799.0,2185.4,-1
-66.46063,-101.4175,4784.851,4806.0,2629.1,-1
-66.4142,-101.5166,4785.447,4822.0,2780.9,-1
-66.84846,-101.1847,4714.711,4748.0,1797.5,-1
-67.39618,-100.7122,4640.338,4661.0,2097.7,9998
-67.345,-99.57176,4628.34,4636.0,1249.6,9998
-66.89157,-99.8958,4720.798,4709.0,1823.5,9998
-66.82677,-100.3684,4706.484,4716.0,1745.3,9998
-67.16627,-101.5454,4675.381,4752.0,2145.3,-1
25.36884,-55.79907,5411.654,5358.0,436.4,9998
25.33521,-56.67062,5482.011,5600.0,1043.2,9998
25.54796,-57.2783,5812.619,5784.0,966.5,9998
25.67091,-57.47699,5624.919,5860.0,752.2,9998
25.594,-57.48644,5765.29,5713.0,888.1,9998
25.64554,-57.42447,5768.366,5769.0,813.9,9998
25.66738,-57.45547,5667.129,5794.0,764.5,9998
26.17148,-57.16202,5726.538,6021.0,160.4,9998
26.09261,-57.29259,5646.529,5532.0,233.6,9998
26.43002,-57.08451,5621.027,5691.0,150.9,-1
26.60271,-57.04328,5854.828,6049.0,104.8,-1
26.84318,-57.22909,5820.002,6051.0,182.4,-1
26.75855,-57.31341,5781.925,5785.0,203.9,-1
26.5494,-57.82655,5831.348,5653.0,382.6,9998
26.58507,-57.94317,5590.756,5695.0,340.7,9998
28.39405,-57.69137,5709.135,5871.0,522.9,9998
28.89418,-57.49324,5823.928,5747.0,460.0,-1
28.98717,-57.50939,5683.135,5796.0,434.2,-1
28.97142,-57.57089,5742.258,5822.0,451.0,-1
28.97476,-57.61271,5763.538,5690.0,457.5,-1
29.01907,-57.92148,5600.08,5520.0,406.7,-1
29.23144,-57.73578,5735.755,5782.0,359.4,9998
29.2224,-57.72989,5737.5,5751.0,367.0,9998
29.20487,-57.73331,5734.026,5688.0,371.6,9998
29.09197,-57.77328,5795.791,5689.0,400.4,-1
28.93474,-57.74664,5561.296,5471.0,465.6,-1
28.86488,-57.85858,5694.605,5588.0,537.4,-1
29.01044,-57.78053,5531.925,5445.0,422.3,-1
29.08888,-57.73274,5590.078,5590.0,406.1,-1
29.23428,-57.68081,5688.249,5707.0,394.3,9998
29.36732,-57.60776,5756.589,5619.0,400.3,9998
29.42743,-57.59917,5871.741,5867.0,388.6,-1
29.37088,-57.50739,5730.082,5662.0,453.3,-1
29.17698,-57.4137,5780.181,5685.0,472.8,9998
29.10521,-57.22181,5526.753,5671.0,364.1,9998
29.60262,-56.69158,5651.699,5465.0,453.3,-1
30.09499,-56.85789,5599.41,5629.0,189.0,9998
30.0741,-57.02861,5829.284,5842.0,219.4,9998
29.90955,-57.16291,5619.915,5624.0,300.8,9998
29.8953,-56.97811,5613.049,5589.0,264.4,9998
30.10924,-57.03356,5580.625,5575.0,209.9,9998
30.12796,-56.99401,5550.122,5822.0,189.9,9998
30.26548,-56.84435,5801.152,5743.0,149.0,-1
30.46011,-56.52862,5605.052,5612.0,484.5,-1
30.45217,-56.42856,5620.832,5535.0,499.1,9998
30.27212,-56.59474,5620.72,5540.0,345.1,-1
30.30637,-56.2686,5599.315,5624.0,546.7,9998
30.40815,-56.2073,5600.817,5608.0,570.7,9998
31.01547,-56.006,5601.51,5626.0,1082.1,-1
31.07375,-56.07335,5589.675,5637.0,1257.3,-1
30.56007,-55.27111,5304.193,5849.0,152.7,-1
30.51946,-55.5092,5187.885,5589.0,231.7,9998
30.04942,-56.00134,5402.954,5562.0,334.8,9998
30.23925,-55.72101,5355.883,5670.0,634.9,9998
30.31356,-55.25795,5226.753,5227.0,342.1,-1
30.21139,-55.29008,5443.179,5629.0,489.9,-1
30.05471,-55.35118,5244.021,5193.0,554.0,9998
30.00489,-55.32652,5334.762,5296.0,532.0,9998
30.20973,-55.08678,5159.214,5396.0,398.5,-1
30.20296,-55.0916,5190.732,5396.0,409.1,-1
24.78498,-58.23731,5733.01,5767.0,145.5,-1
24.91625,-58.57706,5703.439,5838.0,306.6,9998
25.35009,-58.49793,5768.971,5814.0,623.6,9998
25.50225,-58.84946,5522.339,5524.0,625.8,9998
25.71894,-59.3719,5546.37,5335.0,536.7,9998
25.64112,-59.46328,5579.521,5501.0,530.3,9998
25.6328,-59.5779,5536.815,5601.0,369.9,9998
25.59426,-59.563,5595.128,5447.0,433.3,9998
25.54928,-59.64628,5819.197,5709.0,332.0,9998
25.55821,-59.64717,5824.61,5729.0,321.7,9998
25.86237,-59.97275,5680.794,5700.0,365.9,-1
26.00218,-60.18813,5711.125,5883.0,376.5,-1
26.1392,-60.29786,5752.969,6046.0,418.1,9998
26.86117,-60.09194,5697.023,5726.0,152.4,9998
26.18831,-60.68083,5709.983,5843.0,213.0,-1
26.73171,-61.04702,5796.543,5732.0,677.7,-1
26.62011,-60.69948,5634.501,5852.0,444.8,-1
26.51522,-60.83116,5802.924,5829.0,435.5,-1
24.95289,-62.74342,5869.066,5951.0,503.7,-1
26.19037,-62.72166,5832.856,5909.0,291.3,-1
26.78068,-62.6479,5863.165,5896.0,773.1,-1
26.7959,-62.60865,5849.038,5944.0,781.7,-1
26.80069,-62.46007,5861.125,5822.0,776.1,-1
26.58593,-60.71097,5767.971,5830.0,434.9,-1
25.81821,-62.37297,5842.783,5870.0,435.1,-1
26.66988,-61.75494,5836.036,5945.0,725.2,9998
26.63677,-61.77278,5833.632,5900.0,686.9,9998
25.89438,-62.07069,5876.987,6013.0,382.4,-1
25.74792,-62.40743,5876.76,6050.0,461.2,9998
27.39498,-61.48694,5800.319,5908.0,337.6,9998
26.86176,-60.53899,5687.152,5744.0,365.6,9998
26.99923,-60.22083,5835.119,5856.0,142.3,9998
26.80797,-60.56219,5668.592,5640.0,403.2,9998
27.09417,-61.92472,5770.946,5774.0,856.5,-1
25.78685,-62.74955,5815.809,6061.0,450.3,-1
25.63941,-62.91958,5849.822,5833.0,476.5,9998
25.37697,-63.11996,5599.283,5728.0,455.8,-1
25.07333,-63.5015,5601.243,5599.0,496.6,-1
24.92685,-63.38605,5712.629,5680.0,244.9,-1
24.85429,-63.50735,5773.625,5730.0,258.4,-1
24.51728,-63.6005,5788.372,5842.0,49.6,-1
23.88769,-63.74154,5817.262,5849.0,1061.7,-1
22.93549,-63.416,5843.755,5875.0,576.6,9998
23.44797,-63.37363,5851.102,5884.0,910.5,9998
24.02596,-64.6482,5678.14,5643.0,681.2,-1
24.27606,-64.33899,5814.978,5844.0,379.1,9998
23.79752,-63.39688,5849.028,5842.0,1254.0,-1
24.90986,-63.81907,5569.255,5678.0,397.8,-1
24.63406,-63.74577,5701.326,5770.0,98.5,-1
24.53777,-63.77272,5847.57,5842.0,5.7,9998
24.49412,-64.05203,5542.298,5599.0,155.5,-1
24.64446,-64.08836,5878.671,5910.0,163.2,-1
24.54316,-63.65772,5803.455,5823.0,38.9,-1
24.37439,-61.99948,5836.898,5874.0,131.9,-1
23.32874,-60.87771,5837.701,5787.0,347.9,-1
23.22566,-60.32566,5724.234,5833.0,151.8,-1
22.92685,-60.11284,5614.075,5853.0,134.8,9998
22.40374,-59.69842,5707.797,5747.0,384.3,9998
22.4786,-59.81247,5844.027,5760.0,366.6,9998
22.52246,-60.42801,5763.02,5839.0,503.5,9998
22.34195,-60.22036,5455.705,5625.0,384.1,-1
22.18998,-60.22277,5578.316,5611.0,220.7,-1
22.09667,-60.43461,5652.048,5604.0,277.7,-1
21.77481,-60.35116,5631.731,5615.0,528.7,-1
21.37312,-60.43715,5560.879,5694.0,1123.8,-1
21.05353,-60.33042,5571.258,5589.0,1352.9,9998
21.19264,-60.02741,5626.03,5571.0,1295.3,9998
21.46985,-59.62579,5657.792,5692.0,817.6,-1
21.68715,-59.35909,5682.695,5833.0,758.2,-1
21.81294,-59.24174,5742.378,5740.0,754.9,9998
21.93809,-59.15865,5879.445,5855.0,762.4,9998
22.07793,-58.98278,5641.693,5607.0,715.4,9998
21.94659,-58.82555,5656.652,5644.0,545.2,9998
21.96257,-58.95501,5533.257,5533.0,626.4,-1
22.00652,-59.3011,5716.463,5762.0,666.9,9998
21.80319,-59.26827,5684.009,5724.0,737.9,9998
21.82784,-59.15337,5614.185,5582.0,758.3,9998
21.94585,-58.82208,5515.534,5606.0,530.4,9998
22.01994,-58.52417,5644.91,5582.0,465.8,-1
22.20896,-58.22696,5749.201,5709.0,597.2,-1
22.47374,-58.17248,5770.491,5777.0,657.3,-1
22.64546,-58.24438,5738.198,5775.0,611.2,-1
22.53187,-58.3779,5830.076,5772.0,682.4,-1
22.46499,-58.2299,5863.188,5785.0,684.7,-1
22.50169,-58.09457,5655.965,5697.0,618.2,-1
22.54211,-58.13142,5655.37,5717.0,621.3,-1
22.49151,-58.20279,5799.612,5788.0,666.7,-1
22.31696,-58.26926,5503.484,5561.0,644.8,-1
22.17086,-58.23981,5689.586,5698.0,567.2,-1
22.17502,-58.03798,5471.85,5453.0,469.9,-1
21.95507,-57.58575,5644.644,5660.0,269.8,9998
21.70665,-58.12056,5439.354,5430.0,519.6,9998
21.82023,-58.74624,5810.991,5612.0,551.6,9998
21.80568,-59.01253,5572.351,5576.0,734.5,9998
21.88441,-59.06305,5658.322,5624.0,730.6,-1
22.09628,-58.93413,5636.168,5651.0,686.8,9998
22.47067,-58.90358,5756.072,5883.0,699.3,-1
22.32921,-59.21537,5719.829,5854.0,644.9,9998
22.08361,-59.0909,5776.831,5730.0,769.5,9998
21.98547,-58.81178,5526.854,5568.0,538.5,9998
22.0154,-58.42583,5514.637,5555.0,428.4,-1
24.0322,-64.00971,5840.905,5847.0,740.0,-1
24.11889,-64.39093,5840.193,5851.0,601.7,9998
24.09536,-64.9447,5835.851,5859.0,655.1,9998
24.2276,-65.34549,5611.935,5742.0,691.0,-1
24.26453,-65.49967,5636.708,5645.0,735.8,9998
24.44496,-65.59379,5641.672,5664.0,534.1,9998
24.38777,-65.39673,5738.396,5562.0,423.8,9998
24.12612,-65.63167,5765.015,5699.0,1018.4,9998
23.88325,-65.80632,5829.743,5821.0,941.3,9998
23.5248,-65.97962,5825.241,5841.0,533.3,9998
23.37772,-65.963,5826.072,5832.0,671.5,9998
23.40414,-65.65615,5828.481,5842.0,403.0,9998
23.52283,-64.70548,5835.304,5869.0,814.4,-1
24.08131,-64.1273,5803.35,5799.0,656.4,-1
23.95645,-63.69564,5843.161,5857.0,964.8,9998
23.35132,-63.3031,5854.719,5899.0,633.8,-1
23.41062,-63.16579,5859.822,5902.0,717.2,9998
23.9583,-64.3234,5839.484,5851.0,936.6,9998
24.01072,-65.71565,5828.822,5845.0,1115.7,9998
24.0395,-66.19263,5636.989,5746.0,1375.8,9998
24.13969,-66.407,5744.01,5770.0,1560.1,-1
24.11287,-66.49228,5745.763,5752.0,1587.6,-1
24.0165,-66.34009,5624.604,5528.0,1421.2,-1
24.14529,-66.38931,5740.912,5736.0,1553.0,-1
24.2478,-66.50724,5747.935,5692.0,1536.8,-1
24.3819,-66.4681,5640.148,5687.0,1305.8,9998
24.49239,-66.51279,5625.484,5659.0,1102.2,9998
24.57362,-66.50448,5768.997,5702.0,892.5,-1
24.63135,-66.50507,5706.07,5667.0,694.0,-1
24.68866,-66.54908,5725.5,5605.0,517.7,-1
24.64761,-66.50815,5693.189,5667.0,639.7,-1
24.5811,-66.61869,5665.241,5696.0,894.8,9998
24.47952,-66.8639,5750.939,5718.0,1215.6,-1
24.51765,-66.88817,5731.568,5823.0,1115.8,-1
25.19403,-68.34972,5570.499,5580.0,871.5,-1
24.97178,-68.75042,5636.237,5624.0,997.0,9998
25.23649,-68.8828,5599.436,5598.0,1322.0,9998
25.03527,-69.01929,5647.635,5655.0,1204.9,-1
24.64391,-68.91158,5672.088,5658.0,632.8,-1
23.98352,-68.40123,5667.508,5655.0,1181.7,-1
23.8951,-68.16602,5676.932,5752.0,1418.0,9998
23.84176,-68.32413,5544.775,5551.0,1243.6,-1
23.77809,-68.04732,5651.807,5660.0,1401.7,9998
23.84041,-68.0873,5662.335,5671.0,1432.9,9998
24.02476,-68.29022,5725.473,5573.0,1303.4,-1
24.30629,-68.4911,5765.523,5769.0,796.7,-1
24.19629,-68.79937,5625.117,5625.0,567.8,-1
24.42391,-69.23194,5627.061,5632.0,277.5,-1
24.48032,-70.10104,5551.311,5548.0,916.1,-1
24.40983,-71.09775,5526.058,5521.0,2635.2,-1
24.40711,-70.5706,5534.292,5543.0,1783.4,9998
24.38223,-70.56819,5534.302,5538.0,1841.0,-1
24.32952,-70.32009,5544.008,5568.0,1578.3,-1
24.71247,-69.85362,5595.382,5638.0,616.4,-1
24.60227,-69.45722,5610.435,5598.0,211.5,-1
24.3543,-69.09533,5640.546,5624.0,414.2,-1
25.56279,-69.9429,5515.825,5533.0,1309.2,9998
25.42034,-71.04827,5522.565,5523.0,1655.8,-1
24.69101,-70.8418,5538.929,5506.0,1252.7,-1
24.6502,-70.30517,5550.858,5549.0,452.7,-1
25.20818,-70.84653,5531.851,5533.0,1348.6,-1
25.27352,-70.74094,5532.309,5535.0,1644.9,-1
25.19738,-70.22259,5547.545,5551.0,1867.4,9998
25.43395,-72.15837,5341.651,5481.0,1484.7,-1
25.54704,-72.72718,5332.012,5430.0,2417.8,-1
25.70947,-72.93571,5373.727,5389.0,2024.5,9998
25.70681,-70.98777,5380.705,5514.0,1836.1,-1
24.8295,-71.7016,5342.947,5494.0,2146.3,-1
26.05416,-72.30173,5244.461,5305.0,1910.4,-1
25.79934,-71.1721,5132.138,5514.0,1824.9,-1
25.71372,-70.99886,5172.333,5514.0,1770.1,-1
25.58235,-71.57394,5095.152,5502.0,1243.4,-1
25.31092,-71.79709,5170.639,5506.0,208.5,-1
24.39197,-72.04243,5013.658,5444.0,2156.0,-1
24.31099,-66.86293,5671.156,5666.0,1467.9,-1
24.07468,-70.72014,5528.802,5518.0,2187.8,-1
24.21309,-70.35528,5543.568,5574.0,1850.6,-1
23.45169,-69.90497,5497.453,5500.0,397.0,-1
23.55995,-70.08974,5483.946,5498.0,321.1,-1
24.34268,-70.23897,5531.896,5561.0,1435.7,-1
24.31914,-70.69478,5521.055,5487.0,2180.6,9998
24.71752,-71.59345,5515.962,5528.0,2456.9,-1
24.96265,-71.90054,5510.927,5518.0,1923.9,-1
24.74314,-72.5886,5498.515,5523.0,2279.8,-1
24.23516,-73.53677,5338.418,5359.0,5108.1,-1
23.33845,-74.05296,4554.715,4591.0,2230.7,-1
23.70733,-74.27526,4545.359,4500.0,2417.4,9998
23.54619,-72.23886,4477.882,5313.0,3782.9,-1
24.25591,-71.79978,5045.836,5452.0,2052.0,-1
24.26486,-69.02832,5532.312,5572.0,617.0,-1
23.52934,-69.14326,5362.62,5309.0,344.0,-1
23.10329,-70.43384,5442.932,5362.0,2365.8,-1
23.34557,-71.02639,5425.302,5479.0,3119.6,-1
23.07718,-70.42182,5470.268,5368.0,2428.6,-1
24.14561,-70.11564,5525.578,5545.0,1639.4,-1
24.49573,-70.82991,5536.486,5605.0,2045.2,9998
24.02182,-71.77738,5482.029,5468.0,868.4,-1
23.49266,-71.08721,5461.879,5560.0,2200.4,-1
23.89569,-70.0132,5465.121,5466.0,1181.0,-1
24.51362,-70.26566,5552.654,5557.0,909.0,-1
25.69716,-70.64095,5518.0,5467.0,1648.8,9998
25.34407,-70.65606,5531.119,5539.0,1821.3,-1
25.556,-71.56308,5503.14,5504.0,1295.7,-1
25.94183,-70.77092,5510.638,5508.0,1387.7,-1
25.24014,-71.0326,5524.379,5526.0,1203.9,-1
24.98905,-71.57375,5514.598,5526.0,1386.5,-1
24.73304,-71.98986,5514.504,5504.0,2587.9,-1
24.95345,-71.94006,5509.09,5517.0,1991.8,-1
24.08511,-71.60024,5508.454,5445.0,1570.3,-1
24.20857,-71.67972,5508.989,5466.0,2144.5,-1
23.48459,-71.58309,5385.804,5432.0,3649.4,9998
23.5874,-71.60197,5423.276,5471.0,2830.5,9998
24.38176,-71.58022,5516.382,5534.0,2786.1,-1
24.25222,-71.89361,5501.126,5480.0,2085.1,-1
24.57197,-72.47114,5501.004,5541.0,2111.8,-1
24.8549,-72.66221,5496.632,5492.0,2292.3,-1
24.51666,-72.63836,5484.361,5458.0,1355.7,-1
24.24138,-72.03254,5498.32,5469.0,1748.3,-1
24.86037,-72.56174,5499.342,5516.0,2472.8,-1
24.89421,-72.31521,5506.11,5520.0,2506.8,-1
24.32884,-72.84865,5448.002,5459.0,959.9,-1
21.91959,-68.90847,5506.532,5529.0,5097.1,-1
22.5763,-69.08038,5506.298,5514.0,1468.1,-1
22.70546,-69.53521,5506.833,5451.0,1793.4,-1
22.06316,-69.54319,5501.734,5451.0,5539.4,9998
22.0734,-69.6783,5495.529,5483.0,5452.2,9998
22.13292,-69.78479,5476.71,5464.0,5280.5,9998
24.05821,-70.32858,5538.785,5673.0,1847.3,-1
24.06345,-70.27297,5538.686,5529.0,1797.3,-1
24.40931,-69.73567,5545.333,5559.0,831.4,-1
23.55866,-70.3614,5479.005,5482.0,497.1,-1
23.74156,-70.81337,5504.708,5505.0,909.6,-1
23.34759,-70.70643,5456.118,5393.0,2157.7,-1
23.70684,-71.41662,5470.327,5482.0,1159.3,9998
24.45859,-71.79425,5514.802,5529.0,2759.2,-1
24.58107,-71.08436,5531.514,5539.0,2265.6,-1
24.64262,-71.17761,5528.293,5543.0,2194.6,-1
25.09708,-71.77476,5506.612,5560.0,1214.9,-1
25.4561,-71.4922,5508.215,5506.0,1167.1,-1
25.03121,-71.04572,5528.626,5613.0,451.2,-1
24.1711,-70.95023,5520.724,5492.0,2422.2,9998
22.85818,-70.63355,5394.85,5431.0,3846.6,9998
21.51485,-68.91151,5502.12,5435.0,5723.7,-1
22.09664,-68.15171,5430.108,5369.0,1046.5,-1
20.53523,-66.58733,5453.997,5447.0,5853.7,9998
21.28486,-66.45476,5443.859,5438.0,1547.8,9998
21.64708,-65.13072,5531.817,5586.0,504.7,-1
21.42492,-64.46219,5511.064,5516.0,304.1,-1
21.44085,-63.79478,5429.171,5488.0,330.0,-1
21.57735,-63.28131,5538.043,5428.0,459.1,-1
21.42148,-62.00501,5589.438,5856.0,1068.0,-1
21.21251,-61.99793,5571.493,5546.0,915.8,-1
21.20337,-62.02278,5582.055,5546.0,894.6,-1
21.0759,-61.4776,5561.756,5573.0,1196.9,-1
21.0098,-61.5948,5576.891,5681.0,1028.6,9998
20.93415,-61.69405,5416.16,5457.0,843.7,-1
20.39945,-61.4446,5408.775,5394.0,861.1,9998
20.2156,-61.15675,5434.231,5461.0,610.3,9998
20.84956,-60.43789,5556.312,5492.0,1454.6,9998
20.2902,-61.39924,5413.463,5407.0,794.6,9998
20.178,-61.10161,5512.453,5525.0,572.5,-1
20.13594,-60.67689,5519.638,5560.0,791.7,9998
20.94783,-61.06052,5532.833,5587.0,1591.3,-1
21.04241,-60.78341,5554.406,5675.0,1581.9,9998
21.14127,-60.26423,5507.383,5606.0,1284.5,-1
21.42774,-60.02653,5422.584,5450.0,912.7,9998
21.45027,-59.91225,5412.884,5477.0,843.0,9998
21.37894,-59.9767,5454.78,5503.0,988.8,9998
21.33192,-60.05674,5413.021,5634.0,1057.4,9998
21.12934,-60.13366,5412.604,5529.0,1295.7,-1
-34.77538,-174.7083,5650.725,5662.0,330.6,-1
-34.8475,-174.7471,5614.509,5598.0,403.2,9998
-34.88924,-174.7886,5621.938,5567.0,421.1,9998
-34.91048,-174.8282,5563.003,5496.0,419.5,-1
-34.93014,-174.8746,5648.908,5555.0,417.1,-1
-34.94817,-174.9326,5582.047,5491.0,401.2,-1
-34.96567,-174.9909,5595.584,5507.0,396.3,9998
-34.97352,-175.082,5580.874,5562.0,395.6,9998
-35.01674,-175.1307,5629.131,5633.0,385.6,-1
-35.07664,-175.196,5630.65,5634.0,351.9,-1
-35.12413,-175.2847,5640.591,5640.0,371.5,-1
-35.10716,-175.407,5649.305,5636.0,562.2,9998
-35.0436,-175.4777,5636.277,5621.0,686.3,9998
-34.99081,-175.5064,5627.789,5603.0,745.7,-1
-34.92977,-175.4783,5532.219,5532.0,733.3,-1
-34.84403,-175.4271,5605.223,5615.0,711.3,-1
-34.7661,-175.3679,5541.879,5540.0,623.7,-1
-34.63666,-175.2938,5578.909,5575.0,465.9,-1
-34.5949,-175.3507,5561.8,5563.0,520.5,-1
-34.58899,-175.4305,5582.705,5580.0,631.7,-1
-34.6388,-175.5397,5532.456,5526.0,764.0,-1
-34.71312,-175.6102,5539.388,5538.0,806.8,-1
-34.8167,-175.5751,5550.662,5546.0,791.3,-1
-34.87387,-175.4964,5600.273,5600.0,768.9,-1
-34.92839,-175.4189,5635.076,5630.0,690.4,-1
-34.99877,-175.3353,5634.461,5631.0,537.2,9998
-35.11828,-175.3243,5637.981,5642.0,429.3,9998
-35.17574,-175.428,5682.641,5667.0,523.4,9998
-35.11953,-175.577,5616.118,5605.0,626.9,9998
-35.08777,-175.695,5620.874,5603.0,574.4,-1
-35.06826,-175.7111,5620.69,5580.0,577.1,-1
-35.0994,-175.7221,5622.899,5598.0,537.3,-1
-35.06453,-175.7664,5606.953,5528.0,524.1,-1
-35.03822,-175.7834,5611.707,5503.0,528.7,9998
-35.01547,-175.8015,5610.363,5461.0,529.1,9998
-35.01982,-175.714,5598.945,5551.0,618.9,-1
-35.00951,-175.5534,5635.52,5602.0,737.9,-1
-34.99813,-175.3481,5628.367,5649.0,554.8,9998
-34.92589,-175.1566,5658.39,5648.0,421.5,9998
-34.72534,-175.0975,5605.086,5553.0,321.4,9998
-34.54147,-175.2886,5563.858,5560.0,387.6,-1
-34.5861,-175.56,5568.965,5571.0,779.4,-1
-34.80428,-175.6156,5480.592,5503.0,782.8,-1
-34.84141,-175.4326,5618.382,5609.0,718.2,-1
-34.79361,-175.2146,5610.955,5915.0,431.1,-1
-34.73202,-175.1845,5605.76,5653.0,378.7,-1
-34.8232,-175.2475,5625.646,5734.0,473.5,-1
-34.81763,-175.3007,5583.368,5669.0,539.3,-1
-35.00151,-175.2383,5633.008,5632.0,430.4,9998
-35.14122,-175.0027,5568.601,5565.0,279.2,-1
-35.07989,-174.7062,5650.576,5633.0,513.6,-1
-34.84517,-174.4534,5619.637,5617.0,312.7,-1
-34.65449,-174.3793,5683.089,5684.0,242.8,-1
-34.4653,-174.3663,5678.637,5680.0,379.4,-1
-34.31248,-174.3397,5683.644,5766.0,509.7,-1
-34.20357,-174.2778,5685.148,5703.0,579.8,9998
-34.12868,-174.2154,5683.637,5746.0,616.5,9998
-34.0968,-174.1589,5685.49,5690.0,633.7,9998
-34.12208,-174.11,5683.931,5683.0,644.3,-1
-34.18364,-174.1158,5684.771,5692.0,640.0,-1
-34.26457,-174.1541,5683.862,5700.0,618.7,-1
-34.36098,-174.1962,5683.621,5693.0,582.6,-1
-34.42364,-174.2852,5684.364,5692.0,474.6,-1
-34.43768,-174.3904,5683.874,5684.0,393.9,-1
-34.41928,-174.5008,5684.075,5688.0,389.0,-1
-34.42236,-174.6034,5684.461,5692.0,347.2,9998
-34.40638,-174.7222,5649.259,5578.0,311.6,9998
-34.37196,-174.8106,5637.958,5633.0,310.2,-1
-34.31132,-174.8858,5633.343,5630.0,351.9,-1
-34.28085,-174.9595,5683.369,5654.0,338.9,-1
-34.26068,-175.0155,5674.577,5672.0,319.3,-1
-34.23824,-175.0778,5659.305,5624.0,291.8,-1
-34.21689,-175.1498,5683.885,5673.0,252.4,-1
-34.20482,-175.1872,5684.277,5690.0,231.5,-1
-34.18581,-175.2274,5685.253,5694.0,219.3,9998
-34.17978,-175.284,5665.621,5365.0,184.6,9998
-34.16702,-175.3333,5684.393,6143.0,180.4,9998
-34.15445,-175.3815,5684.882,5745.0,186.3,-1
-35.52954,-175.8171,5393.695,5388.0,1105.6,9998
-35.51529,-175.9023,5394.767,5470.0,1124.9,9998
-35.54032,-175.9035,5557.571,5559.0,1213.8,9998
-35.55618,-175.8946,5580.204,5574.0,1248.2,9998
-35.47371,-175.8696,5391.107,5455.0,1012.0,9998
-35.44737,-175.9044,5079.097,5075.0,916.3,9998
-35.43148,-175.928,4927.979,4955.0,866.5,-1
-35.42456,-175.9317,4948.844,4958.0,857.1,-1
-34.6061,-175.1286,5581.245,5579.0,265.5,-1
-34.68531,-175.1053,5586.045,5515.0,302.5,-1
-34.80316,-175.1031,5614.24,5542.0,364.8,9998
-34.90614,-175.1518,5591.937,5591.0,415.0,9998
-34.92875,-175.1837,5612.921,5601.0,427.3,9998
-34.90724,-175.195,5617.092,5552.0,436.0,9998
-34.83757,-175.2307,5618.287,5647.0,458.7,9998
-34.73423,-175.2677,5600.148,5628.0,476.2,-1
-34.66016,-175.4156,5548.027,5549.0,649.0,-1
-34.71966,-175.6813,5525.836,5529.0,814.8,-1
-34.90074,-175.8088,5501.261,5491.0,613.5,-1
-35.07956,-175.964,5561.761,5525.0,275.6,-1
-35.18318,-176.1265,5536.26,5544.0,401.4,9998
-35.22074,-176.2979,5532.079,5532.0,531.7,-1
-35.34875,-176.4121,5590.271,5587.0,788.0,-1
-35.55835,-176.4707,5600.714,5622.0,912.6,-1
-35.70213,-176.5156,5601.515,5601.0,971.6,-1
-35.75258,-176.4962,5602.361,5602.0,1041.6,-1
-35.67961,-176.5109,5602.59,5609.0,958.3,-1
-35.67705,-176.465,5601.141,5601.0,1016.4,-1
-35.78297,-176.5169,5601.282,5599.0,1046.6,-1
-35.88763,-176.562,5597.36,5601.0,1107.6,-1
-36.0562,-176.6991,5576.768,5579.0,1161.2,-1
-36.1401,-176.8462,5547.021,5551.0,1126.3,-1
-36.14683,-176.9187,5552.243,5550.0,1106.1,-1
-36.0915,-176.9852,5572.01,5565.0,1071.0,-1
-36.03356,-177.1447,5583.357,5594.0,1074.9,-1
-36.03528,-177.2616,5531.881,5578.0,1161.7,-1
-36.12688,-177.2566,5602.467,5636.0,1228.7,-1
-36.16506,-177.2474,5660.776,5830.0,1241.6,9998
-36.18193,-177.2279,5596.153,5627.0,1183.3,9998
-36.27712,-177.237,5604.521,5601.0,976.4,-1
-36.37521,-177.2325,5596.735,5595.0,540.3,-1
-36.3904,-177.1214,5523.483,5524.0,473.3,-1
-36.28424,-176.8778,5514.92,5498.0,895.3,9998
-36.15881,-176.7149,5560.946,5552.0,1096.2,-1
-36.10813,-176.6362,5570.163,5552.0,1114.3,9998
-36.14642,-176.5892,5565.113,5568.0,1015.2,9998
-36.15078,-176.4444,5564.918,5564.0,870.7,-1
-36.18333,-176.2782,5566.159,5568.0,569.3,-1
-36.21483,-176.1714,5564.596,5565.0,341.6,-1
-36.31894,-176.1243,5548.579,5550.0,216.6,-1
-36.4668,-176.1183,5520.251,5509.0,414.4,9998
-36.64676,-176.1453,5467.225,5500.0,619.7,9998
-36.7755,-176.1768,5427.571,5471.0,718.0,9998
-36.88084,-176.1984,5406.705,5421.0,751.2,9998
-36.9367,-176.2018,5399.708,5387.0,759.8,9998
-36.95418,-176.1605,5399.505,5399.0,769.0,9998
-36.95623,-176.0725,5435.809,5436.0,779.6,9998
-37.10701,-162.442,3546.851,5416.0,285.5,-1
-37.10365,-162.4509,3796.315,5415.0,302.1,-1
-37.33655,-162.3074,5364.66,5372.0,521.5,-1
-37.29763,-162.3026,5268.797,5287.0,511.4,-1
-37.61659,-162.4371,5343.126,5340.0,481.5,-1
-37.74015,-162.4843,5274.401,5278.0,488.8,-1
-37.83237,-162.4205,5303.028,5294.0,456.9,-1
-37.91365,-162.5553,5266.473,5246.0,496.9,9998
-37.93372,-162.4229,5368.054,5356.0,465.5,-1
-38.09599,-162.1427,5362.263,5386.0,456.1,9998
-38.14703,-162.02,5331.543,5329.0,452.1,-1
-37.99652,-161.9707,5313.41,5370.0,435.4,9998
-38.02686,-162.0877,5220.597,5233.0,436.1,9998
-37.95201,-162.0541,5162.882,5179.0,428.1,-1
-38.3203,-162.5842,4996.554,5069.0,372.8,9998
-38.09628,-163.1997,5288.859,5275.0,309.5,-1
-38.04847,-163.2766,5268.347,5260.0,397.3,-1
-37.61373,-163.3418,5258.866,5245.0,341.7,-1
-37.45879,-163.0594,4996.454,5000.0,367.1,-1
-37.40622,-162.9919,5248.209,5229.0,403.8,9998
-36.86561,-163.4913,5319.852,5319.0,306.8,9998
-36.19201,-163.6641,5311.16,5306.0,281.2,-1
-35.81553,-163.7132,5355.017,5341.0,118.7,-1
-35.67886,-163.8922,5295.803,5299.0,161.1,-1
-35.28788,-164.1947,5232.326,5242.0,949.8,-1
-34.31759,-164.3148,5390.871,5335.0,1039.0,-1
-33.5207,-164.3579,5340.385,5404.0,835.2,9998
-30.71491,-164.4326,5363.138,5305.0,489.7,9998
-30.60375,-164.0364,5321.714,5321.0,452.8,-1
-32.34778,-156.5889,5304.868,5278.0,667.2,-1
-32.32295,-156.3882,5117.305,5123.0,621.8,-1
-32.44966,-156.0526,5283.796,5367.0,896.6,9998
-32.57901,-155.8555,5148.614,5145.0,1102.9,9998
-32.55806,-155.6501,5108.282,5196.0,1085.3,9998
-29.28964,-163.3658,5152.899,5161.0,1470.9,9998
-29.50244,-161.7943,5281.863,5283.0,1199.9,-1
-29.3397,-162.0115,5243.058,5216.0,985.4,-1
-29.32883,-161.8053,5231.235,5272.0,710.2,-1
-29.32527,-161.8901,5177.518,5072.0,773.4,-1
-29.35496,-161.9689,4903.677,4877.0,908.9,-1
-28.51373,-160.781,5297.103,5258.0,1368.5,-1
-29.10538,-160.9886,5482.593,5466.0,949.8,-1
-29.36572,-161.2787,5332.998,5327.0,859.0,-1
-29.63306,-161.497,5375.618,5356.0,1359.7,-1
-30.15661,-161.9967,5037.207,5043.0,1618.6,-1
-30.25678,-161.8786,4975.157,4989.0,1491.8,-1
-30.31538,-161.7909,5026.663,5031.0,1427.3,-1
-30.43847,-161.8813,5240.855,5264.0,1260.4,-1
-30.45283,-161.7877,5346.198,5351.0,1249.2,-1
-30.44259,-161.7734,5331.087,5320.0,1267.7,-1
-30.44126,-161.8139,5267.511,5236.0,1258.3,-1
-30.358,-162.1062,5149.067,5156.0,1345.3,-1
-30.43711,-162.3065,5233.002,5234.0,1235.7,-1
-30.32343,-162.3573,5172.646,5183.0,1348.2,-1
-30.41452,-162.5498,5397.274,5379.0,1266.9,-1
-30.41031,-162.514,5278.476,5310.0,1245.7,-1
-30.46698,-162.6212,5195.277,5194.0,1129.9,-1
-30.47284,-162.6013,5193.14,5194.0,1121.9,-1
-30.48003,-162.5788,5172.872,5179.0,1109.2,-1
-30.50141,-162.5977,5205.636,5205.0,1077.1,-1
-30.49464,-162.5866,5194.489,5195.0,1088.7,-1
-30.43209,-162.3636,5279.533,5284.0,1242.2,-1
-30.35482,-162.2793,5267.645,5264.0,1354.4,-1
-30.28185,-162.2031,5094.396,5127.0,1425.9,-1
-30.27853,-162.2157,5122.623,5117.0,1434.5,-1
-30.28877,-162.222,5140.755,5145.0,1423.2,-1
-30.30031,-162.247,5180.51,5187.0,1411.8,-1
-30.25161,-162.086,5019.799,5046.0,1481.9,-1
-30.06267,-162.2097,5324.175,5298.0,1744.6,-1
-29.99815,-162.1691,5262.463,5247.0,1741.3,-1
-29.87819,-162.073,5219.373,5207.0,1751.1,-1
-29.78817,-162.0347,5306.557,5412.0,1752.3,9998
-29.85812,-161.843,5311.857,5300.0,1731.6,-1
-29.71748,-161.517,5172.896,5177.0,1453.0,-1
-29.66323,-161.4187,5447.485,5426.0,1438.4,-1
-29.59273,-161.3299,5230.641,5232.0,1246.9,-1
-29.43959,-161.2671,5307.478,5308.0,997.9,-1
-29.31235,-161.2911,5281.652,5283.0,751.3,-1
-31.43138,-165.5589,5216.973,4737.0,1051.2,9998
-31.44614,-165.5372,5218.42,4347.0,1051.2,9998
-31.46275,-165.5152,5283.743,4298.0,1065.3,9998
-32.40406,-165.7598,5309.592,5334.0,721.6,9998
-31.61454,-166.0379,5275.342,5268.0,1473.7,9998
-31.62894,-166.1697,5230.363,5259.0,1397.0,9998
-31.68479,-166.2072,5327.737,5140.0,1344.6,9998
-31.7145,-166.234,5285.572,5306.0,1275.0,9998
-31.78651,-166.2275,5332.44,5331.0,1185.9,-1
-31.65674,-166.2688,5209.122,5254.0,1333.5,-1
-31.5106,-166.2854,5285.854,5242.0,1488.0,9998
-31.06504,-165.959,5298.84,5352.0,812.7,9998
-30.91686,-165.7704,5293.864,5307.0,338.2,9998
-30.6967,-165.8937,5332.14,5333.0,196.3,-1
-30.81676,-165.951,5364.062,5365.0,316.1,-1
-30.91168,-165.9628,5230.573,5263.0,469.7,-1
-30.9286,-165.9392,5373.218,5387.0,501.7,-1
-30.99044,-166.0674,5379.198,5374.0,723.4,9998
-30.60081,-166.7968,5280.527,5299.0,554.1,-1
-30.20975,-165.9767,5432.139,5389.0,803.5,-1
-30.29928,-166.1885,5342.389,5350.0,699.9,-1
-30.39368,-166.2005,5186.192,5218.0,533.8,9998
-30.67472,-165.9141,5380.4,5383.0,193.5,-1
-30.78087,-165.7713,5306.134,5308.0,204.8,-1
-30.50849,-165.8401,5372.141,5377.0,261.2,-1
-30.57875,-166.0307,5452.414,5455.0,296.5,-1
-30.59442,-165.8907,5351.37,5356.0,201.7,-1
-30.25735,-166.0785,5415.069,5379.0,745.6,-1
-30.26565,-166.1789,5450.613,5439.0,769.4,-1
-30.52947,-166.0584,5417.566,5418.0,354.8,-1
-30.93694,-166.1817,5414.772,5411.0,663.1,9998
-31.27702,-166.1357,5365.315,5387.0,1322.6,9998
-31.439,-166.2008,4911.3,4939.0,1425.7,9998
-31.44585,-166.1655,4934.982,4881.0,1439.4,9998
-31.54098,-166.0894,5179.891,5164.0,1499.8,-1
-31.49029,-166.0706,5075.66,5092.0,1486.2,-1
-31.0941,-166.0984,5343.886,5359.0,949.0,-1
-30.91915,-165.943,5380.294,5364.0,484.3,-1
-31.01188,-166.0199,5346.635,5342.0,741.5,-1
-31.11684,-166.0049,5289.417,5341.0,949.7,9998
-30.95115,-166.2677,5374.758,5379.0,729.4,-1
-31.01601,-166.3023,5439.437,5431.0,881.7,-1
-30.96008,-166.4053,5451.566,5455.0,825.6,-1
-30.99754,-167.0113,5376.676,5382.0,1025.8,-1
-31.23399,-167.2817,5580.311,5567.0,1241.0,-1
-31.51145,-167.1718,5579.796,5699.0,1482.2,9998
-31.65881,-167.4674,5325.714,5622.0,1320.4,-1
-31.68975,-167.5074,5551.257,5560.0,1344.1,-1
-31.75365,-167.619,5442.98,5478.0,1220.7,-1
-31.79189,-167.5765,5590.12,5561.0,1210.0,-1
-31.78983,-167.5645,5486.25,5521.0,1192.8,-1
-31.81026,-167.4928,5462.517,5448.0,1166.7,-1
-31.89777,-167.4759,5262.62,5269.0,964.8,-1
-31.87963,-167.5709,5419.391,5420.0,1029.5,-1
-31.95487,-167.4367,5499.634,5500.0,887.0,-1
-32.05668,-167.1939,5487.292,5474.0,677.2,9998
-31.7738,-167.0877,5507.364,5528.0,1168.2,9998
-31.61457,-167.1021,5312.942,5328.0,1360.5,9998
-31.80472,-167.0171,5563.401,5513.0,1101.2,9998
-31.98895,-167.1153,5544.731,5576.0,738.3,9998
-31.84366,-167.0573,5500.943,5535.0,1014.0,9998
-31.64715,-167.1708,5482.151,5478.0,1383.3,9998
-31.77649,-167.321,5541.924,5539.0,1227.3,-1
-31.74308,-167.4028,5600.982,5597.0,1304.9,-1
-31.61319,-167.5768,5367.104,5416.0,1350.0,9998
-31.54215,-167.8536,5619.366,5623.0,1220.4,-1
-31.46608,-167.8527,5576.72,5588.0,1167.6,-1
-31.25387,-167.4902,5531.32,5548.0,1178.8,9998
-31.63639,-167.2268,5610.612,5628.0,1432.8,9998
-31.98078,-167.3827,5501.751,5500.0,816.0,-1
-32.32851,-167.252,5368.917,5417.0,727.8,9998
-32.50207,-167.4919,5693.319,5702.0,870.9,9998
-32.57049,-167.6006,5460.72,5520.0,858.3,9998
-32.86606,-167.6142,5654.353,5527.0,884.6,9998
-33.06616,-167.5766,5485.084,5475.0,986.9,-1
-33.15984,-167.6122,5508.276,5487.0,1039.6,-1
-33.21901,-167.5408,5393.119,5384.0,973.7,-1
-33.31879,-167.6045,5440.816,5439.0,963.3,-1
-33.24575,-167.5286,5243.904,5264.0,932.0,-1
-33.30958,-167.5024,5451.666,5456.0,918.3,-1
-33.51392,-167.4174,5563.475,5556.0,834.3,9998
-33.66809,-167.3465,5508.329,5505.0,770.6,-1
-33.70723,-167.3082,5491.08,5477.0,764.4,-1
-33.69305,-167.391,5474.435,5469.0,768.2,-1
-33.50569,-167.4592,5524.087,5521.0,845.0,-1
-33.28014,-167.2399,5536.583,5538.0,808.6,-1
-33.33268,-167.2407,5533.17,5532.0,806.4,-1
-33.32845,-167.1769,5502.97,5500.0,812.7,-1
-33.17842,-167.2619,5474.092,5466.0,828.2,-1
-33.29214,-167.1434,5434.632,5438.0,800.8,-1
-33.45956,-166.8382,5445.013,5440.0,851.8,-1
-33.8305,-166.8284,5403.782,5408.0,743.0,-1
-33.82795,-167.0216,5416.179,5419.0,729.9,-1
-33.64132,-166.9757,5263.207,5262.0,756.7,-1
-37.03613,-164.9541,5296.527,5299.0,410.9,-1
-37.08646,-164.9534,5343.475,5341.0,419.0,-1
-37.13617,-164.9344,5371.437,5361.0,437.9,-1
-37.19989,-164.9565,5366.372,5358.0,436.0,-1
-37.2821,-165.024,5311.326,5302.0,405.3,-1
-36.5178,-164.8578,5276.426,5269.0,580.2,9998
-36.15616,-164.9807,5220.496,5217.0,349.2,9998
-35.91154,-165.0026,5136.48,5155.0,224.0,-1
-35.86197,-165.3568,5193.302,5196.0,204.8,-1
-35.84012,-166.8926,5166.174,5171.0,529.0,-1
-34.94445,-167.915,5075.343,5069.0,322.0,9998
-34.95291,-168.0695,5168.026,5142.0,259.7,9998
-34.96165,-168.1875,5174.905,5182.0,218.9,9998
-34.778,-168.1209,5126.031,5126.0,528.7,-1
-34.54209,-168.0894,5137.771,5146.0,935.4,-1
-34.37982,-167.8598,5057.066,5058.0,962.2,-1
-34.37026,-167.8444,5111.085,5102.0,962.5,-1
-34.44581,-167.757,5133.74,5124.0,923.9,-1
-34.4215,-167.7039,5065.68,5065.0,890.8,-1
-34.69184,-167.95,5171.633,5158.0,740.2,-1
-34.51796,-168.0837,5189.159,5191.0,976.0,-1
-34.46408,-168.315,5162.719,5166.0,1074.1,-1
-34.32422,-168.3276,5232.472,5225.0,1227.8,-1
-34.41322,-168.0689,5212.369,5209.0,1064.4,-1
-34.49131,-167.9928,5277.746,5275.0,1037.5,-1
-34.63251,-167.9629,5147.521,5145.0,827.3,-1
-34.51875,-168.2355,5192.356,5182.0,992.1,9998
-34.76827,-168.255,5155.12,5154.0,525.7,-1
-35.04956,-169.2375,5187.563,5181.0,102.6,-1
-34.2604,-169.7462,5501.178,5513.0,1029.9,9998
-33.7502,-169.8088,5450.784,5536.0,1281.5,9998
-33.35688,-169.9333,5524.544,5527.0,1374.4,9998
-32.50265,-169.8935,5583.5,5559.0,807.0,9998
-28.47402,-167.8268,5475.211,5478.0,1339.7,-1
-28.62235,-167.8323,5469.337,5578.0,1610.5,9998
-28.00216,-166.6964,5488.873,5489.0,925.8,-1
-28.24713,-166.6174,5498.649,5484.0,1345.3,9998
-28.30491,-166.883,5365.322,5379.0,1280.8,9998
-28.31294,-166.9006,5366.191,5360.0,1276.7,9998
-28.22813,-166.8957,5469.019,5478.0,1286.0,-1
-28.1503,-166.5332,5432.144,5523.0,1196.4,9998
-27.93032,-166.2339,5536.26,5542.0,790.5,-1
-27.8892,-166.1828,5539.958,5540.0,755.8,-1
-27.70045,-166.0987,5608.296,5607.0,667.5,-1
-27.44197,-165.9045,5569.969,5564.0,387.5,-1
-27.42138,-165.9965,5556.228,5533.0,432.0,-1
-27.45717,-166.1195,5429.04,5432.0,497.3,-1
-27.39982,-165.9194,5557.786,5564.0,390.2,-1
-27.22197,-166.052,5593.589,5583.0,464.2,-1
-27.05551,-166.1075,5403.042,5528.0,614.9,9998
-26.85668,-166.3295,5340.419,5507.0,793.9,9998
-26.97916,-166.6937,5450.258,5388.0,315.4,9998
-26.90567,-166.8692,5422.385,5432.0,446.4,9998
-26.65038,-167.0293,5638.167,5640.0,1065.3,-1
-26.77397,-167.2081,5594.841,5545.0,809.1,9998
-27.13796,-167.3524,5588.202,5585.0,346.6,-1
-27.45094,-167.2034,5646.445,5604.0,493.7,9998
-27.58358,-167.0813,5512.971,5504.0,294.3,-1
-27.57499,-166.9403,5610.77,5589.0,183.2,-1
-27.42657,-167.0279,5514.778,5536.0,374.0,9998
-27.34183,-167.2441,5492.151,5489.0,498.6,9998
-27.46516,-167.3766,5581.966,5552.0,545.3,9998
-27.613,-167.33,5613.658,5636.0,494.1,-1
-27.6624,-167.7934,5561.646,5525.0,539.2,9998
-27.55362,-168.5295,5540.293,5541.0,292.8,-1
-27.37281,-168.9429,5477.512,5486.0,307.0,-1
-27.28002,-169.2706,5560.161,5561.0,334.5,-1
-27.07529,-169.0036,5503.012,5508.0,313.8,-1
-26.9179,-168.9759,5611.143,5618.0,422.5,-1
-27.0825,-168.7853,5565.956,5612.0,329.7,9998
-27.425,-168.6897,5570.654,5573.0,245.0,-1
-27.72138,-169.2854,5475.721,5483.0,684.1,-1
-28.13924,-168.8555,5550.987,5687.0,790.6,9998
-27.70415,-168.3298,5570.053,5766.0,443.5,9998
-27.92079,-168.1696,5532.778,5543.0,632.5,9998
-28.01627,-167.9539,5453.028,5474.0,713.4,-1
-28.36599,-168.0613,5485.04,5500.0,1224.1,9998
-28.19623,-168.9572,5454.018,5510.0,816.5,9998
-28.2294,-168.9453,5462.528,5499.0,835.2,9998
-28.15125,-168.89,5447.16,5527.0,786.4,9998
-27.73875,-168.5883,5395.207,5410.0,487.3,-1
-27.64101,-168.6276,5365.013,5359.0,384.4,-1
-31.09405,-173.6468,5271.399,5311.0,440.5,-1
-35.08718,-174.072,5742.834,5678.0,640.4,-1
-35.23033,-173.4521,5637.25,5478.0,646.8,9998
-34.72451,-174.3628,5714.875,5715.0,273.3,9998
-34.47841,-174.6243,5661.994,5713.0,228.3,9998
-34.28736,-174.64,5699.615,5668.0,513.8,9998
-33.92953,-174.4504,5692.052,5679.0,792.4,9998
-33.49433,-174.1872,5663.534,5663.0,974.0,-1
-33.7911,-173.9547,5747.632,5755.0,823.4,-1
-34.22669,-174.1015,5727.498,5727.0,663.9,-1
-34.4934,-174.2975,5692.841,5697.0,422.8,-1
-34.31471,-174.5123,5702.793,5722.0,513.1,-1
-34.38846,-174.5933,5675.675,5665.0,403.2,-1
-34.30112,-174.6683,5706.862,5695.0,492.1,9998
-34.15272,-174.4036,5710.319,5691.0,628.6,9998
-33.83053,-174.1073,5727.305,5727.0,822.8,-1
-33.53647,-174.0267,5700.078,5698.0,949.7,-1
-33.41649,-174.034,5735.05,5737.0,974.1,9998
-33.96393,-173.8591,5664.564,5669.0,786.3,-1
-34.44734,-173.8939,5710.369,5714.0,956.8,-1
-34.61136,-173.8656,5670.15,5656.0,802.8,9998
-34.61589,-173.9888,5730.014,5722.0,719.8,9998
-34.56662,-174.092,5730.231,5730.0,657.0,-1
-34.45485,-174.223,5744.888,5742.0,537.0,-1
-34.33899,-174.5255,5666.801,5689.0,484.7,9998
-34.07893,-174.743,5701.071,5696.0,683.7,-1
-34.06641,-174.7811,5647.102,5640.0,684.2,-1
-34.06017,-174.7212,5687.636,5695.0,711.2,-1
-33.94857,-174.4492,5662.928,5670.0,772.0,-1
-34.06146,-174.1089,5753.785,5736.0,664.7,9998
-34.01209,-173.9528,5705.166,5704.0,731.6,-1
-33.78623,-173.9584,5749.472,5748.0,828.4,-1
-33.44862,-174.0322,5719.657,5716.0,967.8,-1
-33.22918,-174.0773,5777.206,5826.0,870.8,9998
-33.40878,-174.1291,5732.152,5733.0,969.5,-1
-33.54603,-174.0245,5693.011,5712.0,946.0,-1
-33.77173,-173.7182,5768.818,5760.0,861.7,-1
-34.04011,-174.0847,5743.931,5743.0,675.7,9998
-34.61764,-173.8844,5702.258,5680.0,791.9,9998
-34.87124,-173.3758,5627.558,5650.0,574.3,9998
-34.62209,-173.3559,5538.174,5546.0,656.2,-1
-34.61804,-173.3044,5585.206,5589.0,636.6,-1
-34.64394,-173.7201,5762.875,5754.0,820.1,-1
-34.78011,-174.261,5707.4,5706.0,374.0,-1
-34.68573,-174.4603,5649.704,5650.0,163.7,-1
-34.61814,-174.732,5685.042,5690.0,139.2,-1
-34.43533,-175.1075,5657.661,5652.0,31.1,-1
-34.25681,-175.5159,5608.505,5595.0,333.3,-1
-34.07189,-175.7587,5712.197,5698.0,307.2,-1
-34.0613,-175.7953,5667.226,5666.0,321.5,9998
-34.07248,-175.8256,5638.586,5648.0,368.8,9998
-34.2335,-175.8923,5592.165,5584.0,669.3,-1
-33.93363,-175.9093,5681.023,5665.0,250.2,-1
-33.79273,-175.847,5714.268,5631.0,459.0,9998
-33.72513,-175.7142,5566.086,5550.0,735.3,-1
-33.67178,-175.7209,5637.424,5622.0,831.8,-1
-33.62075,-175.7325,5702.938,5701.0,901.1,-1
-33.60493,-175.9936,5483.479,5467.0,689.8,-1
-33.94436,-176.2979,5511.49,5479.0,510.6,9998
-33.98764,-176.7364,5686.316,5504.0,498.0,9998
-33.94079,-176.8127,5659.933,5752.0,537.8,9998
-33.89085,-176.9684,5655.12,5826.0,691.4,9998
-33.39113,-176.3252,5645.492,5646.0,818.6,-1
-33.65949,-176.1833,5634.334,5839.0,323.0,9998
-33.67557,-176.5245,5617.396,5642.0,257.5,9998
-33.51435,-176.3643,5620.762,5633.0,479.0,-1
-33.47382,-176.425,5609.653,5635.0,517.1,-1
-33.72059,-176.5999,5630.435,5549.0,400.3,-1
-34.1017,-176.8858,5593.583,5651.0,456.0,9998
-34.20786,-176.8226,5573.501,5192.0,321.1,9998
-34.19815,-176.7363,5547.764,5534.0,290.6,-1
-34.19176,-176.7047,5526.764,5516.0,289.9,-1
-34.35511,-176.611,5565.689,5572.0,222.5,-1
-34.37576,-176.3941,5519.128,5505.0,359.2,-1
-34.35193,-176.4731,5532.301,5544.0,306.4,-1
-34.378,-176.41,5470.629,5475.0,343.8,-1
-34.56619,-176.1844,5461.44,5467.0,384.5,-1
-34.56576,-176.307,5459.891,5466.0,329.8,-1
-24.52398,-170.7544,5646.192,5649.0,580.8,-1
-24.58824,-170.9112,5605.792,5609.0,574.7,-1
-24.68735,-170.6762,5656.292,5661.0,864.3,9998
-23.54315,-170.5363,5656.64,5801.0,1289.5,-1
-22.6992,-170.8445,5530.474,5717.0,1402.0,-1
-21.85997,-170.8059,5557.318,5551.0,769.4,-1
-22.92685,-169.9496,5674.495,5696.0,1599.8,9998
-22.93754,-170.1839,5576.204,5619.0,1810.8,9998
-22.26291,-170.102,5637.366,5638.0,808.6,-1
-22.33219,-169.9069,5562.477,5566.0,708.1,-1
-22.22443,-169.9581,5620.336,5625.0,630.2,-1
-22.14304,-169.9682,5642.735,5630.0,537.4,9998
-22.09153,-169.7589,5607.407,5614.0,404.6,9998
-21.9614,-169.5762,5614.523,5617.0,417.0,-1
-21.65008,-169.7163,5544.604,5539.0,260.0,-1
-21.5334,-170.1339,5474.883,5489.0,138.7,9998
-21.64447,-170.3367,5543.444,5553.0,275.7,9998
-21.63736,-170.2051,5530.755,5551.0,201.8,9998
-21.74341,-171.5545,5681.319,5756.0,1041.6,9998
-22.14704,-172.2325,5657.064,5708.0,1486.7,9998
-22.51392,-172.2966,5756.153,5749.0,1943.1,-1
-22.48891,-172.1605,5774.743,5774.0,1949.5,-1
-22.48671,-172.1021,5772.615,5761.0,1949.7,-1
-22.47527,-172.0203,5769.33,5737.0,1942.8,-1
-22.45902,-171.9292,5666.729,5626.0,1899.5,9998
-22.43226,-171.8337,5641.177,5650.0,1881.4,9998
-22.41855,-171.7255,5611.065,5668.0,1847.5,9998
-22.40633,-171.623,5674.688,5662.0,1813.5,9998
-22.42411,-171.5658,5642.148,5668.0,1758.7,9998
-22.3993,-171.5823,5682.049,5654.0,1789.3,9998
-22.35652,-171.6223,5756.405,5742.0,1839.9,9998
-22.3763,-171.6351,5657.949,5668.0,1815.4,9998
-22.40544,-171.6104,5643.026,5650.0,1795.0,9998
-22.42099,-171.5485,5718.343,5694.0,1769.2,9998
-22.4041,-171.4993,5717.865,5727.0,1736.2,9998
-22.306,-171.4113,5744.036,5761.0,1741.8,9998
-22.28288,-171.4158,5736.784,5805.0,1748.0,9998
-22.31398,-171.4567,5757.776,5765.0,1763.2,9998
-22.37539,-171.4988,5708.583,5716.0,1745.8,9998
-22.33173,-171.475,5762.996,5774.0,1770.7,9998
-22.24868,-171.4612,5606.383,5642.0,1727.9,9998
-22.23172,-171.4689,5589.924,5610.0,1715.5,9998
-22.22632,-171.4679,5638.735,5613.0,1727.3,9998
-22.23056,-171.449,5708.152,5678.0,1747.1,9998
-22.24359,-171.4679,5651.22,5615.0,1740.6,9998
-22.227,-171.546,5584.308,5563.0,1722.8,9998
-22.29026,-171.6307,5725.07,5681.0,1815.0,9998
-22.38887,-171.7308,5660.752,5638.0,1858.3,9998
-22.41053,-171.7778,5624.239,5688.0,1863.5,9998
-22.42385,-171.8385,5562.928,5605.0,1854.5,9998
-22.39276,-171.8538,5599.357,5625.0,1852.9,9998
-22.33455,-171.7206,5674.811,5702.0,1845.4,9998
-22.2847,-171.753,5703.098,5732.0,1822.2,9998
-22.27577,-171.758,5640.266,5687.0,1794.6,9998
-22.36356,-171.7023,5631.132,5653.0,1833.3,9998
-22.38568,-171.659,5657.269,5624.0,1829.9,9998
-22.40426,-171.6154,5657.358,5654.0,1803.0,9998
-22.34317,-171.6689,5686.812,5652.0,1839.1,9998
-22.32991,-171.693,5696.015,5689.0,1843.8,9998
-22.3572,-171.6437,5700.457,5682.0,1833.0,9998
-22.33015,-171.5841,5737.058,5753.0,1816.8,-1
-22.30442,-171.6042,5746.358,5757.0,1819.3,9998
-22.27857,-171.6635,5791.467,5717.0,1838.6,9998
-23.22288,-169.7922,5250.445,5638.0,1507.1,-1
-22.58344,-170.1165,5280.053,5685.0,1257.2,-1
-21.90581,-169.1848,5529.886,5534.0,437.5,-1
-21.38954,-169.3717,5539.271,5543.0,512.0,-1
-21.24738,-170.7567,5517.714,5527.0,420.2,-1
-21.04385,-170.9161,5566.611,5583.0,442.4,-1
-20.98409,-170.0558,5586.586,5583.0,573.6,-1
-20.75572,-169.9332,5577.462,5539.0,452.0,9998
-20.46136,-169.8563,5525.44,5528.0,246.1,9998
-20.64089,-169.728,5546.986,5493.0,412.9,9998
-20.72367,-169.9974,5528.646,5565.0,413.8,9998
-20.73254,-170.2471,5491.339,5514.0,442.3,9998
-20.2927,-169.4922,5475.398,5486.0,574.7,9998
-20.42258,-168.9357,5536.887,5531.0,503.8,9998
-20.54274,-168.3712,5505.744,5515.0,1191.2,9998
-20.4152,-168.2854,5544.252,5544.0,1272.7,-1
-20.30324,-168.2082,5521.229,5519.0,1282.2,-1
-16.16832,-169.6858,5232.519,5239.0,894.9,-1
-15.82511,-169.3367,5264.142,5253.0,1265.4,9998
-15.53544,-169.0873,5224.43,5225.0,1467.5,-1
-15.36038,-168.8044,5195.844,5202.0,1455.7,-1
-15.26845,-168.4859,5243.031,5256.0,1372.2,-1
-15.35577,-168.4702,5245.824,5249.0,1352.6,-1
-15.43241,-168.5595,5244.155,5245.0,1415.7,9998
-15.32023,-168.4782,5232.635,5234.0,1362.1,-1
-14.89421,-168.2146,5227.692,5237.0,907.1,9998
-13.95241,-168.2911,5212.092,5262.0,1676.9,-1
-13.99879,-168.7041,5178.011,5188.0,1507.9,9998
-12.52892,-169.7264,5058.89,5057.0,1048.8,9998
-12.38763,-169.9465,4951.955,4926.0,997.9,9998
-12.34334,-170.4197,4997.338,5010.0,1028.2,9998
-12.13622,-170.7117,5011.174,5062.0,941.2,9998
-11.99771,-170.7772,5009.452,5012.0,854.4,9998
-11.96597,-170.7751,5006.251,5013.0,843.8,9998
-11.8344,-170.8146,4968.578,4971.0,757.8,9998
-11.70494,-170.924,4933.618,4933.0,607.6,9998
-11.51634,-170.9719,4923.738,4932.0,419.3,9998
-11.37106,-171.2043,4770.738,4777.0,493.1,9998
-11.2292,-171.7951,4795.463,4795.0,951.2,9998
-10.81103,-171.9098,4807.688,4805.0,924.0,9998
-9.40465,-170.6711,4377.188,4359.0,501.7,-1
-8.844,-170.7701,4390.021,4373.0,988.6,9998
-8.6229,-170.9392,4482.389,4396.0,1171.8,9998
-8.63976,-171.4532,4473.232,4467.0,1390.0,-1
-8.85587,-171.5665,4430.351,4425.0,1821.0,-1
-8.65795,-172.0576,4503.712,4518.0,1532.1,9998
-8.27243,-172.3985,4407.333,4438.0,2113.4,-1
-8.35908,-173.8643,4964.753,4973.0,1588.3,-1
-7.06787,-175.4525,5704.356,5736.0,3744.9,-1
-7.56089,-175.828,5480.313,5476.0,2759.2,-1
-7.69576,-175.8226,5580.05,5573.0,2538.7,-1
-7.66462,-175.7437,5559.991,5555.0,2600.8,-1
-7.55496,-175.7126,5542.945,5538.0,2819.3,-1
-7.51689,-175.7222,5483.907,5481.0,2868.8,-1
-7.59025,-175.7677,5527.915,5529.0,2733.6,-1
-7.64627,-175.9279,5611.361,5607.0,2621.4,-1
-7.69864,-176.0203,5617.362,5625.0,2488.8,-1
-7.58317,-176.0078,5613.889,5596.0,2722.7,-1
-7.59637,-175.977,5591.791,5585.0,2695.9,-1
-7.5989,-176.0048,5585.492,5595.0,2677.8,-1
-7.42133,-176.3419,5630.772,5619.0,3048.3,-1
-7.38389,-176.5291,5651.417,5655.0,3059.7,-1
-7.47663,-176.7897,5577.851,5918.0,2763.3,-1
-7.49616,-177.134,5571.839,5999.0,2600.6,9998
-7.48563,-177.2602,5591.612,5761.0,2581.7,9998
-7.51966,-177.5055,5521.138,5545.0,2390.1,9998
-7.40261,-177.3927,5612.072,5724.0,2657.6,9998
-7.33337,-177.517,5605.104,5636.0,2693.5,9998
-7.22693,-177.499,5374.542,5344.0,2762.5,9998
-7.29434,-177.5388,5386.37,5384.0,2641.7,9998
-7.22682,-177.7353,5325.838,5554.0,2700.7,9998
-7.18339,-177.6584,5234.228,5167.0,2721.0,9998
-7.16123,-177.7036,5476.292,5462.0,2883.8,9998
-7.16158,-177.7269,5490.449,5488.0,2890.6,9998
-7.0164,-177.5548,5540.009,5464.0,3131.8,9998
-6.94287,-177.527,5724.908,5737.0,3276.7,-1
-6.87043,-177.4612,5604.582,5615.0,3240.5,-1
-6.56694,-177.531,5759.92,5759.0,3138.6,9998
-6.49775,-177.6077,5673.812,5687.0,2976.1,9998
-6.45267,-177.7419,5572.549,5613.0,2844.3,9998
-6.43259,-177.8572,5576.816,5513.0,2814.3,-1
-6.40606,-177.9456,5679.346,5565.0,2828.5,9998
-6.14661,-178.2954,5644.494,5696.0,2387.2,9998
-5.91923,-178.5007,5776.458,5848.0,2197.2,9998
-5.88162,-178.3745,5684.152,5695.0,2101.4,9998
-5.70026,-178.6002,5060.66,5177.0,1867.9,9998
-5.62096,-178.7355,5173.232,5086.0,1971.0,9998
-5.49151,-178.7437,5634.775,6029.0,2295.3,9998
-5.37531,-179.0422,5521.671,5577.0,2445.7,9998
-5.45135,-179.3496,5442.441,5675.0,2335.1,9998
-5.24326,-179.707,5437.029,5479.0,2724.0,9998
-5.33551,179.7033,5419.368,5404.0,3097.3,-1
-5.43722,179.8873,5372.894,5384.0,2708.3,9998
-5.25045,-179.8535,5358.552,5466.0,2671.5,9998
-5.20196,-179.8732,5099.657,5643.0,2631.2,9998
-34.59285,-158.5989,5296.98,5301.0,438.9,-1
-34.67539,-158.6013,5376.855,5364.0,459.8,-1
-34.77974,-158.5604,5323.147,5325.0,442.6,-1
-34.7587,-158.1707,5307.948,5318.0,182.3,9998
-34.5986,-158.2197,5341.248,5352.0,169.9,9998
-34.51541,-158.2366,5191.582,5265.0,184.5,9998
-34.43609,-158.3264,5236.588,5286.0,263.8,9998
-34.42823,-158.4069,5189.683,5217.0,318.9,-1
-34.43228,-158.3811,5230.388,5262.0,301.3,-1
-34.40596,-158.1828,5256.758,5263.0,239.5,9998
-34.2518,-157.7803,5216.513,5266.0,424.7,9998
-34.17274,-157.4671,5335.922,5352.0,379.5,9998
-34.05938,-157.6486,5221.348,5234.0,462.9,9998
-34.02312,-157.75,5294.333,5332.0,539.9,9998
-33.91287,-157.7197,5223.158,5226.0,642.5,9998
-33.79068,-157.8828,5254.418,5291.0,925.3,9998
-33.96135,-158.0115,5274.498,5317.0,749.8,9998
-34.0745,-158.0533,5273.38,5239.0,596.2,9998
-34.10029,-157.9701,5239.55,5263.0,540.6,9998
-34.20383,-157.6754,5313.724,5333.0,418.2,9998
-34.12694,-157.8624,5226.26,5255.0,487.7,9998
-34.13231,-158.043,5241.473,5180.0,513.8,9998
-34.17082,-158.4084,5252.407,5384.0,520.7,9998
-34.16393,-158.6327,5347.066,5344.0,551.0,-1
-34.05925,-158.6173,5159.312,5189.0,658.9,-1
-33.99035,-158.4713,5375.718,5406.0,760.6,9998
-34.22997,-158.4651,5281.449,5295.0,460.4,-1
-34.28519,-158.6118,5215.334,5222.0,439.3,-1
-34.42309,-158.6231,5297.542,5299.0,440.6,-1
-34.58897,-158.2243,5338.54,5347.0,170.9,9998
-34.07215,-158.0992,5273.867,5195.0,609.7,9998
-34.01542,-157.8347,5302.958,5300.0,591.5,-1
-33.75663,-157.9632,5173.114,5208.0,1007.9,9998
-33.77134,-158.0752,5233.784,5285.0,1034.8,9998
-33.82395,-157.9555,5230.466,5240.0,904.2,-1
-33.86467,-157.9796,5213.681,5237.0,855.9,-1
-33.917,-157.8772,5170.91,5195.0,723.2,9998
-33.91569,-157.7533,5221.509,5239.0,652.2,9998
-33.54904,-157.7891,5262.667,5258.0,1225.0,9998
-33.28895,-158.0573,5245.048,5261.0,1206.1,9998
-32.91871,-158.4609,5253.838,5252.0,1243.0,-1
-32.62246,-158.6656,5346.311,5246.0,933.2,9998
-32.60924,-158.1929,5202.99,5257.0,1010.9,9998
-32.7385,-157.5827,5391.787,5537.0,957.8,9998
-32.8468,-157.5908,5373.625,5077.0,874.1,9998
-33.11378,-157.0056,5217.114,5274.0,971.9,9998
-33.1026,-157.0979,5308.603,5327.0,1002.1,9998
-33.68848,-157.3287,5331.88,5330.0,1063.4,-1
-33.73927,-157.3674,5374.091,5364.0,999.8,-1
-33.76059,-157.3869,5349.77,5352.0,955.2,-1
-33.72823,-157.5165,5343.682,5332.0,945.8,9998
-33.73277,-157.1691,5293.495,5289.0,1025.3,-1
-34.01575,-157.2975,5230.478,5319.0,552.4,9998
-34.92362,-157.01,5323.081,5310.0,474.8,-1
-34.8254,-156.8913,5381.047,5398.0,368.8,-1
-34.59574,-156.373,5220.429,5244.0,614.8,9998
-34.80319,-155.7845,5300.565,5321.0,801.5,9998
-34.89997,-155.2226,5463.607,5464.0,690.9,-1
-34.96378,-155.0927,5451.088,5569.0,541.3,9998
-34.88447,-155.1456,5462.548,5499.0,611.0,9998
-34.70672,-154.9726,5422.162,5371.0,454.1,9998
-34.65008,-154.6009,5399.432,5416.0,249.7,-1
-34.60415,-154.3612,5351.416,5356.0,370.8,-1
-34.60052,-153.9737,5434.121,5477.0,415.0,9998
-34.48791,-153.7985,5290.246,5435.0,202.6,9998
-34.43928,-153.6805,5425.192,5511.0,78.2,-1
-34.23659,-153.5809,5234.45,5253.0,311.1,9998
-33.96137,-153.2558,5271.396,5271.0,777.9,9998
-33.84316,-153.0952,5290.538,5299.0,996.2,9998
-33.85549,-153.0183,5264.758,5270.0,969.8,9998
-33.74562,-152.7756,5263.354,5271.0,1006.8,9998
-33.6654,-152.624,5277.15,5204.0,1035.5,9998
-33.5679,-152.537,5227.866,5245.0,1118.0,9998
-33.24068,-152.9204,5238.867,5304.0,988.3,9998
-33.18066,-152.9244,5284.053,5168.0,960.6,9998
-33.1464,-152.8755,5189.086,5263.0,951.5,9998
-33.10948,-152.666,5299.588,5305.0,1085.7,9998
-33.32931,-152.325,5322.742,5308.0,1308.5,-1
-33.41298,-151.5269,5258.366,5266.0,1176.6,-1
-33.77731,-151.3199,5269.734,5266.0,1075.7,-1
-33.98423,-151.0377,5387.538,5378.0,776.2,-1
-34.05307,-150.7189,5374.238,5359.0,632.4,-1
-33.87011,-150.6393,5341.485,5346.0,588.5,-1
-33.94935,-151.0081,5359.854,5361.0,787.9,-1
-34.12136,-150.8666,5233.241,5240.0,592.7,-1
-34.12012,-150.6567,5336.625,5338.0,623.4,-1
-34.0221,-150.5365,5269.819,5251.0,562.1,9998
-33.83241,-150.3644,5349.252,5347.0,400.2,-1
-33.64707,-150.2908,5244.404,5246.0,356.8,-1
-33.67881,-150.3473,5269.586,5264.0,384.6,-1
-33.79045,-150.3815,5306.839,5303.0,404.5,-1
-33.79091,-150.2967,5340.068,5343.0,347.7,-1
-33.74703,-150.3513,5239.32,5252.0,377.3,-1
-33.6244,-150.3155,5305.752,5304.0,379.6,-1
-33.57698,-149.941,5333.965,5391.0,299.1,9998
-34.02488,-149.0511,5372.604,5370.0,558.2,-1
-33.53116,-149.5698,5363.047,5372.0,180.7,9998
-33.72505,-149.3309,5289.429,5302.0,289.1,9998
-33.90565,-149.2733,5387.671,5736.0,392.6,9998
-33.9149,-149.1735,5375.851,5778.0,421.9,9998
-33.88284,-148.5393,5196.226,5199.0,527.5,-1
-33.61562,-147.926,4756.524,4756.0,249.1,-1
-33.38826,-148.1049,4921.954,4866.0,193.9,9998
-33.28001,-148.2495,4942.282,4962.0,245.5,9998
-33.18988,-148.2715,4848.556,4869.0,250.4,-1
-33.22207,-148.2836,4807.569,4828.0,259.8,-1
-33.17565,-148.2754,4889.916,4863.0,255.1,-1
-33.1775,-148.3842,4950.477,4917.0,340.9,-1
-33.18342,-148.4856,4873.313,4886.0,402.8,9998
-33.18729,-148.5047,5009.078,5038.0,424.5,9998
-33.19596,-148.5189,5056.704,4965.0,431.9,9998
-33.20403,-148.5308,4836.415,4912.0,415.2,9998
-41.99855,129.9147,4995.757,5111.0,625.8,9998
-42.01668,129.9352,5025.799,5105.0,635.3,9998
-41.91612,129.9219,5036.121,5155.0,585.3,-1
-41.76168,129.9,5129.031,5109.0,492.7,-1
-41.73796,129.6951,5121.678,5280.0,498.2,-1
-41.69653,129.3438,5105.419,4846.0,664.6,-1
-41.72152,129.2873,5041.444,4587.0,666.2,-1
-41.72157,129.1624,5164.605,4799.0,686.3,-1
-41.61453,128.5221,5210.667,5255.0,374.7,-1
-41.263,128.1958,5143.508,5100.0,366.1,-1
-41.23068,128.2179,5151.178,5139.0,336.8,-1
-41.04165,128.3839,5332.567,5278.0,147.0,9998
-40.84979,128.5159,5313.297,5234.0,112.8,-1
-41.05285,128.5402,5125.293,5127.0,131.1,9998
-41.0927,128.8054,5191.543,5113.0,286.7,9998
-40.84219,128.9881,5361.416,5471.0,279.7,-1
-40.90637,128.9487,5141.931,5295.0,269.2,-1
-40.91982,128.9576,5281.021,5296.0,297.7,-1
-40.86476,129.1686,5136.04,5432.0,427.5,-1
-40.9172,129.2322,5382.673,5371.0,496.2,-1
-41.05948,129.3822,5526.485,5421.0,496.0,9998
-41.21666,129.322,5333.45,5355.0,560.2,9998
-41.25708,129.6082,5426.831,5417.0,406.9,9998
-41.31644,129.5136,5408.802,5559.0,485.1,9998
-41.19206,129.6504,5577.29,5476.0,380.1,9998
-41.30251,129.8024,5412.583,5442.0,387.7,9998
-41.45139,129.8933,5567.294,5664.0,448.0,9998
-41.33274,129.556,5339.104,5435.0,462.0,9998
-41.1747,129.4977,5331.05,5313.0,458.5,9998
-41.24064,129.1964,5196.607,5444.0,564.2,9998
-41.19709,129.0725,5275.561,5269.0,516.1,9998
-41.18134,128.8939,5347.504,5345.0,390.3,9998
-41.22098,128.7368,5153.217,5236.0,284.8,9998
-41.25903,128.8402,5350.079,5232.0,381.7,9998
-41.22151,129.034,5281.939,5376.0,497.4,9998
-41.18375,129.0267,5287.381,5323.0,483.4,9998
-41.08545,128.9916,5306.018,5241.0,442.7,9998
-41.12314,128.8373,5306.774,5305.0,324.0,9998
-41.3139,129.2532,5155.498,5151.0,571.8,9998
-41.29849,129.318,5310.465,5320.0,574.2,9998
-41.16017,129.5127,5379.65,5378.0,448.7,9998
-41.07195,129.4547,5318.126,5542.0,444.8,9998
-41.00351,129.4607,5137.042,5430.0,401.8,-1
-40.98384,129.4761,5215.908,5410.0,396.0,-1
-40.96,129.4152,5489.194,5429.0,450.6,-1
-40.9973,129.5001,5232.077,5382.0,385.3,-1
-40.96465,129.3672,5271.702,5374.0,458.1,-1
-40.98596,129.4015,5182.488,5410.0,435.2,-1
-40.95615,129.2657,5279.84,5336.0,497.7,-1
-40.97948,129.2722,5194.407,5319.0,494.8,-1
-40.92663,129.0156,5362.341,5353.0,371.6,-1
-40.72653,128.7444,5172.73,5309.0,166.1,9998
-40.77086,128.954,5292.711,5482.0,241.0,-1
-40.75295,129.1926,5247.302,5528.0,418.5,-1
-40.90368,129.1396,5450.907,5393.0,464.1,-1
-40.94583,129.136,5414.985,5355.0,486.3,-1
-40.92437,129.0987,5289.539,5381.0,440.5,-1
-40.85661,129.0491,5406.222,5505.0,352.4,-1
-40.7663,129.1631,5481.938,5529.0,422.9,-1
-40.81114,129.2105,5392.115,5520.0,438.9,-1
-40.80825,129.1088,5555.145,5508.0,393.8,-1
-40.80378,129.1839,5266.453,5529.0,417.7,-1
-40.67705,129.2694,5401.763,5337.0,487.8,9998
-40.6346,129.1968,5359.387,5369.0,478.0,9998
-40.5165,128.8665,5290.316,5426.0,399.6,-1
-40.58619,128.7797,5252.902,5300.0,288.2,-1
-40.57604,129.0296,5166.018,5392.0,411.5,9998
-40.59635,128.7863,5143.821,5299.0,275.2,9998
-40.6518,128.5778,5125.578,5038.0,186.7,9998
-40.62939,128.7321,5178.104,5164.0,234.8,9998
-40.60546,128.7623,5162.032,5260.0,261.2,9998
-40.56297,128.5925,5364.746,5331.0,263.4,-1
-40.65429,128.286,5393.45,5345.0,260.2,9998
-40.67038,128.0033,5232.62,5519.0,533.5,9998
-40.64631,127.7645,5428.584,5046.0,884.0,-1
-40.64707,127.7411,5386.098,5040.0,902.9,-1
-40.62652,127.7796,5570.132,5048.0,884.1,-1
-40.63251,127.6225,5278.833,5078.0,978.1,-1
-40.18015,127.8486,5262.685,5139.0,818.7,-1
-40.12964,127.5382,5396.805,5142.0,1099.1,-1
-39.93455,127.6399,5250.308,5288.0,972.8,-1
-40.09283,127.4085,5446.859,5294.0,1179.0,-1
-40.19138,126.8263,5263.358,5109.0,876.0,-1
-40.55277,126.9503,5216.694,5057.0,754.9,-1
-40.56297,126.9363,5209.619,5044.0,734.4,-1
-40.4972,126.7137,5204.807,5100.0,478.3,-1
-40.36673,126.7963,5195.665,5113.0,656.8,-1
-40.35763,126.8005,5156.045,5108.0,661.3,-1
-40.32078,126.7676,5128.931,5085.0,653.5,-1
-40.30365,126.7391,5267.468,5069.0,654.3,-1
-40.2872,126.7313,5339.323,5075.0,668.3,-1
-40.27526,126.7267,5266.417,5078.0,665.2,-1
-37.98294,130.0208,5355.056,5378.0,707.7,-1
-37.98183,130.0405,5386.136,5392.0,700.2,-1
-37.96121,130.1062,5219.95,5501.0,656.6,-1
-37.83936,130.5565,5588.27,5601.0,554.1,9998
-38.00897,131.026,5588.668,5599.0,790.4,9998
-38.04952,131.3765,5592.033,5602.0,699.1,9998
-38.07638,131.423,5589.021,5599.0,712.9,9998
-37.99443,131.162,5587.224,5599.0,790.9,9998
-38.11694,130.7525,5589.001,5571.0,553.9,-1
-38.12992,130.272,5479.375,5482.0,463.3,-1
-38.29804,130.1677,5588.04,5578.0,506.2,9998
-38.40989,129.9818,5524.618,5531.0,599.3,9998
-39.54505,129.7998,5371.826,5262.0,400.6,-1
-39.54972,129.7729,5388.667,5208.0,421.1,-1
-39.53284,129.7338,5076.476,5204.0,383.5,-1
-39.5488,129.7644,5131.81,5196.0,403.1,-1
-39.44576,129.5728,5582.625,5523.0,315.2,-1
-39.23148,129.4257,5580.123,5600.0,334.4,9998
-38.67135,129.4012,5581.178,5582.0,902.6,9998
-38.06024,129.9765,5488.989,5375.0,712.9,-1
-38.30055,129.5155,5587.749,5452.0,1023.9,-1
-38.60253,129.1027,5537.971,5471.0,1073.1,-1
-38.67917,129.0331,5335.937,5395.0,1038.9,-1
-38.76001,129.1625,5378.402,5295.0,933.5,9998
-38.72489,129.3313,5238.581,5427.0,834.8,9998
-38.79599,129.2514,5407.426,5353.0,834.9,-1
-38.89231,129.1375,5467.0,5394.0,780.4,-1
-38.76801,129.1004,5471.997,5264.0,964.2,9998
-38.79044,129.1818,5433.757,5319.0,890.9,-1
-38.74795,129.1956,5391.768,5283.0,925.5,9998
-38.73691,129.0873,5346.947,5147.0,975.2,9998
-38.72787,128.9813,5462.242,5441.0,1058.4,-1
-38.74634,128.8524,5480.91,5422.0,1094.7,-1
-38.6855,128.254,5562.89,5525.0,1114.2,-1
-38.65528,128.2702,5538.428,5461.0,1094.1,-1
-38.69851,128.3891,5573.426,5493.0,1165.2,-1
-38.45126,129.4538,5402.27,5476.0,1005.9,-1
-38.79495,129.0194,5337.527,5476.0,954.2,9998
-38.95845,129.0128,5446.45,5408.0,743.6,-1
-38.82008,128.95,5563.982,5326.0,1000.4,9998
-38.56992,128.4564,5539.342,5374.0,1064.2,-1
-38.22836,128.7982,5462.777,5357.0,746.8,-1
-38.28281,128.5819,5504.943,5506.0,811.2,-1
-38.14817,128.3205,5480.431,5324.0,876.9,-1
-37.89127,128.5911,5593.37,5339.0,813.5,-1
-37.93985,128.6842,5590.057,5346.0,744.2,-1
-38.07003,128.5587,5593.957,5307.0,776.2,-1
-37.99794,128.4996,5593.704,5339.0,840.0,-1
-37.86455,128.4808,5381.254,5349.0,840.1,-1
-37.94552,128.175,5593.633,5512.0,967.9,-1
-37.89372,127.9489,5597.722,5682.0,823.7,-1
-38.00773,127.5408,5566.613,5108.0,933.7,9998
-38.22503,127.4024,5651.231,5495.0,1246.6,-1
-38.18407,127.3264,5628.719,5517.0,1207.8,-1
-38.05703,127.4219,5558.171,5469.0,1025.6,-1
-38.11297,127.4782,5434.184,5479.0,1069.9,-1
-38.05096,127.6245,5556.24,5408.0,997.7,9998
-38.15541,127.8679,5579.308,5747.0,1090.3,9998
-37.98474,128.0495,5595.064,5586.0,967.9,9998
-38.25464,127.7121,5457.828,5635.0,1174.7,-1
-38.27611,127.7524,5428.104,5592.0,1160.4,-1
-38.52228,128.1648,5350.633,5445.0,928.4,-1
-38.50204,128.1752,5632.524,5448.0,962.2,-1
-38.49195,128.1255,5645.1,5501.0,979.8,-1
-38.49602,128.1959,5615.505,5425.0,952.9,-1
-38.50893,128.205,5643.448,5417.0,964.4,-1
-38.51315,127.9626,5565.297,5520.0,1035.5,-1
-38.44943,127.6218,5642.802,5586.0,1194.5,-1
-38.23896,127.5137,5539.894,5523.0,1223.2,-1
-38.2128,127.4564,5468.979,5518.0,1187.5,-1
-37.78062,127.1934,5506.448,5335.0,625.1,-1
-37.27322,127.4096,5590.485,5601.0,452.4,9998
-37.12332,127.3076,5585.239,5557.0,401.8,-1
-37.1084,127.2312,5585.44,5558.0,354.0,-1
-37.25317,126.6023,5591.463,5606.0,372.6,9998
-37.22754,126.4655,5594.281,5615.0,416.5,9998
-37.26843,126.3588,5597.162,5580.0,388.5,9998
-37.40037,126.5692,5598.936,5600.0,376.8,9998
-37.40698,126.9397,5590.129,5520.0,356.6,-1
-37.35453,126.8717,5591.315,5549.0,342.9,9998
-37.29708,126.8044,5590.473,5607.0,354.8,9998
-36.96254,126.5065,5591.607,5589.0,738.0,9998
-36.26648,125.853,5509.704,5469.0,1192.9,-1
-35.89804,126.2446,5406.302,5389.0,872.2,9998
-35.6611,126.8065,5392.858,5338.0,889.6,-1
-35.64495,127.1109,5400.321,5026.0,931.5,-1
-35.62038,127.1315,5397.137,4973.0,932.7,-1
-35.54585,127.1567,5385.843,5032.0,954.9,-1
-35.55757,127.198,5365.695,5172.0,934.3,-1
-37.98194,125.0983,5095.894,5085.0,285.5,9998
-37.98759,125.1019,5090.269,5069.0,280.7,9998
-37.98084,125.0822,5117.899,5091.0,290.0,9998
-37.933,125.0465,5447.532,5265.0,359.4,9998
-37.91081,125.0916,5412.599,5288.0,359.8,-1
-37.95124,124.9034,5435.038,5378.0,406.9,9998
-38.06511,124.8288,5430.53,5485.0,342.4,9998
-38.14215,124.8092,5471.82,5406.0,316.4,9998
-38.19049,124.7191,5418.078,5283.0,318.0,-1
-38.13531,124.7033,5466.694,5258.0,361.3,9998
-38.14697,124.7539,5517.202,5262.0,334.0,9998
-38.25452,124.6246,5468.281,5275.0,296.8,-1
-38.37725,124.4568,5439.67,5332.0,139.9,-1
-38.46131,124.5107,5581.381,5287.0,108.3,-1
-38.466,124.4583,5433.044,5320.0,114.9,-1
-38.40672,124.4158,5476.723,5341.0,97.9,-1
-38.47581,124.5172,5448.139,5261.0,116.9,-1
-38.51324,124.2442,5446.571,5237.0,365.5,-1
-37.99355,124.5218,5546.594,5605.0,670.7,9998
-37.7216,123.8629,5414.821,5513.0,1106.7,9998
-37.82258,123.7097,5383.986,5345.0,1009.9,-1
-37.61445,123.4585,5097.031,5343.0,1129.1,9998
-37.06987,124.0193,5514.151,5391.0,801.3,9998
-37.00279,123.7886,5515.635,5455.0,793.0,-1
-36.91261,123.0541,5475.226,5420.0,1134.7,-1
-36.90192,122.8125,5468.069,5501.0,1303.8,-1
-36.94926,122.3144,5445.009,5450.0,1597.4,9998
-36.96091,121.8519,5431.063,5326.0,1425.7,-1
-36.9465,121.8001,5433.49,5293.0,1389.9,-1
-36.67213,121.9258,5394.509,5308.0,697.0,9998
-36.36373,122.2161,5347.981,5357.0,1133.4,9998
-41.89644,124.9685,4771.266,4715.0,617.7,-1
-41.9082,125.0495,4764.758,4736.0,600.0,-1
-42.08027,125.3851,4858.212,4784.0,608.9,-1
-42.24396,125.5486,4795.565,4761.0,718.5,-1
-42.34963,125.8933,4809.393,4751.0,877.6,-1
-42.41215,126.1995,4807.716,4790.0,847.8,9998
-42.3204,126.3404,4840.741,4820.0,721.9,-1
-42.15861,126.1659,4897.072,4883.0,681.8,9998
-41.9019,126.1215,4892.144,4880.0,660.4,9998
-41.67492,125.7119,4885.068,4958.0,744.1,-1
-41.60209,125.8797,4901.104,4865.0,654.2,-1
-41.74628,126.0095,4884.26,4902.0,663.4,-1
-41.75506,126.1536,4854.574,4889.0,569.9,9998
-41.77463,126.2475,4843.894,4933.0,507.1,-1
-41.96527,126.3763,4873.978,4890.0,519.0,-1
-42.03632,126.3175,4937.081,4991.0,572.9,9998
-42.05194,126.3764,4950.552,4943.0,551.6,9998
-42.01979,126.3947,4867.939,4907.0,524.5,9998
-42.0881,126.4765,4863.156,4746.0,522.1,9998
-42.18905,126.3596,4837.308,4895.0,615.1,9998
-41.98283,126.1864,4876.589,4978.0,628.9,9998
-41.87333,126.2605,4984.083,4922.0,558.8,-1
-42.00456,126.5662,4908.875,4925.0,500.8,-1
-42.13255,127.0285,4917.352,5052.0,713.4,-1
-42.1565,127.0524,4863.319,5012.0,695.7,-1
-42.21953,127.1452,4814.592,4920.0,685.0,-1
-42.2287,127.1316,4851.55,4910.0,690.8,-1
-42.24794,126.8752,4936.113,4976.0,692.6,9998
-42.22785,126.7551,4811.484,4845.0,641.2,9998
-42.43875,126.9539,4746.283,4702.0,734.6,9998
-42.3827,126.7566,4933.434,5080.0,737.7,9998
-42.55336,126.6209,4913.768,4859.0,855.5,-1
-42.48488,126.8339,4887.808,4823.0,784.1,-1
-42.58517,126.0398,4795.221,4705.0,946.6,-1
-42.39993,125.5047,4770.948,4576.0,795.0,-1
-42.51652,124.8941,4615.685,4496.0,648.3,-1
-42.17726,124.6922,4722.909,4579.0,763.1,-1
-41.83829,124.5082,4737.227,4766.0,821.6,-1
-41.97689,124.9242,4775.985,4652.0,653.0,-1
-41.96418,124.5574,4849.242,4743.0,836.7,-1
-41.82661,124.1483,4732.865,4817.0,874.3,-1
-41.85852,123.8319,4931.926,5279.0,680.4,-1
-41.94664,123.928,4846.243,5062.0,739.5,-1
-42.09622,124.0607,4739.443,4880.0,784.5,-1
-42.01576,124.5251,4742.1,4747.0,827.9,-1
-42.08949,124.8582,4721.395,4674.0,694.8,-1
-41.96851,125.0025,4753.96,4656.0,625.1,-1
-41.82051,124.8623,4764.7,4765.0,638.3,-1
-41.6751,124.6105,4763.404,4808.0,789.6,-1
-41.64599,124.6512,4826.392,4817.0,784.3,-1
-41.59905,124.6157,4764.893,4867.0,802.6,9998
-41.8075,124.5193,4826.029,4803.0,829.5,-1
-41.9275,124.4418,4819.864,4782.0,881.0,-1
-41.66404,124.7798,4827.936,4861.0,704.4,-1
-41.55485,124.8694,4752.685,4792.0,660.3,9998
-41.4757,125.0196,4943.25,5052.0,615.6,9998
-41.50589,125.2464,4864.773,4909.0,591.3,-1
-41.4681,125.1158,4887.682,4978.0,596.1,-1
-41.65477,125.9747,4971.58,4855.0,632.0,-1
-41.7783,125.7841,4790.822,5000.0,725.2,9998
-41.67639,126.0564,4875.852,4836.0,581.1,9998
-41.82215,126.1801,4992.154,4926.0,599.4,9998
-42.00049,126.4725,4818.862,4855.0,491.3,-1
-42.04918,126.4174,4938.723,4970.0,530.8,9998
-41.98096,126.3405,4905.201,4915.0,541.3,9998
-42.17445,126.3088,4798.797,5051.0,621.0,9998
-42.22249,125.8266,4784.125,4747.0,786.6,-1
-42.29331,125.2039,4665.879,4558.0,668.5,-1
-42.33661,124.8232,4763.795,4609.0,727.5,-1
-42.34252,124.4834,4856.155,4613.0,722.1,-1
-42.50433,124.9699,4641.517,4564.0,657.8,-1
-42.01621,125.087,4639.686,4684.0,605.6,-1
-41.65554,124.6522,4793.107,4810.0,777.0,-1
-41.58028,124.4137,4822.249,4898.0,897.4,-1
-41.81984,125.1976,4842.322,4757.0,535.2,-1
-42.36292,124.824,4722.44,4612.0,710.8,-1
-42.32651,124.219,4756.133,4729.0,784.5,-1
-42.16676,124.3253,4853.421,4662.0,828.4,-1
-42.23009,124.1645,4961.427,4771.0,841.9,-1
-42.55168,123.3824,4861.786,4601.0,1013.4,-1
-40.97418,119.8157,4814.171,4784.0,729.4,-1
-40.96008,119.6563,4712.661,4707.0,686.9,-1
-41.00179,119.537,4752.731,4791.0,652.1,9998
-41.0658,119.5221,4700.19,4716.0,656.3,9998
-41.07948,119.5089,4636.686,4666.0,648.4,9998
-41.06938,119.5138,4759.592,4786.0,663.4,9998
-41.27718,119.3866,4749.02,4776.0,701.1,9998
-41.26714,119.4667,4739.901,4846.0,691.6,9998
-41.29881,119.3398,4849.829,4831.0,740.9,9998
-41.41129,119.4226,4803.209,4899.0,779.4,-1
-41.49841,119.3794,4897.853,4828.0,833.8,-1
-41.59647,119.0621,4762.08,4740.0,721.3,-1
-41.65538,118.7225,4713.72,4748.0,777.6,-1
-41.57234,118.3854,4625.794,4688.0,787.3,-1
-41.37696,118.2909,4706.171,4702.0,603.1,-1
-40.91583,117.6513,4708.311,4661.0,649.0,-1
-40.87208,117.4523,4788.308,4984.0,698.2,-1
-40.71708,117.162,4639.655,4943.0,604.1,-1
-40.69786,116.9048,4735.682,4726.0,756.3,-1
-40.62988,116.7194,4703.969,4769.0,976.8,-1
-40.7598,116.6482,4743.518,4768.0,973.5,-1
-40.70741,116.5329,4662.381,4740.0,1078.1,-1
-40.65624,116.3765,4667.063,4790.0,1177.8,-1
-41.04173,116.4363,4602.032,4485.0,708.0,-1
-41.04496,116.4977,4641.846,4504.0,690.7,-1
-41.18606,116.7576,4596.921,4586.0,661.1,9998
-41.28437,117.2624,4661.747,4549.0,1003.3,9998
-41.13953,117.3672,4489.206,4452.0,882.8,9998
-41.13118,117.1368,4579.364,4521.0,878.2,9998
-41.21418,117.1043,4521.142,4569.0,886.8,9998
-41.35685,117.1758,4463.366,4558.0,938.7,-1
-41.41762,117.082,4494.825,4568.0,909.3,-1
-41.37192,117.4641,4590.724,4548.0,1041.1,-1
-41.15783,117.6922,4645.585,4629.0,799.4,9998
-40.8831,117.1309,4603.847,4709.0,681.5,-1
-40.8906,116.5832,4580.533,4728.0,873.1,-1
-40.72836,116.3092,4603.037,4747.0,1169.7,-1
-40.91358,116.3005,4544.873,4739.0,998.2,-1
-41.08077,116.3762,4476.209,4519.0,668.8,9998
-41.24714,116.8543,4650.597,4668.0,734.5,9998
-41.28165,117.0542,4637.862,4560.0,888.7,-1
-41.42366,116.9332,4581.67,4607.0,820.6,-1
-41.53572,116.8765,4533.638,4620.0,813.1,-1
-41.65619,117.0939,4726.532,4489.0,1066.6,-1
-41.68941,117.1122,4523.179,4407.0,1031.5,-1
-41.67625,116.9956,4806.1,4454.0,978.5,-1
-41.68883,117.03,4636.913,4353.0,979.8,-1
-41.66805,117.0864,4543.394,4457.0,1025.7,-1
-41.53592,117.198,4624.742,4629.0,1055.6,-1
-41.39035,117.3083,4531.464,4635.0,1036.5,-1
-41.28045,117.2206,4534.424,4500.0,957.7,-1
-41.13853,117.1077,4567.996,4547.0,874.8,9998
-41.02909,116.606,4554.928,4574.0,701.2,-1
-41.14036,116.0965,4639.864,4592.0,884.2,9998
-41.22759,115.6081,4667.888,4651.0,1110.4,-1
-41.1665,115.1766,4622.956,4578.0,741.8,9998
-41.18748,114.9686,4704.505,4690.0,573.1,9998
-41.11526,115.0839,4797.032,4805.0,589.8,9998
-41.16039,115.2573,4670.247,4661.0,844.2,9998
-41.13681,115.4087,4598.495,4656.0,976.8,9998
-41.26468,116.2149,4562.213,4526.0,537.5,-1
-41.33276,116.4223,4573.84,4726.0,504.8,-1
-41.43965,116.2096,4585.451,4565.0,499.1,-1
-41.65613,115.9973,4466.937,4403.0,444.2,-1
-41.84114,115.4609,4508.155,4470.0,657.2,-1
-42.16396,115.5205,4461.968,4495.0,334.7,-1
-42.70918,116.2314,4546.942,4646.0,489.1,-1
-42.89903,116.1802,4396.945,4506.0,439.7,-1
-42.92546,116.156,4504.209,4520.0,458.7,-1
-43.07665,115.7802,4583.305,4451.0,699.3,-1
-42.99031,115.5236,4409.154,4511.0,649.7,-1
-43.09018,115.5817,4442.932,4441.0,777.4,-1
-43.13721,115.8001,4401.903,4439.0,741.1,-1
-43.05171,116.1654,4494.636,4494.0,445.2,-1
-43.199,116.1848,4348.612,4467.0,438.7,-1
-43.24749,116.0964,4441.798,4454.0,578.5,-1
-43.39014,116.1938,4451.845,4460.0,596.5,-1
-43.37639,116.0655,4438.539,4439.0,758.9,-1
-43.37237,115.6412,4388.104,4368.0,986.3,-1
-43.3936,115.5592,4371.475,4327.0,921.9,-1
-43.36579,115.1633,4486.929,4430.0,711.3,-1
-43.32549,114.9219,4574.46,4409.0,624.7,-1
-43.09705,114.9682,4331.446,4375.0,800.3,-1
-43.29357,114.6191,4422.442,4420.0,540.7,-1
-43.40603,114.4867,4213.174,4325.0,452.1,-1
-43.46244,114.2997,4433.937,4363.0,616.5,-1
-43.37599,114.277,4472.74,4338.0,574.6,-1
-43.32965,114.1404,4428.841,4379.0,628.6,-1
-43.99222,114.6104,4333.228,4277.0,1550.6,-1
-43.97662,114.5778,4450.827,4291.0,1582.3,-1
-44.05565,114.7714,4477.707,4251.0,1616.9,-1
-44.18541,114.7451,4450.353,4334.0,1850.8,-1
-44.08524,114.4702,4417.649,4377.0,1719.4,-1
-43.35538,113.6235,4239.746,4291.0,715.4,-1
-43.25004,113.3539,4289.286,4281.0,641.9,-1
-43.14386,113.2414,4426.487,4506.0,579.6,9998
-43.17688,112.9476,4317.901,4298.0,581.6,-1
-43.51242,112.9979,4371.815,4345.0,941.6,9998
-43.47479,113.219,4226.57,4290.0,850.2,9998
-43.24924,113.0328,4197.769,4315.0,644.0,9998
-43.19948,112.6217,4257.411,4284.0,534.7,-1
-42.92354,112.5276,4251.002,4268.0,495.7,-1
-42.86351,112.9649,4403.86,4301.0,600.5,-1
-43.15374,113.6454,4161.811,4289.0,613.3,-1
-42.98692,113.7586,4283.264,4363.0,638.7,-1
-42.99068,113.6252,4312.141,4332.0,615.9,-1
-42.909,113.365,4334.924,4355.0,565.7,9998
-42.92252,113.2153,4398.977,4413.0,543.6,9998
-42.74181,112.9819,4361.433,4350.0,613.5,-1
-42.69597,112.9446,4359.507,4311.0,617.4,-1
-42.68355,113.0798,4356.11,4305.0,577.1,-1
-42.75642,113.1167,4394.378,4359.0,574.0,9998
-42.77041,112.926,4443.354,4330.0,636.3,-1
-42.78209,112.7495,4410.21,4320.0,663.3,-1
-42.76092,112.7092,4556.439,4337.0,686.2,-1
-42.68687,113.0904,4342.79,4302.0,573.4,-1
-42.77679,113.2666,4485.715,4465.0,556.4,9998
-42.8298,113.5873,4499.779,4366.0,607.0,-1
-42.77755,113.558,4273.914,4341.0,565.7,-1
-42.74292,113.4964,4362.405,4286.0,567.4,-1
-42.66582,113.537,4206.847,4290.0,561.7,-1
-42.68546,113.6845,4346.388,4354.0,617.7,-1
-42.6413,113.3966,4267.646,4312.0,553.1,9998
-42.66531,113.6106,4387.223,4338.0,603.2,-1
-42.67854,113.3908,4145.841,4286.0,536.8,9998
-42.74658,113.3471,4382.427,4346.0,557.2,9998
-42.71542,113.3447,4308.847,4299.0,550.9,9998
-42.61948,113.4359,4362.94,4321.0,566.2,-1
-42.46603,113.1432,4388.081,4360.0,538.1,-1
-42.55591,112.9414,4388.919,4280.0,627.3,-1
-42.50309,112.7747,4439.284,4280.0,693.7,-1
-42.56546,112.6557,4403.981,4265.0,701.9,-1
-41.95875,112.5973,4607.569,4444.0,781.9,-1
-41.65347,112.1821,4345.244,4409.0,741.3,-1
-41.74472,112.2535,4327.025,4375.0,785.6,-1
-42.0043,112.1661,4412.275,4345.0,783.4,-1
-41.94681,111.8578,4402.481,4339.0,675.5,-1
-41.89894,111.5865,4408.625,4405.0,528.2,-1
-41.78188,111.5088,4461.346,4330.0,475.4,-1
-41.85797,111.2677,4496.975,4332.0,280.2,-1
-41.94231,110.876,4432.807,4422.0,81.2,-1
-41.78309,110.5702,4342.858,4431.0,157.6,-1
-41.85326,110.2846,4607.031,4484.0,358.3,-1
-41.64219,110.1922,4364.79,4400.0,640.9,-1
-41.65744,109.9434,4395.891,4278.0,662.8,-1
-40.86908,114.8271,4550.818,4615.0,72.9,-1
-40.87718,114.8285,4630.653,4616.0,74.4,-1
-40.9074,114.7622,4678.607,4579.0,118.5,-1
-40.8214,115.0935,4591.052,4632.0,199.2,-1
-40.79226,116.3641,4587.082,4750.0,1105.9,-1
-40.88539,116.5354,4630.164,4716.0,907.8,-1
-40.8326,116.6099,4665.436,4739.0,938.0,-1
-40.49404,117.1804,4844.558,5076.0,735.4,-1
-40.43791,116.5003,4737.93,4835.0,1164.2,-1
-40.09415,116.3611,4749.047,4761.0,798.5,-1
-40.39681,116.5727,4800.063,4823.0,1132.7,-1
-40.37682,116.395,4788.135,4898.0,1131.8,-1
-40.23285,116.4077,4877.95,4893.0,972.3,-1
-39.68996,117.5984,4776.011,4727.0,1062.8,-1
-39.57835,117.5954,4855.246,4752.0,1072.1,-1
-39.37609,117.3855,4867.949,4830.0,920.3,-1
-39.16326,117.0099,4858.922,4809.0,613.6,-1
-39.0593,116.8396,4871.969,4807.0,518.4,9998
-38.58412,116.5635,5074.875,4938.0,1104.9,9998
-38.33045,116.5714,5077.414,5435.0,1421.2,9998
-38.29979,116.9293,4976.585,5487.0,1375.4,9998
-38.64927,117.4233,5049.736,5360.0,1413.9,-1
-38.51999,116.6547,5273.451,5305.0,1281.6,9998
-38.31006,116.442,5060.748,4998.0,1369.7,9998
-37.64003,115.7901,5292.077,5373.0,1125.2,9998
-37.01266,115.4041,5098.273,5057.0,778.3,9998
-37.19115,114.8879,5135.512,5338.0,702.4,9998
-37.34648,113.7285,5173.143,5050.0,1440.1,9998
-37.39575,113.472,5238.525,5223.0,1434.1,9998
-37.37003,113.0409,4575.867,4739.0,911.7,9998
-37.48111,113.1487,4246.876,4722.0,1178.4,9998
-37.07903,115.2113,4516.219,4583.0,470.7,9998
-37.68484,117.0776,4819.291,4773.0,649.5,9998
-37.53502,117.0293,4795.963,4804.0,281.3,9998
-37.57097,117.0608,4680.114,4660.0,318.9,9998
-37.55396,117.0083,4413.763,4521.0,338.7,9998
-37.58333,116.2744,4958.668,5002.0,677.7,9998
-37.45812,115.8403,4409.425,4671.0,741.6,9998
-37.21783,115.8849,4617.416,4910.0,628.3,9998
-36.96495,115.1306,4484.383,4469.0,597.9,9998
-37.05702,115.2457,4463.446,4340.0,503.3,9998
-37.07443,115.3075,4430.967,4502.0,521.6,9998
-36.87761,116.0582,4995.936,5261.0,1607.8,9998
-36.5768,115.0054,4963.67,4496.0,2618.3,9998
-36.83036,114.7109,4929.896,5222.0,1140.6,9998
-36.8036,114.9147,4934.274,4964.0,1344.8,9998
-36.71468,114.9121,4827.957,5028.0,1786.0,9998
-36.70301,114.887,4730.781,4753.0,1806.6,9998
-36.5945,114.9203,4800.731,4298.0,2413.5,9998
-36.29569,114.665,4971.845,4883.0,3471.8,9998
-36.64606,114.6361,4878.357,5015.0,2098.7,9998
-36.86815,113.4217,4738.674,4829.0,1053.1,9998
-36.9681,113.904,4994.344,5407.0,912.4,9998
-36.95343,114.3192,4992.604,5370.0,754.1,9998
-36.76901,113.9479,4937.005,5360.0,1501.2,9998
-37.19132,112.9883,4897.043,4850.0,140.4,9998
-37.58715,112.0313,4549.251,4351.0,460.6,-1
-37.50782,112.2424,4575.034,4803.0,511.1,-1
-37.34873,112.1324,4986.804,5417.0,221.5,9998
-37.46032,111.8036,4980.062,4606.0,252.1,9998
-37.62892,111.8036,4746.704,4929.0,401.6,9998
-38.02423,111.937,4884.259,4960.0,828.0,-1
-38.09233,113.1416,4827.365,4498.0,1234.3,-1
-37.68511,113.1604,4933.597,4904.0,1567.6,-1
-37.53887,112.8471,4975.566,4937.0,1178.3,-1
-37.27106,112.4124,4953.277,5089.0,192.6,9998
-37.01619,110.3023,4996.262,5658.0,935.7,-1
-36.95383,110.5049,4673.476,4890.0,785.2,9998
-37.79151,114.8415,4833.221,4873.0,903.3,-1
-37.96909,114.7818,5016.688,4680.0,905.8,-1
-37.98377,114.7637,5037.044,4724.0,889.7,-1
-37.94598,114.7507,4833.736,4680.0,853.0,-1
-38.15763,114.9561,5032.99,4958.0,1172.4,-1
-38.18759,115.0041,5041.8,4720.0,1290.5,-1
-38.35152,114.609,4837.637,4784.0,882.2,-1
-38.35677,114.0661,4793.377,4820.0,544.2,-1
-38.5252,114.1141,4808.543,4776.0,674.9,-1
-39.32337,114.1571,4753.164,4696.0,1149.1,-1
-38.70128,114.204,4780.029,4780.0,870.4,-1
-38.43183,113.8426,4692.087,4748.0,492.6,9998
-38.90124,113.4023,4734.512,4598.0,311.9,-1
-38.90268,113.1682,4789.842,4554.0,507.8,-1
-38.3554,113.7392,4484.702,4611.0,461.9,9998
-38.27563,115.2824,4750.992,4448.0,1583.3,-1
-37.75985,115.4548,4839.641,5272.0,1318.8,9998
-37.81503,114.895,5069.311,4796.0,977.6,-1
-37.9286,114.8195,5125.095,4608.0,965.8,-1
-38.05911,115.0253,5019.071,4730.0,1227.4,-1
-38.39032,115.2498,4739.001,4766.0,1599.1,-1
-38.21544,116.356,4924.34,5125.0,1293.1,9998
-38.31212,116.3094,4765.927,4721.0,1323.4,9998
-38.02469,116.1606,4994.747,5078.0,1191.7,9998
-38.21956,117.717,4892.712,4956.0,1929.3,9998
-38.32053,117.8925,4844.541,4860.0,1933.3,9998
-38.33993,117.5835,4898.48,4873.0,1853.3,9998
-38.19967,117.5381,5164.027,5199.0,1868.4,9998
-38.37362,117.4167,4802.106,4841.0,1667.2,9998
-38.41777,117.5094,4894.663,4919.0,1715.9,9998
-38.39038,117.5985,4776.376,4867.0,1756.4,9998
-38.40937,117.6195,4822.569,4784.0,1764.3,9998
-38.70646,117.9154,5145.09,5319.0,1494.5,-1
-38.77188,117.8574,5067.421,5124.0,1441.3,9998
-38.76068,117.9672,5052.885,5172.0,1368.9,-1
-38.76053,118.3534,4920.704,5099.0,768.1,9998
-38.4142,118.272,4891.269,4660.0,1586.7,9998
-38.53251,117.4174,5120.941,5179.0,1589.9,9998
-38.51819,117.8142,5132.966,5138.0,1775.8,9998
-38.62088,118.2204,4985.946,5104.0,1259.5,9998
-38.86318,118.847,4866.718,4951.0,421.2,9998
-38.84935,118.9818,4865.075,4969.0,538.8,9998
-38.7836,119.0012,4928.746,4885.0,590.3,9998
-38.91487,119.0508,5031.679,5037.0,595.3,9998
-39.26377,119.5292,5007.862,4982.0,855.0,9998
-39.2898,119.7896,4769.681,4817.0,885.7,9998
-39.24857,120.0079,5095.604,5060.0,822.4,9998
-39.13644,120.1043,4889.688,4885.0,761.4,-1
-39.11374,120.2462,4872.915,4855.0,656.1,-1
-39.13866,120.1582,4915.978,4893.0,739.3,-1
-39.20914,120.2774,4751.175,4837.0,617.0,-1
-39.20719,120.4871,4850.17,4825.0,485.0,-1
-39.13587,120.2778,4808.861,4823.0,619.7,-1
-39.22704,120.5367,4824.834,4873.0,466.9,-1
-39.0711,120.4253,5007.562,4915.0,502.3,-1
-38.8775,120.3975,5009.103,5049.0,624.4,-1
-38.83711,119.9343,4808.409,4784.0,1113.7,-1
-38.89276,119.8797,4743.448,4755.0,1090.3,-1
-38.91518,120.086,5010.929,4842.0,934.3,-1
-39.04928,119.8294,4772.017,4686.0,1021.8,-1
-39.05245,119.8288,4769.492,4683.0,1019.1,-1
-38.95795,119.7358,4751.768,4804.0,1106.9,-1
-39.1555,119.4795,4835.832,4939.0,818.8,9998
-39.53617,119.3246,4860.504,5032.0,527.8,9998
-39.52876,118.8861,4993.391,5054.0,483.3,9998
-39.63006,118.0908,4947.67,4861.0,650.4,-1
-39.94553,118.0842,4974.488,4800.0,680.1,-1
-39.91271,117.8797,5133.675,4789.0,922.2,-1
-39.60772,117.0294,4770.903,4731.0,749.8,9998
-39.67124,116.6855,4867.624,4922.0,591.2,-1
-39.85922,116.0584,4891.892,4834.0,863.5,9998
-40.26388,115.6726,4738.491,4737.0,585.8,-1
-40.33748,115.6492,4846.665,4713.0,656.6,-1
-40.3351,115.5658,4718.56,4724.0,673.4,-1
-40.34285,115.5768,4721.372,4721.0,671.9,-1
-40.35858,115.591,4745.05,4713.0,679.5,-1
-40.37714,115.6025,4769.405,4707.0,695.5,-1
-40.40646,115.6171,4732.507,4697.0,721.1,-1
-40.4391,115.6353,4663.174,4688.0,743.5,-1
-40.46872,115.6606,4677.144,4682.0,787.9,-1
-40.52019,115.6924,4641.777,4659.0,851.5,-1
-40.53594,115.6926,4610.111,4649.0,857.1,-1
-40.54552,115.692,4541.042,4644.0,851.0,-1
-40.548,115.6914,4553.283,4642.0,854.7,-1
-40.5278,115.652,4667.409,4647.0,831.1,-1
-40.50029,115.5843,4684.315,4668.0,774.5,-1
-40.48463,115.5489,4656.358,4681.0,732.0,-1
-40.47814,115.5102,4656.458,4676.0,708.1,-1
-40.47332,115.46,4673.646,4649.0,689.3,-1
-40.46591,115.4024,4644.714,4639.0,681.1,-1
-40.45775,115.3597,4676.275,4668.0,700.6,-1
-38.11772,107.477,4650.458,4806.0,772.0,9998
-38.20969,107.5726,4676.254,4510.0,787.8,-1
-38.14981,107.7342,4700.169,4652.0,777.1,9998
-38.31813,107.8149,4614.242,4605.0,602.1,9998
-38.48942,108.0161,4563.167,4553.0,234.3,9998
-38.41502,108.0573,4505.865,4504.0,257.2,9998
-38.3304,108.2487,4553.807,4739.0,84.5,9998
-38.24918,107.8767,4585.806,4568.0,567.5,9998
-38.31517,107.6982,4683.299,4578.0,723.9,-1
-38.35223,107.7624,4647.447,4688.0,634.8,9998
-38.52871,107.9172,4599.777,4561.0,287.8,9998
-38.99563,108.0857,4592.396,4581.0,587.9,-1
-39.39772,108.1911,4474.562,4434.0,996.6,-1
-39.4526,108.7404,4661.165,4589.0,1029.8,9998
-39.52867,108.621,4570.22,4586.0,1005.4,9998
-39.63622,108.4485,4462.802,4516.0,972.0,9998
-39.78707,108.7551,4359.208,4358.0,572.6,9998
-39.4663,108.96,4491.542,4519.0,880.1,9998
-40.15153,110.0863,4566.853,4628.0,742.3,9998
-40.46279,109.8491,4552.152,4518.0,528.4,9998
-40.45918,109.4679,4504.741,4509.0,160.1,-1
-40.86463,109.3225,4524.978,4561.0,515.9,-1
-40.82242,109.2334,4547.631,4496.0,427.3,-1
-40.33396,109.3223,4377.173,4372.0,204.3,-1
-40.29539,109.209,4516.468,4435.0,414.0,-1
-40.28043,109.2047,4519.972,4421.0,444.7,-1
-40.21043,109.1758,4555.268,4337.0,575.0,-1
-40.18266,108.9295,4356.62,4328.0,515.3,-1
-40.14915,108.9156,4539.652,4247.0,477.0,-1
-39.79581,109.012,4579.63,4569.0,504.8,-1
-39.80597,108.6336,4482.269,4516.0,666.2,9998
-39.86142,108.8853,4599.419,4551.0,374.1,9998
-39.79296,109.1015,4608.771,4609.0,577.7,9998
-39.73563,109.2133,4492.209,4524.0,684.2,9998
-39.80971,109.3907,4596.72,4507.0,791.3,9998
-39.82996,109.5512,4461.266,4492.0,793.6,-1
-40.12322,110.5772,4585.321,4568.0,1130.4,-1
-39.99404,110.5638,4569.056,4519.0,991.9,-1
-40.39178,110.2962,4454.137,4501.0,960.2,-1
-40.41141,110.4396,4453.546,4472.0,1147.2,-1
-39.98275,110.6336,4524.466,4533.0,1011.4,-1
-39.92549,110.5711,4351.763,4385.0,885.7,-1
-39.88257,110.5468,4335.443,4311.0,783.0,-1
-39.80639,110.5602,4635.086,4515.0,684.3,-1
-39.77711,110.5543,4585.369,4639.0,598.1,9998
-39.76643,110.5616,4505.413,4675.0,572.7,9998
-39.57407,110.8425,4682.864,4924.0,722.7,-1
-39.52239,111.1503,4676.381,4809.0,955.9,-1
-39.58417,111.5498,4675.481,4636.0,1127.6,-1
-39.53156,111.5426,4523.098,4661.0,1032.9,-1
-39.49035,111.5642,4564.698,4635.0,983.9,-1
-39.21759,110.8,4412.228,4469.0,346.6,9998
-39.30035,110.1561,4663.462,4683.0,502.9,9998
-39.26419,109.9688,4585.193,4577.0,404.1,9998
-39.08336,109.9651,4635.778,4660.0,115.8,9998
-38.76392,110.4137,4542.942,4561.0,457.0,9998
-38.17645,110.2069,4514.223,4529.0,413.2,9998
-38.04741,110.1399,4625.136,4591.0,233.7,9998
-37.8422,110.0784,4431.83,4382.0,283.3,9998
-37.67824,110.307,4592.453,4631.0,458.2,9998
-37.65998,110.2761,4647.346,4641.0,519.6,9998
-37.75326,109.6222,4652.455,4455.0,809.5,-1
-37.94961,109.1331,4432.857,4195.0,517.0,-1
-38.01194,109.2799,4302.033,4173.0,464.1,-1
-37.6484,109.9581,4409.836,4678.0,688.7,9998
-37.24702,109.5601,4500.018,5261.0,701.5,9998
-37.30999,108.8723,4467.526,5278.0,741.5,9998
-37.06116,108.2279,4505.924,5137.0,1054.0,9998
-36.9591,108.0273,4480.4,5037.0,954.9,9998
-36.956,107.8925,4416.622,4670.0,860.0,9998
-36.73681,107.3912,4410.193,4963.0,423.3,-1
-36.63225,107.2829,4329.216,4999.0,507.7,-1
-36.69756,106.986,4488.475,5358.0,605.2,9998
-36.80605,107.6195,4373.114,5600.0,481.5,-1
-37.00201,107.688,4420.592,5787.0,698.0,9998
-37.37317,108.6849,4320.566,4946.0,806.5,-1
-37.44186,108.1442,4485.359,4939.0,861.9,-1
-37.44311,107.756,4345.148,4545.0,774.3,-1
-37.2914,107.3748,4452.756,5002.0,569.5,-1
-37.33507,107.3444,4364.35,4952.0,515.8,-1
-37.29074,107.3225,4385.569,5074.0,494.2,-1
-37.31175,107.3348,4377.002,5034.0,506.1,-1
-37.437,107.2377,4321.223,5250.0,419.4,-1
-37.45342,107.3217,4311.78,5178.0,487.3,-1
-37.43946,107.4754,4484.68,4716.0,660.3,-1
-37.40476,107.5285,4325.028,4727.0,687.0,-1
-37.39255,107.5003,4508.221,4687.0,700.2,-1
-37.58343,107.4257,4451.571,4337.0,587.1,-1
-38.13709,107.2352,4310.253,3995.0,561.0,9998
-38.23506,107.1861,4433.425,4374.0,621.2,9998
-38.20977,107.2121,4463.376,4566.0,619.1,9998
-38.23567,107.3559,4410.868,4854.0,692.1,9998
-38.61272,106.8116,4396.427,4704.0,256.3,9998
-38.86395,106.6186,4260.457,4711.0,590.7,9998
-38.9732,106.4103,4421.659,4511.0,606.5,9998
-38.8793,106.2276,4398.946,4651.0,611.3,-1
-38.83911,106.2436,4371.542,4600.0,601.6,-1
-38.60478,106.0029,4290.52,4590.0,383.5,-1
-38.50387,105.96,4343.569,4354.0,261.3,-1
-37.88264,106.2717,4263.265,4815.0,286.9,-1
-37.70572,106.4371,4330.651,4816.0,331.9,-1
-37.71267,106.3342,4497.11,4772.0,374.7,-1
-38.36031,105.9294,4489.462,4657.0,114.4,-1
-32.04306,-168.4799,5613.714,5601.0,791.6,-1
-31.97712,-167.6575,5593.422,5586.0,890.4,-1
-31.61473,-167.8683,5496.689,5506.0,1191.4,-1
-31.48796,-168.2411,5531.892,5625.0,1005.8,9998
-31.37625,-168.3605,5643.829,5641.0,1078.6,9998
-31.24299,-168.2442,5632.471,5601.0,1084.7,9998
-31.39798,-168.6761,5452.921,5418.0,1265.3,9998
-31.42455,-168.6863,5366.122,5317.0,1251.8,9998
-31.0725,-168.1631,5554.345,5594.0,969.1,9998
-30.82464,-168.0714,5464.216,5493.0,794.2,-1
-31.00021,-168.2313,5490.091,5496.0,926.2,9998
-31.05135,-168.3386,5397.674,5408.0,984.4,-1
-30.99163,-168.3931,5478.184,5481.0,951.6,-1
-31.12614,-168.2611,5556.451,5565.0,1047.4,9998
-31.1776,-167.987,5545.682,5510.0,963.0,9998
-31.13204,-167.5211,5606.586,5604.0,1021.4,-1
-30.72998,-167.31,5556.533,5535.0,792.5,9998
-30.5422,-166.7892,5381.524,5381.0,576.5,-1
-30.85087,-166.6215,5513.978,5510.0,713.8,-1
-30.92756,-166.6532,5628.648,5622.0,891.7,-1
-30.96336,-166.8141,5491.464,5293.0,982.4,9998
-30.97232,-166.8656,5473.158,5387.0,1001.2,9998
-30.962,-166.8376,5491.077,5368.0,983.1,9998
-31.16284,-166.7798,5476.074,5483.0,1285.8,-1
-31.36532,-166.8007,5393.176,5411.0,1410.9,-1
-31.28218,-167.0097,5436.509,5421.0,1357.2,-1
-31.22909,-166.9086,5477.497,5472.0,1317.6,-1
-31.39771,-167.0699,5389.189,5375.0,1452.2,-1
-31.72225,-167.6787,5384.009,5413.0,1211.7,9998
-31.50515,-168.0501,5341.188,5361.0,1008.7,9998
-31.71053,-168.3162,5482.994,5461.0,945.4,-1
-31.47152,-168.5222,5505.564,5473.0,1121.4,9998
-31.39095,-168.6999,5502.31,5494.0,1298.1,9998
-31.54615,-168.6269,5603.977,5621.0,1234.6,9998
-31.66771,-168.7619,5550.106,5614.0,1252.3,9998
-31.74745,-168.8079,5514.541,5513.0,1166.9,9998
-32.07716,-168.0109,5521.167,5512.0,750.2,-1
-32.41413,-167.669,5640.15,5649.0,906.5,9998
-32.66209,-167.9598,5604.812,5577.0,881.0,9998
-32.59801,-168.356,5564.485,5567.0,618.2,9998
-32.12517,-168.3533,5651.606,5629.0,737.6,-1
-32.18684,-167.8172,5216.454,5237.0,664.9,-1
-32.19179,-167.6067,5621.0,5658.0,761.6,9998
-32.22945,-167.6637,5668.199,5597.0,782.6,9998
-32.25162,-167.6894,5509.954,5452.0,763.3,9998
-32.4124,-167.6506,5633.378,5625.0,904.4,9998
-32.47188,-167.3742,5620.191,5622.0,817.6,9998
-32.52127,-167.3947,5606.427,5606.0,812.7,9998
-32.59177,-167.3937,5594.684,5592.0,790.5,9998
-32.59996,-167.3663,5574.647,5553.0,771.5,9998
-32.5974,-167.3403,5570.681,5531.0,758.8,9998
-32.55127,-167.5197,5550.375,5558.0,847.1,9998
-32.57922,-167.6897,5573.206,5586.0,902.9,9998
-32.7767,-167.6445,5679.258,5666.0,892.7,-1
-32.80902,-167.9568,5527.703,5514.0,934.3,-1
-32.93908,-168.1801,5650.835,5621.0,919.5,-1
-33.22676,-168.4257,5604.354,5587.0,1122.6,-1
-33.46983,-168.4448,5654.742,5665.0,1251.6,-1
-33.58621,-168.4508,5364.959,5375.0,1190.9,9998
-33.61552,-168.556,5432.158,5477.0,1249.0,9998
-33.69072,-168.2763,5460.882,5456.0,1150.7,-1
-33.68676,-168.2764,5448.103,5454.0,1147.7,-1
-33.5964,-168.0999,5568.663,5552.0,1097.1,-1
-33.72993,-168.0689,5371.577,5350.0,991.6,-1
-33.80668,-168.1336,5281.834,5278.0,1002.6,-1
-33.85007,-168.0174,5343.334,5352.0,947.8,-1
-33.72802,-167.8989,5322.95,5318.0,872.5,-1
-33.57154,-167.9872,5425.4,5417.0,1026.9,-1
-33.52744,-168.0547,5451.952,5449.0,1090.3,9998
-33.15664,-168.1053,5504.986,5456.0,1172.6,9998
-33.16459,-167.9408,5504.402,5506.0,1151.8,-1
-33.26211,-168.0968,5368.206,5366.0,1164.8,-1
-33.50893,-168.245,5491.172,5488.0,1183.2,9998
-33.41751,-168.7028,5446.581,5447.0,1121.0,-1
-33.15495,-169.0018,5414.551,5458.0,930.8,9998
-33.24419,-169.2746,5465.446,5474.0,999.8,-1
-33.25434,-169.3098,5459.921,5472.0,990.4,-1
-33.32921,-169.2523,5424.447,5444.0,1007.5,9998
-33.24293,-169.0468,5178.478,5250.0,955.3,9998
-33.27576,-169.0038,5322.863,5380.0,998.4,9998
-33.0584,-169.0158,5428.638,5439.0,880.5,-1
-32.983,-169.0546,5465.082,5453.0,817.0,9998
-33.04073,-169.0143,5463.699,5459.0,870.4,-1
-32.59043,-168.9077,5387.591,5393.0,568.9,9998
-32.69707,-169.0804,5355.675,5359.0,590.5,-1
-32.96213,-169.0239,5411.153,5409.0,788.6,-1
-33.03066,-169.0533,5510.466,5488.0,868.9,-1
-33.03181,-169.1279,5399.209,5368.0,850.7,9998
-33.04609,-169.1195,5383.124,5385.0,861.5,9998
-32.96044,-169.1335,5456.474,5439.0,785.5,9998
-32.90013,-169.0489,5530.274,5495.0,741.6,9998
-32.9388,-169.0906,5447.188,5435.0,767.8,9998
-33.12074,-169.0769,5507.714,5508.0,930.5,-1
-33.20744,-169.0963,5316.113,5293.0,956.7,-1
-33.1828,-169.3207,5347.319,5363.0,949.2,9998
-33.05724,-169.3593,5532.427,5525.0,899.7,-1
-33.04478,-169.4691,5517.042,5528.0,911.5,-1
-33.03796,-169.5003,5504.268,5538.0,912.4,-1
-33.30769,-169.2734,5379.131,5397.0,991.6,-1
-33.49303,-169.1663,5419.723,5357.0,1130.6,9998
-33.47248,-169.1433,5414.696,5390.0,1120.3,9998
-33.41423,-169.231,5428.378,5468.0,1048.4,9998
-33.55786,-169.2697,5401.196,5369.0,1113.5,9998
-33.78809,-169.3613,5388.984,5389.0,1210.7,-1
-33.91635,-169.5018,5212.107,5238.0,1157.8,-1
-33.97786,-169.3798,5400.325,5411.0,1205.7,9998
-33.95809,-169.3245,5391.327,5390.0,1216.7,9998
-34.03215,-169.0441,5345.092,5326.0,1296.8,-1
-34.40884,-168.9674,5257.241,5255.0,1225.3,-1
-34.61342,-168.7148,5198.905,5208.0,690.7,-1
-34.49494,-168.6233,5230.36,5226.0,1065.5,-1
-34.38199,-168.6933,5263.359,5252.0,1246.4,9998
-34.31401,-168.9019,5258.641,5258.0,1308.6,-1
-34.33124,-169.1851,5327.518,5367.0,1308.5,-1
-34.15246,-169.087,5294.274,5296.0,1293.2,-1
-34.06002,-169.1629,5382.37,5370.0,1267.2,-1
-34.06675,-169.2527,5378.687,5376.0,1237.0,-1
-33.99562,-169.2774,5392.279,5389.0,1224.8,-1
-34.07849,-169.1912,5345.167,5348.0,1251.8,-1
-33.89238,-169.1483,5386.515,4968.0,1269.2,-1
-33.74365,-169.0442,5337.377,5355.0,1292.5,9998
-33.65118,-169.0061,5448.796,5448.0,1290.6,9998
-33.473,-168.9164,5283.825,5284.0,1155.0,-1
-32.3681,-168.9422,5427.693,5477.0,508.3,-1
-32.23784,-159.3164,5266.542,5261.0,553.6,-1
-32.17827,-159.2375,5180.976,5180.0,441.2,-1
-32.12471,-159.1766,5260.68,5260.0,368.4,-1
-32.0565,-159.1431,5249.175,5245.0,295.1,-1
-32.43886,-158.5499,5304.053,5266.0,835.1,9998
-32.4528,-158.5567,5418.744,5474.0,861.5,9998
-32.482,-158.5455,5395.486,5410.0,884.9,9998
-32.64431,-158.5115,5389.989,5439.0,1036.8,-1
-32.72754,-158.5407,5264.195,5267.0,1090.8,-1
-32.60336,-158.7216,5169.643,4843.0,872.4,9998
-32.49828,-158.8724,5284.355,5304.0,756.8,9998
-32.48714,-158.8632,5298.703,5313.0,749.9,9998
-32.49551,-159.4071,5297.633,5267.0,809.7,9998
-32.53697,-159.7957,5270.869,5325.0,929.3,9998
-32.57882,-160.0435,5235.087,5073.0,994.7,9998
-32.66249,-160.017,5377.486,5361.0,983.2,-1
-32.76754,-159.9162,5398.36,5399.0,971.3,-1
-33.14617,-159.4147,5231.058,5224.0,1206.7,-1
-32.96328,-159.2096,5303.142,5281.0,1213.1,-1
-32.93941,-158.8133,5450.093,5412.0,1313.9,-1
-32.93197,-158.6738,5315.751,5314.0,1263.6,-1
-32.96413,-158.7119,5384.518,5386.0,1298.5,-1
-33.07608,-158.6333,5254.059,5236.0,1284.9,-1
-32.7588,-158.9485,5195.654,5208.0,1111.7,-1
-32.80299,-158.8503,5174.597,5191.0,1137.7,-1
-32.78246,-158.8183,5235.386,5256.0,1118.1,-1
-33.15079,-158.4259,5245.788,5186.0,1223.1,9998
-33.39774,-157.978,5210.593,5218.0,1252.1,9998
-33.04137,-158.2516,5308.048,5315.0,1193.8,9998
-32.93802,-158.326,5290.266,5314.0,1218.1,9998
-32.92529,-158.1055,4964.944,5324.0,1055.1,9998
-32.96854,-157.9786,5095.208,5143.0,1039.7,-1
-32.9311,-157.9411,5030.141,5104.0,993.6,9998
-32.71202,-157.8675,5164.554,5506.0,973.6,9998
-32.38589,-158.3654,5077.903,4911.0,853.2,9998
-32.38527,-158.4196,5067.136,5405.0,828.9,9998
-32.39611,-158.4295,4856.646,5373.0,796.1,9998
-32.62445,-158.0064,4994.18,3958.0,1006.2,9998
-32.69698,-157.2362,5231.255,5488.0,992.2,9998
-32.75064,-156.9698,5147.376,5228.0,875.9,9998
-32.76052,-156.9525,5173.744,5120.0,873.0,9998
-32.9552,-157.0202,5191.109,5273.0,919.4,9998
-33.3471,-156.8636,5123.652,5126.0,1004.7,-1
-33.45423,-156.3578,5290.423,5288.0,855.5,-1
-33.41714,-156.3667,5261.562,5265.0,884.7,-1
-33.3591,-156.3799,5221.077,5224.0,931.9,-1
-33.34117,-156.4149,5236.206,5235.0,955.3,-1
-33.26239,-156.6266,5196.984,5203.0,1017.4,-1
-33.15894,-156.5926,5145.454,5148.0,994.1,-1
-33.09523,-157.0305,5253.953,5328.0,978.6,9998
-33.10919,-156.7514,5282.05,5335.0,931.0,9998
-33.08559,-156.6574,5286.615,5270.0,930.0,9998
-33.07967,-156.6392,5276.54,5238.0,936.4,9998
-33.12601,-156.8076,5205.478,5233.0,939.6,9998
-33.07393,-156.6745,5240.685,5315.0,909.1,9998
-33.04951,-156.6393,5157.523,5165.0,903.6,9998
-32.94045,-156.9078,5148.263,5178.0,862.3,9998
-33.12785,-157.0775,5258.688,5318.0,998.6,9998
-33.12083,-157.0012,5226.126,5272.0,974.3,9998
-32.68301,-156.8222,5222.926,5234.0,826.6,-1
-32.95309,-156.9216,5184.13,5211.0,879.9,9998
-33.62004,-157.0988,5199.348,5209.0,1088.3,-1
-33.91915,-157.4001,5282.85,5302.0,662.2,9998
-34.61072,-156.9703,5196.677,5193.0,353.1,-1
-34.53339,-157.0134,5155.127,5171.0,357.8,-1
-34.52891,-156.9358,5179.558,5188.0,343.7,-1
-34.22238,-156.7967,5227.187,5233.0,460.9,-1
-34.05715,-156.7296,5187.231,5197.0,694.4,-1
-34.45191,-157.1108,5226.6,5232.0,322.8,-1
-34.52876,-157.0104,5229.085,5190.0,362.3,-1
-34.51633,-157.0847,5221.919,5219.0,358.7,-1
-34.59952,-157.148,5222.559,5242.0,372.9,9998
-34.77889,-157.1294,5189.042,5208.0,349.8,9998
-35.09298,-157.0546,5293.845,5272.0,669.3,9998
-35.06596,-157.1331,5293.664,5304.0,603.5,9998
-34.96393,-157.103,5246.524,5223.0,496.2,9998
-34.98129,-157.0932,5179.452,5133.0,510.7,9998
-34.93376,-157.0603,5270.666,5262.0,472.7,9998
-34.64848,-156.9095,5206.159,5210.0,342.8,-1
-34.59135,-157.0658,5168.769,5175.0,367.8,-1
-34.61845,-156.7114,5272.553,5285.0,401.4,-1
-34.10796,-156.5416,5253.985,5291.0,622.4,9998
-33.91238,-156.5899,5246.127,5234.0,777.1,-1
-34.09009,-156.2146,5069.509,5316.0,483.8,9998
-34.47115,-154.5305,5156.996,5186.0,267.1,-1
-34.13732,-154.036,5229.938,5280.0,553.9,9998
-34.01994,-153.9615,5210.802,5247.0,608.7,9998
-34.05702,-153.7415,5114.423,5165.0,507.0,9998
-33.96509,-153.7233,5121.832,5118.0,631.5,9998
-34.00994,-153.8195,5096.601,5165.0,569.1,9998
-34.09642,-153.8647,5188.085,5196.0,495.2,9998
-34.11733,-153.6515,5185.556,5226.0,439.8,9998
-34.22282,-153.5622,5241.045,5207.0,331.3,9998
-34.53557,-153.5037,5291.096,5510.0,176.2,9998
-34.2883,-153.5647,5240.047,5404.0,261.1,9998
-34.48546,-152.9474,5465.351,5497.0,204.7,9998
-35.1359,-153.0677,5375.188,5546.0,481.2,9998
-35.40838,-153.2133,5389.103,5469.0,990.2,-1
-35.71361,-152.7326,5424.108,5380.0,1187.7,9998
-31.63941,-153.1106,4591.342,4600.0,292.9,-1
-31.18458,-152.8582,5152.407,5156.0,823.6,9998
-31.07258,-152.7834,5088.831,5133.0,988.6,9998
-30.84811,-153.3882,5137.322,5139.0,1318.7,-1
-30.80098,-153.7852,4991.339,4995.0,1333.5,9998
-31.34436,-153.9919,5085.517,5098.0,506.0,9998
-30.97766,-153.7687,4983.699,4988.0,720.5,9998
-30.79208,-153.8014,4841.07,5040.0,1313.2,9998
-30.65873,-153.7592,5145.16,5091.0,1822.2,9998
-30.42284,-153.6986,5055.63,5064.0,2580.0,-1
-30.43486,-153.5337,4759.234,5028.0,2425.7,9998
-30.43612,-153.5703,4854.513,5085.0,2463.9,9998
-30.51466,-153.6539,4919.145,5014.0,2216.6,9998
-30.71772,-153.4055,5160.362,5185.0,1684.6,9998
-31.33085,-153.5186,4998.984,5009.0,142.6,-1
-31.5224,-153.4925,5126.857,5137.0,150.0,-1
-31.51994,-153.4521,5093.495,5104.0,132.5,-1
-31.41735,-153.6273,4635.748,4647.0,133.3,-1
-30.90018,-153.6497,4956.652,4986.0,1033.5,9998
-30.47354,-153.7656,5016.507,4986.0,2371.8,9998
-30.33295,-153.9735,4959.791,5007.0,2734.2,9998
-30.29086,-153.9605,4860.396,4888.0,2797.6,9998
-30.33065,-153.8166,4963.674,4972.0,2816.5,-1
-30.30576,-153.7441,5032.101,5024.0,2944.7,-1
-30.15414,-153.8177,5065.053,5094.0,3230.8,9998
-30.06827,-153.8106,5093.609,5125.0,3255.1,9998
-30.04126,-153.7117,4944.376,4910.0,3162.1,9998
-29.93333,-153.7773,5095.992,5122.0,3039.3,9998
-29.81674,-153.989,5127.952,5105.0,2714.8,9998
-29.71042,-154.2646,5057.664,5059.0,2438.3,-1
-29.60995,-154.0028,5101.167,5177.0,2244.1,9998
-29.73604,-153.7569,5137.878,5187.0,2559.8,9998
-29.98669,-153.6309,5093.061,5059.0,3183.9,9998
-30.09763,-153.7348,5030.826,5006.0,3252.9,9998
-30.13354,-153.7175,4788.395,4813.0,3088.1,-1
-29.98501,-153.7259,5068.809,5076.0,3157.2,9998
-29.91372,-153.8866,4988.201,5106.0,2891.4,9998
-29.94874,-153.98,4858.49,4872.0,2853.3,9998
-29.96009,-154.0396,5013.609,5022.0,2939.6,9998
-30.02711,-154.0022,5063.165,5050.0,3092.9,9998
-30.10077,-153.9679,5062.65,5064.0,3165.2,9998
-30.14259,-153.9289,5058.848,5059.0,3176.1,9998
-30.08889,-153.9965,5088.459,5100.0,3166.2,9998
-30.03006,-154.1445,5020.374,5039.0,2971.9,9998
-29.81861,-154.1539,5077.122,5145.0,2662.7,9998
-29.77787,-154.3013,5076.848,5073.0,2554.7,-1
-29.16097,-154.7101,5112.116,5120.0,1321.8,-1
-29.04371,-154.8171,5116.14,5124.0,1229.8,-1
-28.93367,-154.6913,5168.076,5167.0,945.5,-1
-28.91782,-154.5207,5241.196,5249.0,706.7,-1
-29.0504,-154.4438,5251.127,5248.0,879.7,-1
-28.92441,-154.1598,5327.659,5326.0,297.8,-1
-28.86354,-153.8315,5201.852,5149.0,268.1,9998
-28.65621,-153.876,5235.969,5220.0,670.0,-1
-28.63021,-153.8486,5279.995,5271.0,730.0,-1
-28.63009,-153.9384,5046.644,5063.0,666.7,-1
-28.77079,-154.0433,5395.844,5398.0,369.0,-1
-28.56558,-154.1028,5195.475,5201.0,727.6,-1
-28.6871,-154.0896,5435.213,5430.0,521.3,-1
-28.72092,-154.0713,5281.023,5286.0,446.6,-1
-28.47965,-153.9316,5341.701,5320.0,913.0,-1
-28.50431,-153.8054,5307.866,5303.0,886.2,-1
-28.69764,-153.7306,5362.64,5188.0,637.8,9998
-28.89452,-153.7029,5197.572,5249.0,288.0,9998
-28.95234,-153.3022,5318.052,5292.0,444.0,-1
-29.09238,-153.0163,5486.086,5432.0,170.3,-1
-29.29691,-152.9583,5168.898,5124.0,543.9,-1
-29.43171,-152.9461,5208.408,5176.0,1121.6,9998
-29.48714,-153.0116,5213.718,5299.0,1396.1,9998
-29.54792,-153.0713,5285.237,5281.0,1730.3,9998
-29.52892,-153.0444,5207.495,5258.0,1603.9,9998
-29.42468,-153.0096,5056.809,5088.0,1059.0,-1
-29.26526,-152.5849,5344.475,5321.0,588.5,9998
-29.24317,-152.6104,5139.339,5227.0,517.4,9998
-29.14285,-152.6252,5337.937,5361.0,487.9,9998
-29.26378,-152.4958,5361.433,5403.0,570.8,9998
-29.21916,-152.5556,5365.91,5328.0,507.0,9998
-29.28692,-152.4492,5271.581,5300.0,602.6,-1
-29.27485,-152.4474,5296.982,5315.0,571.9,-1
-29.30305,-152.4383,5290.477,5295.0,648.4,-1
-29.38692,-152.3328,5298.971,5289.0,910.8,-1
-29.3386,-152.3543,5237.339,5242.0,723.1,-1
-29.27639,-152.2386,5143.981,5146.0,433.4,-1
-29.22788,-152.1587,5143.711,5122.0,274.2,-1
-29.14292,-152.2422,5111.056,5103.0,456.1,-1
-29.13135,-152.271,5031.114,5037.0,484.6,-1
-29.1363,-152.369,5175.074,5202.0,514.7,-1
-29.13585,-152.4703,5251.868,5222.0,523.1,9998
-29.1577,-152.6813,5176.325,5130.0,429.4,9998
-29.09468,-153.3115,5251.206,5241.0,190.2,-1
-29.20314,-153.4093,5251.55,5252.0,345.8,-1
-29.31717,-153.1068,5249.66,5242.0,618.3,-1
-29.61344,-152.9475,5148.5,5201.0,1931.1,9998
-29.5901,-152.9512,5053.832,5198.0,1800.6,9998
-29.85199,-153.0714,5233.054,5255.0,2985.6,9998
-29.8927,-153.1584,5155.66,5069.0,3093.4,9998
-29.92166,-153.2914,5017.604,5076.0,3112.9,9998
-29.91131,-153.2554,5066.607,5092.0,3115.6,9998
-29.90467,-153.1851,5185.91,5040.0,3154.4,9998
-29.88797,-153.0875,5217.042,5244.0,3092.4,9998
-29.82746,-153.0228,5164.9,5141.0,2847.2,9998
-29.63788,-153.002,5213.461,5240.0,2077.6,9998
-29.59735,-152.9707,5067.605,5174.0,1841.4,9998
-29.48118,-152.8833,5060.861,5110.0,1320.7,9998
-29.54079,-152.4659,5194.497,5190.0,1544.9,-1
-29.63026,-152.2565,5083.213,5080.0,1664.6,-1
-29.59566,-152.2181,4834.93,4845.0,1441.8,-1
-29.65103,-151.9775,4970.835,5044.0,1450.2,9998
-29.72059,-152.0753,5262.095,5254.0,1838.0,-1
-29.77556,-152.2177,5254.898,5244.0,2139.6,-1
-29.75085,-152.1889,5149.608,5146.0,2006.4,-1
-29.7172,-152.2168,5181.237,5144.0,1936.9,-1
-29.75926,-152.1282,5094.899,5109.0,1947.9,-1
-29.79204,-151.9741,5157.834,5173.0,1929.6,9998
-29.74036,-151.8291,4873.137,4859.0,1574.2,9998
-29.67514,-151.7168,4648.744,4767.0,1277.7,9998
-29.64379,-151.5674,5027.902,4892.0,1221.7,-1
-45.81761,-167.3678,5245.44,5274.0,527.1,-1
-45.26953,-166.0038,5521.928,5564.0,473.6,-1
-45.41452,-165.5968,5571.548,5553.0,283.1,-1
-45.69039,-165.2477,5608.523,5655.0,235.5,9998
-45.91659,-166.1144,5551.569,5525.0,496.7,9998
-45.49378,-166.5523,5460.503,5492.0,853.5,9998
-45.57005,-166.2442,5519.26,5572.0,770.2,9998
-45.86846,-166.858,5440.391,5457.0,866.0,9998
-45.6409,-166.4135,5491.279,5493.0,889.1,9998
-44.17947,-166.3196,5450.622,5459.0,1064.6,-1
-44.04559,-165.5898,5441.79,5436.0,1490.9,-1
-44.3362,-164.5317,5361.243,5363.0,265.5,-1
-44.57288,-164.0043,5286.313,5289.0,1069.0,-1
-45.18709,-164.1948,5360.339,5365.0,102.3,-1
-45.74577,-166.7257,5448.287,5450.0,972.1,-1
-45.55143,-166.4422,5485.619,5535.0,860.8,9998
-45.40609,-166.3866,5459.193,5460.0,702.6,-1
-45.63819,-165.8183,5561.958,5606.0,650.5,9998
-45.0983,-166.7242,5352.158,5367.0,227.0,9998
-44.86459,-166.5228,5345.693,5347.0,709.6,-1
-44.65128,-166.2271,5421.268,5421.0,1311.5,9998
-43.5686,-166.9897,5301.904,5296.0,1313.5,-1
-43.36155,-165.7557,5149.492,5154.0,1479.4,-1
-43.69145,-164.7912,5139.261,5140.0,1287.1,-1
-43.5121,-164.3008,5250.913,5251.0,1262.1,9998
-43.45583,-163.8707,5051.494,5055.0,1341.7,-1
-41.7976,-165.9449,4937.286,4938.0,1454.6,9998
-40.51873,-166.5863,5035.794,5036.0,425.2,-1
-40.40887,-166.1509,5017.425,5016.0,450.8,-1
-39.37108,-166.0592,4914.322,4928.0,116.7,9998
-39.05872,-165.7639,5054.494,5067.0,463.5,9998
-38.60194,-166.3183,5250.263,5259.0,398.4,-1
-38.18788,-165.7127,5101.326,5108.0,906.9,-1
-37.18441,-165.6002,5190.661,5184.0,581.1,-1
-36.8212,-165.3537,4957.646,4970.0,432.3,9998
-36.46213,-165.0492,5171.125,5160.0,499.0,9998
-36.10896,-165.078,5172.449,5170.0,257.4,9998
-35.93488,-165.2311,5214.588,5223.0,216.1,-1
-35.48276,-165.8286,5002.174,5040.0,740.7,-1
-35.55327,-166.2354,5244.318,5231.0,694.1,9998
-35.70456,-166.6638,5343.642,5326.0,800.0,9998
-35.75379,-166.7843,5268.254,5284.0,737.8,9998
-35.52934,-167.0835,5230.375,5231.0,903.8,-1
-34.94321,-167.0243,5316.389,5320.0,597.9,9998
-35.16183,-166.5944,5382.634,5373.0,748.8,-1
-35.78234,-166.6047,5182.483,5202.0,685.4,9998
-35.86697,-166.8134,5185.74,5173.0,508.6,-1
-35.76023,-167.1219,5150.216,5147.0,568.9,9998
-35.63622,-166.9695,5217.729,5210.0,845.3,9998
-35.6735,-167.0332,5198.718,5207.0,762.4,9998
-35.49982,-167.0248,5234.265,5232.0,950.4,-1
-35.57516,-167.2848,5168.62,5163.0,748.5,9998
-35.16214,-167.5554,5162.02,5161.0,462.2,-1
-34.92474,-167.8108,5196.342,5185.0,382.9,-1
-34.99612,-167.952,5043.512,5045.0,260.9,9998
-34.9683,-168.0072,5050.41,5038.0,261.8,9998
-35.14099,-168.1004,5029.772,5031.0,112.7,-1
-35.19629,-167.8589,5091.426,5080.0,195.2,-1
-35.17371,-168.3126,4978.057,4983.0,119.7,-1
-34.96677,-168.8439,5130.795,5049.0,107.3,9998
-34.88514,-169.0194,5184.535,5162.0,108.6,-1
-35.01618,-169.2634,5189.614,5181.0,149.2,9998
-34.94658,-169.3804,5220.562,5219.0,332.6,-1
-34.55498,-169.4393,5187.494,5221.0,844.4,-1
-34.50067,-169.4788,5374.613,5362.0,998.1,-1
-34.4433,-169.2698,5308.481,5307.0,1147.7,-1
-34.45876,-169.4286,5331.044,5333.0,1079.2,-1
-34.0633,-169.4514,5120.237,5151.0,1138.2,9998
-33.92675,-169.1744,5373.424,5332.0,1254.0,-1
-34.02637,-169.2947,5388.971,5388.0,1220.6,-1
-33.74765,-169.6901,5487.963,5511.0,1244.8,9998
-33.91934,-169.8921,5537.443,5536.0,1267.9,9998
-33.69347,-170.079,5560.293,5550.0,1424.7,9998
-33.59023,-170.1512,5574.375,5560.0,1494.8,-1
-33.59904,-170.2216,5561.984,5557.0,1513.4,-1
-33.7299,-170.0978,5519.044,5541.0,1401.2,9998
-34.06898,-170.1391,5575.018,5580.0,1113.0,9998
-34.21689,-170.0214,5534.979,5489.0,976.0,9998
-34.13283,-169.7961,5491.074,5482.0,1120.9,-1
-33.7305,-169.8326,5487.68,5527.0,1300.2,9998
-33.64897,-169.8239,5487.234,5489.0,1298.0,-1
-33.40889,-170.0314,5576.204,5569.0,1452.7,-1
-33.57127,-169.9216,5522.217,5501.0,1365.7,9998
-33.63287,-169.6627,5517.154,5577.0,1241.1,9998
-33.73852,-169.6475,5534.818,5545.0,1249.8,9998
-33.78474,-169.6229,5391.601,5353.0,1220.6,9998
-33.69118,-169.676,5509.577,5560.0,1243.6,9998
-33.66821,-169.836,5527.206,5504.0,1311.6,9998
-33.74387,-170.0943,5525.427,5558.0,1396.1,9998
-33.71855,-170.0957,5543.731,5519.0,1412.5,9998
-33.8365,-170.0305,5551.612,5586.0,1339.3,9998
-34.01316,-169.879,5536.817,5496.0,1194.8,9998
-34.03236,-169.6092,5403.012,5322.0,1171.1,-1
-45.56205,-162.1638,5343.607,5323.0,970.4,-1
-44.70004,-162.7545,5266.311,5255.0,1588.1,9998
-43.15486,-163.101,5211.964,5213.0,144.7,9998
-42.9671,-162.8487,5164.305,5160.0,42.1,-1
-42.91457,-162.9366,5159.197,5149.0,66.5,-1
-42.81487,-162.9284,5034.928,5024.0,225.3,-1
-42.35566,-163.634,4946.051,4963.0,718.9,9998
-42.31675,-164.2971,5062.588,5101.0,289.4,-1
-42.64155,-165.024,5003.896,5003.0,1264.9,-1
-42.70173,-165.2645,5098.747,5098.0,1240.1,-1
-41.8378,-165.5877,4957.728,4968.0,852.9,9998
-41.80591,-165.7811,4912.553,4947.0,1280.7,9998
-41.59274,-166.1065,4944.943,4977.0,1554.1,9998
-41.43719,-166.643,4794.464,4742.0,1147.1,9998
-41.48126,-166.7992,4549.883,4565.0,678.4,-1
-41.88389,-167.5425,4654.695,4667.0,661.8,9998
-42.00341,-167.4606,4577.056,4644.0,810.2,9998
-42.22965,-167.4545,4487.495,4505.0,914.6,9998
-41.79748,-168.1466,4659.198,4690.0,514.9,-1
-41.68491,-168.7258,4687.206,4685.0,418.9,9998
-41.05051,-169.5751,4613.779,4636.0,366.4,9998
-40.32362,-169.1728,4656.329,4636.0,797.1,9998
-39.83521,-169.2543,4659.546,4658.0,449.7,9998
-39.92097,-169.39,4668.444,4667.0,568.3,-1
-40.00205,-169.8681,4645.007,4644.0,688.8,-1
-40.21222,-169.82,4612.578,4612.0,780.2,9998
-39.80398,-168.7837,4709.953,4680.0,156.8,9998
-38.58562,-169.8073,4780.079,4779.0,728.9,9998
-38.799,-171.2651,4764.844,4757.0,574.8,-1
-39.44602,-172.1148,4738.842,4754.0,962.8,9998
-39.88552,-173.0237,4816.978,4820.0,726.5,-1
-39.13572,-174.8344,4962.73,5000.0,288.3,9998
-38.85666,-175.0278,4998.058,5026.0,281.0,9998
-37.92114,-176.0529,4958.713,4959.0,765.5,9998
-37.38964,-176.6955,5133.096,5186.0,940.7,9998
-36.16839,-177.5867,5710.964,5700.0,1693.7,-1
-36.08236,-177.0106,5583.72,5583.0,1066.2,-1
-35.69228,-176.2954,5606.551,5607.0,1290.2,-1
-35.57043,-176.8147,5603.805,5600.0,656.0,-1
-35.43724,-176.5304,5601.838,5593.0,793.1,-1
-35.62353,-176.4,5606.875,5607.0,1055.9,-1
-35.72756,-176.2277,5609.146,5599.0,1394.8,-1
-35.83671,-175.4782,5624.57,5619.0,1054.2,-1
-36.08729,-175.2656,5629.089,5661.0,615.6,9998
-36.05949,-175.2232,5630.167,5658.0,625.9,9998
-35.97387,-175.0035,5632.24,5650.0,584.2,9998
-35.93751,-174.782,5641.835,5709.0,536.2,9998
-36.10977,-175.1431,5631.304,5648.0,533.2,9998
-36.1477,-175.6037,5614.84,5615.0,557.1,-1
-36.12963,-176.2991,5579.054,5581.0,748.8,-1
-36.63915,-176.7194,5411.856,5413.0,377.8,-1
-36.84887,-175.4697,5555.577,5557.0,703.5,9998
-36.525,-175.114,5615.524,5603.0,406.6,9998
-36.84275,-175.0187,5573.285,5596.0,566.7,-1
-37.099,-175.3528,5496.331,5551.0,424.4,9998
-37.17821,-175.1606,5484.582,5470.0,485.8,9998
-37.27727,-174.454,5490.438,5493.0,885.1,9998
-37.07118,-174.4504,5525.762,5531.0,668.0,9998
-37.11865,-174.3033,5532.9,5525.0,591.6,-1
-37.49711,-174.4542,5427.514,5429.0,964.0,-1
-37.6827,-174.7267,5354.231,5352.0,945.9,-1
-37.94092,-174.7695,5221.897,5251.0,817.3,9998
-37.86339,-174.8811,5261.751,5295.0,887.9,9998
-37.66372,-175.2866,5262.329,5258.0,812.8,-1
-37.74853,-174.9261,5312.074,5313.0,926.0,-1
-37.78996,-174.5978,5300.433,5290.0,1011.9,9998
-37.52055,-175.1984,5347.626,5350.0,556.9,-1
-37.27478,-175.6295,5371.081,5434.0,438.0,9998
-37.24945,-175.5129,5412.725,5439.0,395.5,9998
-37.47107,-175.922,5188.882,5219.0,630.1,9998
-37.32121,-176.2838,5209.59,5209.0,636.4,9998
-37.43282,-175.8829,5197.329,5243.0,585.9,9998
-37.12707,-175.9198,5384.9,5393.0,635.9,9998
-37.42304,-176.109,5199.756,5205.0,688.3,-1
-37.43207,-176.0656,5198.106,5210.0,685.0,-1
-37.55924,-175.9452,5134.278,5142.0,718.9,9998
-37.48934,-176.3886,5113.761,5147.0,580.2,9998
-37.09359,-176.6714,5330.301,5349.0,1364.1,9998
-36.64136,-177.5397,5386.487,5401.0,1197.1,9998
-36.37528,-177.9864,5685.913,5711.0,1606.3,9998
-35.62275,-179.2092,5370.41,5437.0,555.8,9998
-33.56028,-178.3696,5693.004,5732.0,285.5,9998
-33.12825,-178.486,5579.819,5655.0,1553.7,9998
-31.24856,-177.6856,5076.245,5258.0,951.8,-1
-29.73359,-176.8804,5352.126,5317.0,1297.3,9998
-29.28093,-176.6207,5119.44,5151.0,2590.2,9998
-28.18736,-176.2032,5328.06,5480.0,2415.5,9998
-26.8368,-175.8452,5284.01,5436.0,650.3,9998
-26.03426,-175.6988,4963.465,4976.0,1994.2,9998
-43.59597,-147.9072,5070.035,5083.0,869.5,-1
-43.56796,-148.2137,5385.815,5368.0,533.4,-1
-43.70049,-148.1255,5331.555,5322.0,662.5,-1
-43.82179,-147.9803,5245.341,5249.0,855.3,9998
-44.06454,-147.6988,5334.57,5338.0,815.0,9998
-44.31233,-147.7586,5353.9,5371.0,519.2,9998
-44.411,-147.8596,5258.804,5273.0,496.1,-1
-44.43344,-147.9758,5383.935,5383.0,614.1,-1
-44.4318,-148.0453,5360.228,5359.0,679.9,-1
-44.33579,-148.1802,5377.403,5362.0,777.6,-1
-44.26066,-148.4677,5378.795,5367.0,775.4,-1
-44.13762,-148.6045,5231.149,5319.0,649.4,9998
-44.18297,-148.5299,5370.028,5384.0,707.1,9998
-44.22554,-148.3553,5435.314,5400.0,753.4,9998
-44.20477,-148.2577,5345.922,5353.0,770.0,9998
-44.12528,-148.2708,5410.889,5445.0,784.9,9998
-44.02114,-148.4922,5369.141,5290.0,640.2,9998
-44.05037,-148.4257,5240.292,5246.0,670.2,9998
-44.01235,-148.4217,5188.602,5171.0,661.3,9998
-44.01117,-148.4128,5183.954,5179.0,667.1,9998
-44.014,-148.4499,5137.365,5125.0,637.5,9998
-44.09658,-148.4349,5344.232,5351.0,684.7,9998
-44.05055,-148.2821,5335.642,5349.0,778.4,9998
-44.02952,-148.2844,5353.75,5370.0,781.9,9998
-44.43114,-148.4778,5294.804,5312.0,908.8,-1
-45.00538,-148.9549,5303.429,5296.0,708.6,9998
-45.19329,-149.1461,5181.452,5187.0,507.1,-1
-46.67174,-148.3425,4933.617,4930.0,1286.5,-1
-46.71171,-148.4747,5013.162,5010.0,1383.5,-1
-46.97583,-148.415,5041.137,5033.0,1332.2,-1
-46.91408,-148.3425,5102.966,5095.0,1252.6,-1
-46.65524,-148.2264,4975.59,4970.0,1199.1,-1
-46.69116,-148.2121,4971.213,4967.0,1162.8,-1
-46.44746,-148.2698,5025.492,5046.0,1261.8,9998
-46.4378,-147.8272,5093.892,5087.0,1013.7,-1
-46.44141,-147.519,5063.377,5047.0,1087.2,-1
-46.18462,-147.9879,4943.724,4938.0,855.2,-1
-46.21652,-148.3253,5017.169,5013.0,1046.4,-1
-46.27853,-148.4197,4815.024,4848.0,1093.7,-1
-46.27047,-148.4191,4732.771,4798.0,1062.0,-1
-46.1657,-148.5496,5011.767,4979.0,1011.4,-1
-46.06939,-148.4665,5051.634,5060.0,843.0,-1
-45.94826,-148.2018,4936.272,4940.0,819.6,-1
-45.90606,-148.1922,4860.185,4872.0,816.0,-1
-45.96732,-148.5108,5022.905,5028.0,770.8,-1
-46.04414,-148.9206,5049.127,5040.0,1017.9,-1
-46.0885,-148.7438,5071.97,5069.0,1002.2,-1
-46.24594,-148.8486,5078.677,5077.0,1320.4,-1
-46.20349,-149.3685,5131.291,5124.0,1405.9,-1
-46.28229,-149.9391,5052.02,5145.0,1643.4,9998
-46.20119,-150.1606,4845.993,4822.0,1597.3,-1
-46.16576,-150.1935,5121.043,5086.0,1668.3,-1
-46.33207,-150.7129,4855.825,4867.0,1326.1,-1
-46.59897,-150.377,4919.788,4946.0,956.8,-1
-46.80664,-150.264,4947.803,4945.0,759.2,-1
-46.6981,-150.6397,5091.833,5092.0,1032.4,-1
-46.65962,-150.6926,5086.814,5081.0,1052.4,-1
-46.61747,-150.7632,5091.87,5081.0,1096.6,-1
-46.43569,-150.8017,5110.649,5105.0,1311.9,-1
-46.63519,-150.6041,5061.833,5072.0,1039.1,-1
-46.65783,-150.3452,5009.602,5011.0,876.3,-1
-46.6127,-150.1389,5067.559,5049.0,1066.7,-1
-46.80688,-150.2126,4824.777,4847.0,730.4,-1
-46.73577,-150.5993,5119.127,5081.0,1020.5,-1
-46.691,-150.4682,5116.146,5118.0,942.5,9998
-46.64021,-150.5495,5123.143,5119.0,1025.1,9998
-46.60214,-150.4037,5099.723,5065.0,993.2,-1
-46.85673,-150.4258,5060.955,5019.0,861.8,9998
-46.80627,-150.8641,4810.231,4798.0,961.5,9998
-46.78789,-151.3183,5086.269,5095.0,1069.2,9998
-46.67536,-151.0166,5046.121,5063.0,1050.3,-1
-46.75573,-151.1383,5167.344,5062.0,1096.5,9998
-46.72848,-151.0641,5052.296,5072.0,1053.4,9998
-46.70839,-150.9733,5060.637,5091.0,1036.3,-1
-46.60934,-151.3272,5116.669,5112.0,1210.1,-1
-46.63312,-151.6044,4952.922,4954.0,970.5,-1
-46.28907,-152.4735,4859.529,4878.0,383.9,-1
-46.38246,-152.0977,5066.794,5065.0,704.0,-1
-46.45262,-151.5632,4928.675,4928.0,1262.8,-1
-46.46624,-150.7232,5090.875,5084.0,1235.0,-1
-46.79345,-150.4389,4957.694,4962.0,850.1,9998
-46.79185,-150.019,4924.354,4929.0,752.3,9998
-46.91169,-149.8225,4995.919,4993.0,703.0,-1
-46.81156,-149.6419,4717.498,4729.0,894.4,-1
-46.63742,-149.7422,4884.581,4885.0,1288.2,-1
-46.48375,-150.0786,4901.422,4903.0,1361.6,9998
-46.12647,-150.5246,5099.946,5082.0,1570.4,9998
-45.71585,-151.1015,5035.618,5030.0,1601.0,-1
-45.62548,-151.4745,5064.823,5062.0,1737.4,-1
-45.55144,-151.5859,4884.1,4876.0,1669.7,-1
-45.55765,-151.6021,4882.061,4878.0,1683.8,-1
-45.53297,-151.7079,5019.036,5016.0,1717.4,-1
-45.61057,-151.7871,5070.933,5055.0,1852.6,-1
-45.72261,-151.9541,5189.817,5183.0,1978.1,-1
-45.4662,-152.3566,5009.183,4992.0,1669.1,-1
-45.69603,-152.6926,4900.808,4909.0,1569.9,-1
-45.7403,-152.7455,5028.146,5031.0,1478.9,-1
-45.62688,-152.7687,5027.713,5031.0,1613.2,-1
-45.52084,-152.632,5164.349,5154.0,1705.2,-1
-45.59129,-152.62,5012.517,5015.0,1733.1,-1
-45.66341,-152.4108,5028.472,5029.0,1886.7,-1
-45.67515,-152.4621,5021.297,5018.0,1838.3,-1
-45.76517,-152.6614,4962.817,4968.0,1499.9,-1
-46.05355,-152.3198,5043.89,5033.0,1112.4,-1
-46.2088,-152.2515,5008.162,5017.0,763.7,-1
-46.38722,-151.9897,5048.774,5040.0,813.9,9998
-46.45489,-152.0421,5015.122,5010.0,644.0,9998
-46.41504,-152.3854,4838.431,4854.0,430.6,-1
-46.35028,-152.8938,4914.763,4905.0,169.6,9998
-46.29819,-153.1495,4986.608,4966.0,176.3,-1
-46.18804,-153.3016,4941.3,4922.0,380.4,-1
-46.04401,-153.5478,4809.793,4813.0,788.3,-1
-45.9888,-153.454,4921.712,4915.0,693.0,9998
-46.02439,-153.4979,4847.429,4847.0,714.2,9998
-45.98207,-153.4671,4881.483,4902.0,705.7,9998
-46.14508,-153.6404,4789.478,4790.0,985.2,-1
-46.52068,-153.9298,4659.501,4725.0,1433.9,9998
-46.615,-154.4915,4591.228,4641.0,1089.8,9998
-46.71341,-154.3173,4080.969,4126.0,984.7,9998
-27.9657,-157.1743,5379.125,5374.0,327.8,-1
-28.24575,-157.5773,5357.497,5370.0,24.3,9998
-28.49789,-157.8795,5023.793,5040.0,169.6,-1
-28.47012,-157.7547,5045.25,5058.0,202.2,-1
-28.30274,-157.9706,5365.808,5320.0,27.3,9998
-28.18248,-157.985,5392.989,5354.0,64.2,-1
-27.9982,-157.9536,5378.724,5154.0,287.5,9998
-28.00303,-158.1845,5280.832,5269.0,232.1,-1
-27.85461,-158.3732,5013.753,5037.0,317.9,9998
-27.83747,-158.3833,4948.917,4974.0,321.5,9998
-27.82475,-158.3444,5117.01,5120.0,327.7,-1
-27.85078,-158.1995,5176.557,5171.0,313.8,-1
-27.56416,-157.7856,5313.191,5285.0,127.0,9998
-27.25803,-157.8736,5259.121,5261.0,490.3,-1
-26.99524,-157.9252,5097.731,5095.0,715.8,-1
-26.97957,-158.043,5284.535,5273.0,719.2,-1
-26.7101,-157.7789,4963.996,4965.0,942.9,9998
-26.51227,-157.5872,5184.351,5176.0,993.0,9998
-26.54264,-157.73,5226.431,5201.0,981.8,-1
-26.53143,-157.9852,5254.653,5259.0,886.1,-1
-26.40192,-157.3942,5256.546,5258.0,913.8,9998
-26.47308,-157.4471,5280.274,5240.0,986.4,9998
-26.2773,-157.3531,5193.849,5189.0,776.1,-1
-26.33518,-156.9091,5211.382,5216.0,916.9,-1
-26.62222,-157.5266,5268.386,5264.0,1032.8,-1
-26.77691,-157.3838,5212.376,5221.0,920.2,-1
-26.78515,-157.3978,5145.349,5165.0,901.1,-1
-26.67189,-157.4988,5280.293,5278.0,1025.1,-1
-26.37097,-157.4462,5179.07,5180.0,865.1,-1
-26.37859,-157.5702,5237.258,5237.0,858.4,-1
-26.31302,-157.8482,5225.258,5221.0,773.9,-1
-26.51838,-158.1182,5245.059,5245.0,848.5,-1
-26.5592,-158.046,5210.617,5201.0,881.8,-1
-26.61428,-157.9929,5060.806,5060.0,897.0,-1
-26.55154,-157.9512,5269.19,5263.0,903.9,-1
-26.54487,-157.9662,5270.938,5268.0,899.2,-1
-26.1704,-158.0446,5038.357,5052.0,820.9,-1
-26.06295,-158.0626,5180.447,5185.0,896.7,-1
-25.98155,-158.0523,5163.987,5153.0,965.4,-1
-25.83005,-158.3858,5171.708,5160.0,1449.0,9998
-25.81518,-158.5112,5001.407,5015.0,1512.0,-1
-25.61448,-158.5752,5040.113,5029.0,1661.0,9998
-25.56736,-158.5358,5136.881,5140.0,1691.1,9998
-25.6218,-158.4534,5065.733,5077.0,1586.9,9998
-25.70272,-158.4919,5027.56,5062.0,1565.4,9998
-25.50211,-158.5468,5090.038,5145.0,1728.4,9998
-25.35804,-158.4124,5126.479,5121.0,1764.6,9998
-25.04245,-158.526,5163.85,5159.0,1695.2,-1
-25.05954,-158.5512,5147.254,5147.0,1713.3,-1
-24.93161,-158.4645,5160.689,5146.0,1568.0,-1
-24.75474,-158.6629,4809.186,4860.0,988.2,9998
-24.91241,-158.9393,5032.89,5018.0,1182.4,-1
-24.7966,-159.1772,5037.881,5069.0,1085.4,9998
-24.68544,-159.0609,4958.99,4953.0,840.3,-1
-24.59977,-158.9442,5046.105,5040.0,648.9,-1
-24.61333,-159.0922,5048.042,5039.0,775.2,9998
-24.65043,-159.1215,4905.104,4947.0,827.1,-1
-24.66423,-159.1324,4848.759,4939.0,845.9,-1
-24.64039,-159.1726,4954.636,4969.0,860.2,9998
-24.61426,-159.2505,4959.209,4978.0,891.9,-1
-24.54996,-159.0209,4734.13,4775.0,576.9,9998
-24.47692,-158.9085,4952.945,4956.0,412.1,9998
-24.48572,-158.7958,4993.917,4993.0,355.3,-1
-24.37291,-158.9446,5146.433,5136.0,431.0,-1
-24.29063,-158.921,5132.976,5098.0,450.0,-1
-24.29077,-158.4152,5046.019,5033.0,16.7,-1
-24.3287,-158.375,4844.597,4902.0,97.3,-1
-24.32874,-158.3635,4888.798,4891.0,111.4,-1
-24.31162,-158.3725,4759.48,4871.0,70.0,-1
-24.31399,-158.3549,4812.636,4838.0,94.2,-1
-24.2921,-158.2832,5016.411,4892.0,129.9,-1
-24.30417,-158.2143,4890.361,4882.0,206.5,-1
-24.4069,-158.2655,4915.482,4856.0,387.1,-1
-24.33836,-158.1769,4727.98,4711.0,295.7,-1
-24.35542,-158.1842,4783.859,4772.0,332.4,-1
-24.32836,-158.1466,4801.457,4743.0,306.6,-1
-24.18671,-158.0093,4880.978,4876.0,124.6,-1
-24.02012,-157.8905,4858.593,4802.0,120.6,-1
-23.97572,-157.7996,4881.632,4679.0,209.7,9998
-24.08773,-157.7846,4791.722,4764.0,166.7,9998
-24.03128,-157.8434,4866.07,4816.0,129.5,-1
-23.67812,-157.6829,4848.506,4857.0,478.0,-1
-23.45434,-157.3912,4807.283,4808.0,542.2,-1
-23.2844,-157.6856,4830.95,4840.0,490.7,-1
-23.17121,-157.8201,4824.088,4820.0,399.8,-1
-23.16142,-157.8173,4922.99,4827.0,408.7,-1
-22.97658,-157.7521,4837.56,4871.0,392.8,9998
-22.88653,-157.6429,4942.115,4917.0,394.6,9998
-23.08627,-157.5842,4968.757,4973.0,583.0,-1
-23.06357,-157.6901,5026.829,5028.0,504.1,-1
-22.9898,-157.7458,4893.808,4888.0,407.0,9998
-22.95912,-157.7005,4942.48,4911.0,425.9,9998
-22.78158,-157.6853,4841.314,4856.0,343.8,9998
-22.57714,-157.855,4848.083,4902.0,584.9,-1
-22.42136,-157.7525,4811.401,4924.0,824.1,-1
-22.38147,-157.731,4794.504,4898.0,890.5,-1
-57.01675,132.2812,3929.712,4481.0,2751.5,-1
-57.0752,132.3684,3928.526,4609.0,2742.8,-1
-57.13535,132.4665,4415.585,4597.0,3048.7,9998
-57.28985,132.6586,4414.557,4534.0,3278.5,9998
-57.4681,132.9349,4575.545,4566.0,3844.9,9998
-57.74089,133.853,4473.099,4584.0,3494.3,-1
-57.70183,134.3215,4402.466,4433.0,3346.7,-1
-57.74443,135.2847,4565.256,4435.0,3364.8,-1
-57.64419,135.0401,4478.472,4515.0,3273.8,9998
-57.3569,134.3443,4426.372,4543.0,2882.3,-1
-57.27505,134.302,4283.4,4310.0,2560.2,-1
-57.21247,134.9277,4401.191,4363.0,2089.0,9998
-57.28082,135.6474,4379.714,4253.0,1863.0,-1
-57.25677,135.7603,4416.704,4363.0,1797.8,-1
-57.35112,136.5073,4295.997,3967.0,2219.7,9998
-57.21037,136.7419,4404.978,4272.0,1874.4,9998
-57.09199,136.7211,4379.687,4302.0,1566.6,-1
-57.07217,136.8196,4407.747,4412.0,1585.3,9998
-57.13664,136.8117,4257.325,4322.0,1652.4,9998
-57.21998,136.9336,4417.3,4145.0,2016.4,-1
-57.58201,137.3315,4364.072,4342.0,2817.3,-1
-57.79885,136.781,4376.903,4319.0,2960.2,-1
-57.73724,136.5639,4417.886,4438.0,2901.6,-1
-57.74787,137.7919,4259.146,4306.0,2626.3,-1
-57.6487,138.4293,4167.091,4167.0,2343.5,-1
-57.58589,138.791,4194.997,4142.0,2412.7,-1
-57.57161,138.7502,4239.783,4170.0,2428.9,-1
-57.35189,138.7898,4166.612,4136.0,2184.8,-1
-57.30514,138.6952,4200.439,4142.0,2061.8,-1
-57.38808,138.8833,4259.566,4264.0,2306.5,-1
-57.41696,139.0354,3978.208,3895.0,2234.7,-1
-57.45439,139.1667,3869.255,3806.0,2211.4,-1
-57.46281,139.2266,4025.935,3880.0,2309.9,-1
-57.56015,139.2663,4027.554,3988.0,2417.5,-1
-57.89928,139.6916,4028.413,3544.0,2191.4,-1
-57.80427,139.756,3881.789,3777.0,2147.8,9998
-57.79688,139.8117,4028.447,3997.0,2180.6,9998
-57.75329,139.865,4026.421,4152.0,2117.1,9998
-57.79506,139.9382,4026.893,4100.0,2117.6,9998
-57.78534,140.0424,3921.387,3968.0,2060.7,9998
-57.79692,140.1046,3965.537,3955.0,2098.6,9998
-57.91345,140.3848,4025.978,4333.0,2182.1,-1
-58.16404,140.6046,4028.714,4125.0,1843.9,-1
-58.47862,141.237,4028.22,4240.0,2185.4,-1
-58.52471,141.3683,4027.913,4157.0,2354.0,9998
-58.6198,141.4754,4028.076,4299.0,2611.9,9998
-58.63172,141.4184,4027.294,4244.0,2630.6,9998
-58.63459,141.4168,4221.151,4239.0,2764.1,9998
-58.67197,141.4802,4222.401,4250.0,2867.4,9998
-58.61478,141.5621,4222.226,4230.0,2763.3,9998
-58.51606,141.5522,4220.706,4206.0,2514.7,9998
-58.50608,141.6492,4221.973,4152.0,2566.0,-1
-58.6156,141.7934,4040.812,4087.0,2772.6,9998
-58.61286,142.1098,3989.092,3869.0,2751.9,-1
-58.5426,142.4746,4014.589,3933.0,2610.1,-1
-58.61093,142.7373,4069.197,4076.0,2692.5,-1
-58.56731,143.167,3906.543,3970.0,2725.4,-1
-58.46578,143.5216,3820.282,3754.0,2370.2,9998
-58.25217,143.5066,3674.535,3648.0,2261.6,9998
-58.17376,143.4813,3551.739,3688.0,2223.5,9998
-58.00505,143.2415,3809.723,3721.0,2369.3,9998
-57.79153,142.7217,3864.087,3864.0,1968.1,9998
-57.7276,142.6129,3729.414,3788.0,1850.1,9998
-57.73518,142.774,3673.33,3587.0,1878.0,9998
-57.87995,143.4697,3759.154,3605.0,2157.1,9998
-57.60763,144.0302,3552.394,3475.0,1358.7,9998
-57.29576,143.8664,3461.952,3510.0,1252.5,9998
-57.13202,143.7339,3380.886,3594.0,1131.8,9998
-57.03205,143.5312,3484.252,3521.0,1386.8,9998
-57.07192,142.9044,3549.435,3563.0,1700.7,9998
-57.0118,142.7844,3516.907,3558.0,1870.1,-1
-57.05765,142.6892,3655.619,3593.0,1978.0,9998
-56.88277,142.8254,3628.597,3568.0,2079.3,9998
-56.49714,144.0576,3491.233,3524.0,1472.8,9998
-56.88458,144.5646,3454.079,3034.0,773.3,9998
-56.96145,144.9664,3248.376,3148.0,907.8,9998
-56.95555,144.9761,3076.196,3148.0,869.4,9998
-56.88691,145.0719,3010.095,3039.0,951.1,9998
-57.12822,145.1866,3186.659,3087.0,1027.2,-1
-57.18807,145.1121,3117.24,3159.0,901.2,9998
-57.21358,145.162,3343.709,3153.0,1025.6,9998
-57.23769,145.0964,3137.338,3179.0,903.5,9998
-57.24019,144.9796,3184.481,3144.0,826.6,9998
-57.22058,144.9184,3265.965,3090.0,796.6,-1
-57.19617,144.9548,3282.556,3127.0,814.3,-1
-57.17032,144.9241,3137.844,3086.0,753.1,-1
-57.13506,144.9166,3279.257,3084.0,783.3,-1
-57.10897,144.9315,3289.507,3120.0,799.5,-1
-57.05645,144.9189,3156.323,3116.0,785.0,-1
-57.00271,144.8983,3220.263,3090.0,832.7,-1
-56.82544,145.0573,2913.975,3033.0,919.8,9998
-56.5812,145.1159,3077.27,2948.0,879.8,9998
-56.56514,145.1319,3031.959,3001.0,851.1,9998
-56.50082,144.9517,3075.826,3108.0,858.5,9998
-56.42422,145.1745,2984.913,3002.0,747.9,9998
-56.69803,145.2048,3089.348,3012.0,1010.1,9998
-56.92273,145.0983,3047.494,3032.0,983.4,9998
-57.08274,145.1918,3064.152,2915.0,1019.3,9998
-57.05901,145.1659,3011.419,2854.0,983.2,-1
-57.17481,145.2014,3151.606,3108.0,1018.6,9998
-57.21087,145.1538,3311.523,3153.0,1006.4,-1
-57.31298,145.0891,3075.224,3128.0,921.3,9998
-57.42245,145.0437,3182.676,3239.0,1017.1,9998
-57.39548,145.142,3248.453,3237.0,1084.2,9998
-57.3834,145.2487,3232.357,3250.0,1176.6,9998
-57.39909,145.4656,3174.581,3174.0,1604.3,9998
-57.37359,145.6338,3108.601,3112.0,1919.2,9998
-57.29847,145.7548,3059.8,3087.0,2118.6,9998
-57.18114,145.7881,3086.78,3087.0,2090.4,9998
-57.05933,145.7067,3025.289,3097.0,1899.0,9998
-56.99699,145.6032,3018.37,3053.0,1756.9,9998
-56.97615,145.6507,3151.756,3085.0,1917.1,9998
-56.89574,145.666,3048.868,2981.0,1893.3,9998
-56.58175,145.9547,2857.739,2915.0,2016.1,9998
-56.55287,145.9546,2932.218,2888.0,2023.0,9998
-56.50742,145.8092,2918.94,2910.0,1693.5,9998
-56.35212,145.8458,2925.525,2956.0,1555.6,9998
-56.12097,145.9962,2952.846,2870.0,1740.2,9998
-55.49053,145.9606,2556.702,2593.0,1594.5,9998
-55.45442,145.9776,2521.368,2521.0,1636.2,9998
-55.42415,145.929,2440.877,2550.0,1571.0,9998
-55.19382,145.7652,2701.215,2705.0,1991.7,9998
-54.60957,146.0526,2516.656,2600.0,2907.0,9998
-54.22813,147.4817,2172.559,3770.0,6459.9,9998
-55.56106,150.3407,2956.896,3847.0,8425.1,9998
-55.28038,151.0156,3029.265,2633.0,12209.9,9998
-53.29131,153.7339,3932.925,4162.0,13598.2,9998
-54.83902,155.1467,3930.251,4264.0,3304.8,-1
-55.4502,154.8284,4051.71,4075.0,8954.1,9998
-56.40262,155.7932,3690.882,3608.0,6807.8,9998
-58.91043,158.6338,2953.134,3573.0,5521.2,9998
-59.58526,159.2744,2954.828,5655.0,5731.1,9998
-59.637,161.409,2952.96,4009.0,7140.7,9998
-59.90833,160.5715,3560.296,3524.0,2674.8,9998
-59.6183,160.4044,3633.523,3689.0,5508.7,9998
-59.774,161.4234,3755.944,3569.0,7867.4,9998
-60.09216,161.4107,3783.096,3754.0,4066.7,9998
-59.99479,161.3425,3689.202,3783.0,4369.4,-1
-58.795,160.6295,4221.58,4629.0,1994.2,-1
-58.8364,160.8114,4221.081,4620.0,1844.1,-1
-58.94298,161.4549,4221.044,4661.0,4672.8,9998
-58.9832,161.986,3571.863,4480.0,4677.3,9998
-58.50116,131.5195,3932.047,4681.0,1847.8,9998
-58.44926,131.3414,3930.702,4662.0,1657.7,-1
-58.38566,131.16,4609.524,4676.0,1524.5,-1
-58.15391,130.6099,4608.642,4676.0,412.4,-1
-57.95301,130.0803,4686.474,4685.0,549.5,9998
-57.75002,129.0559,4683.063,4600.0,1069.1,-1
-57.57553,126.853,4683.229,4679.0,2338.3,9998
-57.43814,126.2205,4678.629,4666.0,2095.6,9998
-57.14413,125.5743,4680.877,4691.0,2026.6,9998
-56.70689,125.374,4687.352,4565.0,1861.7,-1
-56.45923,126.5514,4666.994,4634.0,2459.6,-1
-56.59848,126.4921,4681.772,4692.0,2201.5,9998
-56.67853,126.1317,4684.358,4697.0,2081.2,-1
-56.8926,126.4531,4686.987,4843.0,2092.1,9998
-57.51247,126.9929,4680.345,4670.0,2124.8,9998
-58.00725,127.1844,4679.376,4677.0,2562.6,9998
-58.00479,127.2519,4681.123,4684.0,2506.6,9998
-58.18839,127.965,4685.122,4677.0,1936.2,9998
-58.83754,129.2511,4676.536,4702.0,2438.7,9998
-58.2627,130.9908,4687.614,4719.0,817.1,9998
-58.03859,131.2171,4685.181,4693.0,776.8,9998
-57.94497,131.7089,4679.303,4684.0,1774.9,9998
-58.34894,132.8625,4691.749,4685.0,2053.4,-1
-58.53244,132.6621,4682.76,4665.0,1966.5,-1
-59.11369,131.8631,4684.573,4702.0,3100.4,9998
-59.97039,131.5412,4652.36,4672.0,1819.9,9998
-60.23046,132.2623,4651.392,4639.0,1691.9,-1
-60.1295,132.7183,4657.342,4729.0,1691.6,-1
-59.67721,132.8871,4675.055,4726.0,2096.8,-1
-59.0322,132.9228,4676.074,4520.0,1432.5,9998
-58.55252,132.5202,4677.519,4671.0,2205.7,9998
-58.20792,132.3783,4665.049,4673.0,2803.6,9998
-58.20176,132.7304,4677.169,4661.0,2876.4,-1
-58.22704,133.0365,4686.755,4672.0,2615.2,-1
-58.39773,133.6669,4668.854,4555.0,2713.7,-1
-58.82126,134.228,4640.094,4548.0,2394.8,-1
-59.24808,134.3776,4630.819,4568.0,1711.0,-1
-59.86338,134.8575,4596.172,4497.0,2428.4,-1
-60.32302,135.1658,4564.491,4604.0,1404.1,9998
-60.32236,135.4577,4554.116,4559.0,1323.2,-1
-60.47338,135.9967,4515.56,4551.0,1373.2,9998
-60.7106,135.7261,4508.298,4509.0,1504.7,-1
-61.09105,134.5163,4499.823,4516.0,2565.0,-1
-61.37953,134.0596,4444.917,4488.0,3159.0,-1
-61.08079,134.8302,4487.605,4489.0,2261.2,9998
-61.69121,135.843,4357.389,4378.0,4974.3,-1
-62.34236,135.2415,4258.361,4254.0,547.3,9998
-62.80648,134.6248,4185.292,4155.0,1960.0,-1
-63.20447,133.967,4219.931,4171.0,1475.2,9998
-63.33443,133.3593,4088.192,4114.0,1417.7,9998
-63.27631,131.2457,4167.374,4158.0,1951.4,9998
-64.00615,125.3444,3920.74,3925.0,782.5,9998
-63.90452,124.1357,3907.644,3871.0,226.5,9998
-63.73187,123.0961,3635.875,3650.0,1145.2,9998
-63.35622,121.4584,3782.632,3777.0,1924.7,-1
-62.80816,120.6758,3825.881,3843.0,1018.6,9998
-62.33244,121.6451,4077.715,4078.0,1113.1,9998
-62.45159,122.2911,4065.144,4108.0,1039.9,9998
-62.56282,121.1621,3976.476,3990.0,490.0,-1
-62.85233,119.6645,3888.209,3919.0,1795.7,-1
-62.86476,117.7727,3726.823,3733.0,2579.4,9998
-62.86407,115.8894,3620.922,3637.0,2588.7,-1
-62.89439,114.9593,3664.721,3665.0,2796.2,-1
-63.1815,113.6722,3497.256,3484.0,1230.4,9998
-61.62148,122.3043,4125.35,4241.0,1791.4,9998
-61.71132,122.3007,4122.504,4201.0,1856.0,-1
-61.77383,120.4122,4121.609,4189.0,2278.1,-1
-61.06131,119.8911,4303.44,4267.0,654.9,9998
-60.99098,120.4824,4337.729,4342.0,1125.4,9998
-61.35047,121.0502,4238.393,4230.0,539.5,9998
-61.71913,121.1855,4174.664,4182.0,2178.6,9998
-62.07089,121.428,4087.901,4103.0,1912.7,9998
-62.2122,122.7386,4154.692,4193.0,1585.8,-1
-62.73663,124.9783,4214.738,4170.0,913.9,9998
-63.02571,126.9154,4173.279,4195.0,103.6,9998
-63.64248,127.3212,4057.689,4058.0,3253.7,9998
-63.95136,126.9292,3806.882,3843.0,576.0,9998
-64.13398,124.4176,3648.715,3390.0,791.0,9998
-63.74764,122.7953,3680.548,3662.0,1051.6,-1
-63.68264,121.8651,3772.423,3799.0,1406.1,9998
-63.70825,119.8226,3490.593,3512.0,430.6,9998
-62.00332,108.9557,3927.451,4079.0,774.4,9998
-61.95453,109.3539,3929.897,4083.0,428.4,9998
-61.56598,109.2877,3930.501,4147.0,1582.0,9998
-61.78936,109.1901,3928.781,4140.0,952.9,9998
-61.51464,109.9284,4138.304,4138.0,507.6,9998
-60.63325,112.7563,4330.765,4323.0,2205.9,9998
-60.2673,114.2429,4413.19,4460.0,3580.8,-1
-60.96078,114.2992,4366.371,4372.0,2363.7,9998
-61.29822,114.8328,4351.116,4340.0,2175.2,9998
-60.58906,115.512,4414.339,4468.0,2753.7,9998
-60.33482,116.541,4415.883,4476.0,2360.9,9998
-60.73343,117.1262,4415.162,4418.0,3551.2,9998
-60.4005,118.7876,4406.836,4425.0,4183.5,9998
-59.66504,120.2068,4414.276,4502.0,2551.8,-1
-59.21791,120.4865,4414.436,4459.0,1276.7,9998
-59.58746,120.5015,4416.342,4513.0,2129.1,9998
-60.53972,119.9254,4354.48,4392.0,4015.3,9998
-60.13092,123.053,4469.608,4466.0,2966.1,9998
-60.39716,124.1518,4458.745,4458.0,2562.6,9998
-60.33933,124.8853,4499.604,4503.0,1780.9,9998
-60.20951,125.4049,4515.17,4535.0,1513.7,9998
-61.0048,126.1721,4473.374,4498.0,4346.6,9998
-61.53421,127.0178,4448.841,4443.0,3800.9,-1
-60.65078,123.6075,4418.587,4427.0,2855.6,9998
-60.7817,125.8045,4465.789,4446.0,3113.2,-1
-61.38006,126.5873,4423.865,4446.0,4346.1,9998
-61.08116,124.5523,4373.802,4380.0,2806.5,-1
-61.04911,124.4056,4377.889,4387.0,2695.7,-1
-61.26787,124.0702,4317.349,4365.0,2692.7,9998
-61.36407,122.6749,4293.049,4321.0,1615.9,-1
-61.41669,117.5477,4259.635,4280.0,1018.6,9998
-61.30233,114.929,4353.055,4340.0,2250.7,9998
-60.99263,113.7041,4314.433,4312.0,2140.3,9998
-60.52029,112.9598,4331.581,4353.0,2821.9,9998
-59.87007,112.2708,4398.192,4373.0,2814.6,-1
-59.83651,112.1527,4389.081,4392.0,2729.3,-1
-59.36234,111.5214,4457.175,4661.0,2299.6,-1
-59.337,112.7564,4458.736,4521.0,2187.9,-1
-59.06831,112.7858,4495.117,4630.0,2088.1,-1
-59.29649,115.3976,4528.887,4527.0,1431.9,9998
-59.50029,116.6762,4534.825,4534.0,1132.9,-1
-59.09127,118.019,4536.624,4612.0,1943.8,-1
-59.23144,117.8302,4528.716,4573.0,1746.7,-1
-59.80485,117.6124,4509.012,4519.0,1773.0,9998
-60.38031,116.9393,4478.929,4447.0,3250.5,-1
-60.11914,116.764,4502.108,4477.0,2069.3,-1
22.60148,-158.1344,3943.226,4813.0,2226.1,9998
22.7132,-158.2243,4814.03,4820.0,2713.8,9998
22.80165,-158.2971,4790.484,4800.0,2598.5,9998
22.85353,-158.3824,4774.917,4792.0,2511.8,9998
22.93238,-158.5839,4775.476,4787.0,2303.8,9998
22.96377,-158.705,4709.462,4719.0,2118.6,9998
23.06126,-158.719,4766.882,4772.0,1956.9,9998
23.04948,-158.7025,4752.598,4769.0,1980.3,9998
22.9407,-158.7404,4688.177,4693.0,2120.0,9998
22.94905,-158.7839,4706.162,4708.0,2082.2,9998
22.91206,-158.715,4687.797,4677.0,2188.6,9998
22.37102,-158.5435,4889.538,4930.0,2387.4,9998
22.61476,-158.1299,3942.051,4797.0,2222.8,9998
22.3471,-158.9413,3908.851,3921.0,1914.2,9998
21.83104,-157.4758,3451.078,4065.0,699.8,9998
18.6346,-155.7118,3859.364,3977.0,3682.7,9998
13.22097,-154.3645,3942.967,5554.0,2301.1,-1
13.21453,-154.389,3945.213,5525.0,2304.5,9998
13.20499,-154.4174,3942.091,5578.0,2303.3,9998
-35.3414,-176.1725,5544.7,5552.0,798.0,9998
-35.27046,-176.0305,5502.344,5521.0,605.2,9998
-35.23076,-176.0125,5376.307,5520.0,496.2,9998
-35.19871,-176.0861,5518.348,5530.0,434.5,9998
-35.16493,-176.3963,5550.494,5523.0,428.7,9998
-35.12092,-176.6687,5489.735,5435.0,396.9,-1
-34.98484,-176.8673,5502.384,5415.0,249.1,9998
-35.01835,-176.8678,5507.884,5342.0,283.4,9998
-35.29862,-176.9387,5441.635,5448.0,401.2,-1
-35.67937,-176.8976,5596.689,5595.0,725.0,-1
-35.49751,-176.7399,5603.647,5600.0,657.2,-1
-35.22531,-176.4716,5549.788,5543.0,563.0,-1
-34.91567,-176.1328,5542.775,5493.0,128.4,9998
-35.144,-175.6396,5562.407,5565.0,558.0,-1
-35.9825,-175.3422,5627.109,5634.0,803.1,-1
-36.34379,-175.5569,5603.619,5650.0,490.9,9998
-36.59505,-175.3197,5603.398,5568.0,678.0,-1
-36.17797,-175.0498,5633.977,5633.0,476.3,-1
-35.85109,-174.8889,5631.431,5633.0,583.2,9998
-35.5324,-174.6598,5630.91,5641.0,188.4,-1
-35.68316,-174.6693,5631.804,5644.0,317.4,9998
-35.91569,-174.7872,5651.131,5641.0,545.8,9998
-36.23933,-175.0732,5629.885,5630.0,452.2,-1
-36.29164,-174.8956,5636.727,5636.0,407.2,-1
-36.39925,-174.5826,5639.575,5637.0,386.5,9998
-36.52711,-174.3452,5623.455,5645.0,637.7,9998
-36.48291,-174.2924,5626.959,5703.0,666.3,9998
-36.36755,-174.4184,5646.457,5650.0,549.8,9998
-36.46533,-174.2494,5624.936,5707.0,681.5,9998
-36.52087,-174.0957,5626.457,5623.0,638.8,9998
-36.41934,-173.2927,5568.463,5572.0,488.1,-1
-36.29157,-173.267,5589.036,5568.0,611.4,9998
-36.23804,-173.5149,5601.155,5560.0,779.5,9998
-36.18699,-173.4722,5601.277,5563.0,826.6,9998
-35.99866,-173.4244,5615.106,5683.0,1031.4,9998
-35.84657,-173.1988,5641.203,5706.0,820.6,9998
-35.99896,-173.2219,5554.832,5541.0,806.8,9998
-36.15442,-173.2131,5386.621,5400.0,690.2,-1
-36.10924,-173.0611,5559.712,5547.0,595.6,-1
-36.24752,-172.9598,5493.84,5492.0,512.5,-1
-36.27478,-173.0427,5490.537,5488.0,567.6,-1
-36.37559,-173.2715,5590.349,5585.0,535.6,-1
-36.29518,-173.4592,5430.317,5452.0,643.1,-1
-36.27071,-173.437,5588.272,5587.0,678.8,-1
-29.64238,-170.6432,5063.804,5100.0,1308.1,-1
-29.4275,-170.4047,5378.224,5386.0,1730.0,9998
-29.41994,-170.4248,5413.008,5402.0,1736.8,-1
-29.40266,-170.4394,5372.324,5368.0,1738.1,9998
-29.29654,-170.3346,5380.12,5386.0,1955.3,9998
-29.01415,-170.2687,5223.996,5248.0,2109.4,-1
-28.87562,-170.2473,5422.249,5441.0,1891.3,9998
-28.81482,-170.1234,5158.425,5098.0,1702.0,-1
-28.81642,-170.1048,4784.619,4804.0,1587.6,-1
-27.85887,-169.3995,5468.786,5473.0,586.3,-1
-28.33495,-168.9941,5558.167,5614.0,916.8,9998
-28.48758,-169.5013,5515.494,5523.0,873.8,-1
-28.18692,-169.7595,5545.544,5552.0,682.2,-1
-28.05643,-169.7882,5322.975,5455.0,567.5,9998
-27.90483,-169.9308,5380.507,5410.0,417.7,9998
-27.60864,-169.9193,5281.183,5239.0,295.4,9998
-27.76742,-169.6383,5536.716,5537.0,471.5,-1
-27.94881,-169.1989,5398.996,5408.0,681.2,-1
-27.92045,-168.9659,5426.814,5475.0,763.5,-1
-27.96563,-168.9244,5465.351,5563.0,763.3,9998
-28.08371,-168.4377,5548.493,5540.0,747.0,9998
-28.40332,-168.1341,5495.096,5334.0,1252.0,9998
-28.63007,-168.1352,5442.502,5441.0,1562.4,-1
-28.5036,-168.0216,5562.837,5557.0,1436.0,-1
-28.68722,-167.7941,5129.765,5199.0,1618.0,9998
-28.53254,-167.8667,4548.918,4956.0,1206.2,9998
-28.56214,-167.9258,4977.083,4992.0,1389.5,-1
-27.90418,-166.4888,5485.137,5609.0,721.3,9998
-27.14182,-166.325,5337.495,5391.0,342.5,9998
-26.92275,-166.8281,5390.983,5321.0,415.2,9998
-27.06289,-166.8432,5564.802,5553.0,164.6,9998
-27.13201,-166.6104,5469.085,5473.0,35.7,9998
-27.19106,-166.3812,5446.005,5461.0,320.4,9998
-26.5007,-166.1478,5515.256,5528.0,916.6,-1
-26.9098,-165.2204,5489.325,5486.0,822.5,-1
-27.24029,-164.7514,5516.793,5508.0,774.5,-1
-27.78388,-164.2678,5463.102,5449.0,845.7,-1
-27.67616,-164.1682,5487.266,5458.0,756.3,-1
-27.39342,-164.2827,5417.439,5449.0,530.2,9998
-27.06396,-164.2051,5263.657,5547.0,357.4,9998
-27.08607,-164.5014,5341.589,5349.0,289.8,-1
-27.71878,-164.3706,5526.278,5470.0,848.4,9998
-27.73783,-164.224,5346.85,5349.0,799.6,9998
-27.86695,-164.0648,5500.939,5484.0,777.3,-1
-27.62306,-163.862,5477.99,5477.0,624.8,-1
-26.90544,-163.3478,5441.858,5447.0,500.8,-1
-26.61409,-163.3068,5475.594,5485.0,337.8,-1
-26.71232,-162.7997,5434.96,5447.0,240.6,-1
-26.72978,-162.7814,5409.762,5423.0,224.7,-1
-26.74446,-162.7554,5472.441,5491.0,208.0,-1
-26.7531,-162.7504,5529.487,5504.0,205.3,-1
-26.76752,-162.7492,5498.101,5490.0,199.5,-1
-26.88552,-163.0548,5434.987,5442.0,363.7,-1
-26.58714,-163.1802,5391.02,5446.0,367.5,9998
-26.54782,-163.1892,5419.524,5442.0,366.9,9998
-26.4829,-163.1951,5403.271,5439.0,378.9,9998
-26.50886,-163.1411,5389.306,5418.0,391.0,9998
-26.50131,-163.0527,5429.232,5447.0,416.0,-1
-26.63924,-163.0243,5407.569,5438.0,363.9,9998
-26.54672,-163.0961,5391.133,5432.0,392.9,9998
-26.45037,-162.9573,5374.793,5387.0,421.4,-1
-32.3417,-168.991,5354.865,5466.0,456.4,-1
-32.40235,-168.9662,5401.14,5474.0,515.0,9998
-32.46115,-168.9259,5265.862,5288.0,535.7,9998
-32.25485,-168.9273,5422.417,5423.0,491.0,-1
-32.21776,-169.0748,5374.683,5384.0,340.9,-1
-32.05731,-169.2505,5323.31,5346.0,160.3,9998
-31.92423,-169.1875,5216.277,5273.0,385.2,9998
-31.9414,-169.1669,5559.079,5302.0,404.4,9998
-31.99067,-169.0476,5553.249,5609.0,526.1,9998
-31.95573,-168.916,5428.363,5342.0,802.3,9998
-31.92196,-168.416,5452.396,5457.0,864.1,-1
-31.56578,-167.922,5466.501,5465.0,1146.7,-1
-31.44792,-168.108,5490.568,5491.0,1012.1,9998
-31.60815,-168.3665,5582.366,5577.0,1014.6,-1
-31.60787,-168.7016,5581.301,5529.0,1268.5,9998
-31.44275,-168.8288,5573.053,5580.0,1364.1,-1
-31.60487,-168.8945,5550.424,5571.0,1221.6,-1
-31.81149,-168.6255,5482.077,5467.0,1082.0,-1
-32.05701,-168.0765,5532.31,5532.0,766.1,9998
-32.45782,-167.6676,5106.871,5163.0,828.0,9998
-32.779,-167.5969,5369.782,5415.0,820.3,-1
-32.8682,-167.8274,5457.001,5455.0,947.1,-1
-32.96828,-168.1987,5562.378,5541.0,932.4,-1
-33.15936,-168.4136,5523.28,5526.0,1059.0,-1
-33.85058,-168.4176,5488.011,5471.0,1236.5,-1
-33.65161,-168.4564,5439.404,5446.0,1240.2,-1
-33.76844,-168.5254,5582.323,5569.0,1346.1,-1
-33.78858,-168.5491,5522.018,5525.0,1351.2,-1
-33.8858,-168.4606,5482.38,5473.0,1272.2,-1
-33.93302,-168.5162,5167.22,5183.0,1245.4,-1
-34.01756,-168.5666,5366.312,5361.0,1336.3,-1
-33.97606,-168.9194,5348.023,5339.0,1356.0,-1
-34.05836,-169.059,5243.444,5244.0,1268.4,-1
-34.07415,-169.2867,5376.552,5375.0,1224.0,-1
-34.51371,-169.3815,5345.453,5334.0,988.8,-1
-34.59084,-169.4206,5363.626,5360.0,793.3,-1
-34.80605,-169.9792,5257.255,5247.0,412.0,9998
-34.56757,-170.2434,5354.92,5361.0,507.0,-1
-34.30077,-170.4373,5540.843,5531.0,654.5,9998
-33.50989,-170.3689,5527.086,5536.0,1606.6,-1
-33.37692,-170.1611,5580.089,5594.0,1519.1,-1
-33.73896,-169.8008,5456.889,5521.0,1279.5,9998
-33.49745,-169.7801,5480.916,5484.0,1293.7,9998
-33.61489,-169.8704,5492.866,5480.0,1326.0,-1
-33.64604,-169.6991,5506.21,5568.0,1250.8,9998
-33.54871,-169.6013,4776.363,4787.0,1059.8,-1
-33.58744,-169.5539,4998.721,4971.0,1108.2,9998
-33.46108,-169.5082,5346.127,5329.0,1107.1,-1
-33.43849,-169.4955,5251.281,5277.0,1068.5,-1
-33.35002,-169.5214,4979.806,5035.0,992.3,9998
-33.55896,-169.5699,4683.112,4777.0,1034.6,9998
-33.47427,-169.5059,5306.497,5290.0,1104.6,-1
-33.52996,-169.7739,5484.289,5485.0,1286.9,9998
-33.09676,-170.0737,5557.575,5559.0,1205.6,-1
-32.58822,-169.6532,5537.001,5534.0,654.9,9998
-32.2739,-169.3096,5575.767,5579.0,250.0,-1
-32.62024,-169.2978,5566.605,5565.0,540.3,9998
-32.5775,-169.3152,5581.432,5551.0,517.7,9998
-32.59922,-169.4196,5565.259,5515.0,536.1,9998
-32.80187,-169.4638,5525.383,5603.0,651.7,9998
-32.71028,-169.3829,5582.242,5427.0,589.3,9998
-32.55892,-169.3019,5568.472,5592.0,507.0,9998
-32.60264,-169.514,5153.936,5172.0,530.9,9998
-32.54297,-169.6103,5573.803,5561.0,614.8,9998
-32.51147,-169.6374,5173.173,5207.0,577.8,9998
-32.50669,-169.6411,5290.36,5268.0,592.3,9998
-32.49972,-169.634,5059.812,5174.0,558.7,9998
-32.50062,-169.6439,5491.929,5371.0,615.3,9998
-32.44348,-169.7331,5530.873,5529.0,662.5,9998
-32.32005,-169.8008,5554.742,5560.0,606.9,9998
-32.1055,-169.8004,5579.039,5584.0,476.3,-1
-32.30778,-169.7817,5533.936,5522.0,581.8,9998
-32.42286,-169.8212,5575.698,5591.0,714.5,9998
-32.54511,-169.8597,5545.831,5553.0,800.3,9998
-32.65251,-169.8886,5430.954,5541.0,818.6,9998
-32.70106,-169.904,5583.601,5542.0,853.5,9998
-32.82153,-169.8673,5543.765,5191.0,850.1,9998
-32.7513,-169.7723,5513.306,5535.0,762.5,9998
-32.61545,-169.7185,5555.476,5548.0,713.9,9998
-32.44124,-169.7517,5529.035,5555.0,675.7,9998
-32.34875,-169.7619,5551.728,5565.0,608.9,9998
-32.33139,-169.818,5523.955,5494.0,624.6,9998
-32.99891,-165.5706,5021.963,5016.0,993.8,9998
-33.03838,-165.5542,5010.015,5008.0,1045.2,9998
-32.98831,-165.5457,5013.14,5071.0,978.1,9998
-32.87447,-165.5336,4972.146,4980.0,820.8,9998
-32.33346,-165.612,5427.418,5432.0,884.3,9998
-32.37981,-165.7987,5311.54,5304.0,702.7,9998
-32.45232,-165.827,5366.828,5415.0,657.8,9998
-32.52877,-165.8385,5414.546,5414.0,640.9,9998
-32.46574,-165.7563,5293.479,5316.0,694.8,9998
-32.61141,-165.6628,5278.201,5297.0,698.6,9998
-32.61866,-165.7132,5323.739,5320.0,669.0,9998
-32.5653,-165.7615,5330.545,5350.0,653.8,9998
-32.47929,-165.6937,5337.849,5353.0,748.2,9998
-32.51596,-165.5094,5196.147,5200.0,808.4,9998
-32.57022,-165.6127,5215.317,5222.0,728.9,9998
-32.59762,-165.5596,5229.749,5227.0,741.6,9998
-32.53985,-165.4771,5373.764,5303.0,835.2,9998
-32.31958,-165.1983,5181.399,5174.0,1049.1,9998
-32.07841,-165.265,5111.3,5097.0,1000.6,-1
-32.07966,-165.291,5107.905,5107.0,1000.0,-1
-32.0093,-165.347,5182.018,5135.0,1039.2,9998
-32.00249,-165.2859,5204.901,5060.0,1035.1,9998
-32.10173,-165.3794,5347.997,5338.0,1038.2,9998
-32.14105,-165.3929,5155.589,5246.0,989.1,9998
-32.18532,-165.4239,5207.439,5221.0,984.7,9998
-32.25338,-165.4072,5166.789,5192.0,958.0,9998
-32.27211,-165.3676,5129.739,5137.0,958.2,9998
-32.37712,-165.4303,5124.943,5167.0,901.8,9998
-32.48235,-165.4349,5111.322,5149.0,851.3,9998
-32.54139,-165.3363,5138.643,5150.0,872.9,9998
-32.36573,-165.335,5073.255,5156.0,953.7,9998
-32.42892,-165.4232,5111.345,5136.0,891.5,9998
-32.45682,-165.2944,5026.848,5154.0,923.8,9998
-32.37684,-165.3777,5056.954,5091.0,919.3,9998
-32.54358,-165.3643,5157.937,5244.0,858.5,9998
-32.74695,-165.6153,5264.573,5265.0,717.9,9998
-32.83908,-165.7215,5266.569,5280.0,786.0,9998
-32.97496,-165.7158,5310.015,5300.0,991.1,9998
-32.89652,-165.8028,5358.394,5365.0,875.8,9998
-33.19786,-165.5986,5168.318,5150.0,1264.2,9998
-33.41215,-165.8287,5287.728,5240.0,1333.3,9998
-33.51116,-166.2426,5305.9,5305.0,996.6,-1
-33.44411,-166.2068,5408.898,5410.0,1059.4,-1
-33.48781,-166.155,5396.967,5395.0,1081.9,-1
-33.50488,-166.1667,5398.411,5386.0,1069.5,-1
-33.54361,-166.1982,5286.312,5250.0,1024.2,-1
-33.63628,-166.2395,4985.991,4969.0,937.9,-1
-33.64977,-166.2223,4840.212,4825.0,918.1,-1
-33.67475,-166.2001,4912.13,4954.0,939.1,-1
-33.51764,-165.9485,5268.979,5295.0,1192.3,-1
-33.57199,-165.9938,5370.099,5376.0,1152.5,-1
-33.45435,-166.028,5323.945,5326.0,1174.6,-1
-33.51794,-165.9893,5297.177,5313.0,1170.1,-1
-33.61269,-166.0497,5369.694,5335.0,1091.1,-1
-33.49876,-166.0706,5323.925,5329.0,1126.3,-1
-33.48837,-166.0733,5357.352,5344.0,1135.0,-1
-33.49735,-166.0885,5334.195,5334.0,1115.7,-1
-33.45408,-166.0385,5330.533,5327.0,1168.2,-1
-33.50789,-165.9223,5343.2,5334.0,1236.0,-1
-33.60668,-165.9822,5351.099,5361.0,1125.0,-1
-33.54825,-166.0814,5345.022,5327.0,1099.1,-1
-33.51078,-166.0932,5316.073,5321.0,1102.7,-1
-33.501,-165.9313,5345.527,5318.0,1235.5,-1
-33.53481,-165.9227,5357.816,5352.0,1216.1,-1
-33.54606,-165.9255,5351.417,5332.0,1203.6,-1
-33.61591,-165.9898,5367.173,5357.0,1117.2,-1
-33.51705,-166.1403,5380.585,5357.0,1082.3,-1
-33.5007,-166.2204,5371.488,5367.0,1025.0,-1
-33.48734,-166.2205,5375.466,5387.0,1029.2,-1
-33.50796,-166.3663,5203.662,5233.0,896.4,-1
-33.63046,-166.3405,5369.491,5353.0,925.5,-1
-33.69328,-166.4565,5377.405,5373.0,873.2,-1
-33.64097,-166.4107,5405.032,5408.0,891.2,-1
-33.8545,-166.4409,5394.183,5535.0,880.9,9998
-33.9746,-166.4899,5470.431,5454.0,862.9,-1
-34.22067,-166.9103,5354.886,5351.0,713.6,-1
-34.01514,-167.0814,5375.321,5376.0,754.2,-1
-33.98275,-167.0249,5396.643,5394.0,740.6,-1
-33.85163,-167.067,5375.59,5368.0,726.7,-1
-33.7404,-167.1792,5385.616,5370.0,739.4,-1
-33.91838,-167.3916,5352.312,5351.0,765.2,-1
-34.07986,-167.3896,5274.831,5280.0,771.9,-1
-34.17205,-167.2601,5258.414,5266.0,740.5,-1
-34.1032,-167.2408,5365.594,5346.0,771.9,-1
-33.9683,-167.2315,5317.512,5316.0,759.9,-1
-33.93177,-167.2918,5364.026,5361.0,763.6,-1
-33.96809,-167.4933,5317.319,5314.0,779.0,-1
-33.94674,-167.5096,5316.166,5308.0,774.1,-1
-33.83813,-167.4324,5276.975,5265.0,740.9,-1
-33.84561,-167.4969,5147.965,5152.0,723.8,-1
-33.7858,-167.5443,5324.184,5294.0,748.7,-1
-33.75657,-167.575,5292.708,5288.0,748.1,-1
-33.74957,-167.6425,5290.29,5442.0,760.2,9998
-33.72203,-167.6387,5306.773,5412.0,771.2,9998
-33.75439,-168.015,5307.437,5305.0,945.0,-1
-33.84427,-168.2832,5196.728,5214.0,1082.2,-1
-34.04635,-168.4301,5304.107,5309.0,1243.6,-1
-34.12808,-168.6653,5294.188,5288.0,1345.1,-1
-34.139,-168.7184,5214.916,5228.0,1324.8,-1
-34.05129,-168.8394,5247.421,5249.0,1336.1,-1
-34.0841,-168.9561,5323.95,5318.0,1320.4,-1
-33.97248,-168.9772,5350.835,5344.0,1330.8,-1
-33.9395,-168.853,5322.661,5330.0,1386.2,-1
-33.92181,-168.7554,5336.618,5396.0,1408.7,-1
-33.92829,-168.7402,5358.798,5368.0,1410.0,-1
-33.95543,-168.7101,5358.592,5360.0,1394.6,-1
-33.96692,-168.6969,5356.649,5357.0,1388.5,-1
-34.04653,-168.6148,5348.573,5334.0,1351.5,-1
-34.0369,-168.6564,5332.788,5338.0,1361.5,-1
-34.01514,-168.5871,5358.177,5358.0,1345.4,-1
-34.09492,-168.636,5264.649,5270.0,1333.0,-1
-34.1624,-168.7497,5252.701,5249.0,1333.4,-1
-34.22872,-168.9175,5234.259,5239.0,1316.2,-1
-34.32067,-169.0801,5283.056,5365.0,1314.2,-1
-34.46704,-169.261,5305.37,5314.0,1098.1,-1
-34.58304,-169.5939,5314.035,5320.0,731.0,-1
-34.62995,-169.8613,5355.182,5351.0,554.6,-1
-34.67865,-169.8157,5334.334,5332.0,505.2,-1
-34.67644,-169.8604,5312.249,5307.0,499.0,-1
-34.52456,-169.8341,5327.43,5335.0,699.4,-1
-34.46824,-169.8301,5329.878,5326.0,768.5,-1
-34.43934,-169.8525,5263.914,5283.0,776.3,-1
-34.57536,-169.6775,5317.526,5324.0,706.3,-1
-34.40012,-169.0873,5268.388,5268.0,1243.4,-1
-34.45187,-168.6162,5232.995,5232.0,1142.4,-1
-34.37364,-168.6647,5217.524,5216.0,1248.3,9998
-34.24816,-168.9439,5219.615,5227.0,1311.9,-1
-34.35308,-169.1216,5206.582,5225.0,1270.1,-1
-34.38754,-169.1823,5269.558,5284.0,1242.4,-1
-34.11807,-169.3419,5336.916,5332.0,1204.6,-1
-33.85777,-169.2794,5241.306,5252.0,1199.6,-1
-33.82907,-169.0207,5251.397,5279.0,1302.8,-1
-33.98152,-169.0271,5225.453,5232.0,1275.9,-1
-34.16705,-169.0577,5286.807,5294.0,1301.7,-1
-34.46156,-169.0115,5209.344,5206.0,1103.8,-1
-34.87438,-169.1012,5132.29,5141.0,160.3,-1
-35.09775,-169.3384,5148.575,5153.0,158.5,-1
-35.33874,-169.3625,5185.495,5185.0,116.5,-1
-35.54613,-169.353,5234.341,5234.0,330.0,-1
-35.62468,-169.4858,5311.424,5314.0,748.6,9998
-35.52715,-169.629,5277.854,5269.0,454.3,-1
-35.50485,-169.5357,5287.649,5289.0,359.8,-1
-35.48986,-169.4507,5270.12,5264.0,269.9,-1
-35.56323,-169.4596,5295.565,5299.0,502.9,-1
-35.60725,-169.581,5303.295,5298.0,727.7,-1
-35.5854,-169.6879,5227.636,5235.0,618.9,9998
-35.5646,-169.5768,5320.169,5321.0,577.6,-1
-35.50918,-169.4523,5273.599,5275.0,322.0,-1
-35.50441,-169.4465,5263.913,5271.0,302.3,-1
-35.35188,-169.636,5284.522,5283.0,22.1,-1
-35.34494,-170.0231,4831.545,4776.0,554.0,9998
-35.07591,-170.3222,5103.405,5066.0,254.8,9998
-35.10613,-170.5826,5121.135,5120.0,120.7,9998
-34.91501,-170.4153,5142.257,5113.0,307.2,9998
-35.01219,-170.5402,5176.433,5154.0,233.4,9998
-35.04301,-170.6222,5144.527,5131.0,232.1,9998
-35.08745,-170.54,5060.928,5070.0,141.4,9998
-35.03473,-170.4165,5127.08,5021.0,191.9,9998
-35.09433,-170.3479,5089.919,4998.0,255.6,9998
-35.01691,-170.3824,5190.679,5031.0,209.5,9998
-35.09295,-170.4747,5037.747,5023.0,162.3,9998
-35.12084,-170.2441,5077.399,5028.0,362.6,9998
-35.10393,-170.0501,5101.938,5108.0,413.9,9998
-35.35756,-169.754,4876.384,4738.0,125.6,-1
-35.13289,-169.6387,5202.257,4907.0,343.3,9998
-30.21356,-165.3258,5092.386,5084.0,486.5,-1
-31.13174,-164.9698,5412.555,5493.0,296.2,9998
-31.36426,-164.9575,5357.429,5388.0,530.6,9998
-31.62852,-165.0406,5566.87,5568.0,870.6,9998
-31.39419,-165.1844,5555.554,5557.0,684.8,-1
-31.01055,-165.4788,5563.569,5544.0,275.0,9998
-30.54657,-165.6247,5577.234,5568.0,204.9,-1
-30.39708,-165.8278,5461.791,5431.0,431.5,-1
-30.5224,-166.0675,5406.623,5410.0,364.3,-1
-30.66336,-166.5125,5424.191,5442.0,451.8,-1
-30.849,-166.6041,5457.911,5449.0,697.2,-1
-30.97261,-166.5743,5513.923,5512.0,932.1,-1
-31.006,-166.5876,5518.749,5520.0,1002.6,-1
-30.75948,-166.8168,5168.683,5170.0,619.3,-1
-30.42589,-167.0408,5436.499,5459.0,617.4,9998
-30.34351,-167.2208,5326.671,5339.0,622.2,-1
-30.34496,-167.493,5260.863,5282.0,531.0,9998
-30.28018,-167.8275,5460.292,5452.0,559.3,-1
-30.26085,-167.6699,5485.093,5487.0,503.1,-1
-30.32286,-167.7283,5407.098,5402.0,524.0,9998
-30.39539,-168.1322,5415.881,5433.0,721.5,9998
-30.60826,-168.2775,5415.014,5409.0,812.8,-1
-30.71415,-168.3055,5412.448,5434.0,815.1,9998
-30.8044,-168.2054,5446.502,5462.0,825.4,9998
-30.88643,-168.2066,5236.884,5297.0,812.6,9998
-30.88737,-168.0472,5408.013,5410.0,791.7,9998
-30.81291,-167.9652,5386.444,5413.0,783.6,-1
-30.64831,-167.8968,5342.916,5327.0,693.4,-1
-30.66214,-167.9445,5214.003,5223.0,697.5,-1
-30.79353,-168.0282,5467.427,5476.0,794.8,-1
-30.81602,-168.2598,5456.376,5445.0,841.0,9998
-30.82288,-168.2648,5432.257,5368.0,839.9,9998
-30.71814,-168.2535,5447.703,5456.0,824.2,9998
-30.71005,-168.293,5450.031,5442.0,821.1,9998
-30.86921,-168.3279,5256.375,5270.0,846.5,9998
-30.86696,-168.0677,5424.683,5438.0,793.1,9998
-30.78102,-168.125,5480.409,5507.0,807.8,-1
-30.74037,-168.2901,5320.202,5390.0,805.1,9998
-30.92278,-168.2852,5427.758,5474.0,886.6,9998
-31.05846,-168.1458,5563.451,5592.0,944.8,9998
-31.1853,-167.937,5517.022,5500.0,955.7,9998
-31.1785,-167.8009,5421.833,5425.0,948.3,9998
-31.19527,-167.8021,5492.425,5517.0,975.0,9998
-30.97854,-167.6766,5509.272,5487.0,845.9,9998
-30.76567,-167.6688,5556.226,5553.0,782.5,-1
-30.71871,-167.335,5567.67,5532.0,789.6,9998
-30.74625,-167.19,5563.592,5541.0,789.4,9998
-30.76926,-167.2125,5519.338,5508.0,807.9,9998
-30.66103,-167.1066,5396.004,5451.0,657.4,9998
-30.42491,-167.0638,5431.851,5451.0,615.4,9998
-30.25021,-166.9992,5414.686,5407.0,835.0,-1
-30.1654,-167.0045,5393.312,5393.0,934.9,9998
-30.0786,-167.0034,5410.594,5414.0,1080.7,-1
-30.09181,-167.0383,5474.709,5462.0,1039.6,-1
-30.1179,-167.1819,5354.385,5359.0,847.7,-1
-30.26243,-167.2971,5478.12,5454.0,622.0,9998
-30.40335,-167.5185,5337.596,5333.0,568.1,-1
-30.56601,-167.4749,5346.247,5347.0,671.7,-1
-30.61376,-167.3698,5556.295,5545.0,725.2,9998
-30.71932,-167.0309,5495.059,5481.0,705.4,-1
-30.41249,-166.9876,5530.729,5538.0,644.9,9998
-30.01327,-167.0984,5446.268,5447.0,1154.4,-1
-29.67419,-167.2245,5378.41,5383.0,1733.9,-1
-29.41379,-167.289,5353.327,5344.0,1865.3,9998
-29.34086,-167.5324,5398.025,5396.0,1970.1,-1
-29.35002,-167.7398,5305.287,5313.0,1937.2,-1
-29.33168,-167.7489,5272.436,5318.0,1943.4,-1
-29.28448,-167.7227,5219.91,5286.0,1952.5,-1
-29.22887,-167.6339,5279.167,5243.0,1997.4,-1
-29.21782,-167.5419,5420.941,5415.0,1986.8,-1
-29.28286,-167.5783,5387.587,5397.0,1984.7,-1
-29.34961,-167.6008,5395.697,5391.0,1974.6,-1
-29.38626,-167.6198,5374.753,5370.0,1935.3,-1
-29.38276,-167.688,5429.202,5415.0,1952.6,-1
-29.26623,-167.6062,5421.987,5424.0,2012.1,-1
-29.38132,-167.467,5379.019,5354.0,1928.6,-1
-29.38506,-167.6156,5324.752,5358.0,1918.6,-1
-29.34814,-167.5574,5397.344,5397.0,1970.6,-1
-29.45842,-167.5021,5367.94,5309.0,1874.1,-1
-29.4086,-167.6685,5297.12,5313.0,1881.5,-1
-29.34119,-167.7085,5425.248,5419.0,1993.2,-1
-29.24455,-167.5856,5397.873,5405.0,1995.9,-1
-29.25465,-167.5238,5347.774,5346.0,1948.4,-1
-29.40524,-167.5674,5395.383,5394.0,1930.6,-1
-29.43761,-167.6192,5304.862,5322.0,1852.9,-1
-29.41215,-167.6179,5413.884,5396.0,1926.7,-1
-29.37106,-167.664,5409.929,5401.0,1960.3,-1
-29.51311,-167.6555,5195.673,5172.0,1694.5,-1
-29.42444,-167.5583,5399.347,5405.0,1914.5,-1
-29.33628,-167.7443,5457.312,5343.0,2007.6,-1
-29.22927,-167.5907,5405.533,5397.0,2009.3,-1
-29.12062,-167.5204,5167.709,5203.0,1817.6,-1
-29.1366,-167.6076,4033.882,4468.0,1507.0,-1
-28.27328,-166.7974,5508.613,5471.0,1336.5,9998
-28.2785,-166.9265,5401.476,5415.0,1277.6,9998
-28.30191,-166.9517,5370.557,5355.0,1262.8,9998
-28.53443,-166.6872,5388.095,5392.0,1226.1,-1
-28.45689,-166.5066,5447.128,5448.0,1282.6,-1
-28.32483,-166.4317,5377.911,5477.0,1262.4,9998
-28.11139,-166.6253,5451.825,5462.0,1156.0,-1
-27.97834,-166.8886,5567.128,5566.0,889.6,-1
-27.85331,-167.0073,5530.58,5527.0,491.2,-1
-27.95993,-167.0232,5521.432,5533.0,785.4,-1
-28.1232,-167.1285,5481.364,5483.0,1076.8,-1
-28.40407,-167.018,5411.887,5414.0,1232.1,-1
-28.54773,-166.7505,5391.093,5384.0,1212.9,-1
-28.68236,-166.6033,5385.514,5376.0,1120.6,-1
-28.06525,-166.2604,5545.886,5545.0,933.7,-1
-27.84065,-166.5932,5507.826,5488.0,538.9,9998
-27.7639,-166.6289,5528.002,5513.0,368.5,9998
-27.75667,-166.7204,5571.58,5607.0,284.9,9998
-27.74219,-166.8188,5558.127,5549.0,207.8,-1
-27.75626,-166.9301,5572.064,5565.0,226.3,-1
-27.80444,-167.0356,5528.469,5533.0,363.9,-1
-27.78702,-167.1901,5554.719,5553.0,443.6,-1
-27.72544,-167.3091,5573.917,5568.0,501.4,-1
-27.78354,-167.1685,5563.338,5560.0,419.3,-1
-27.89974,-166.9209,5475.356,5479.0,643.9,-1
-27.78963,-166.6974,5579.603,5611.0,373.9,9998
-27.63813,-166.4429,5496.967,5500.0,534.5,-1
-27.4003,-166.3979,5535.417,5528.0,512.4,-1
-27.28482,-166.5477,5322.318,5403.0,255.7,-1
-27.43661,-166.6855,5283.288,5338.0,238.1,9998
-27.67534,-166.5547,5219.2,5524.0,362.1,9998
-27.75653,-166.3261,5529.264,5532.0,688.8,-1
-27.51857,-165.9995,5348.781,5359.0,490.4,-1
-27.41306,-165.978,5566.593,5564.0,414.7,-1
-27.25709,-166.0791,5578.277,5573.0,415.7,-1
-26.88631,-166.0095,5527.011,5508.0,901.0,9998
-26.57582,-165.9653,5461.078,5473.0,897.6,-1
-26.37375,-165.6661,5542.231,5622.0,553.9,-1
-26.96579,-167.5323,5489.205,5500.0,492.2,-1
-26.81982,-167.6019,5679.233,5657.0,825.4,-1
-26.60074,-167.7426,5632.574,5559.0,1220.9,9998
-26.52556,-167.4759,5536.65,5542.0,1261.3,-1
-26.60509,-167.2093,5623.471,5621.0,1144.1,9998
-26.42579,-166.6035,5636.517,5613.0,1131.5,9998
-26.37226,-166.3361,5530.029,5441.0,913.3,9998
-26.42466,-166.3343,5532.429,5502.0,951.3,-1
-26.41671,-166.329,5476.254,5473.0,935.6,-1
-26.37732,-166.366,5562.277,5488.0,942.6,-1
-26.27271,-166.4115,5450.833,5312.0,851.4,9998
-26.23311,-166.6256,5501.028,5589.0,981.8,9998
-26.37421,-166.5753,5659.19,5566.0,1099.4,9998
-26.23109,-166.6026,5618.398,5580.0,977.9,9998
-26.34985,-166.7401,5492.264,5512.0,1167.0,-1
-26.72949,-166.5959,5559.227,5566.0,935.1,-1
-26.87527,-166.4326,5455.628,5476.0,717.7,-1
-26.58626,-166.2209,5567.323,5567.0,971.3,-1
-26.31327,-165.8249,5602.971,5590.0,520.4,9998
-26.64431,-165.355,5335.367,5343.0,781.1,9998
-26.6969,-165.1516,5567.761,5578.0,713.2,9998
-26.81118,-165.1117,5648.07,5642.0,741.7,-1
-26.91,-164.9961,5468.305,5458.0,659.5,-1
-26.93935,-164.9267,5466.936,5465.0,608.3,-1
-26.96892,-164.896,5620.609,5600.0,617.2,-1
-27.16353,-164.7533,5521.183,5508.0,692.8,-1
-27.20843,-164.4088,5343.962,5342.0,404.0,-1
-26.78367,-164.4805,5364.582,5344.0,48.7,-1
-26.84375,-164.7535,5332.089,5317.0,285.8,-1
-26.78305,-164.7404,5325.037,5322.0,230.7,-1
-26.6222,-164.7224,5369.297,5378.0,237.7,-1
-26.23602,-164.7206,5318.272,5350.0,363.3,9998
-26.21185,-164.7954,5383.028,5386.0,326.0,-1
-26.19817,-164.8622,5336.898,5334.0,291.5,-1
-26.54991,-164.8214,5387.546,5393.0,336.3,-1
-26.69722,-164.6773,5382.738,5379.0,162.7,-1
-26.72817,-164.6833,5404.531,5400.0,160.8,-1
-26.95953,-164.5721,5395.039,5392.0,205.9,-1
-26.96876,-164.5059,5394.938,5395.0,156.0,-1
-26.93738,-164.4761,5359.19,5357.0,117.4,-1
-26.89177,-164.3495,5465.115,5457.0,148.9,-1
-26.89331,-164.0214,5462.692,5461.0,327.0,-1
-27.059,-163.7268,5492.751,5509.0,606.9,-1
-26.92226,-163.5879,5487.382,5499.0,551.1,-1
-26.8695,-163.4412,5391.199,5405.0,512.1,-1
-26.76891,-163.4688,5528.512,5521.0,432.4,-1
-26.67596,-163.5493,5487.87,5484.0,318.2,-1
-26.66144,-163.528,5494.463,5494.0,316.9,-1
-26.65718,-163.6325,5406.013,5435.0,291.8,-1
-26.5533,-163.6929,5393.166,5388.0,308.9,-1
-26.43463,-163.7638,5413.853,5418.0,392.4,-1
-26.58012,-163.7466,5380.266,5392.0,284.3,-1
-26.59235,-163.6785,5375.222,5375.0,292.0,-1
-26.50173,-163.77,5502.18,5474.0,341.0,-1
-26.40505,-163.7771,5362.502,5374.0,410.6,-1
-26.29204,-163.6602,5569.09,5567.0,486.4,-1
-26.35665,-163.7823,5597.627,5590.0,465.8,-1
-26.23975,-163.949,5555.167,5550.0,546.2,-1
-26.23048,-164.0103,5579.669,5573.0,541.3,-1
-26.19968,-164.0222,5574.065,5570.0,562.5,-1
-26.2362,-163.9544,5548.389,5550.0,547.5,-1
-26.28505,-163.9238,5506.432,5506.0,504.1,-1
-26.46753,-163.7964,5545.583,5554.0,363.0,-1
-26.64194,-163.7459,5588.408,5591.0,274.0,-1
-26.67948,-163.6748,5414.821,5401.0,292.5,-1
-26.6544,-163.6194,5454.652,5442.0,295.7,-1
-26.63768,-163.6362,5459.792,5460.0,291.9,-1
-26.63981,-163.5853,5499.315,5497.0,300.4,-1
-26.47016,-163.3997,5506.551,5500.0,328.1,-1
-26.28031,-163.1903,5625.542,5621.0,537.4,-1
-26.29023,-163.0532,5485.701,5474.0,544.4,-1
-26.53843,-162.7343,5568.989,5548.0,279.9,-1
-26.83042,-162.909,5378.907,5423.0,293.1,9998
-26.74872,-163.2346,5548.665,5564.0,413.4,-1
-26.84124,-163.5375,5500.105,5510.0,498.2,-1
-26.75589,-163.4143,5465.848,5478.0,425.8,-1
-26.5865,-163.3002,5566.354,5561.0,337.9,-1
-26.53538,-163.1692,5638.699,5618.0,392.2,9998
-26.57138,-163.198,5659.012,5619.0,378.8,-1
-26.70481,-163.3315,5434.092,5459.0,383.8,-1
-26.82864,-163.4052,5432.88,5472.0,487.0,-1
-26.70587,-163.3253,5469.646,5456.0,387.5,-1
-26.4653,-163.115,5655.861,5635.0,435.7,-1
-26.58263,-162.8586,5632.871,5632.0,330.1,-1
-26.97318,-162.8902,5492.205,5493.0,256.2,-1
-27.03533,-163.2004,5485.98,5479.0,434.3,-1
-27.23655,-163.2113,5433.49,5438.0,392.3,-1
-27.46108,-163.5604,5367.799,5362.0,461.3,-1
-27.66218,-163.4726,5446.587,5425.0,154.8,9998
-27.27236,-163.508,5510.968,5511.0,536.0,-1
-27.20724,-163.5898,5498.598,5500.0,595.4,-1
-27.18375,-163.6667,5661.56,5617.0,636.4,-1
-27.20997,-163.6704,5508.96,5505.0,614.6,-1
-27.31629,-163.7345,5566.826,5559.0,615.2,-1
-27.34769,-163.6122,5623.257,5608.0,580.3,-1
-27.20981,-163.5682,5483.777,5484.0,583.7,-1
-27.0967,-163.5249,5591.124,5592.0,610.1,-1
-27.08292,-163.3374,5538.842,5536.0,501.5,-1
-27.09809,-163.1785,5526.924,5518.0,412.4,-1
-27.1194,-163.1701,5533.307,5530.0,403.3,-1
-27.09348,-163.1927,5500.583,5507.0,418.4,-1
-26.95973,-163.1966,5498.312,5500.0,436.8,-1
-26.67857,-163.3371,5555.955,5536.0,373.7,-1
-26.49636,-163.3661,5561.549,5557.0,326.7,-1
-26.37192,-163.4122,5506.591,5507.0,377.6,-1
-26.33342,-163.4362,5442.767,5455.0,398.6,-1
-26.31961,-163.4869,5443.645,5446.0,408.6,-1
-26.15083,-163.4478,5521.016,5532.0,582.3,-1
-25.94019,-163.3937,5536.014,5389.0,710.1,9998
-25.82453,-163.2427,5457.018,5551.0,705.8,9998
-25.92532,-163.0473,5472.672,5503.0,626.9,9998
-26.07944,-163.0775,5536.055,5524.0,625.2,9998
-26.15201,-163.0893,5563.626,5560.0,625.4,-1
-26.1374,-163.3424,5573.704,5567.0,626.1,-1
-25.87122,-163.3952,5499.043,5513.0,744.5,9998
-25.6502,-163.3122,5480.725,5436.0,876.6,9998
-25.60266,-163.2645,5473.478,5495.0,917.6,9998
-25.76551,-163.1201,5232.45,5264.0,691.7,-1
-25.91556,-162.9629,5566.821,5631.0,647.0,9998
-25.97107,-162.9333,5397.659,5400.0,610.3,9998
-25.90346,-162.8183,5374.62,5393.0,649.7,9998
-25.64987,-162.8497,5416.1,5407.0,841.9,9998
-25.54025,-162.8361,5393.66,5371.0,930.7,9998
-25.50197,-163.0743,5523.018,5515.0,1040.5,9998
-25.58958,-163.2113,5468.252,5466.0,930.6,9998
-25.72484,-163.4997,5393.297,5413.0,849.1,9998
-25.69936,-163.6332,5494.073,5484.0,900.8,9998
-25.65553,-163.7253,5508.523,5491.0,946.5,9998
-25.43347,-163.8495,5374.414,5389.0,1162.9,-1
-25.41039,-164.1026,5495.059,5579.0,1243.3,-1
-25.22262,-164.1951,5496.586,5479.0,1452.7,-1
-25.02228,-164.1469,5472.541,5480.0,1590.4,-1
-24.88622,-164.1952,5487.707,5463.0,1647.4,9998
-24.82436,-164.3017,5470.776,5481.0,1657.7,9998
-24.72166,-164.3739,5565.455,5564.0,1728.6,9998
-24.61998,-164.3784,5555.81,5542.0,1761.8,-1
-24.60483,-164.3895,5526.176,5543.0,1759.6,-1
-24.59027,-164.3872,5494.021,5499.0,1754.3,-1
-24.40165,-164.3732,5487.215,5465.0,1581.1,-1
-23.86638,-164.0222,5485.673,5283.0,947.0,-1
-23.95564,-163.9735,5211.291,5219.0,974.1,-1
-24.02019,-163.997,5355.171,5238.0,1092.2,-1
-24.17913,-163.8802,5294.033,5343.0,1120.2,9998
-24.2089,-163.6706,5292.858,5294.0,1079.9,9998
-24.15839,-163.5292,5249.917,5254.0,1031.4,9998
-24.07191,-163.6716,5280.399,5261.0,938.1,-1
-23.93673,-163.6863,5353.359,5268.0,800.1,-1
-24.65315,-168.6929,5666.471,5673.0,1161.0,-1
-24.63633,-168.2431,5773.52,5768.0,752.2,-1
-24.3552,-168.0105,5625.152,5628.0,1025.3,-1
-23.51687,-168.5396,5671.173,5678.0,1555.1,-1
-23.59852,-168.5323,5602.687,5612.0,1670.9,-1
-23.60913,-168.5639,5605.007,5608.0,1660.0,9998
-23.45846,-168.5961,5548.891,5559.0,1370.8,-1
-23.18883,-168.6389,5706.244,5700.0,895.6,-1
-23.08593,-168.6177,5606.366,5599.0,763.7,-1
-23.05195,-168.7674,5619.354,5616.0,699.7,-1
-23.04426,-168.8491,5606.284,5615.0,682.3,9998
-23.03917,-168.9073,5612.483,5622.0,679.2,9998
-23.11555,-168.9583,5646.346,5652.0,767.2,-1
-23.23054,-169.0683,5590.042,5592.0,918.8,-1
-23.38752,-169.1217,5597.343,5599.0,1112.3,-1
-23.60019,-169.1068,5643.452,5631.0,1422.0,-1
-23.74325,-168.9769,5594.691,5586.0,1541.1,-1
-23.57442,-168.8916,5601.437,5554.0,1411.1,-1
-22.7118,-168.404,5612.702,5615.0,355.3,-1
-22.59599,-168.0152,5656.415,5648.0,279.5,-1
-22.62928,-167.8436,5673.83,5675.0,296.6,-1
-22.64354,-167.8807,5680.893,5684.0,297.0,-1
-22.76628,-168.1137,5684.913,5685.0,342.1,-1
-22.69918,-168.4495,5674.58,5661.0,382.2,-1
-22.614,-168.7381,5608.38,5609.0,389.7,-1
-22.32618,-169.2097,5530.996,5536.0,524.0,9998
-22.26088,-169.449,5520.362,5538.0,540.8,9998
-22.53043,-169.4068,5477.635,5473.0,638.2,9998
-22.55898,-169.3788,5502.428,5516.0,626.8,9998
-22.45533,-169.5401,5688.127,5685.0,668.8,-1
-22.34203,-169.6216,5650.894,5646.0,574.1,-1
-22.34093,-169.5442,5617.776,5618.0,576.6,-1
-22.50609,-169.5533,5603.286,5615.0,699.2,9998
-22.69302,-169.4757,5563.896,5614.0,787.7,9998
-22.83175,-169.3308,5579.536,5571.0,780.8,9998
-22.81015,-169.2231,5498.947,5504.0,585.0,9998
-22.75105,-169.2492,5484.338,5489.0,545.7,9998
-23.01426,-169.0864,5559.419,5572.0,731.2,9998
-23.14018,-169.0442,5615.642,5613.0,827.1,-1
-23.21534,-169.1166,5581.332,5586.0,946.3,-1
-23.20232,-169.1209,5587.631,5587.0,940.6,-1
-22.9809,-169.0842,5589.65,5583.0,694.9,-1
-22.63043,-168.9771,5606.147,5602.0,193.9,-1
-22.40431,-169.0303,5533.1,5697.0,399.3,9998
-22.29835,-169.1203,5605.202,5637.0,484.5,9998
-22.25531,-168.9228,5668.74,5675.0,476.7,9998
-22.26257,-168.6897,5679.098,5676.0,664.2,-1
-22.29428,-168.2896,5575.664,5564.0,272.0,9998
-22.03122,-167.8696,5545.826,5543.0,130.9,-1
-22.07703,-167.5226,5499.209,5508.0,204.7,-1
-22.16884,-167.0353,5628.685,5614.0,478.0,9998
-22.35292,-166.8342,5694.36,5671.0,508.2,9998
-22.5742,-166.8688,5603.649,5629.0,348.9,-1
-22.7548,-166.9216,5765.837,5763.0,247.1,-1
-22.96713,-167.1898,5686.677,5688.0,416.2,-1
-22.95837,-167.5544,5681.066,5693.0,470.5,-1
-23.03091,-167.6705,5713.37,5726.0,653.2,-1
-22.93004,-167.717,5709.924,5713.0,442.5,-1
-22.93326,-167.7331,5715.053,5711.0,449.7,-1
-22.91656,-167.7849,5702.67,5724.0,421.7,-1
-22.79643,-167.8409,5415.226,5432.0,309.9,-1
-22.75553,-167.9007,5645.9,5639.0,312.5,-1
-22.67138,-167.9115,5710.699,5714.0,300.0,-1
-22.57361,-167.7434,5631.345,5626.0,296.1,-1
-22.56625,-167.616,5683.341,5671.0,298.9,-1
-22.66945,-167.5224,5607.682,5607.0,261.1,-1
-22.83424,-167.5593,5663.686,5665.0,297.9,-1
-22.88903,-167.7475,5708.778,5732.0,389.3,-1
-22.76543,-167.836,5665.454,5668.0,309.9,-1
-22.64671,-167.8662,5690.185,5688.0,297.7,-1
-22.47614,-167.828,5635.061,5638.0,256.8,-1
-22.44319,-167.7716,5650.082,5653.0,244.2,-1
-22.50888,-167.663,5650.638,5650.0,292.5,-1
-22.59992,-167.5662,5778.96,5816.0,294.9,-1
-22.62641,-167.5434,5652.822,5667.0,278.1,-1
-22.57819,-167.4976,5624.759,5607.0,282.1,-1
-22.50202,-167.3934,5701.082,5695.0,303.0,-1
-22.52347,-167.1274,5618.775,5623.0,320.1,-1
-22.70266,-166.8833,5732.95,5730.0,267.6,-1
-22.98741,-166.9503,5632.451,5631.0,435.0,-1
-23.04198,-167.0938,5703.009,5702.0,521.3,-1
-23.03584,-167.1456,5729.146,5724.0,515.7,-1
-23.05597,-167.334,5673.865,5676.0,564.9,-1
-23.01654,-167.6073,5763.124,5763.0,609.6,-1
-22.89136,-167.748,5718.167,5732.0,392.5,-1
-22.70685,-167.8146,5659.763,5660.0,298.7,-1
-22.60094,-167.7179,5588.143,5601.0,295.9,-1
-22.55818,-167.5946,5611.112,5634.0,293.2,-1
-22.54835,-167.5094,5568.5,5661.0,282.5,-1
-22.55648,-167.4762,5575.181,5570.0,281.3,-1
-22.51492,-167.5373,5569.094,5631.0,286.0,-1
-22.43432,-167.5106,5647.18,5659.0,276.4,-1
-22.42698,-167.4007,5546.168,5533.0,283.8,-1
-22.45867,-167.2157,5544.607,5554.0,310.6,-1
-22.48312,-167.0832,5612.302,5611.0,336.1,-1
-22.62067,-166.9077,5707.33,5709.0,307.8,-1
-22.87067,-166.9698,5764.729,5748.0,322.7,-1
-23.00873,-167.2667,5643.675,5648.0,465.7,-1
-23.14263,-167.5144,5638.493,5649.0,853.8,-1
-22.84093,-167.7786,5658.067,5653.0,338.7,-1
-22.60682,-167.7374,5617.292,5604.0,296.4,-1
-22.38844,-167.4182,5696.283,5626.0,280.5,-1
-22.54812,-167.227,5633.0,5632.0,301.9,-1
-22.89332,-167.0365,5727.651,5725.0,349.3,-1
-23.0282,-167.0788,5689.074,5689.0,501.1,-1
-23.06324,-167.0697,5644.236,5651.0,542.1,-1
-23.10051,-167.0624,5716.441,5710.0,602.3,-1
-23.09988,-166.9642,5710.054,5707.0,580.4,-1
-23.15627,-166.9437,5659.885,5662.0,648.3,-1
-23.20868,-166.9101,5698.203,5697.0,718.4,-1
-23.28354,-166.9461,5685.203,5659.0,843.8,-1
-23.41204,-166.9364,5664.243,5651.0,1032.9,-1
-23.53868,-166.7959,5665.742,5655.0,1165.1,9998
-23.61608,-166.7507,5669.198,5674.0,1256.0,-1
-23.64938,-166.5053,5710.037,5714.0,1256.8,-1
-23.71545,-166.3871,5597.219,5476.0,1337.9,9998
-23.9325,-166.0049,5721.25,5742.0,1597.7,9998
-24.48106,-166.5065,5751.712,5746.0,990.1,-1
-24.3702,-166.742,5755.047,5754.0,1005.2,-1
-23.87789,-167.18,5722.434,5721.0,1805.1,-1
-23.82181,-167.3474,5751.587,5748.0,1918.9,-1
-23.69172,-167.8607,5655.712,5651.0,1938.4,-1
-23.69506,-168.2403,5768.185,5731.0,1978.1,-1
-23.60111,-168.4537,5556.779,5540.0,1718.5,9998
-23.58387,-168.7465,5615.862,5569.0,1515.1,-1
-23.68732,-168.9457,5562.849,5521.0,1513.1,9998
-23.9404,-169.1089,5600.62,5599.0,1412.6,-1
-24.28118,-169.0083,5742.018,5739.0,1205.3,9998
-24.63439,-168.6728,5681.871,5682.0,1159.5,-1
-24.61574,-168.2056,5734.82,5736.0,737.0,-1
-24.19055,-168.0912,5677.591,5678.0,1341.0,-1
-23.66955,-168.4419,5593.847,5577.0,1817.0,9998
-22.99938,-168.5206,5610.852,5639.0,675.5,9998
-22.46322,-168.2341,5563.883,5575.0,170.5,-1
-22.42566,-167.7207,5633.045,5631.0,243.5,-1
-22.38837,-167.632,5632.188,5625.0,245.9,-1
-22.4117,-167.7231,5639.636,5643.0,235.6,-1
-22.36086,-167.699,5607.503,5678.0,213.3,-1
-22.26879,-167.692,5515.613,5541.0,170.8,9998
-22.22409,-167.7495,5600.484,5577.0,133.0,9998
-22.25331,-167.6425,5584.396,5486.0,183.8,9998
-22.29175,-167.487,5606.561,5606.0,238.9,9998
-22.63636,-166.8626,5636.358,5719.0,306.8,-1
-22.65251,-166.7614,5593.645,5652.0,330.8,9998
-22.70035,-166.7548,5610.285,5632.0,304.9,-1
-22.99444,-166.7891,5601.46,5614.0,416.8,-1
-23.36254,-166.7828,5670.07,5653.0,885.8,-1
-23.64038,-166.7491,5632.205,5663.0,1278.9,-1
-18.08312,-166.8296,4810.802,4895.0,800.9,-1
-18.06802,-166.7965,4491.646,4583.0,735.2,-1
-17.92816,-166.7587,5391.988,5397.0,739.0,-1
-17.99253,-166.8976,5344.163,5350.0,799.7,-1
-18.00947,-167.0338,5439.665,5437.0,838.7,-1
-18.12859,-167.1373,5466.771,5476.0,912.6,9998
-18.21254,-167.1629,5469.653,5443.0,953.0,9998
-18.28196,-167.0826,5467.016,5463.0,979.0,9998
-18.22552,-166.8529,5356.8,5386.0,934.4,9998
-18.22433,-166.8592,5363.006,5379.0,934.7,9998
-18.16388,-166.7313,5244.299,5221.0,879.2,9998
-18.02343,-166.6795,5158.361,5121.0,791.9,-1
-18.00017,-166.7617,5207.958,5226.0,793.0,-1
-17.96854,-166.8514,5390.134,5407.0,784.8,-1
-17.99984,-167.0114,5435.208,5429.0,829.2,-1
-18.08541,-167.111,5485.685,5462.0,893.4,9998
-18.20794,-167.0378,5444.84,5381.0,936.2,9998
-18.15206,-167.0196,5420.331,5393.0,903.7,-1
-18.14741,-167.0164,5409.086,5394.0,899.5,-1
-18.15576,-166.9914,5383.195,5373.0,899.0,-1
-18.19465,-166.9744,5399.667,5394.0,922.1,9998
-18.18296,-166.9889,5417.995,5397.0,918.8,-1
-18.21661,-166.9559,5434.659,5420.0,940.2,9998
-18.212,-166.9681,5432.722,5417.0,937.0,9998
-18.24818,-166.8588,5457.527,5477.0,964.1,9998
-18.16409,-166.9196,5362.441,5366.0,901.6,-1
-18.25783,-166.9747,5410.992,5413.0,956.6,9998
-18.29029,-166.8907,5429.985,5483.0,978.5,-1
-18.4004,-166.781,5483.36,5498.0,1038.6,9998
-18.43992,-166.5669,5460.765,5466.0,1076.2,9998
-18.38128,-166.4923,5422.396,5426.0,1045.9,-1
-18.3467,-166.4138,5345.515,5279.0,1022.5,9998
-18.30428,-166.4081,5390.328,5315.0,1008.7,9998
-18.26141,-166.4909,5455.875,5475.0,980.8,9998
-18.28222,-166.5297,5452.573,5463.0,988.3,9998
-18.27766,-166.5406,5445.983,5453.0,983.1,9998
-18.25849,-166.5663,5420.784,5425.0,963.7,9998
-18.29264,-166.6279,5454.703,5452.0,988.6,9998
-18.22258,-166.6081,5480.312,5503.0,950.0,9998
-18.30172,-166.6446,5460.516,5462.0,994.8,9998
-18.40322,-166.6256,5431.598,5427.0,1048.5,-1
-18.52998,-166.7477,5478.476,5412.0,1070.5,9998
-18.52569,-166.8283,5430.591,5414.0,1035.1,9998
-18.5776,-166.901,5392.281,5407.0,1001.6,9998
-18.67611,-166.9532,5196.121,5189.0,891.3,9998
-18.61825,-167.2276,5134.702,5138.0,921.0,-1
-18.65381,-167.1081,5226.013,5257.0,895.7,9998
-18.66123,-167.3927,5344.839,5394.0,975.1,-1
-18.85996,-167.3654,5063.085,5099.0,707.0,9998
-18.90215,-166.8557,5196.248,5207.0,747.3,-1
-18.06739,-168.0639,5281.871,5281.0,2425.7,-1
-17.86835,-168.3041,5064.72,5069.0,2725.8,-1
-17.15239,-169.1103,5199.945,5204.0,926.8,-1
-16.90068,-169.3123,5237.47,5150.0,798.3,-1
-16.7065,-169.589,5222.577,5174.0,724.7,9998
-16.42704,-169.8752,5281.45,5230.0,686.5,9998
-16.22472,-169.7963,5250.843,5255.0,828.5,-1
-15.97506,-169.5418,5225.193,5220.0,1104.1,9998
-15.70127,-169.453,5209.347,5202.0,1479.7,9998
-15.51187,-169.3611,5191.633,5231.0,1642.9,9998
-15.45551,-169.159,5193.976,5194.0,1570.4,9998
-15.38934,-168.992,5183.607,5192.0,1509.8,-1
-15.34651,-168.9174,5175.756,5172.0,1520.5,-1
-15.21995,-168.8595,5156.954,5166.0,1496.1,9998
-14.57853,-168.7372,4920.311,4933.0,1135.1,9998
-9.30418,-169.4199,4984.932,5009.0,486.5,9998
-8.76599,-169.8529,4722.982,4660.0,1283.6,9998
-8.78777,-169.9185,4922.126,4921.0,1353.8,9998
-8.46891,-169.8875,5070.446,5254.0,1757.7,9998
-7.53013,-169.6533,4999.646,5062.0,2978.5,-1
-7.71196,-168.8949,4955.408,5089.0,2684.5,9998
-8.21706,-168.7041,4837.137,4744.0,1864.9,9998
-7.95157,-168.8537,5094.895,5110.0,2764.9,9998
-8.05198,-169.0151,5055.25,4990.0,2597.6,9998
-7.98115,-169.0728,5165.977,5086.0,2791.0,9998
-7.87311,-169.1726,5039.05,5078.0,2815.4,9998
-7.9712,-168.9214,4875.086,4889.0,2590.5,9998
-8.02019,-168.9299,4820.145,4735.0,2462.4,9998
-8.06861,-169.0322,4979.076,4902.0,2520.9,9998
-7.64024,-168.9424,5143.978,5142.0,2831.7,9998
-6.67143,-168.6698,5429.22,5422.0,3937.7,9998
-6.76134,-168.759,5456.752,5480.0,3856.0,9998
-6.84863,-168.3567,5294.443,5251.0,3928.9,9998
-6.86946,-168.3595,5264.938,5236.0,3899.9,9998
-6.99289,-168.3561,5262.206,5267.0,3859.8,9998
-7.06471,-168.4242,5214.537,5200.0,3768.8,9998
-7.16805,-168.6131,5637.104,5656.0,3854.8,9998
-7.1615,-168.9242,5656.387,5672.0,3774.0,9998
-7.1145,-169.1225,5256.076,5124.0,3514.2,9998
-6.66898,-169.4328,5569.81,5528.0,3868.2,-1
-5.90804,-169.7808,5613.8,5582.0,3624.8,-1
-5.42467,-169.0439,5689.817,5925.0,3959.9,-1
-5.52891,-168.9547,5680.603,6123.0,3881.9,-1
-5.73089,-169.1629,5671.281,5805.0,3802.8,-1
-5.75399,-169.2457,5642.792,5832.0,3769.3,-1
-5.77328,-169.3589,5603.735,5572.0,3724.3,-1
-5.58242,-169.3747,5466.577,5463.0,3578.3,9998
-5.31274,-169.1356,5526.428,5364.0,3932.9,-1
-5.15967,-168.9233,5674.341,5687.0,4514.0,9998
-17.03499,-159.382,5180.565,5217.0,616.8,9998
-17.04986,-159.4053,5158.432,5226.0,606.0,9998
-17.07595,-159.3763,5146.194,5160.0,593.1,9998
-17.16336,-159.3178,5068.406,5073.0,536.6,-1
-17.3068,-159.5064,5077.496,5110.0,495.8,9998
-17.22464,-159.6441,5130.818,5152.0,535.4,9998
-17.2709,-159.6645,5102.652,5109.0,519.0,9998
-17.26588,-159.7237,5107.313,5132.0,520.6,9998
-17.20723,-159.7513,5062.47,5115.0,541.0,9998
-16.66927,-159.946,5176.877,5224.0,1020.2,9998
-16.40144,-159.9648,5070.253,5140.0,1172.9,9998
-15.97884,-160.0081,5064.436,5073.0,1100.3,9998
-15.83247,-160.246,5020.864,5021.0,1099.2,9998
-15.43706,-160.2463,4997.258,4995.0,989.4,9998
-15.2743,-160.0326,5079.463,5063.0,962.2,9998
-15.12946,-159.9816,5004.519,5005.0,1006.5,-1
-14.84487,-160.2881,5139.667,5134.0,1286.8,-1
-14.68481,-160.23,5288.292,5278.0,1457.9,-1
-14.60711,-159.9255,5089.428,4983.0,1612.9,9998
-14.73755,-159.8026,5227.827,5222.0,1477.0,-1
-14.72677,-159.7184,5218.998,5212.0,1467.9,9998
-14.42132,-159.691,5159.666,5269.0,1770.3,9998
-14.35255,-159.7327,5200.451,4990.0,1845.2,9998
-14.23868,-159.725,5220.082,5246.0,1890.8,9998
-14.22917,-159.7474,5225.228,5226.0,1886.5,9998
-14.25788,-159.6982,5168.44,5190.0,1877.2,9998
-14.37086,-159.7398,4931.628,4937.0,1732.0,9998
-14.45076,-159.8018,5219.645,5231.0,1771.7,-1
-14.48035,-159.8277,5199.838,5205.0,1736.5,-1
-14.47533,-159.8358,5195.861,5205.0,1740.6,-1
-14.44344,-159.879,5144.128,5158.0,1750.2,-1
-14.41582,-159.7966,5216.547,5214.0,1801.7,-1
-14.32569,-159.8258,5153.087,5159.0,1821.0,-1
-14.26257,-159.7844,5164.167,5182.0,1848.8,-1
-14.16698,-159.7393,5162.927,5185.0,1865.3,9998
-14.19673,-159.8054,5203.883,5182.0,1854.3,9998
-14.33788,-159.8967,5152.501,5158.0,1789.7,9998
-14.49605,-159.8782,5238.267,5227.0,1741.8,9998
-14.54986,-159.6865,5247.28,5238.0,1726.9,9998
-14.53685,-159.5648,5043.021,5094.0,1662.5,9998
-14.52014,-159.4944,5183.426,5235.0,1715.4,9998
-14.49469,-159.5003,5145.378,5164.0,1732.2,9998
-14.50403,-159.586,5125.862,5135.0,1729.7,9998
-14.40158,-159.5016,5169.476,5212.0,1822.0,9998
-14.36329,-159.5536,5149.68,5187.0,1843.3,9998
-14.45059,-159.5651,5250.213,5265.0,1816.8,9998
-14.51024,-159.5183,5148.385,5183.0,1719.4,9998
-14.5128,-159.5229,5160.227,5194.0,1721.2,9998
-14.47572,-159.5051,5129.558,5144.0,1744.8,9998
-14.41285,-159.4574,5148.213,5189.0,1799.4,9998
-14.36706,-159.4877,5137.35,5158.0,1831.8,9998
-14.41312,-159.5769,5189.566,5218.0,1828.9,9998
-14.28379,-159.5888,5168.24,5223.0,1885.9,9998
-14.18053,-159.5629,5161.565,5215.0,1902.1,9998
-14.16431,-159.5755,5117.977,5119.0,1885.5,9998
-14.1576,-159.5901,5152.736,5144.0,1894.9,9998
-14.1114,-159.5103,5107.114,5108.0,1857.4,9998
-14.17572,-159.51,5114.576,5106.0,1889.4,9998
-14.15837,-159.4906,5056.509,5014.0,1865.3,9998
-14.09507,-159.4978,5060.02,5051.0,1829.9,9998
-13.96994,-159.5739,5138.798,5161.0,1796.8,9998
-13.91614,-159.524,5157.45,5206.0,1769.6,9998
-13.79134,-159.5563,5149.032,5148.0,1607.8,9998
-13.70078,-159.6709,5170.409,5178.0,1483.1,9998
-13.5947,-159.7141,5217.703,5211.0,1365.1,9998
-13.59275,-159.755,5195.768,5202.0,1339.1,9998
-13.54504,-159.8945,5162.969,5161.0,1316.4,9998
-13.43505,-159.9351,5230.84,5221.0,1306.0,9998
-13.53245,-159.95,5194.422,5195.0,1327.1,9998
-13.53473,-159.9584,5195.975,5195.0,1329.5,9998
-12.13952,-158.0124,5274.004,5284.0,1732.1,9998
-12.1786,-158.22,5247.795,5282.0,1638.6,9998
-12.15725,-158.305,5167.429,5188.0,1591.6,9998
-12.14671,-158.3441,5203.154,5222.0,1589.5,-1
-12.05793,-158.4916,5188.223,5216.0,1525.5,-1
-11.89876,-158.5408,5296.758,5327.0,1532.4,9998
-11.92595,-157.8349,5359.618,5361.0,1881.0,-1
-11.81734,-157.8476,5367.594,5421.0,1880.0,9998
-11.73827,-157.8228,5439.476,5451.0,1895.9,9998
-11.59128,-157.6472,5282.069,5283.0,1854.5,-1
-11.6667,-157.742,5421.84,5438.0,1899.3,-1
-11.71132,-157.8107,5451.698,5456.0,1894.4,9998
-11.70439,-157.7848,5446.173,5456.0,1901.6,-1
-11.72309,-157.6311,5292.523,5306.0,1899.4,-1
-11.62602,-157.4295,5314.566,5317.0,1922.5,-1
-11.55114,-157.1754,5286.928,5285.0,1977.0,-1
-11.5261,-157.0853,5247.436,5233.0,1923.5,-1
-11.51056,-157.0265,5061.803,5075.0,1857.6,-1
-11.13321,-156.8984,5134.027,5146.0,1834.7,-1
-11.06275,-156.9284,5236.167,5229.0,1849.4,-1
-11.08611,-156.9912,5230.339,5226.0,1835.0,-1
-11.09514,-157.0394,5194.132,5192.0,1811.3,-1
-11.06419,-157.0451,5217.628,5224.0,1810.2,-1
-11.06139,-157.0418,5234.517,5229.0,1816.5,-1
-11.08216,-156.998,5218.402,5230.0,1828.0,-1
-11.06002,-156.9104,5229.083,5227.0,1851.2,-1
-11.14729,-156.9865,5191.21,5179.0,1838.4,-1
-11.11197,-156.9237,5199.564,5189.0,1847.8,-1
-11.07123,-157.0275,5232.381,5230.0,1822.1,-1
-11.19863,-157.0463,5188.676,5190.0,1839.0,-1
-11.29868,-156.9158,5175.067,5175.0,1892.5,-1
-11.25556,-156.8286,5238.849,5236.0,1909.9,-1
-11.20814,-156.7714,5254.774,5261.0,1913.0,-1
-11.18726,-156.7292,5248.275,5253.0,1899.5,-1
-11.1723,-156.7342,5248.764,5243.0,1899.4,-1
-11.16547,-156.7143,5198.002,5205.0,1871.6,-1
-11.20972,-156.6164,5187.024,5196.0,1853.8,-1
-11.1965,-156.5459,5208.771,5208.0,1880.4,-1
-11.25151,-156.4551,5220.991,5222.0,1909.2,-1
-11.28134,-156.3697,5229.138,5231.0,1908.1,-1
-11.38704,-156.3883,5214.657,5217.0,1888.8,-1
-11.28349,-156.3626,5239.232,5235.0,1913.0,-1
-11.08642,-156.3702,5169.28,5175.0,1889.8,-1
-11.01258,-156.4662,5285.67,5274.0,1931.3,-1
-11.05753,-156.5413,5301.284,5294.0,1934.0,-1
-11.14424,-156.5381,5267.306,5263.0,1908.4,-1
-10.904,-156.6066,5250.269,5252.0,1910.0,-1
-10.94064,-156.6794,5220.854,5226.0,1892.4,-1
-11.03919,-156.9598,5256.455,5259.0,1843.6,-1
-11.03249,-157.3045,5270.916,5269.0,1717.5,-1
-11.07332,-157.3595,5227.624,5226.0,1707.8,-1
-11.12229,-157.435,5219.85,5212.0,1704.7,-1
-11.08588,-157.4658,5291.867,5280.0,1700.8,-1
-11.01386,-157.446,5225.402,5221.0,1663.3,-1
-10.85829,-157.3914,5261.922,5258.0,1676.7,-1
-10.73752,-157.3568,5233.507,5231.0,1685.6,-1
-10.85277,-157.3544,5208.736,5216.0,1668.2,-1
-10.83817,-157.2543,5297.248,5297.0,1735.6,-1
-10.70211,-157.0141,5257.39,5268.0,1781.8,-1
-10.80422,-157.0539,5235.048,5261.0,1778.6,-1
-10.91448,-157.072,5225.129,5236.0,1776.6,-1
-10.92217,-157.0376,5235.61,5234.0,1792.9,-1
-10.99483,-157.1153,5272.767,5267.0,1790.4,-1
-10.93922,-157.2365,5300.043,5299.0,1747.1,-1
-10.79509,-156.5636,5167.292,5175.0,1858.9,-1
-10.92837,-154.9669,5485.204,5484.0,1815.2,9998
-10.92747,-154.9485,5445.547,5459.0,1802.3,9998
-10.89734,-155.0915,5441.189,5451.0,1800.6,9998
-10.93618,-155.1926,5405.591,5405.0,1792.3,-1
-10.9778,-155.2549,5439.137,5443.0,1818.9,-1
-10.87602,-155.1704,5428.586,5438.0,1798.5,-1
-11.12224,-154.9379,5414.284,5418.0,1834.3,-1
-11.31857,-155.2212,5480.283,5483.0,2007.6,-1
-11.41972,-155.1749,5357.195,5362.0,1983.0,-1
-11.65648,-155.129,5368.693,5373.0,2042.9,-1
-11.55274,-154.9409,5471.8,5467.0,2055.2,-1
-11.73222,-154.9319,5380.705,5361.0,2041.6,-1
-11.74953,-154.841,5380.022,5346.0,2038.4,9998
-11.68591,-154.8107,5443.267,5437.0,2067.3,-1
-11.64252,-154.8242,5458.014,5455.0,2069.2,-1
-11.67498,-154.854,5361.802,5371.0,2038.6,-1
-11.66511,-154.8552,5357.729,5365.0,2037.6,-1
-11.71136,-154.8062,5438.511,5425.0,2063.6,-1
-11.74109,-154.7029,5399.034,5384.0,2052.1,9998
-11.80443,-154.5757,5442.564,5437.0,2078.2,-1
-11.95636,-154.4907,5327.599,5318.0,2014.4,-1
-12.07237,-154.3002,5354.933,5341.0,1965.5,-1
-11.90977,-154.1241,5336.631,5346.0,2046.4,9998
-11.80354,-153.9786,5389.809,5412.0,2041.7,-1
-11.85728,-153.8729,5440.324,5432.0,2102.3,-1
-11.91744,-153.9864,5422.275,5058.0,2078.1,9998
-11.95826,-154.0119,5412.278,5454.0,2064.4,9998
-11.96799,-154.0744,5296.744,5303.0,2019.8,-1
-11.95198,-154.1811,5324.884,5278.0,2039.0,9998
-11.96351,-154.2672,5366.886,5149.0,2071.5,9998
-12.08361,-154.2653,5292.257,5301.0,1940.6,-1
-12.147,-154.2636,5380.429,5361.0,1914.8,-1
-12.03443,-154.1658,5319.337,5308.0,1997.5,-1
-12.15503,-154.1628,5361.222,5370.0,1926.9,-1
-12.32942,-154.1964,5437.997,5431.0,1735.4,-1
-12.32106,-154.1456,5392.129,5396.0,1745.6,-1
-12.32618,-154.0893,5410.069,5409.0,1760.8,-1
-12.28466,-154.0774,5393.59,5395.0,1827.5,-1
-12.23125,-153.9839,5346.655,5345.0,1880.0,-1
-12.3095,-153.9635,5327.528,5330.0,1778.8,-1
-12.32052,-153.9641,5327.72,5343.0,1763.7,-1
-12.33303,-153.9819,5334.023,5332.0,1745.6,-1
-12.5103,-154.1224,5435.729,5433.0,1521.7,-1
-12.38678,-154.3118,5302.094,5308.0,1586.4,-1
-12.20158,-154.2959,5205.182,5211.0,1788.4,-1
-12.17766,-154.2018,5405.93,5409.0,1907.2,-1
-12.31249,-154.061,5384.274,5388.0,1779.0,-1
-12.32504,-153.9534,5381.168,5375.0,1777.4,-1
-12.43953,-153.9502,5331.673,5325.0,1605.0,-1
-12.53762,-154.07,5419.432,5411.0,1499.8,-1
-12.56398,-154.1612,5370.74,5367.0,1434.8,-1
-12.58991,-154.2129,5379.657,5367.0,1398.1,-1
-12.64175,-154.296,5334.348,5300.0,1341.7,-1
-12.65217,-154.3132,5348.313,5286.0,1339.2,-1
-12.70199,-154.3161,5313.573,5311.0,1283.5,-1
-12.81043,-154.2744,5260.766,5262.0,1209.1,9998
-12.92769,-154.1264,5204.161,5217.0,1114.7,-1
-12.91502,-154.068,5208.919,5207.0,1113.0,9998
-12.8789,-153.9743,5145.828,5186.0,1113.5,9998
-12.72058,-153.8462,5318.324,5226.0,1279.6,-1
-11.97789,-168.0157,5453.487,5516.0,964.9,9998
-11.95265,-168.0468,5464.159,5454.0,957.1,9998
-11.93345,-168.0769,5465.519,5466.0,949.7,9998
-11.93548,-168.0909,5462.513,5465.0,946.9,9998
-12.04847,-167.936,5404.501,5421.0,982.1,9998
-11.94718,-167.6404,5481.223,5486.0,946.1,9998
-11.73338,-167.4232,5482.139,5496.0,915.5,9998
-11.73047,-167.207,5584.305,5621.0,965.7,9998
-11.78283,-167.2979,5568.302,5584.0,970.6,9998
-11.62792,-167.2355,5587.813,5600.0,981.6,9998
-11.5908,-167.2317,5589.275,5598.0,990.7,9998
-11.60272,-167.2558,5560.295,5542.0,984.0,9998
-11.50608,-167.3923,5378.422,5359.0,930.6,9998
-11.46916,-167.472,5393.56,5420.0,950.6,9998
-11.52661,-167.6181,5392.967,5406.0,924.0,9998
-11.5887,-167.7964,5411.575,5427.0,921.6,9998
-11.69195,-167.8572,5369.461,5358.0,906.7,9998
-11.83629,-167.9878,5457.103,5479.0,943.1,9998
-11.82918,-168.1917,5473.491,5470.0,909.9,9998
-11.70475,-168.4573,5474.679,5488.0,921.7,9998
-11.5803,-168.4929,5476.74,5486.0,963.1,9998
-11.47666,-168.4823,5481.22,5495.0,1012.5,9998
-11.4329,-168.4387,5483.071,5493.0,1030.4,9998
-11.55351,-168.4331,5355.521,5353.0,945.2,9998
-11.6438,-168.5874,5469.844,5513.0,948.6,9998
-11.51071,-168.7055,5429.629,5382.0,965.6,9998
-11.39667,-168.6926,5411.128,5369.0,969.2,9998
-11.34214,-168.5999,5480.955,5468.0,1020.0,-1
-11.19219,-168.557,5435.122,5438.0,1051.1,9998
-11.14919,-168.3749,5344.635,5354.0,1087.6,9998
-11.27307,-168.1789,5495.899,5509.0,1083.5,9998
-11.42679,-168.3132,5418.59,5440.0,995.8,9998
-11.39661,-168.5645,5479.976,5485.0,1025.6,9998
-11.4158,-168.7075,5384.549,5361.0,960.0,9998
-11.24823,-168.8115,5289.411,5251.0,882.4,-1
-11.28084,-168.9413,5211.764,5226.0,853.7,9998
-11.21354,-168.8245,5131.489,5122.0,897.4,9998
-11.27355,-169.5327,5175.169,5190.0,817.8,9998
-10.73114,-169.9435,5167.208,5191.0,984.3,9998
-10.77621,-169.3961,5047.945,5053.0,884.3,9998
-10.77771,-169.4106,5071.646,5080.0,880.6,9998
-10.89673,-169.6346,5194.846,5202.0,912.6,9998
-10.76378,-169.8039,5142.249,5149.0,945.7,9998
-10.56318,-169.7895,5183.158,5191.0,912.0,9998
-10.45628,-169.582,4772.541,4908.0,788.1,9998
-10.7536,-169.4624,5172.155,5161.0,896.0,9998
-10.92911,-169.6421,5198.529,5201.0,913.9,9998
-10.88511,-169.8622,5107.367,5101.0,974.1,9998
-10.73664,-170.0497,5155.848,5163.0,1006.3,9998
-10.62932,-170.1635,5147.224,5164.0,983.0,9998
-10.36507,-170.0186,5055.203,5064.0,791.1,9998
-9.57085,-169.2891,4881.092,5223.0,238.2,9998
-9.24689,-169.1509,5075.873,5060.0,515.0,9998
-9.34258,-169.2489,5058.568,5063.0,543.1,9998
-8.78091,-169.1475,4739.518,4718.0,987.0,9998
-8.5349,-169.142,4705.89,4709.0,1415.3,9998
-7.91531,-169.4941,5113.644,5362.0,2540.0,9998
-7.31223,-169.7321,5146.058,5142.0,2973.2,-1
-5.12547,-168.6119,5599.244,5607.0,4596.7,9998
-4.80606,-168.7011,5601.112,5523.0,5477.9,9998
-4.8471,-168.7754,5423.679,5436.0,5192.5,9998
-4.58716,-168.4715,5503.319,5521.0,5936.6,9998
-4.39779,-168.298,5574.88,5616.0,6446.0,9998
-4.1217,-168.3234,5346.224,5273.0,6873.4,9998
-3.77038,-168.225,5588.205,5574.0,7468.8,9998
-3.58489,-168.2099,5398.357,5457.0,7414.7,9998
-3.40741,-168.056,5632.908,5652.0,7868.7,9998
-3.09667,-168.1972,5474.911,5495.0,7988.6,9998
-2.95061,-168.33,5366.572,5401.0,7876.8,9998
-2.75065,-168.4522,5669.38,5653.0,8501.8,9998
-2.63381,-168.7444,5391.327,5415.0,8055.5,9998
-2.44226,-168.8165,4979.643,4932.0,7407.3,9998
-2.36256,-168.8363,5570.06,5500.0,8278.1,9998
-2.17829,-168.7128,5191.417,5214.0,7572.1,9998
-2.13161,-168.6468,5142.188,5166.0,7611.0,9998
-2.10045,-168.5421,5521.015,5431.0,8138.5,9998
-2.02699,-168.4852,5560.38,5592.0,8219.0,9998
-2.0043,-168.5088,5611.849,5644.0,8300.3,9998
-1.87087,-168.4792,5204.632,5251.0,7649.5,9998
-1.75997,-168.3496,5132.875,5135.0,7586.4,9998
-1.7716,-168.9872,4904.627,4959.0,7403.3,9998
-1.68113,-169.2245,4707.972,4692.0,7134.7,9998
-1.71155,-169.1958,5263.66,5119.0,7933.4,9998
-1.71626,-169.1899,5148.123,5281.0,7754.9,9998
-1.76895,-169.4646,5456.348,5479.0,8199.2,9998
-1.54437,-168.9608,4746.601,4800.0,6831.0,9998
-1.73718,-170.1035,5322.958,5295.0,8038.0,9998
-1.7079,-170.0134,5271.716,5316.0,7875.7,9998
-1.71028,-169.9386,5402.032,5440.0,8103.5,9998
-1.66839,-169.9328,5471.674,5525.0,8240.1,9998
-1.66757,-169.9476,4939.917,5380.0,7416.0,9998
-2.03916,-169.806,5086.05,5106.0,7844.3,9998
-2.02553,-169.8217,5036.699,4966.0,7730.1,9998
-2.02522,-169.8924,5327.8,5279.0,8222.7,9998
-1.85599,-169.8627,5660.696,5709.0,8525.0,9998
-1.66276,-169.7127,5354.787,5455.0,7904.2,9998
-1.40435,-169.1322,5593.452,5645.0,7808.7,9998
-1.41049,-169.1374,5604.308,5613.0,7838.9,9998
-1.54673,-169.0302,5157.645,5015.0,7457.4,9998
-1.58006,-169.1071,5215.611,5213.0,7781.1,9998
-1.54773,-169.051,5232.602,5227.0,7589.2,9998
-1.60497,-169.0106,5385.932,5332.0,7849.5,9998
-1.62643,-168.2705,5368.565,5247.0,7758.8,9998
-1.36295,-168.0641,5180.955,5180.0,7185.8,9998
-1.34807,-167.9896,5347.421,5380.0,7388.1,9998
-1.29501,-167.8309,5467.514,5443.0,7362.3,9998
-1.21584,-167.6652,5484.001,5511.0,7178.6,9998
-1.20263,-167.6064,5335.683,5311.0,6923.2,9998
-1.2733,-167.7157,5139.006,5275.0,6931.5,9998
-1.36728,-167.675,5063.337,5063.0,6971.4,9998
-58.47597,173.3624,5059.049,5215.0,2639.3,-1
-58.6022,174.0903,5006.058,4997.0,5609.3,-1
-59.21115,174.1223,4951.02,4883.0,7098.1,9998
-58.92042,173.5944,5128.818,5176.0,5950.7,9998
-58.67884,173.7059,5182.411,5191.0,4978.6,-1
-58.61709,174.1258,5028.796,5010.0,5885.7,-1
-59.79801,176.3339,4830.81,4963.0,2014.2,9998
-60.1873,175.8503,4800.923,4786.0,1374.2,9998
-60.75157,176.0041,4751.788,4839.0,3236.7,9998
-60.93469,175.286,3748.007,4050.0,3299.1,-1
-60.90343,175.403,3738.965,4117.0,3265.2,-1
-61.00819,175.3161,3670.605,4231.0,3229.0,-1
-60.46657,178.8473,4203.143,4345.0,2946.5,9998
-60.1465,179.8986,4376.745,4613.0,4507.5,-1
-60.05266,-179.7996,4261.452,4231.0,4589.3,-1
-59.90404,179.8815,4377.897,4604.0,4900.4,-1
-59.54077,-179.209,4389.283,4768.0,4824.2,-1
-59.44195,-177.9967,4396.111,4593.0,4166.3,-1
-59.60967,-177.1888,4394.888,4446.0,3104.4,9998
-59.88147,-176.7614,4136.408,4154.0,2025.5,-1
-59.90471,-176.5165,4356.544,4428.0,2186.3,-1
-60.09937,-176.836,4090.28,4078.0,2070.1,9998
-60.11099,-176.7325,3985.206,3992.0,1993.6,9998
-60.05874,-176.7363,4191.721,4208.0,2095.0,9998
-59.93359,-176.6619,4406.418,4293.0,2151.2,-1
-59.60936,-176.2178,4265.293,4403.0,2601.3,-1
-59.41841,-176.7243,4400.196,4543.0,3402.8,-1
-59.0972,-177.6915,4361.974,4849.0,4064.6,-1
-58.96838,-177.4482,4393.661,4725.0,4363.3,-1
-58.98707,-177.5308,4365.313,4870.0,4315.6,-1
-59.04739,-177.1166,4345.004,4755.0,4326.6,-1
-58.9377,-177.0571,4328.928,4664.0,4364.5,9998
-58.9759,-176.9434,4318.915,4673.0,4262.0,-1
-59.02927,-176.8304,4265.3,4548.0,4189.0,-1
-59.03351,-176.9553,4201.49,4595.0,4138.9,-1
-59.02062,-176.7526,4147.384,4492.0,4083.1,-1
-59.06525,-176.7891,4254.993,4392.0,4240.5,-1
-57.68004,175.6198,5080.771,5105.0,3587.3,9998
-57.5581,175.8425,5084.693,5104.0,4259.0,9998
-57.20982,177.7715,5148.411,5133.0,7681.8,9998
-57.43481,178.7435,5184.008,5098.0,4351.6,-1
-57.59448,177.753,5046.257,5198.0,5448.7,9998
-57.06915,176.9529,5075.708,5109.0,5563.1,9998
-55.8908,178.8427,5156.051,5171.0,4976.7,-1
-56.71177,177.8965,4935.682,4903.0,5045.8,-1
-56.59703,178.609,5087.427,5080.0,6197.7,-1
-57.14346,178.5535,5349.58,5235.0,6890.2,-1
-57.05276,178.0692,4991.311,4555.0,7166.3,-1
-56.57559,178.7816,5192.316,5074.0,6367.1,9998
-56.37181,-179.8821,5023.933,5104.0,7603.5,-1
-56.27802,-179.0863,5183.839,5318.0,5951.8,-1
-55.75743,-179.3796,5272.086,5279.0,4275.8,9998
-55.45047,-179.3022,5276.771,5267.0,3409.3,-1
-55.46276,-179.6622,5354.792,5293.0,2845.2,-1
-55.85284,179.4575,5197.571,5176.0,5038.8,-1
-55.82879,-179.56,5257.838,5285.0,4545.0,9998
-55.6471,179.8167,5238.288,5248.0,3185.4,-1
-56.25124,-179.4754,5175.725,5150.0,6724.7,-1
-55.85176,-178.2741,5181.706,5162.0,3931.1,-1
-55.30367,-178.1382,5334.854,5367.0,4729.8,-1
-55.60769,-177.9315,5237.338,5212.0,4253.4,-1
-55.59242,-178.945,5309.39,5241.0,4185.2,-1
-55.35639,-179.0657,5208.53,5216.0,3318.4,9998
-55.70793,178.1998,5132.812,5172.0,3527.2,-1
-55.90495,177.2239,5136.596,5157.0,1388.9,9998
-56.86434,175.761,5096.312,5068.0,1528.1,9998
-57.86068,175.1627,5214.0,5160.0,1896.9,9998
-58.63179,175.1374,4834.852,4845.0,7826.7,9998
-58.64017,175.1991,4958.027,4826.0,8089.1,9998
-58.26493,176.5849,4932.717,5020.0,5876.9,9998
-58.12854,175.1185,5052.711,5045.0,3853.6,9998
-58.33083,173.6431,5251.026,5269.0,1975.6,-1
-58.38495,171.8662,5253.13,5238.0,3985.2,9998
-58.74511,168.9971,5110.606,5207.0,6533.1,-1
-58.90292,169.495,5250.007,5175.0,7304.0,-1
-58.99428,170.3652,5092.798,5097.0,5768.3,-1
-58.79562,170.6837,5238.257,5283.0,5666.3,-1
-58.59062,170.4181,5127.988,5186.0,4961.7,9998
-59.13336,168.8526,5182.412,5325.0,6177.1,-1
-59.16758,166.0072,4825.438,4593.0,3676.4,9998
-55.04171,174.0464,5242.14,5487.0,3382.4,9998
-54.97036,175.4182,5102.945,5093.0,1941.8,9998
-54.83032,176.1688,5064.969,5063.0,2832.3,9998
-55.01049,177.618,5120.25,5147.0,2574.2,-1
-55.79055,179.1077,5182.506,5217.0,4406.2,-1
-56.08164,178.6477,5110.489,5116.0,4385.5,-1
-56.2832,179.0071,5103.724,5121.0,6616.4,-1
-56.41662,-179.5115,5170.041,5203.0,7005.6,9998
-56.56563,-178.5356,5051.631,5027.0,4515.9,-1
-56.47983,-178.138,5159.951,4911.0,4094.6,-1
-56.41007,-177.8681,5206.221,5103.0,4182.4,-1
-56.56609,-177.399,4892.355,4724.0,4377.0,-1
-55.93617,-175.2574,5138.711,5015.0,4704.6,-1
-56.32089,-173.6207,5008.369,5091.0,6018.9,-1
-56.2287,-175.3228,5129.778,5059.0,4908.2,9998
-55.94622,-175.7929,5079.386,5216.0,3911.8,9998
-56.04878,-176.3257,5163.914,5072.0,4157.8,-1
-55.82477,-176.0779,5088.343,5059.0,3348.4,9998
-55.6238,-177.3983,5129.269,5149.0,4378.5,-1
-54.04268,-174.2138,5219.96,5275.0,5122.1,9998
-54.52554,-173.7665,5187.622,5271.0,3738.7,-1
-54.39165,-174.2452,5245.822,5288.0,3672.2,-1
-54.16068,-174.6643,5262.275,5377.0,4351.5,-1
-54.12982,-174.2693,5281.826,5335.0,4716.1,9998
-53.89671,-173.721,4732.121,4684.0,5383.3,9998
-52.84451,-170.4288,5170.1,5252.0,7210.7,-1
-53.46423,-169.5423,5053.473,5129.0,7404.5,-1
-53.02084,-167.8398,5050.38,5173.0,5097.7,9998
-53.22686,-169.2656,5051.353,5111.0,6123.4,-1
-53.36433,-166.7625,5014.11,5114.0,5603.4,-1
-53.46536,-165.6615,5007.48,4838.0,5397.5,-1
-52.27732,-165.0818,4614.571,4577.0,2973.4,-1
-52.20574,-165.0129,4746.696,4625.0,3084.5,-1
-52.2886,-165.15,4733.183,4673.0,2931.0,-1
-52.44001,-165.4395,4804.666,5023.0,3016.6,9998
-52.3867,-163.9642,4848.982,4807.0,3830.2,-1
-52.32561,-164.0623,4646.37,4864.0,3684.5,-1
-52.1295,-161.4203,4893.96,4824.0,5172.3,-1
-52.57558,-161.2526,4613.867,4439.0,5852.9,-1
-52.41948,-161.2212,4887.148,4805.0,5841.7,-1
-52.72289,-161.1359,4580.529,4528.0,5658.1,9998
-52.49021,-160.7966,4563.741,4377.0,5556.8,9998
-52.41835,-160.724,4341.063,4478.0,4932.3,9998
-52.44226,-160.6657,4651.559,4520.0,5231.2,9998
-52.54257,-160.6114,4487.245,4562.0,5326.3,9998
-52.53078,-160.5826,4464.438,4595.0,5245.0,9998
-52.67892,-160.7779,4409.718,4576.0,5578.8,-1
-52.58129,-160.5611,4782.02,4526.0,5751.0,9998
-52.68577,-160.6118,4525.136,4472.0,5761.4,-1
-52.89054,-160.7788,4547.374,4431.0,5717.5,9998
-52.96551,-160.6993,4364.161,4345.0,5487.8,9998
-52.98631,-160.664,4326.565,4380.0,5433.9,-1
-53.09612,-160.4163,3858.448,4261.0,4954.6,-1
-51.79357,-158.7626,3777.597,4350.0,2757.0,-1
-51.73052,-158.7258,3047.313,3624.0,2213.5,-1
-51.71116,-158.7094,3011.75,3477.0,2184.8,-1
-51.69452,-158.6998,2966.798,3511.0,2138.0,-1
-58.46273,176.3142,4889.352,4863.0,6927.8,-1
-58.48305,176.9542,4824.74,4985.0,4345.4,9998
-58.6762,177.0346,5062.062,4979.0,4361.9,-1
-58.15908,177.0098,5069.44,5049.0,4821.5,9998
-57.86012,175.384,5078.855,5123.0,3004.2,9998
-58.75473,173.6305,5067.837,5151.0,5117.9,9998
-58.67409,174.6041,5207.074,5224.0,7840.3,9998
-59.53675,175.9926,4936.659,4867.0,3849.1,9998
-60.22991,175.9098,3919.049,4772.0,1001.2,-1
-60.44991,175.687,4282.289,4946.0,1399.2,-1
-60.54352,175.4325,4382.236,4367.0,1838.3,9998
-61.14685,177.1538,3503.352,3487.0,2631.3,9998
-61.17498,177.6281,4193.196,4307.0,3152.4,-1
-61.8146,178.2295,3449.194,3591.0,3915.2,9998
-61.94631,178.358,3971.122,3966.0,4624.2,9998
-63.59172,176.0673,1424.954,1602.0,1770.2,9998
-63.59745,176.0507,1591.199,1551.0,1987.2,9998
-63.60326,176.0744,1736.69,1689.0,2167.0,9998
-45.07378,-167.6009,5303.202,5311.0,366.1,-1
-45.04164,-167.6184,5297.991,5298.0,315.0,-1
-44.99506,-167.6225,5281.559,5282.0,301.7,-1
-44.8266,-167.6015,5261.312,5263.0,453.5,9998
-44.75113,-167.4948,5265.318,5261.0,511.4,9998
-44.70131,-167.4371,5267.375,5263.0,558.2,9998
-44.68809,-167.5058,5259.346,5253.0,566.6,9998
-44.73553,-167.5347,5260.195,5255.0,524.9,9998
-44.62485,-167.6648,5255.312,5252.0,659.9,9998
-44.24476,-167.621,5218.703,5219.0,286.8,-1
-44.1625,-167.302,5152.501,5154.0,446.4,9998
-44.01219,-167.2924,5170.201,5148.0,555.9,9998
-43.5752,-167.0634,5264.824,5269.0,1266.9,-1
-43.49554,-166.2291,5421.459,5434.0,1261.8,-1
-43.43927,-166.2498,5395.362,5465.0,1313.6,9998
-43.976,-165.4948,5298.898,5298.0,1551.0,-1
-44.38473,-165.3694,5510.097,5511.0,1345.5,-1
-44.25179,-165.4619,5438.01,5452.0,1580.8,-1
-44.22696,-165.1456,5334.2,5342.0,1203.3,-1
-44.38499,-165.0132,5332.09,5337.0,584.0,-1
-44.66809,-165.0413,5368.24,5379.0,114.9,-1
-44.65506,-164.7167,5369.408,5394.0,332.7,-1
-44.71327,-164.3661,5309.572,5351.0,523.0,-1
-44.70634,-164.3184,5405.955,5407.0,564.7,-1
-44.6333,-164.1602,5451.071,5451.0,751.1,-1
-45.27168,-164.0888,5351.588,5350.0,350.9,-1
-45.47274,-163.6496,5309.878,5323.0,963.2,-1
-45.92989,-163.756,5360.745,5370.0,1056.3,-1
-46.13603,-163.816,5318.456,5321.0,1005.9,-1
-46.1462,-163.8986,5314.967,5318.0,1028.2,-1
-46.16965,-164.0659,5418.38,5411.0,1198.7,-1
-46.22281,-164.4232,5423.48,5419.0,1375.6,-1
-46.183,-164.8243,5360.233,5362.0,1253.2,-1
-46.20414,-165.6567,5342.034,5349.0,605.4,-1
-46.18461,-165.9362,5395.158,5398.0,473.6,-1
-45.98278,-166.2656,5484.821,5531.0,602.4,9998
-46.16078,-166.7574,5489.47,5488.0,888.5,-1
-46.15053,-166.9767,5557.829,5527.0,731.9,9998
-46.22799,-166.9507,5471.546,5449.0,834.5,9998
-46.68167,-167.0544,5382.044,5360.0,1856.9,-1
-47.34225,-166.7619,5391.68,5381.0,4918.0,-1
-47.41964,-167.2163,5312.022,5281.0,4271.6,-1
-47.27482,-167.2145,5430.113,5380.0,4717.0,-1
-47.45145,-166.6661,5254.04,5250.0,4683.8,-1
-47.72677,-166.1565,5097.355,5110.0,3464.7,-1
-48.10362,-166.3268,5151.019,5183.0,2952.6,9998
-48.44938,-166.4254,5106.023,5155.0,4272.9,9998
-48.06452,-167.2855,5095.648,5098.0,2126.4,-1
-47.30738,-168.2522,5331.718,5334.0,2357.5,9998
-47.09132,-168.4499,5353.497,5357.0,1643.7,-1
-46.72723,-169.3437,5306.748,5311.0,251.6,9998
-47.23911,-169.7475,5507.875,5400.0,1016.3,9998
-47.05918,-169.3641,5391.047,5368.0,515.5,-1
-46.79131,-169.1511,5356.547,5360.0,54.8,-1
-46.47145,-169.3566,5480.609,5482.0,221.0,9998
-46.13937,-168.7545,5402.145,5406.0,642.5,9998
-45.94785,-168.0298,5320.58,5360.0,1362.6,9998
-45.91752,-167.547,5465.706,5452.0,796.1,9998
-46.16152,-167.7936,5493.047,5436.0,1319.1,-1
-46.26243,-167.9581,5429.458,5433.0,1591.8,-1
-46.67626,-167.127,5347.703,5335.0,1770.5,-1
-45.85186,-167.2554,5333.691,5367.0,496.0,9998
-45.18735,-167.3656,5331.889,5320.0,601.9,9998
-44.56516,-166.8201,5248.079,5259.0,786.5,9998
-44.1687,-167.0358,5238.396,5256.0,756.1,9998
-43.89919,-167.057,5360.395,5350.0,965.5,9998
-43.71191,-167.062,5314.321,5308.0,1125.5,-1
-43.58381,-167.1424,5240.421,5242.0,1221.8,9998
-43.65689,-166.8784,5346.386,5346.0,1523.3,-1
-43.92243,-166.9244,5392.51,5400.0,1214.5,9998
-44.04285,-166.4632,5359.26,5400.0,990.4,9998
-44.12594,-165.5323,5391.441,5399.0,1565.2,-1
-44.35641,-165.2809,5413.288,5431.0,1203.3,-1
-44.43956,-165.0468,5323.256,5344.0,498.1,-1
-44.37299,-164.8563,5400.897,5408.0,306.0,-1
-44.69867,-164.708,5425.404,5431.0,383.0,-1
-44.74693,-164.2731,5455.947,5460.0,606.9,-1
-44.9902,-164.2821,5436.672,5428.0,402.8,-1
-45.21675,-164.2803,5400.67,5407.0,226.7,-1
-45.33499,-164.1304,5382.229,5391.0,559.6,-1
-45.58164,-163.9306,5437.73,5436.0,1247.4,-1
-45.85557,-164.3652,5489.816,5465.0,1067.7,-1
-45.76558,-164.8558,5388.304,5403.0,352.6,9998
-45.7726,-164.7246,5554.929,5519.0,480.5,9998
-45.80825,-165.3053,5553.848,5574.0,391.0,-1
-45.74182,-166.2518,5538.704,5535.0,780.9,-1
-45.75545,-166.3658,5502.052,5501.0,844.9,-1
-45.6919,-166.4211,5494.349,5495.0,895.9,-1
-45.69013,-166.8703,5413.01,5416.0,902.8,9998
-45.65077,-167.189,5384.297,5390.0,804.0,-1
-45.50276,-167.56,5327.477,5350.0,1024.2,9998
-45.25491,-167.7845,5325.469,5304.0,682.3,9998
-44.97346,-168.2333,5160.251,5163.0,544.5,-1
-44.96426,-168.4827,5233.268,5241.0,631.7,-1
-45.18659,-168.6546,5288.144,5286.0,645.3,-1
-45.66718,-168.6863,5315.879,5214.0,831.6,9998
-45.67027,-168.4704,5288.198,5273.0,645.2,9998
-45.60992,-168.3316,5263.836,5269.0,454.8,-1
-45.20537,-167.9842,5259.966,5247.0,474.4,-1
-44.97129,-167.3913,5296.089,5295.0,418.3,-1
-45.11515,-167.3493,5314.118,5310.0,493.1,-1
-44.95575,-167.6685,5262.798,5263.0,280.9,-1
-44.56286,-167.6653,5279.931,5284.0,678.8,9998
-44.42702,-167.1978,5240.11,5251.0,729.3,9998
-44.18658,-166.7269,5359.866,5330.0,1239.9,-1
-43.71657,-166.6844,5462.27,5442.0,1823.7,-1
-43.69097,-165.0352,5156.019,5186.0,1360.3,-1
-44.14076,-164.5234,5258.257,5227.0,628.0,-1
-44.2921,-164.2353,5265.832,5235.0,978.3,9998
-44.37432,-164.2576,5274.504,5188.0,760.6,9998
-44.62425,-163.8496,5270.51,5279.0,1338.3,-1
-44.81044,-163.1497,5095.916,5226.0,1561.5,9998
-35.80749,-156.8904,5372.163,5390.0,1142.8,-1
-35.88336,-156.7474,5405.535,5521.0,1145.2,9998
-35.87758,-156.6238,5394.692,5343.0,1101.8,9998
-35.84308,-156.5262,5278.676,5288.0,1043.5,9998
-35.73485,-156.6395,5405.896,5359.0,1122.6,9998
-35.66196,-156.5473,5407.673,5368.0,1074.9,9998
-35.58527,-156.4155,5410.614,5343.0,1031.2,9998
-35.5923,-156.4411,5403.251,5376.0,1032.6,9998
-35.53129,-156.363,5439.686,5417.0,1036.9,9998
-35.5743,-156.335,5486.711,5421.0,1036.1,9998
-35.5691,-156.2649,5426.887,5390.0,1010.2,9998
-35.57827,-156.3093,5455.345,5379.0,1022.8,9998
-35.61759,-156.3439,5448.357,5366.0,1029.5,9998
-35.70522,-156.4037,5317.586,5309.0,1022.9,9998
-35.72004,-156.4387,5400.286,5331.0,1051.1,9998
-35.67219,-156.4928,5466.725,5399.0,1079.6,9998
-35.64833,-156.4542,5384.149,5338.0,1047.3,9998
-35.58229,-156.4503,5388.538,5371.0,1027.4,9998
-35.37881,-156.312,5484.095,5480.0,1104.8,-1
-35.00505,-156.481,5233.617,5466.0,862.0,9998
-34.94415,-156.5945,5401.329,5519.0,706.1,9998
-34.47405,-156.554,5326.679,5451.0,563.9,-1
-34.13424,-156.6455,5224.319,5231.0,619.9,-1
-34.13247,-156.7369,5251.261,5252.0,612.5,-1
-33.99119,-156.5479,5228.26,5235.0,720.5,9998
-33.89779,-156.2961,5271.716,5359.0,640.3,9998
-33.98749,-156.1656,5249.098,5277.0,493.9,-1
-34.19606,-156.0439,5281.754,5301.0,310.8,9998
-34.33819,-156.0345,5294.674,5368.0,369.5,9998
-34.49761,-156.0061,5345.654,5378.0,507.4,9998
-34.53311,-156.0172,5355.711,5362.0,560.4,9998
-34.44164,-155.9726,5294.24,5074.0,402.7,9998
-34.56307,-155.9649,5319.857,5453.0,563.7,9998
-34.64316,-155.8318,5258.395,5424.0,585.8,9998
-34.66706,-155.4374,5303.437,5288.0,903.8,9998
-34.43233,-154.7302,5258.199,5267.0,187.9,9998
-34.32828,-154.5703,5143.681,5166.0,334.6,9998
-34.31778,-154.6092,5119.254,5176.0,325.7,9998
-34.28693,-154.4888,5181.992,5198.0,433.9,9998
-34.28505,-154.3073,5195.369,5205.0,519.6,9998
-34.14509,-154.1434,5183.993,5242.0,602.8,9998
-34.04951,-153.9526,5208.946,5287.0,578.7,9998
-33.96901,-153.4626,5233.019,5261.0,720.7,9998
-33.82554,-152.9931,5182.972,5229.0,989.4,9998
-33.81205,-152.5516,5260.224,5237.0,874.3,9998
-33.79563,-152.4299,5180.755,5242.0,861.3,-1
-33.64156,-152.3687,5268.439,5263.0,1075.8,-1
-33.62385,-152.1274,5230.652,5230.0,1158.3,-1
-33.64735,-152.069,5371.518,5360.0,1178.9,-1
-33.63764,-152.0256,5265.631,5276.0,1188.8,-1
-33.6456,-151.9955,5179.852,5203.0,1172.2,-1
-33.69853,-151.9973,5361.131,5362.0,1142.8,-1
-33.66831,-151.8544,5271.916,5255.0,1224.1,9998
-33.70576,-151.8266,5223.057,5270.0,1177.1,9998
-33.71084,-151.7665,5271.897,5297.0,1192.0,9998
-33.53797,-151.7278,5338.246,5331.0,1302.0,-1
-33.46846,-151.6435,5221.029,5225.0,1234.1,-1
-33.10288,-151.751,5273.331,5275.0,1112.5,-1
-33.10467,-151.9137,5135.782,5143.0,1136.4,-1
-33.21898,-151.9797,5119.539,5104.0,1214.6,-1
-33.15112,-151.9332,5312.069,5295.0,1190.7,-1
-33.24548,-151.8767,5053.967,5063.0,1160.8,-1
-33.31007,-151.8108,5035.703,5044.0,1165.9,-1
-33.25927,-151.767,5020.107,5034.0,1134.3,-1
-33.1317,-151.7645,5144.788,5140.0,1098.3,-1
-33.1312,-151.7775,5151.866,5140.0,1105.2,-1
-33.11673,-151.76,5270.03,5174.0,1119.1,-1
-32.97095,-151.7298,5261.761,5268.0,1054.9,-1
-32.90524,-151.5958,5128.305,5128.0,989.1,-1
-32.85312,-151.5083,5183.495,5180.0,946.2,-1
-32.68432,-151.4359,5082.334,5106.0,876.6,-1
-32.61763,-151.5222,5080.423,5183.0,837.6,9998
-32.64515,-151.7929,5151.881,5121.0,656.6,-1
-32.70592,-151.9633,5105.892,5096.0,731.4,-1
-32.93647,-151.8694,5301.313,5305.0,1060.0,-1
-33.10061,-151.6788,5138.595,5153.0,1070.8,-1
-33.21355,-151.5431,5262.526,5264.0,1080.9,-1
-33.26621,-151.3096,5255.33,5268.0,986.7,-1
-33.27631,-151.0912,5266.083,5268.0,937.5,-1
-33.06372,-150.9987,5281.004,5270.0,837.9,-1
-32.82699,-151.025,5080.042,5087.0,707.5,-1
-32.6505,-151.1649,5162.448,5185.0,767.5,-1
-32.44604,-151.3669,5222.836,5353.0,874.6,9998
-32.33556,-151.4384,5084.519,5070.0,738.5,-1
-32.23915,-151.792,5221.181,5212.0,187.8,-1
-32.01353,-151.8861,5242.604,5243.0,182.9,-1
-32.00754,-151.8697,5263.735,5261.0,170.8,-1
-31.96856,-152.0095,5259.682,5255.0,320.7,-1
-31.93379,-151.8451,5191.454,5280.0,251.1,9998
-31.93411,-151.7722,5374.131,5428.0,246.3,9998
-31.99076,-151.7136,5012.781,5207.0,186.0,9998
-32.00459,-151.6764,5337.091,5352.0,226.0,9998
-32.20148,-151.5788,5181.256,5180.0,477.4,-1
-32.25218,-151.6666,5223.598,5212.0,395.9,-1
-32.22696,-151.7133,5125.977,5137.0,291.8,-1
-32.16768,-151.8174,5115.141,5126.0,86.5,-1
-32.09024,-151.9233,5156.968,5154.0,166.7,-1
-32.05437,-152.0083,5113.25,5114.0,268.5,-1
-31.96227,-152.2025,5163.811,5184.0,352.8,9998
-31.9779,-152.2306,5203.65,5245.0,348.9,9998
-31.92908,-152.0929,5218.31,5208.0,382.0,-1
-31.87237,-151.9995,5238.206,5269.0,397.5,9998
-31.91308,-152.0819,5251.08,5221.0,398.0,9998
-31.86195,-151.9102,5239.083,5286.0,373.8,9998
-31.80979,-151.8354,5193.059,5205.0,412.1,9998
-31.57014,-151.7213,5258.885,5250.0,757.0,-1
-31.18951,-151.8195,5085.582,5089.0,1208.1,-1
-31.14119,-152.3508,5150.196,5194.0,981.9,9998
-30.94818,-152.7196,5083.063,5126.0,1221.3,9998
-30.83576,-152.8956,5170.008,5190.0,1430.0,9998
-30.70032,-152.8168,5196.148,5229.0,1767.0,9998
-30.56123,-152.9317,5267.265,5034.0,2172.7,-1
-30.51833,-152.7641,5070.435,5084.0,2109.4,9998
-30.48645,-152.7375,5113.225,5119.0,2192.9,9998
-30.58479,-152.5094,5140.924,5174.0,1880.4,9998
-37.71185,-153.6443,5438.058,5393.0,355.7,9998
-37.94132,-153.7231,5472.983,5516.0,453.7,9998
-38.00343,-153.9343,5463.952,5458.0,400.4,-1
-38.04226,-153.9533,5352.123,5349.0,327.1,9998
-37.96638,-154.0728,5331.63,5284.0,399.3,9998
-37.91263,-154.1574,5343.082,5325.0,448.2,9998
-37.94881,-154.2725,5312.463,5416.0,442.2,9998
-37.93732,-154.3432,5266.365,5362.0,464.9,9998
-37.86264,-154.468,5237.63,5248.0,528.7,9998
-37.88909,-154.6204,5252.438,5164.0,499.6,9998
-37.96657,-154.694,5281.656,5286.0,407.2,9998
-38.0198,-154.6931,5123.793,5165.0,345.7,9998
-38.05053,-154.7396,5273.867,5399.0,287.1,9998
-37.92884,-154.467,5231.786,5200.0,490.6,9998
-37.91883,-154.4678,5230.434,5201.0,497.8,9998
-37.8962,-154.3869,5256.601,5344.0,500.3,9998
-37.89544,-154.3459,5322.561,5402.0,497.8,9998
-37.90363,-154.2444,5318.198,5346.0,472.0,9998
-37.87244,-154.2599,5314.824,5336.0,493.0,9998
-37.66679,-154.2943,5317.149,5244.0,508.4,9998
-37.56184,-154.4312,5365.521,5366.0,517.8,9998
-37.41853,-154.3824,5340.122,5308.0,449.2,9998
-37.37317,-154.5104,5307.12,5256.0,376.3,9998
-37.32042,-154.5564,5415.594,5354.0,313.2,9998
-37.18815,-154.414,5368.798,5298.0,459.1,9998
-37.12794,-154.3321,5298.227,5289.0,508.8,9998
-37.02092,-154.2498,5375.171,5457.0,562.5,9998
-36.98818,-154.31,5358.145,5483.0,616.8,9998
-36.97435,-154.3954,5358.636,5403.0,636.1,9998
-36.88042,-154.3604,5357.421,5520.0,751.0,9998
-36.81633,-154.4765,5359.388,5444.0,794.7,9998
-36.89556,-154.6554,5406.021,5403.0,643.2,9998
-36.94403,-154.7065,5419.745,5343.0,574.8,9998
-37.02553,-154.702,5366.841,5297.0,456.1,9998
-37.16003,-154.671,5340.342,5305.0,267.9,9998
-37.25131,-154.5189,5368.768,5333.0,350.6,9998
-37.24845,-154.2649,5326.451,5333.0,435.6,9998
-37.37095,-153.9357,5438.707,5441.0,77.2,9998
-37.37436,-153.7274,5426.508,5362.0,72.0,9998
-37.3101,-153.6625,5462.451,5491.0,101.4,9998
-37.18919,-153.6286,5389.905,5464.0,94.4,9998
-37.12751,-153.7389,5453.15,5536.0,102.4,9998
-37.10088,-153.7597,5430.996,5500.0,114.5,9998
-37.15078,-153.7099,5461.269,5558.0,93.3,9998
-37.71124,-153.5012,5444.543,5368.0,293.7,9998
-37.79851,-153.3387,5429.594,5451.0,253.5,9998
-37.69717,-153.5253,5476.2,5455.0,297.2,9998
-37.61575,-153.385,5422.229,5518.0,171.4,9998
-37.57435,-153.3035,5364.353,5392.0,104.6,9998
-37.60141,-153.1293,5463.375,5355.0,153.7,9998
-37.54977,-153.0262,5479.658,5465.0,265.8,9998
-37.61695,-153.1238,5470.626,5392.0,174.9,9998
-37.80442,-153.1728,5422.814,5493.0,302.9,9998
-37.95032,-153.2819,5396.607,5343.0,354.7,9998
-38.01671,-153.3796,5401.898,5371.0,338.5,9998
-38.05647,-153.5456,5396.458,5435.0,307.8,9998
-38.04272,-153.7124,5385.913,5409.0,332.9,9998
-37.9924,-153.8322,5428.242,5366.0,423.2,9998
-37.94733,-153.9192,5450.526,5418.0,467.5,9998
-37.5971,-153.9038,5469.376,5593.0,239.5,9998
-37.91236,-154.0343,5442.025,5432.0,476.1,9998
-37.82338,-153.1318,5337.992,5368.0,360.0,9998
-37.82794,-153.2495,5481.361,5615.0,282.3,9998
-37.81892,-153.3143,5370.143,5388.0,261.2,9998
-37.91931,-153.3532,5397.687,5383.0,330.0,9998
-38.09126,-153.5084,5439.326,5484.0,294.5,9998
-38.11475,-153.7285,5335.529,5285.0,234.9,9998
-38.07113,-153.9462,5331.0,5310.0,282.0,9998
-37.80885,-154.3267,5350.491,5399.0,536.1,9998
-37.69951,-154.4932,5204.376,5327.0,549.7,9998
-37.6436,-154.5275,5353.281,5440.0,541.1,9998
-37.33443,-154.4747,5366.017,5287.0,393.8,9998
-37.37231,-154.5929,5316.708,5338.0,295.2,9998
-37.56099,-154.7668,5281.072,5221.0,398.0,9998
-37.78522,-154.728,5261.012,5163.0,487.2,9998
-37.69371,-154.5948,5348.126,5346.0,551.7,9998
-37.59286,-154.6251,5262.652,5276.0,476.1,9998
-37.70551,-154.8118,5264.537,5208.0,435.6,9998
-37.77859,-154.6407,5361.06,5254.0,543.6,9998
-37.71313,-154.4323,5296.305,5407.0,564.3,9998
-37.57803,-154.446,5335.979,5353.0,521.6,9998
-37.41255,-154.4321,5300.029,5230.0,441.2,9998
-37.44351,-154.4619,5300.402,5253.0,442.1,9998
-37.31101,-154.4219,5362.93,5359.0,433.7,9998
-37.22912,-154.327,5352.607,5267.0,474.1,9998
-37.21106,-154.4268,5382.343,5376.0,442.8,9998
-36.81471,-154.423,5394.829,5454.0,829.1,9998
-36.82671,-154.4191,5339.627,5452.0,812.4,9998
-36.81084,-154.4595,5389.311,5468.0,812.3,9998
-36.89718,-154.5655,5306.278,5232.0,661.6,9998
-37.02037,-154.5696,5368.393,5351.0,505.8,9998
-37.04621,-154.4528,5324.513,5265.0,529.1,9998
-36.92303,-154.4046,5301.713,5352.0,693.3,9998
-36.79654,-154.431,5436.951,5519.0,847.3,9998
-36.78796,-154.5497,5291.508,5305.0,766.2,9998
-36.87269,-154.6885,5383.86,5412.0,648.9,9998
-36.96201,-154.7723,5168.474,5288.0,523.6,9998
-36.9792,-154.7845,5157.611,5133.0,505.6,9998
-36.75149,-154.7893,5456.72,5543.0,704.2,9998
-36.7945,-154.7381,5328.99,5350.0,677.2,9998
-36.78732,-154.9615,5477.028,5484.0,668.9,9998
-36.61547,-154.9277,5447.88,5497.0,731.2,9998
-36.38495,-154.7919,5455.831,5451.0,842.0,9998
-36.32636,-154.8642,5375.114,5358.0,828.6,9998
-36.2555,-154.7819,5401.001,5497.0,872.9,9998
-36.22197,-154.8318,5441.195,5547.0,867.5,9998
-36.29522,-154.8929,5383.456,5369.0,828.9,9998
-39.15502,-149.9268,5407.348,5407.0,609.8,9998
-39.22544,-150.0898,5428.897,5476.0,675.0,9998
-39.29138,-150.1825,5458.093,5509.0,754.9,9998
-39.45992,-150.1735,5368.769,5427.0,1001.1,9998
-39.44639,-150.2749,5287.538,5297.0,953.8,-1
-39.31528,-150.42,5434.274,5425.0,700.6,9998
-39.27449,-150.3901,5325.387,5324.0,647.1,-1
-39.20458,-150.3654,5380.316,5377.0,594.8,-1
-38.91728,-150.5541,5433.114,5346.0,498.0,9998
-38.7742,-150.5778,5407.34,5379.0,605.6,9998
-38.66371,-150.5685,5405.168,5386.0,694.0,9998
-38.61271,-150.5464,5404.708,5403.0,690.0,9998
-38.68447,-150.3419,5433.228,5404.0,657.5,9998
-38.73468,-150.3641,5453.044,5453.0,665.7,-1
-38.74538,-150.2112,5447.232,5489.0,649.5,9998
-38.75534,-150.2175,5463.873,5503.0,645.7,9998
-38.7681,-150.4097,5463.48,5461.0,674.4,-1
-39.13601,-150.1239,5314.511,5374.0,605.4,9998
-39.16742,-149.8092,5426.41,5452.0,592.5,9998
-39.12939,-149.6551,5425.17,5491.0,504.7,9998
-39.0489,-149.6513,5434.308,5411.0,539.1,-1
-39.12677,-149.4453,5399.715,5404.0,382.1,-1
-39.14583,-149.2408,5470.746,5476.0,275.5,-1
-39.24871,-148.8486,5483.758,5496.0,462.8,-1
-39.31167,-148.3542,5482.179,5499.0,894.6,9998
-39.44043,-147.5569,5472.438,5480.0,628.8,-1
-39.45975,-146.863,5334.98,5336.0,681.7,-1
-39.34509,-146.922,5482.355,5460.0,644.5,-1
-39.32519,-146.6513,5272.875,5297.0,782.3,-1
-39.10857,-146.2877,5335.246,5343.0,1031.3,-1
-38.88274,-146.2189,5355.494,5394.0,902.5,9998
-38.81962,-146.1532,5485.809,5494.0,911.7,-1
-38.91467,-146.3296,5333.306,5357.0,873.1,-1
-38.80519,-146.0682,5439.653,5412.0,941.3,-1
-38.80738,-146.0532,5383.8,5406.0,935.9,-1
-38.6968,-145.9214,5416.767,5426.0,1085.3,9998
-38.65258,-145.8596,5398.978,5464.0,1145.0,9998
-38.6979,-145.6564,5406.119,5478.0,1117.1,9998
-38.58638,-145.4154,5418.177,5439.0,1112.0,-1
-38.3623,-145.5699,5449.839,5389.0,1273.5,9998
-38.13005,-146.1284,5436.692,5473.0,1130.8,9998
-38.07492,-146.3476,5394.708,5405.0,1116.8,-1
-37.85527,-146.4643,5427.05,5398.0,793.6,9998
-37.59604,-146.5725,5407.427,5392.0,664.3,-1
-37.38801,-146.6027,5173.318,5117.0,588.4,9998
-37.24136,-146.6582,5360.154,5364.0,586.1,-1
-37.1448,-146.6335,5431.459,5439.0,593.1,-1
-37.0505,-146.8191,5463.738,5461.0,574.8,-1
-36.9579,-146.9078,5460.396,5461.0,667.5,-1
-37.08882,-146.864,5406.122,5402.0,535.3,-1
-37.0351,-146.8693,5449.71,5451.0,578.2,-1
-37.06629,-146.7587,5474.861,5466.0,580.1,-1
-37.08863,-146.8756,5397.7,5396.0,533.0,-1
-36.95349,-146.9458,5466.592,5482.0,669.3,-1
-36.88362,-146.9283,5380.078,5375.0,756.4,9998
-36.88612,-147.0012,5400.313,5369.0,739.1,9998
-36.90328,-147.0822,5306.953,5445.0,696.9,9998
-37.10036,-147.0009,5309.862,5314.0,521.4,-1
-36.9445,-147.0422,5328.726,5367.0,650.8,-1
-36.85357,-146.9082,5371.087,5358.0,796.3,-1
-36.81971,-147.0665,5133.937,5143.0,801.8,-1
-36.90786,-147.1485,5078.251,5603.0,653.7,9998
-37.0812,-147.3658,5403.318,5348.0,629.3,9998
-36.94984,-147.5515,5234.276,5244.0,853.4,-1
-36.86492,-147.5948,5215.227,5224.0,986.9,-1
-36.74249,-147.7542,5333.566,5368.0,1179.4,9998
-36.86361,-147.8405,5416.104,5412.0,1054.0,-1
-36.63587,-147.9157,5312.599,5303.0,1120.7,-1
-36.54812,-147.9041,5368.811,5342.0,1169.3,-1
-36.5154,-148.1007,5377.736,5387.0,1067.7,9998
-36.54597,-148.3285,5398.636,5388.0,1045.9,9998
-36.59672,-148.5585,5310.97,5303.0,1053.4,-1
-36.65294,-148.6819,5275.588,5300.0,1097.3,-1
-36.65768,-148.7211,5315.397,5327.0,1102.9,-1
-36.60279,-148.6706,5333.729,5385.0,1114.7,-1
-36.47049,-148.5723,5448.24,5463.0,1119.7,9998
-36.31906,-148.4228,5357.783,5365.0,1069.1,-1
-36.32184,-148.2584,5363.302,5301.0,1044.3,9998
-36.16547,-148.1438,5311.269,5318.0,955.5,-1
-36.17181,-147.9364,5434.54,5443.0,1004.1,9998
-36.35515,-148.101,5344.111,5328.0,1091.5,-1
-36.53854,-148.1821,5396.703,5398.0,1043.9,9998
-36.62285,-148.262,5360.739,5362.0,989.8,-1
-36.67068,-148.2872,5399.544,5367.0,981.0,-1
-36.72764,-148.3173,5233.119,5271.0,942.2,-1
-36.75588,-148.1884,5352.735,5366.0,927.5,-1
-36.74201,-147.9331,5399.704,5390.0,1072.1,9998
-36.56692,-147.8332,5359.797,5301.0,1227.0,-1
-36.42634,-147.8571,5335.071,5281.0,1212.9,-1
-36.42164,-148.0198,5357.251,5294.0,1123.0,-1
-36.31511,-148.0071,5360.11,5273.0,1096.0,-1
-39.05483,-140.85,5045.188,5042.0,908.3,-1
-39.03908,-140.8088,4944.152,4980.0,893.0,-1
-39.03057,-140.782,5150.753,5106.0,930.5,-1
-38.95186,-140.736,5086.629,5076.0,874.8,-1
-38.94806,-140.6352,4859.016,4936.0,873.5,-1
-38.90477,-140.6578,4948.188,4891.0,842.4,-1
-38.95644,-140.6802,5065.495,5080.0,892.5,-1
-38.93572,-140.5695,4972.13,4951.0,924.9,-1
-38.95936,-140.5926,4864.057,4889.0,907.6,-1
-38.73022,-140.4521,4931.291,4942.0,825.0,-1
-38.67073,-140.4747,5108.471,5104.0,812.5,-1
-38.54377,-140.5776,5226.557,5233.0,830.6,-1
-38.4879,-140.5237,5074.433,5091.0,848.1,-1
-38.5043,-140.3739,5350.739,5347.0,966.4,-1
-38.95412,-140.0765,5365.625,5364.0,1021.8,-1
-39.02751,-139.9442,5179.049,5133.0,870.7,9998
-39.12936,-139.7389,5279.264,5257.0,748.8,9998
-39.19895,-139.6182,5296.856,5287.0,727.3,9998
-39.2654,-139.5379,4929.404,5131.0,647.5,9998
-39.37273,-139.4377,5381.88,5355.0,603.8,-1
-39.46641,-139.2703,5051.593,5115.0,374.8,-1
-39.46289,-139.2573,5247.434,5191.0,392.7,-1
-39.43981,-139.3582,4921.469,4923.0,437.3,-1
-39.37286,-139.3092,5276.242,5321.0,582.2,-1
-39.35123,-139.3581,5328.835,5326.0,629.7,-1
-39.40317,-139.296,5367.441,5347.0,532.9,-1
-39.27145,-139.4701,5334.684,5338.0,724.0,9998
-39.28431,-139.3622,5167.399,5077.0,713.0,9998
-39.29591,-139.3746,5052.446,5159.0,678.5,9998
-39.78694,-139.3431,4984.354,5005.0,326.7,-1
-39.81369,-139.4798,4824.481,5269.0,345.5,-1
-39.87184,-139.415,5364.309,5337.0,383.4,-1
-39.84639,-139.3226,5225.07,5239.0,367.4,-1
-39.92575,-139.236,5006.787,5038.0,356.0,-1
-40.00526,-139.0423,5138.284,5143.0,320.8,-1
-40.00035,-139.0266,5183.341,5163.0,319.8,-1
-39.78269,-139.2191,5306.454,5294.0,309.1,-1
-39.7054,-139.4189,5272.887,5265.0,326.0,-1
-39.86331,-139.5759,5037.452,5069.0,329.1,-1
-39.87308,-139.6411,5382.507,5381.0,314.0,-1
-39.86888,-139.6034,5088.922,5107.0,316.9,-1
-39.82778,-139.934,5235.153,5042.0,146.9,9998
-39.77363,-140.0493,5040.401,5034.0,114.3,-1
-39.74512,-140.1223,5079.092,5063.0,133.3,-1
-39.81833,-140.1266,5289.684,5282.0,84.3,-1
-39.84752,-140.0298,5196.977,5219.0,89.2,-1
-39.79531,-140.1154,4942.358,5024.0,94.0,-1
-39.9869,-140.0643,5219.482,5249.0,26.0,-1
-40.06326,-139.8645,5310.579,5279.0,137.4,-1
-40.15781,-139.7823,5184.623,5204.0,177.6,-1
-40.27311,-139.8113,5124.108,5137.0,198.2,-1
-40.36952,-139.8259,5052.536,5083.0,360.2,-1
-40.41961,-139.8848,5195.252,5224.0,467.8,9998
-40.70987,-138.9585,5334.858,5326.0,768.9,-1
-40.74346,-138.8558,5074.948,5092.0,687.9,-1
-40.89306,-138.8875,5048.708,5053.0,692.7,-1
-41.03028,-138.5578,5331.216,5331.0,780.9,-1
-41.22548,-138.3921,5231.096,5221.0,896.9,-1
-41.26768,-138.2788,5196.013,5210.0,912.8,-1
-41.28348,-138.3121,5224.192,5204.0,922.8,-1
-41.31663,-138.3531,4890.369,4918.0,871.6,-1
-41.4008,-138.314,5028.118,5045.0,893.5,-1
-41.3842,-138.1739,5318.266,5313.0,946.1,-1
-41.37441,-138.1558,5007.87,5348.0,888.2,-1
-41.33769,-138.0331,5187.939,5220.0,900.0,-1
-41.20228,-137.8459,5117.859,5152.0,942.4,-1
-41.29214,-137.7803,4993.462,5033.0,929.2,-1
-41.39182,-137.6721,5138.894,5188.0,966.4,-1
-41.48761,-137.7329,5120.536,5243.0,962.7,-1
-41.59687,-137.7182,5349.043,5322.0,1018.2,-1
-42.10623,-137.5968,5170.042,5156.0,677.0,-1
-42.14106,-137.6303,5004.222,5086.0,642.9,-1
-41.90588,-137.8802,5222.829,5199.0,951.9,-1
-41.96834,-137.9232,5045.304,5045.0,900.4,-1
-42.12205,-137.8506,5253.908,5285.0,838.3,-1
-42.54719,-138.0415,5281.201,5124.0,605.2,-1
-42.62566,-137.7065,5169.408,5033.0,337.9,9998
-42.66596,-137.6124,4924.093,5194.0,244.5,-1
-42.64987,-137.4743,4999.239,5282.0,197.1,-1
-30.1803,-155.4985,5105.107,5111.0,1732.9,-1
-30.33708,-155.5078,5274.437,5267.0,1689.1,-1
-30.34019,-155.5366,5211.909,5214.0,1648.7,-1
-30.54664,-155.7551,5217.251,5214.0,1335.8,-1
-30.63232,-156.0031,5223.614,5210.0,1335.2,-1
-30.78657,-156.0328,5385.971,5358.0,1236.5,-1
-30.93919,-156.0246,4967.895,4989.0,866.1,-1
-31.02468,-156.0009,5344.691,5335.0,736.3,-1
-31.02768,-155.9038,5357.867,5328.0,649.9,-1
-31.10196,-155.8027,5141.968,5140.0,382.7,-1
-31.07285,-155.7271,5174.272,5171.0,388.6,-1
-31.00463,-155.7943,5206.006,5198.0,605.8,-1
-30.97598,-155.8089,5153.562,5154.0,667.5,-1
-30.94196,-155.8346,5283.871,5225.0,769.2,-1
-30.95019,-155.8934,5162.688,5153.0,775.7,-1
-30.99199,-155.922,5289.955,5298.0,729.3,-1
-30.97051,-155.8688,5059.093,5089.0,705.0,-1
-30.8157,-155.9099,5237.011,5232.0,1066.6,-1
-30.7843,-155.9252,5219.478,5220.0,1126.4,-1
-30.80634,-155.913,5217.626,5220.0,1080.5,-1
-30.83024,-155.8912,5273.548,5271.0,1036.2,-1
-30.92459,-155.9129,5291.826,5272.0,861.8,-1
-31.00449,-155.9958,5243.328,5259.0,758.9,-1
-32.24296,-156.1584,5210.225,5230.0,608.5,-1
-32.39655,-156.1181,5276.841,5191.0,815.7,9998
-32.03685,-156.8336,5366.044,5367.0,527.9,-1
-32.04272,-156.824,5362.07,5350.0,524.4,-1
-31.8405,-156.8738,5338.811,5337.0,438.4,-1
-31.59754,-157.0608,5322.446,5301.0,299.3,-1
-31.75049,-157.3167,5111.729,5132.0,412.8,-1
-31.80378,-157.3594,5395.596,5395.0,494.7,-1
-31.85745,-157.2852,5143.686,5167.0,542.4,-1
-31.88412,-157.2657,5287.629,5271.0,588.2,-1
-31.77672,-157.2346,5258.408,5260.0,462.8,-1
-31.69701,-157.259,5293.816,5242.0,374.5,-1
-31.59613,-157.3705,5251.023,5279.0,262.2,-1
-31.57586,-157.2809,5337.668,5343.0,270.5,-1
-31.59272,-157.4675,5415.838,5401.0,244.9,-1
-31.47837,-157.5495,5295.074,5276.0,147.1,-1
-31.53244,-157.7195,5330.808,5322.0,168.3,-1
-31.63411,-157.7861,5517.013,5484.0,228.6,-1
-31.59034,-157.867,5489.923,5480.0,298.5,-1
-31.62284,-157.8324,5502.882,5464.0,261.9,-1
-31.63352,-157.8505,5324.271,5356.0,268.0,-1
-31.63337,-157.8716,5256.822,5269.0,283.5,-1
-31.68423,-157.8742,5460.927,5451.0,290.5,-1
-31.73319,-157.9482,5119.204,5122.0,325.6,-1
-31.79057,-157.9488,5426.694,5415.0,349.9,-1
-31.7389,-157.9034,5270.443,5304.0,298.9,-1
-31.75138,-158.0076,5100.963,5149.0,369.3,-1
-31.75649,-157.7541,5497.787,5479.0,282.7,-1
-31.79231,-157.784,5250.841,5254.0,301.9,-1
-31.89748,-157.8386,5392.843,5387.0,452.7,-1
-31.83835,-157.9718,5429.287,5402.0,382.7,-1
-31.87006,-157.9112,5337.249,5340.0,400.0,-1
-32.23131,-157.9191,5228.551,5226.0,1000.8,-1
-32.25374,-157.6922,5316.247,5316.0,1033.9,-1
-32.40759,-157.6829,5410.823,5276.0,1227.1,9998
-32.55244,-157.4604,5381.798,5355.0,1115.0,9998
-32.53982,-157.2357,5243.246,5250.0,950.9,9998
-32.4891,-157.2548,5287.655,5321.0,975.0,9998
-32.74449,-157.319,5146.408,5395.0,978.2,9998
-32.82848,-157.1054,5360.362,5254.0,973.0,9998
-33.00314,-157.0447,5193.318,5210.0,940.6,9998
-33.15931,-157.0419,5348.395,5353.0,1017.0,-1
-33.28051,-157.1098,5305.616,5310.0,1076.6,-1
-33.3766,-157.1859,5350.234,5320.0,1147.4,-1
-33.53168,-157.227,5430.357,5429.0,1170.7,-1
-33.58699,-157.4441,5474.968,5460.0,1160.2,-1
-33.4309,-157.6138,5420.139,5413.0,1271.7,-1
-33.36941,-157.7464,5366.124,5346.0,1279.6,-1
-33.33008,-157.9085,5042.582,5270.0,1195.9,9998
-33.2187,-157.9567,5321.63,5245.0,1184.4,9998
-33.13938,-158.0965,5222.822,5209.0,1114.2,9998
-33.10981,-158.2022,5231.365,5218.0,1157.1,9998
-33.02472,-158.3236,5266.582,5294.0,1211.6,9998
-32.90204,-158.3057,5319.64,5352.0,1205.7,9998
-32.94269,-158.0437,4917.287,5118.0,1024.7,9998
-32.90885,-157.8207,5412.34,5453.0,963.2,9998
-32.94798,-157.3713,5468.003,5440.0,935.9,9998
-32.7588,-157.0622,5265.537,5430.0,946.3,9998
-32.62883,-157.1217,5383.12,5423.0,939.7,-1
-32.84139,-157.0072,5448.976,5277.0,950.9,9998
-33.1431,-157.0367,5330.189,5372.0,1007.4,-1
-33.38631,-156.9785,5191.017,5186.0,1050.9,-1
-33.53362,-156.8495,5181.064,5188.0,1072.3,-1
-33.51158,-156.8387,5201.237,5191.0,1071.3,9998
-33.4645,-156.8666,5236.441,5116.0,1068.9,9998
-33.44425,-156.8387,5210.96,5206.0,1054.2,9998
-33.40001,-156.8856,5154.462,5160.0,1029.1,-1
-33.39065,-156.8569,5156.503,5161.0,1026.0,-1
-33.47908,-157.0374,5245.157,5261.0,1106.9,-1
-33.52516,-157.0727,5385.715,5384.0,1147.2,-1
-33.53605,-157.1116,5397.622,5353.0,1153.6,-1
-33.50549,-157.0813,5434.243,5333.0,1160.1,-1
-33.74248,-157.2246,5257.541,5288.0,1006.5,-1
-33.84437,-157.0181,5141.083,5200.0,865.7,-1
-34.09067,-157.2149,5360.176,5290.0,477.2,-1
-34.24812,-156.8617,5219.519,5249.0,396.6,-1
-33.76888,-156.778,5186.001,5245.0,917.9,-1
-33.73182,-157.1108,5253.96,5271.0,1013.8,-1
-32.56157,-160.0182,5187.112,5217.0,983.0,9998
-32.37887,-159.8652,5266.48,5251.0,984.5,9998
-32.16733,-159.7598,5255.33,5257.0,919.3,-1
-32.05601,-159.5721,5368.264,5369.0,846.5,-1
-31.78462,-158.9835,5021.696,5045.0,232.6,-1
-31.6326,-158.854,5364.771,5365.0,376.5,-1
-31.70359,-158.4586,5193.202,5196.0,443.7,-1
-31.64877,-158.243,5375.032,5367.0,496.4,-1
-31.76825,-158.0431,5364.42,5356.0,402.5,-1
-31.87105,-158.059,5262.244,5254.0,415.5,-1
-32.91696,-157.1185,5286.884,5270.0,949.2,9998
-32.98274,-157.0996,5225.703,5330.0,948.9,9998
-33.11115,-157.0403,5292.03,5365.0,991.8,9998
-33.2072,-157.116,5262.625,5265.0,1039.6,-1
-33.29314,-156.9446,5267.142,5255.0,1019.7,-1
-33.3242,-156.8455,5251.525,5223.0,1022.6,-1
-33.44581,-156.9611,5194.481,5195.0,1068.9,-1
-33.65461,-157.0389,5175.388,5183.0,1065.7,-1
-33.91089,-157.1087,5233.528,5238.0,767.6,-1
-34.17255,-157.1248,5156.16,5150.0,369.8,-1
-34.41257,-157.0843,5226.713,5229.0,303.8,-1
-34.66544,-156.9996,5181.144,5204.0,339.1,-1
-34.4572,-156.8662,5241.327,5242.0,331.0,-1
-34.18798,-156.9199,5203.36,5205.0,438.2,-1
-34.00071,-156.9601,5141.208,5150.0,669.5,-1
-33.95336,-157.0044,5209.862,5201.0,732.5,-1
-33.88097,-156.9336,5134.958,5147.0,825.2,-1
-34.18221,-157.1238,5149.465,5148.0,361.5,-1
-34.41909,-157.0901,5237.855,5230.0,306.4,-1
-34.46266,-157.1223,5256.83,5257.0,330.0,-1
-34.91685,-157.8252,5365.413,5334.0,377.2,9998
-34.81605,-157.991,5389.671,5404.0,249.4,9998
-34.74903,-158.1267,5251.08,5324.0,178.4,9998
-34.76575,-158.2917,5236.536,5239.0,238.4,-1
-34.81432,-158.3561,5273.336,5277.0,306.2,-1
-34.88815,-158.3991,5323.097,5324.0,363.8,-1
-35.27875,-158.567,4801.576,5311.0,916.9,-1
-35.28189,-158.6024,5364.274,5373.0,1062.9,-1
-35.26738,-158.5479,5254.719,5272.0,961.4,-1
-35.3254,-158.4412,5019.799,5028.0,982.7,-1
-35.45429,-158.2439,5369.521,5388.0,1169.6,-1
-35.77355,-158.1656,5167.658,5190.0,1252.5,-1
-35.99616,-158.9812,5288.196,5292.0,1111.2,9998
-36.0725,-159.1263,5191.17,5119.0,909.4,9998
-36.15614,-159.2175,5289.285,5344.0,801.9,9998
-36.3383,-159.4739,5354.384,5348.0,662.1,-1
-36.5814,-159.5994,5182.604,5194.0,445.3,9998
-36.9359,-159.8945,4319.761,5056.0,515.0,-1
-37.4828,-159.7825,4889.929,5053.0,545.4,-1
-37.49413,-159.5258,4905.06,4914.0,479.6,9998
-36.58707,-158.5724,5260.021,5378.0,296.5,-1
-35.25178,-162.8499,5358.187,5359.0,723.4,9998
-35.2274,-162.8308,5313.642,5353.0,759.6,9998
-35.08471,-163.0474,5365.625,5379.0,995.6,-1
-35.00736,-163.2338,5436.06,5356.0,1180.5,9998
-34.84599,-163.2938,5396.436,5392.0,1547.7,-1
-34.79316,-163.3045,5399.462,5402.0,1610.5,-1
-34.76452,-163.1619,5418.455,5423.0,1613.9,-1
-34.64281,-163.0933,5414.541,5422.0,1629.5,-1
-34.58205,-163.1389,5466.563,5481.0,1618.3,-1
-34.64007,-163.0598,5458.598,5462.0,1641.0,-1
-34.71546,-162.8323,5469.405,5491.0,1637.4,9998
-34.94658,-162.483,5436.476,5427.0,1478.3,9998
-34.97657,-162.209,5481.576,5440.0,1495.6,9998
-34.79545,-162.343,5458.524,5488.0,1552.7,9998
-34.70212,-162.7521,5456.826,5476.0,1612.7,9998
-34.59664,-162.9291,5416.984,5422.0,1585.3,9998
-34.60047,-163.2116,5415.627,5421.0,1619.9,-1
-34.00824,-164.1514,5467.898,5465.0,844.0,-1
-32.87849,-164.4213,5213.923,5217.0,836.1,-1
-32.49895,-164.5372,5337.841,5326.0,919.2,9998
-32.0701,-164.5095,5276.016,5252.0,996.9,-1
-32.0008,-164.5489,5373.713,4854.0,1033.2,-1
-31.76395,-164.5905,5259.964,5229.0,997.8,9998
-31.69432,-164.5384,5226.069,5225.0,946.0,-1
-31.71692,-164.3497,5363.377,5359.0,753.3,-1
-31.67948,-164.3942,5283.164,5286.0,782.1,-1
-31.53853,-164.5914,5273.243,5251.0,916.0,-1
-31.10505,-164.6594,5440.559,5415.0,573.1,-1
-30.81384,-164.4268,5402.718,5416.0,558.3,-1
-30.64184,-164.266,5403.666,5398.0,473.9,9998
-30.3807,-164.3505,5214.897,5221.0,599.7,-1
-30.20665,-164.5648,5285.833,5204.0,784.2,9998
-29.29154,-165.1738,4971.559,5157.0,2050.4,9998
-29.07317,-165.0529,5286.016,5263.0,2098.5,9998
-28.97932,-164.8713,5069.502,5328.0,1924.8,9998
-28.92068,-164.7421,5382.992,5479.0,1970.7,9998
-28.97165,-164.3235,5424.339,5408.0,1881.2,9998
-28.95051,-164.1307,5406.038,5401.0,1784.8,-1
-29.03231,-163.8253,5310.749,5302.0,1616.2,-1
-28.95337,-163.6563,5341.116,5340.0,1777.4,-1
-28.89108,-163.6288,5321.566,5326.0,1871.5,-1
-28.8729,-163.5833,5313.142,5321.0,1907.9,-1
-28.95596,-163.7989,5364.664,5359.0,1749.2,-1
-29.05392,-164.0594,5387.684,5396.0,1705.1,-1
-29.08255,-164.1028,5480.86,5462.0,1738.3,9998
-29.1706,-164.1967,5502.516,5495.0,1782.8,-1
-29.11626,-164.3205,5455.083,5447.0,1905.6,-1
-29.19909,-164.456,5417.365,5413.0,1992.4,9998
-29.57151,-164.2816,5526.647,5485.0,1657.6,-1
-29.83075,-164.4879,5444.217,5429.0,1429.1,-1
-29.8882,-164.5674,5349.735,5339.0,1259.1,-1
-29.83577,-164.5665,5386.479,5367.0,1365.7,9998
-29.63068,-164.7248,5264.167,5280.0,1687.7,-1
-29.43894,-164.6077,5312.227,5307.0,1892.8,-1
-29.32816,-164.953,5453.538,5389.0,2124.3,9998
-29.39798,-164.3169,5341.027,5348.0,1698.9,-1
-29.39699,-164.5839,5301.099,5293.0,1906.9,-1
-29.40512,-165.013,5165.169,5210.0,1985.7,9998
-29.45905,-165.3842,5219.74,5241.0,1942.0,9998
-30.02476,-165.1076,5275.441,4795.0,807.4,-1
-29.8084,-165.2086,5296.08,5215.0,1372.4,9998
-29.42218,-165.717,5337.141,5337.0,1973.8,9998
-29.35267,-166.048,5464.376,5469.0,1839.7,-1
-29.44054,-166.0639,5371.339,5372.0,1861.8,-1
-29.51561,-166.1144,5361.23,5361.0,1830.3,-1
-29.56778,-166.3103,5453.241,5460.0,1741.6,-1
-29.64702,-166.3103,5303.029,5325.0,1662.5,-1
-29.74511,-166.1526,5441.445,5435.0,1693.4,9998
-29.76439,-166.0641,5433.203,5453.0,1662.9,9998
-29.85968,-165.9692,5238.964,5420.0,1452.1,9998
-29.80549,-166.1979,5388.139,5364.0,1620.4,9998
-29.7285,-166.0533,5407.839,5419.0,1685.1,9998
-29.85273,-166.0866,5430.84,5417.0,1557.8,9998
-29.87379,-166.2254,5421.823,5458.0,1547.8,9998
-30.11091,-166.2843,5458.235,5462.0,1113.9,9998
-30.13155,-166.4037,5492.606,5512.0,1144.4,9998
-29.62765,-166.4333,5562.057,5564.0,1696.5,-1
-29.21197,-166.4019,5321.82,5363.0,1593.7,-1
-29.03734,-166.4296,5455.793,5458.0,1395.5,-1
-28.91212,-166.6017,5257.97,5391.0,1122.2,-1
-28.86008,-166.732,5355.886,5368.0,1126.5,-1
-29.06389,-166.7579,5545.361,5538.0,1449.5,-1
-29.30283,-166.8841,5389.806,5393.0,1702.4,-1
-29.38516,-167.0596,5335.896,5338.0,1803.5,-1
-29.58806,-166.9485,5417.974,5415.0,1827.8,-1
-29.76629,-166.9995,5432.718,5442.0,1645.9,9998
-29.67961,-167.0025,5459.004,5448.0,1762.3,9998
-29.73566,-167.0101,5410.355,5415.0,1679.4,9998
-29.63259,-167.075,5460.768,5322.0,1813.5,9998
-29.4989,-167.0108,5335.558,5343.0,1868.4,-1
-29.47117,-167.1923,5356.404,5362.0,1841.5,9998
-29.43613,-167.2998,5377.251,5341.0,1877.7,-1
-29.47856,-167.4198,5324.519,5326.0,1876.5,-1
-29.48577,-167.5882,5296.604,5336.0,1792.8,-1
-29.40453,-167.6539,5373.583,5347.0,1914.6,-1
-29.3573,-167.7328,5470.573,5346.0,1990.2,-1
-29.23137,-167.6051,5473.629,5352.0,2045.3,-1
-38.22072,-173.091,5294.999,5296.0,1246.3,9998
-38.02039,-173.3285,5342.74,5342.0,1283.6,-1
-38.06197,-173.4503,5319.188,5325.0,1189.1,-1
-38.18477,-173.6015,5327.556,5323.0,1003.0,-1
-38.211,-173.875,5289.095,5289.0,746.8,-1
-38.26815,-174.1918,5275.702,5275.0,451.4,-1
-38.06711,-174.4162,5304.272,5305.0,708.7,-1
-37.94651,-174.277,5340.354,5333.0,944.4,9998
-38.10213,-174.4542,5294.279,5297.0,646.3,-1
-38.2433,-174.3193,5285.69,5286.0,420.8,-1
-38.27791,-174.3414,5282.284,5282.0,333.6,-1
-38.47271,-174.2139,5228.625,5241.0,69.7,-1
-38.68861,-174.2034,5203.333,5205.0,296.4,9998
-38.55212,-174.3622,5219.964,5223.0,246.9,-1
-38.51162,-174.4819,5236.065,5242.0,257.3,-1
-38.43395,-174.3541,5247.92,5247.0,51.4,-1
-38.40203,-174.5063,5265.661,5260.0,58.3,-1
-38.06277,-174.5913,5261.947,5261.0,660.7,-1
-37.87637,-174.6176,5284.41,5295.0,959.6,9998
-37.79523,-174.3644,5353.112,5354.0,1045.7,-1
-37.76878,-174.0874,5377.04,5370.0,984.2,-1
-37.88353,-174.3053,5341.935,5326.0,1002.2,-1
-37.59046,-174.8429,5389.035,5391.0,794.7,-1
-37.52398,-175.2536,5316.151,5324.0,549.7,9998
-37.25486,-176.5362,5232.487,5226.0,735.1,9998
-36.76872,-177.4984,5357.765,5394.0,1848.3,9998
-31.91047,-178.3375,4045.647,4106.0,1140.4,9998
-31.04836,-177.9093,3987.458,3977.0,629.7,9998
-30.54855,-177.7101,3794.53,3801.0,544.7,9998
-28.28587,-175.3178,5720.311,5940.0,1832.0,9998
-28.29412,-175.2751,5874.581,5853.0,2036.3,9998
-28.31271,-175.2951,5788.211,5817.0,1949.3,9998
-28.41627,-175.3201,5837.683,5585.0,1955.2,9998
-29.06778,-175.3354,5834.971,5832.0,2739.4,-1
-29.05324,-175.2983,5825.016,5799.0,2748.7,-1
-29.05525,-175.0138,5736.899,5736.0,2862.7,9998
-28.82056,-174.9208,5717.75,5749.0,2346.2,9998
-28.70195,-174.8326,5749.344,5802.0,2071.6,9998
-28.70828,-175.0122,5840.259,5850.0,2384.2,9998
-28.23639,-174.974,5801.399,5817.0,2140.0,-1
-28.16843,-174.9245,5789.533,5793.0,2029.0,9998
-28.31587,-175.0063,5843.917,5832.0,2225.8,-1
-28.38896,-174.9707,5783.727,5859.0,2164.0,-1
-28.56383,-174.9548,5831.621,5850.0,2196.8,9998
-28.67633,-175.0731,5857.583,5937.0,2414.3,9998
-51.15493,-150.0897,3983.984,4389.0,1664.5,9998
-51.16215,-150.1465,3935.523,4384.0,1595.6,9998
-51.18251,-150.1985,3932.985,4300.0,1507.0,9998
-51.2154,-150.2167,4162.332,4321.0,1564.1,9998
-51.24821,-150.252,4203.246,4264.0,1536.2,-1
-51.27692,-150.2733,4211.399,4206.0,1533.2,-1
-51.62842,-150.7149,4528.379,4460.0,2962.4,-1
-51.73924,-150.8408,4488.829,4383.0,3516.8,-1
-51.91336,-150.9957,4352.041,4457.0,4401.2,-1
-52.01002,-151.0303,4557.435,4337.0,5272.1,-1
-52.10662,-150.8874,4645.394,4622.0,5895.3,-1
-52.22516,-150.8571,4645.247,4596.0,6758.0,-1
-52.36202,-150.8267,4441.981,4349.0,7483.8,-1
-52.51733,-150.7645,4523.554,4828.0,8191.0,-1
-52.77269,-150.8312,4346.366,4411.0,9536.5,-1
-53.03551,-150.5903,4394.14,4370.0,10459.1,-1
-53.52199,-150.0364,4300.038,4398.0,8978.2,9998
-53.29119,-147.0492,3950.731,4081.0,3163.6,-1
-54.14047,-146.8921,3776.714,4020.0,7964.9,-1
-54.13076,-146.8339,3969.992,3984.0,8177.5,-1
-53.52186,-145.9109,3912.898,4064.0,1628.3,-1
-53.95583,-145.7547,3791.865,3870.0,4255.9,-1
-54.17486,-145.2859,3797.244,3648.0,6382.0,-1
-54.36848,-143.7103,3719.968,3559.0,2069.2,-1
-54.4238,-144.0984,3537.28,3600.0,3811.6,-1
-54.55815,-143.5102,3516.186,3471.0,2105.8,-1
-54.55619,-143.0853,3489.867,3520.0,3087.6,-1
-54.51553,-143.0415,3574.48,3601.0,3574.5,-1
-55.35676,-141.9184,3502.784,3051.0,3627.7,9998
-55.06337,-141.1786,3252.71,2967.0,2262.1,9998
-54.32939,-141.9192,3221.882,3520.0,2347.4,-1
-53.53762,-141.9116,2967.875,3388.0,2945.2,-1
-53.85392,-136.8826,1755.959,2961.0,2023.2,-1
-53.37389,-136.7744,1786.596,2807.0,3254.3,-1
-52.57689,-136.9773,1762.448,4393.0,3016.7,-1
-52.35796,-136.6678,3932.57,4341.0,7099.6,-1
-52.29644,-136.0699,4140.931,4133.0,7475.8,-1
-51.429,-135.871,4405.356,4419.0,3090.7,-1
-51.33569,-134.8526,4330.119,4378.0,2309.6,9998
-51.71361,-134.7208,4730.13,4726.0,2901.9,9998
-51.76041,-135.616,4499.013,4532.0,3839.9,-1
-51.8435,-135.6826,4458.401,4471.0,4178.2,-1
-51.48812,-135.7095,4438.542,4514.0,3189.6,-1
-51.26671,-135.2314,4508.628,4378.0,2592.6,-1
-50.51964,-135.0307,4692.911,4624.0,1696.6,9998
-50.45764,-134.4231,4603.004,4678.0,1435.4,-1
-50.39746,-134.0583,4463.061,4605.0,1179.9,-1
-50.31496,-133.7775,4727.624,4767.0,1077.1,-1
-50.21025,-132.9155,4690.521,4622.0,1205.5,-1
-50.11516,-132.3986,4883.704,4674.0,1267.9,-1
-49.79554,-132.1997,4365.696,4396.0,683.6,-1
-49.73394,-132.1417,4493.429,4437.0,652.9,-1
-49.235,-133.8342,4684.535,4695.0,342.2,9998
-49.42235,-133.9161,4619.158,4635.0,515.7,-1
-49.70764,-133.9376,4564.4,4813.0,707.4,-1
-49.98848,-134.1957,4629.011,4651.0,962.3,-1
-49.95508,-134.2415,4536.829,4554.0,888.1,-1
-50.12292,-134.1428,4925.663,5024.0,1165.7,-1
-50.40284,-134.2975,4646.009,4806.0,1318.8,-1
-50.47546,-134.36,3753.307,4455.0,1171.2,-1
-50.88609,-133.7478,4652.597,4679.0,1691.6,-1
-51.04346,-133.4822,4643.8,4612.0,2344.5,-1
-51.23501,-133.1953,4674.567,4631.0,3677.2,-1
-51.33788,-132.9676,4659.877,4670.0,4362.6,-1
-51.45046,-131.909,4579.013,4600.0,3908.5,-1
-51.43618,-131.7989,4398.265,4477.0,3724.8,-1
-51.43615,-131.7462,4496.911,4359.0,3826.9,-1
-43.12881,-149.9056,3938.813,5348.0,457.5,9998
-43.12282,-149.8718,3940.665,5330.0,457.8,9998
-43.12355,-149.8439,3935.211,5312.0,456.2,9998
-43.07296,-149.7735,5116.691,5255.0,597.4,9998
-43.04026,-149.751,5163.98,5154.0,606.8,9998
-43.16509,-149.5905,4972.441,5026.0,556.6,-1
-43.32839,-149.279,5272.205,5269.0,526.7,9998
-43.33141,-149.2049,5314.799,5303.0,543.5,9998
-43.31823,-149.161,5286.732,5273.0,537.5,9998
-43.28105,-149.1505,5356.732,5331.0,517.5,9998
-43.2842,-149.0872,5222.07,5252.0,527.3,9998
-43.29112,-149.0661,5328.562,5304.0,545.2,9998
-43.30447,-149.0845,5307.939,5300.0,547.4,9998
-43.34844,-149.073,5361.345,5348.0,574.3,9998
-43.4012,-148.8583,5378.931,5377.0,536.6,-1
-43.40555,-148.803,5440.176,5441.0,512.9,-1
-43.37775,-148.8297,5329.101,5321.0,521.8,-1
-43.38162,-148.7562,5443.478,5433.0,493.4,-1
-43.30745,-148.719,5305.129,5112.0,500.9,9998
-43.2778,-148.7066,5157.087,5186.0,506.5,9998
-43.26964,-148.7623,5123.574,5109.0,517.5,9998
-43.34183,-148.7502,5376.638,5347.0,499.1,9998
-43.29571,-148.7009,5251.598,5207.0,500.1,9998
-43.16397,-148.7581,5155.3,5160.0,586.6,9998
-43.09029,-148.8989,5119.396,5105.0,559.9,9998
-43.1276,-149.0871,5309.283,5299.0,489.8,9998
-43.22194,-149.0782,5310.689,5306.0,510.6,-1
-43.28337,-149.0558,5327.115,5317.0,542.9,9998
-43.31999,-149.021,5311.222,5268.0,560.3,9998
-43.33001,-148.9972,5259.715,5257.0,559.3,9998
-43.31196,-149.1327,5311.71,5309.0,541.1,9998
-43.29876,-149.2057,5279.771,5277.0,512.0,9998
-43.24496,-149.301,5240.003,5251.0,468.7,-1
-43.20307,-149.3454,5122.636,5135.0,463.4,-1
-43.1792,-149.4404,5010.336,5013.0,499.2,-1
-43.19842,-149.5154,4951.097,4991.0,525.4,-1
-43.2276,-149.5591,4623.636,5165.0,494.8,-1
-43.22821,-149.7834,5223.744,5279.0,601.8,9998
-43.21043,-150.1529,5337.217,5309.0,633.5,9998
-43.25071,-150.239,5289.766,5305.0,659.4,9998
-43.22426,-150.2885,5463.484,5380.0,690.0,9998
-43.18927,-150.3618,5173.499,5220.0,679.7,9998
-43.11362,-150.279,5220.215,5247.0,672.5,9998
-43.04323,-150.2527,5036.375,5032.0,666.4,9998
-43.13245,-150.052,5333.771,5351.0,630.1,9998
-43.24482,-150.126,5264.888,5325.0,624.1,9998
-43.3028,-150.3684,5327.588,5401.0,696.3,9998
-43.34107,-150.524,5183.208,5178.0,732.2,9998
-43.44923,-150.6424,5196.91,5251.0,743.1,9998
-43.49891,-150.6347,5182.939,5192.0,729.5,9998
-43.56724,-150.6248,5149.878,5158.0,675.4,9998
-43.61328,-150.6089,5054.521,5085.0,618.7,9998
-43.69734,-150.4801,5193.982,5254.0,564.9,9998
-43.71243,-150.5468,4912.953,5186.0,518.1,9998
-43.68738,-150.4041,5196.311,5200.0,578.2,9998
-43.69995,-150.2611,5170.834,5183.0,555.4,9998
-43.6566,-150.1418,5062.545,5186.0,548.4,9998
-43.68446,-150.0787,5114.852,5106.0,518.5,9998
-43.67263,-150.1077,4934.884,4942.0,516.7,9998
-43.70855,-150.1109,5181.774,5247.0,513.2,9998
-43.76131,-150.0752,5396.557,5407.0,478.7,9998
-43.77539,-150.073,5362.584,5366.0,461.2,9998
-43.81639,-150.1138,5263.254,5317.0,420.8,9998
-43.86673,-150.1344,5199.421,5172.0,365.6,9998
-43.90228,-150.1028,5038.398,5112.0,312.5,9998
-43.94655,-150.0512,5308.108,5269.0,285.8,9998
-43.96045,-149.9919,5311.103,5321.0,271.0,9998
-43.92367,-150.0021,5342.093,5358.0,297.4,9998
-43.90122,-149.9709,5349.942,5368.0,310.8,9998
-43.8338,-149.9654,5295.774,5323.0,364.6,9998
-43.75395,-149.8714,5039.437,5152.0,407.7,9998
-43.55912,-149.9709,5209.446,5240.0,545.3,9998
-43.48259,-149.8779,5219.942,5311.0,549.9,9998
-43.40652,-149.9695,5147.921,5190.0,539.0,9998
-43.40304,-149.982,5188.796,5206.0,544.3,9998
-43.3946,-150.138,5190.35,5175.0,584.9,9998
-43.47332,-150.113,5183.726,5188.0,578.7,9998
-43.477,-150.1118,5156.508,5161.0,575.8,9998
-43.55884,-150.2466,5076.738,5073.0,617.4,9998
-43.56198,-150.3078,5004.344,5026.0,621.4,9998
-43.53574,-150.3494,5149.893,5148.0,649.9,9998
-43.63155,-150.4967,5088.525,5108.0,604.4,9998
-43.80934,-150.6227,5007.525,5058.0,466.4,9998
-43.87365,-150.6832,5146.44,5244.0,481.9,-1
-40.03268,133.4023,5386.592,5401.0,760.0,9998
-39.92724,133.4326,5384.126,5327.0,476.5,-1
-39.82097,133.532,5526.914,5525.0,297.6,-1
-39.62831,134.2507,5545.101,5527.0,341.3,9998
-39.45961,135.1541,5523.903,5420.0,795.8,-1
-39.04362,135.4695,5521.304,5470.0,570.3,-1
-38.19231,135.5919,5523.275,5478.0,979.5,-1
-38.42622,135.8367,5525.385,5525.0,592.2,9998
-38.76605,135.4775,5533.245,5541.0,403.7,9998
-39.1404,134.8785,5537.606,5501.0,590.6,-1
-39.43558,134.2306,5556.418,5538.0,613.2,9998
-39.7105,133.8194,5555.893,5560.0,127.1,9998
-39.74453,133.6348,5561.002,5337.0,213.8,9998
-39.73461,133.6555,5559.46,5342.0,203.0,9998
-39.55251,134.0384,5331.256,4670.0,358.9,-1
-39.64322,134.1874,5545.094,5541.0,298.8,9998
-39.9,134.0897,5533.646,5483.0,444.8,9998
-39.90885,133.9025,5535.479,5453.0,425.6,9998
-39.91686,133.7074,5440.656,5469.0,425.9,-1
-39.89926,133.4094,5560.248,5488.0,439.0,-1
-39.89419,133.2326,5561.217,5566.0,444.2,9998
-39.8516,133.1066,5563.076,5558.0,382.0,9998
-39.87854,133.0763,5562.87,5545.0,423.7,-1
-39.85678,133.0167,5564.234,5575.0,385.4,-1
-39.84007,132.8179,5563.373,5563.0,320.3,-1
-40.01517,132.1364,5564.735,5592.0,541.6,9998
-40.23592,132.1276,5527.77,5519.0,777.1,-1
-40.1843,132.1493,5561.941,5570.0,699.6,-1
-40.1589,132.0622,5563.114,5577.0,746.5,9998
-40.36398,131.8748,5172.997,5398.0,944.7,9998
-40.44752,131.8586,5579.7,5518.0,1119.5,9998
-40.28938,132.4163,5385.691,5434.0,737.0,9998
-40.29922,133.1748,5555.983,5595.0,933.4,9998
-40.30435,133.338,5554.626,5501.0,902.3,9998
-40.28228,133.2531,5555.604,5563.0,927.9,9998
-40.22597,133.0806,5213.266,5177.0,883.5,9998
-40.22495,133.1917,5397.145,5345.0,926.1,9998
-40.18317,133.0257,5054.948,5197.0,824.2,-1
-40.25292,132.9954,5560.746,5505.0,937.9,9998
-40.24817,133.1089,5186.13,5252.0,893.1,9998
-40.23824,133.0719,5049.01,5167.0,860.4,9998
-40.25012,132.9261,5557.651,5547.0,919.6,9998
-38.99622,129.0834,5304.12,5413.0,626.9,-1
-38.8962,128.843,5459.74,5249.0,918.1,9998
-38.89951,128.7112,5324.017,5452.0,914.6,9998
-38.93317,128.6433,5457.689,5343.0,896.9,9998
-38.98654,128.5902,5445.76,5144.0,813.0,9998
-39.03992,128.6033,5461.702,5265.0,731.2,-1
-38.94732,128.1832,5464.456,5443.0,764.8,-1
-39.0026,128.0031,5486.202,5448.0,591.5,9998
-38.8945,127.7896,5394.117,5416.0,702.5,-1
-38.72003,127.602,5388.974,5477.0,803.1,-1
-38.97772,128.5973,5443.44,5117.0,827.0,9998
-38.94207,129.0264,5388.673,5413.0,755.1,-1
-39.01045,129.3401,5466.748,5447.0,540.1,-1
-38.95081,129.428,5580.651,5512.0,613.5,-1
-39.09591,129.4166,5580.384,5566.0,444.4,-1
-38.99385,129.379,5580.339,5474.0,567.6,-1
-38.80067,129.3489,5461.625,5488.0,794.6,9998
-38.71392,128.9851,5452.28,5435.0,1063.8,-1
-38.87779,128.9249,5135.707,5383.0,861.1,-1
-38.86509,128.8605,5159.26,5209.0,902.2,9998
-38.86641,128.7557,5428.687,5395.0,971.8,9998
-38.88289,128.4884,5305.821,5302.0,958.3,-1
-38.9492,128.2402,5433.292,5465.0,784.2,-1
-38.98556,127.8164,5566.995,5560.0,592.6,9998
-38.90436,127.4434,5283.051,5416.0,512.5,9998
-38.76647,127.1147,5492.125,5519.0,768.8,9998
-38.49332,127.0443,5270.461,5420.0,1061.3,-1
-38.43714,126.7484,5427.057,5222.0,960.7,-1
-38.38437,126.7676,5679.289,5318.0,993.6,-1
-38.38038,126.8018,5385.943,5307.0,965.6,-1
-38.29308,126.8649,5514.323,5247.0,1004.8,-1
-38.27107,127.0508,5355.208,5490.0,1107.2,-1
-38.20406,127.1411,5414.491,5503.0,1145.0,-1
-38.34666,127.1533,5611.614,5509.0,1227.5,-1
-38.42537,127.0281,5575.11,5413.0,1140.1,-1
-38.44605,127.2231,5526.923,5575.0,1146.6,-1
-38.42138,127.4234,5638.851,5526.0,1222.3,-1
-38.39759,127.5762,5371.897,5514.0,1190.7,-1
-38.38708,127.609,5503.73,5532.0,1218.4,-1
-38.396,127.636,5435.402,5556.0,1192.4,-1
-38.41196,127.7828,5512.04,5489.0,1145.0,-1
-38.43909,127.9428,5435.478,5497.0,1040.4,-1
-38.42498,127.826,5564.083,5470.0,1127.9,-1
-38.43941,127.816,5629.654,5490.0,1135.8,-1
-38.49654,127.7969,5517.706,5474.0,1080.4,-1
-38.69372,127.9062,5425.383,5419.0,968.4,-1
-38.68038,128.1654,5554.668,5515.0,1064.1,-1
-38.6944,128.2944,5583.682,5540.0,1137.5,-1
-38.69925,128.3702,5604.571,5506.0,1166.6,-1
-38.72865,128.4365,5672.055,5499.0,1194.9,-1
-38.68114,128.7734,5454.231,5418.0,1131.9,-1
-38.6526,129.0585,5667.84,5414.0,1101.4,-1
-38.42113,129.0931,5572.5,5537.0,1023.8,-1
-38.45278,129.0733,5517.727,5558.0,1031.5,9998
-38.40193,129.1007,5578.604,5528.0,1007.0,-1
-38.43142,129.1838,5579.944,5530.0,1062.9,-1
-38.45451,129.2026,5457.924,5528.0,1048.6,-1
-38.50111,129.1912,5578.458,5525.0,1078.7,9998
-38.53906,129.1975,5487.786,5485.0,1048.3,9998
-38.56736,129.2861,5440.641,5567.0,1004.4,-1
-38.5455,129.4465,5361.273,5554.0,943.1,9998
-38.52896,129.3985,5582.313,5552.0,1019.6,-1
-38.23172,129.438,5589.233,5551.0,1017.7,-1
-37.96435,129.9502,5244.364,5388.0,755.3,-1
-37.85389,129.9104,5590.487,5481.0,854.2,9998
-37.76301,129.7757,5591.016,5600.0,812.3,9998
-37.69544,129.5999,5592.694,5605.0,753.0,9998
-37.36878,128.9805,5591.89,5574.0,753.7,-1
-37.40389,128.7347,5598.836,5553.0,663.8,-1
-37.37175,128.0332,5596.434,5608.0,548.4,9998
-37.3992,127.6793,5584.91,5579.0,500.4,9998
-38.70497,124.809,5291.766,4897.0,360.8,-1
-38.71844,124.503,5284.98,5097.0,482.9,-1
-38.69742,124.4448,5274.239,5151.0,495.4,-1
-38.60316,124.0208,5280.289,5269.0,664.8,-1
-38.54129,124.0035,5118.805,5113.0,572.6,-1
-38.55895,123.9622,5202.426,5128.0,621.6,-1
-38.55742,123.9445,5131.494,5125.0,617.3,-1
-38.54499,123.9017,5200.106,5153.0,620.1,-1
-38.45665,123.818,5067.952,5141.0,503.7,-1
-38.36666,123.7403,5073.713,5160.0,454.1,-1
-38.2353,123.3495,5244.72,5190.0,748.7,-1
-38.1945,122.9879,5082.032,5145.0,452.8,-1
-38.13335,122.5085,5046.188,5224.0,316.6,-1
-38.10748,122.358,5223.176,5179.0,363.1,-1
-38.10059,122.3719,5257.764,5209.0,360.5,-1
-38.05288,122.4119,5033.717,5490.0,358.9,-1
-38.01506,122.2478,5152.484,5210.0,424.3,-1
-37.88859,122.0649,5075.772,5063.0,778.1,-1
-38.10347,122.1138,4899.846,5080.0,324.5,-1
-38.03879,122.2833,4891.239,5179.0,370.8,-1
-37.58507,121.736,4837.58,4909.0,1755.2,-1
-37.44679,121.924,4500.618,4158.0,1804.7,-1
-37.4191,121.9071,4654.829,4413.0,1883.1,-1
-37.44542,121.8308,5095.362,4774.0,1984.3,-1
-37.42136,121.9247,4553.109,4317.0,1845.7,-1
-37.4166,122.0365,5139.869,4500.0,1984.5,-1
-37.33813,123.1457,4987.197,4971.0,1126.7,9998
-37.27589,123.2626,4893.707,5260.0,1028.2,9998
-37.05216,121.8268,5235.003,5117.0,1598.5,-1
-37.1973,122.107,4841.823,5086.0,1674.0,-1
-37.18674,122.1201,4964.567,5033.0,1704.7,-1
-37.20241,122.1175,4757.661,5036.0,1643.0,-1
-37.52833,123.556,5016.304,4859.0,1113.7,9998
-37.30788,124.4348,5191.185,5052.0,902.8,9998
-39.05917,120.1395,4918.244,4880.0,780.0,-1
-39.02906,120.1982,5096.093,4940.0,752.8,-1
-39.09067,120.2508,4872.537,4889.0,652.5,-1
-39.24352,120.3449,5013.398,4961.0,610.4,-1
-39.19401,120.4688,4848.623,4802.0,490.9,-1
-39.09207,120.2797,4857.303,4871.0,621.7,-1
-39.05443,120.105,4936.482,4862.0,811.9,-1
-39.02256,119.9258,4930.87,4898.0,989.4,-1
-39.01955,120.3056,4991.585,4910.0,614.6,-1
-39.04909,120.3958,5047.13,4889.0,530.5,-1
-38.9839,120.4183,4989.467,4865.0,514.9,-1
-38.91277,120.3047,4908.997,4844.0,662.3,-1
-38.81364,119.9945,4994.393,4915.0,1098.9,-1
-38.73551,119.8589,4943.608,4668.0,1232.2,-1
-38.75181,119.7906,4975.704,4764.0,1238.7,-1
-38.86385,119.6805,4871.472,4939.0,1177.8,-1
-38.89197,119.5904,5068.82,5034.0,1166.5,-1
-38.86981,119.4274,5006.489,4961.0,1011.0,-1
-39.19068,119.2768,5061.51,5085.0,557.5,9998
-39.19586,119.2902,5069.167,5028.0,573.4,9998
-39.17795,119.3072,5073.247,5120.0,615.3,9998
-39.10353,119.4389,4828.188,4841.0,805.4,9998
-39.0693,119.4673,4898.838,4894.0,874.8,9998
-39.07335,119.4978,4848.966,4843.0,895.0,9998
-39.08161,119.9393,4913.771,4868.0,941.8,-1
-39.08172,120.0707,4903.101,4866.0,814.9,-1
-39.042,120.0295,4920.871,4934.0,876.2,-1
-39.03763,120.343,4837.629,4897.0,556.4,-1
-38.98771,120.4626,4869.186,4914.0,463.6,-1
-38.97587,120.464,4845.71,4928.0,465.1,-1
-38.98515,120.4844,4869.867,4937.0,446.3,-1
-38.93485,120.5522,4888.71,5022.0,415.5,-1
-38.89631,120.5125,4834.683,5057.0,479.7,-1
-38.89019,120.3862,4878.252,5023.0,603.8,-1
-38.85294,120.2079,4821.212,4850.0,808.3,-1
-39.37249,118.6331,4830.497,5031.0,327.8,-1
-39.56054,117.9385,4599.155,4653.0,848.1,-1
-39.64788,117.4296,4908.961,4797.0,915.2,-1
-39.29538,116.8117,4732.888,4743.0,280.8,9998
-39.46924,116.5036,4870.43,4902.0,411.6,9998
-39.63266,116.1544,4788.168,4749.0,853.2,9998
-39.7916,115.6136,4811.39,4816.0,936.8,-1
-39.90389,115.3542,4812.797,4799.0,809.9,-1
-39.97037,115.286,4945.287,4884.0,825.0,-1
-39.96464,115.3333,4853.039,4836.0,819.4,-1
-39.90828,115.295,4758.542,4757.0,780.9,-1
-39.86512,115.465,4771.179,4787.0,851.1,-1
-40.12386,115.5689,4750.781,4774.0,690.0,-1
-40.1993,116.2559,4806.457,4849.0,842.0,-1
-40.13984,116.7171,4827.346,4798.0,975.1,-1
-39.99808,116.7673,4734.237,4828.0,881.3,-1
-40.04004,116.7703,5047.163,4816.0,959.9,-1
-39.76019,116.9659,4708.806,4732.0,755.0,9998
-39.91382,117.7123,4822.108,4746.0,985.8,-1
-39.96941,117.8029,4754.537,4765.0,869.3,-1
-40.00324,117.8366,5042.913,4763.0,866.8,-1
-39.97355,117.8798,4953.722,4778.0,840.2,-1
-40.00602,117.6882,4860.491,4762.0,900.2,-1
-40.09456,117.6882,4901.682,4758.0,844.1,-1
-38.82533,115.489,4802.008,4718.0,708.5,9998
-38.65589,115.3125,4858.367,4811.0,1387.3,-1
-38.49889,115.166,4761.672,4734.0,1653.6,-1
-38.46182,114.7472,4796.924,4790.0,1061.7,-1
-38.16216,114.6607,4837.622,4799.0,830.9,-1
-37.64376,114.4273,4796.596,4613.0,1050.5,-1
-37.39648,113.8792,4803.205,4727.0,1322.8,9998
-37.4536,113.5151,4952.615,4995.0,1453.1,9998
-37.46445,113.5144,4999.167,4959.0,1473.6,-1
-37.36732,113.4855,4987.281,5049.0,1324.1,9998
-37.71607,113.5688,4762.588,4622.0,1541.2,-1
-37.86327,113.93,4762.429,4705.0,1323.3,9998
-37.85316,113.8292,4752.336,4818.0,1394.5,9998
-37.86892,113.6528,4739.223,4776.0,1415.0,-1
-38.03256,113.0001,4818.171,4458.0,1338.9,-1
-38.06519,113.1545,4778.749,4451.0,1241.0,-1
-38.05865,113.0145,4890.26,4429.0,1346.4,-1
-38.35024,112.6967,4900.708,4595.0,1427.0,-1
-38.38586,112.547,4526.286,4571.0,1403.9,-1
-38.47626,112.5687,4319.557,4272.0,1390.3,-1
-38.55812,112.5057,4429.116,4316.0,1431.1,-1
-38.64756,112.7739,4713.067,4546.0,1167.3,-1
-38.7615,112.7735,4757.289,4362.0,1135.9,-1
-39.02979,112.9814,4785.323,4440.0,800.1,-1
-39.62285,113.1835,4717.312,4492.0,765.6,-1
-39.09009,113.7892,4659.667,4616.0,653.3,9998
-38.92077,113.3728,4796.046,4592.0,332.6,-1
-38.80406,112.899,4809.103,4343.0,954.4,-1
-38.77637,112.6091,4783.2,4426.0,1416.6,-1
-38.47372,110.287,4434.496,4631.0,533.0,-1
-38.26976,110.4972,3868.737,4365.0,477.3,-1
-38.19823,110.7474,4669.46,4501.0,647.2,-1
-38.22217,110.824,4711.887,4778.0,635.5,9998
-38.32735,110.7883,4462.648,4505.0,525.1,9998
-38.23303,111.24,4563.175,4581.0,464.4,9998
-38.05064,111.2123,4693.121,4726.0,436.3,9998
-38.05219,111.3289,4311.258,4297.0,393.1,9998
-37.72511,111.2534,4624.104,4791.0,256.0,9998
-37.64948,111.804,4866.181,4925.0,425.4,9998
-37.58866,112.3088,4796.037,4836.0,704.4,-1
-37.62786,112.4448,4723.984,4754.0,852.1,-1
-37.58734,112.5693,4510.476,4649.0,874.8,-1
-37.49648,112.8938,4599.134,4929.0,1051.3,-1
-37.65268,112.3253,4759.897,4781.0,785.8,-1
-37.78435,112.3519,4870.294,4643.0,980.5,-1
-55.68351,175.1517,5129.243,5210.0,2115.9,9998
-57.39069,174.4424,5307.322,5300.0,1613.5,9998
-57.53205,172.6434,5389.611,5353.0,756.5,-1
-54.93959,171.6388,5042.752,5071.0,15503.1,9998
-55.02086,171.656,5061.981,5131.0,14260.0,9998
-55.76844,172.5547,5420.957,5429.0,1006.2,9998
-56.47305,173.0621,5452.519,5362.0,2237.0,-1
-57.1974,173.9037,5348.396,5294.0,514.7,9998
-57.63406,174.04,5284.301,5322.0,102.2,9998
-57.94511,173.3935,5253.224,5303.0,979.2,-1
-57.68046,172.4433,5459.982,5495.0,1579.5,9998
-57.09434,171.5228,5373.766,5436.0,963.7,9998
-56.68115,172.6804,5308.799,5401.0,1775.1,-1
-57.33445,173.4189,5359.739,5435.0,1003.5,-1
-57.6055,173.2231,5466.104,5514.0,550.6,-1
-57.07914,172.4352,5427.697,5445.0,1710.8,-1
-56.26452,172.3327,5435.802,5469.0,2553.6,9998
-56.26045,173.0572,5431.648,5440.0,1636.3,9998
-58.38118,173.9708,5275.562,5311.0,2984.7,9998
-58.71845,174.5402,5127.548,5122.0,7620.3,-1
-58.31102,176.1947,5059.021,5016.0,7462.1,-1
-58.67144,176.6211,5440.793,5058.0,6050.6,9998
-58.5757,175.2718,5159.82,5107.0,8494.6,9998
-58.78438,175.8665,5193.681,5107.0,7467.6,9998
-58.59192,177.5241,5170.841,5182.0,3208.5,9998
-58.64292,177.9442,4912.714,5029.0,2143.9,-1
-58.64666,177.8285,5009.331,5078.0,2464.5,-1
-58.98594,177.0743,5271.048,5282.0,3152.4,9998
-57.96297,175.9211,5075.909,5086.0,5851.6,9998
-57.65429,178.7749,5430.624,5239.0,3230.3,-1
-57.24598,177.899,5043.211,4925.0,7409.5,9998
-54.8618,178.126,5187.373,5135.0,1893.9,-1
-54.23162,178.7709,5326.746,5283.0,537.5,-1
-53.92985,179.6007,5212.466,5189.0,1516.1,-1
-53.70547,-178.4509,5455.276,5358.0,10906.2,9998
-54.92235,-177.8089,5217.432,5329.0,5700.4,9998
-55.45853,-177.7666,5299.298,5222.0,4883.8,-1
-54.35058,-175.7296,5286.462,5528.0,9090.8,-1
-54.88796,-174.687,5281.574,5215.0,2283.6,-1
-54.21807,-174.0842,5196.468,5216.0,4809.8,9998
-53.33236,-176.5495,5447.336,5566.0,5273.3,-1
-53.68486,-178.2015,5356.3,5396.0,10008.2,9998
-54.70008,-178.7183,5391.398,5370.0,3033.0,-1
-54.82551,-179.5797,5391.243,5291.0,2300.7,-1
-55.04353,-179.4642,5429.222,5275.0,1520.5,-1
-55.41933,179.4424,5388.26,5335.0,1937.6,-1
-54.96876,178.0972,5191.968,5166.0,2390.5,-1
-53.93529,178.4836,4938.319,4986.0,2549.6,-1
-53.51145,178.9449,4955.841,4880.0,2111.3,-1
-52.79499,-179.7118,5015.719,5075.0,3651.4,-1
-52.2522,-179.0483,5094.971,5175.0,2439.4,9998
-51.93153,-177.7046,5209.037,5247.0,4469.5,-1
-52.30047,-175.8034,5032.015,5779.0,3212.7,9998
-52.82812,-177.322,5405.337,5491.0,6095.4,9998
-53.46353,-177.0843,5361.818,5513.0,845.4,-1
-54.06696,-175.8609,5288.239,5565.0,10834.6,9998
-53.8275,-176.0823,5344.243,5586.0,10300.6,-1
-52.94533,-177.1886,5422.199,5482.0,5595.4,-1
-53.68378,-177.0061,5469.975,5515.0,2788.2,9998
-54.26611,-176.6063,5334.562,5404.0,10691.3,9998
-53.86044,-177.381,5419.247,5446.0,6086.2,9998
-53.78422,-178.0728,5404.59,5392.0,9871.4,9998
-52.25943,-179.2779,5147.336,4976.0,2152.5,9998
-51.89419,-179.7624,4905.497,4827.0,1660.1,-1
-51.88926,179.066,4985.035,4975.0,1871.9,9998
-51.81906,177.1994,5024.388,5060.0,2220.1,-1
-51.28481,177.4206,4837.249,4889.0,718.0,-1
-50.96803,178.733,4716.774,4732.0,709.5,-1
-51.43964,179.3293,4906.86,4897.0,2758.0,-1
-52.27522,178.6921,4970.914,4937.0,2957.4,9998
-52.592,179.853,5009.805,5075.0,1877.5,-1
-51.94329,179.6151,5023.266,4963.0,2141.1,-1
-51.94809,178.8004,4938.803,4931.0,1198.9,9998
-52.35856,178.5027,4993.639,4914.0,3435.8,-1
-52.65823,179.5283,5056.835,5047.0,2261.3,-1
-52.54485,-179.5365,5086.416,5132.0,2274.8,-1
-57.7357,166.885,5288.124,5334.0,9455.0,-1
-57.63677,169.1689,5210.907,5325.0,1796.4,9998
-56.71269,170.5609,5331.504,5398.0,4143.0,9998
-56.02393,169.5739,5282.023,5216.0,10524.6,-1
-55.44266,171.5752,5284.704,5321.0,7286.7,9998
-54.7119,174.0812,5247.127,5292.0,5147.5,9998
-51.73161,-178.1815,5010.288,5053.0,3192.1,-1
-54.55679,-175.2971,5284.917,5303.0,4968.8,9998
-54.0518,-173.776,5250.428,5225.0,5899.0,9998
-53.69523,-173.6151,5343.918,5271.0,6311.5,9998
-53.89249,-173.1004,5227.768,5231.0,6353.9,-1
-55.12608,-173.0676,5091.069,5086.0,3267.4,-1
-56.38198,-171.4948,4650.929,4777.0,2721.9,9998
-56.13496,-171.331,4984.244,5013.0,2599.9,9998
-55.96815,-170.9413,4997.967,4976.0,2336.5,9998
-54.30796,-159.2836,4535.841,4567.0,4819.9,-1
-54.76723,-159.0343,4530.808,4377.0,3895.9,-1
-54.7174,-159.981,4469.885,4532.0,4254.4,9998
-54.56216,-159.9788,4229.312,4581.0,4163.1,9998
-54.53373,-159.8166,4384.532,4318.0,4377.5,-1
-54.48728,-160.0469,4194.554,4373.0,4186.9,9998
-54.45499,-160.0569,4167.063,4419.0,4163.8,9998
-54.29353,-159.8864,4372.583,4502.0,4578.7,-1
-54.15398,-158.7574,3686.047,4268.0,4371.2,-1
-54.3202,-158.2469,4205.013,4187.0,4142.1,-1
-54.34596,-158.0396,4350.035,4305.0,4025.4,-1
-54.67855,-158.012,4109.344,3962.0,2934.8,-1
-54.59727,-157.5952,4288.851,4152.0,3145.6,-1
-54.78182,-157.2048,4041.541,4002.0,2700.9,-1
-54.89836,-157.4212,3947.839,3815.0,2767.9,-1
-54.76211,-157.6957,4096.871,3854.0,2937.9,-1
-54.63762,-157.7544,4247.55,4190.0,2969.4,-1
-54.39043,-157.9377,4371.283,4229.0,3766.8,-1
-53.9622,-159.1173,4211.17,4273.0,5310.3,-1
-53.97366,-159.1051,4158.588,4254.0,5249.6,-1
-53.93586,-158.9508,4314.062,4224.0,5663.3,-1
-31.73326,-178.1874,4476.282,4427.0,1192.8,9998
-30.43711,-177.399,4145.125,4154.0,592.0,-1
-30.3138,-177.0912,5298.095,5239.0,995.6,9998
-23.27546,-173.66,5289.606,5946.0,1105.7,-1
-34.50652,-177.6369,5623.091,5638.0,1028.3,-1
-34.82556,-177.5434,5790.822,5227.0,1153.1,9998
-34.93356,-177.4273,5859.783,5920.0,1055.7,9998
-35.01131,-177.3675,5815.767,5745.0,948.4,9998
-35.0944,-177.338,5800.741,5792.0,930.0,9998
-35.31038,-177.2294,5668.259,5634.0,770.4,9998
-35.52877,-176.9086,5577.993,5568.0,589.5,-1
-35.5539,-176.3882,5609.617,5599.0,993.9,-1
-35.70347,-176.2525,5611.382,5608.0,1362.5,-1
-35.8108,-176.1512,5611.62,5634.0,1365.6,9998
-35.79549,-175.793,5604.081,5602.0,1321.2,-1
-35.94375,-175.5025,5628.773,5628.0,965.1,-1
-36.1127,-175.188,5635.654,5650.0,551.0,9998
-36.05277,-174.7241,5649.225,5652.0,486.2,-1
-36.10388,-174.3193,5720.183,5712.0,429.2,-1
-36.26199,-174.3226,5664.21,5664.0,571.8,9998
-36.10843,-174.2932,5687.979,5689.0,449.7,-1
-36.1327,-174.1652,5657.891,5635.0,588.1,-1
-36.2319,-174.0979,5676.894,5681.0,750.7,-1
-36.44316,-174.2933,5635.877,5657.0,671.6,9998
-36.58844,-174.3618,5623.424,5660.0,602.1,9998
-36.58859,-174.4424,5619.749,5697.0,583.1,9998
-36.61999,-174.465,5616.251,5677.0,552.0,9998
-36.56709,-174.474,5624.306,5693.0,569.5,9998
-36.59413,-174.3186,5621.487,5634.0,596.5,9998
-36.52636,-174.262,5627.228,5663.0,648.4,9998
-36.47847,-174.1669,5633.151,5669.0,680.7,9998
-36.53311,-174.1773,5626.935,5624.0,635.3,9998
-36.33071,-174.2527,5651.215,5671.0,683.1,-1
-36.60868,-174.0918,5620.803,5607.0,540.5,9998
-36.62579,-174.056,5618.569,5583.0,518.2,-1
-33.07059,-178.8431,3765.159,3777.0,2034.2,9998
-32.85078,-178.8593,3186.648,3232.0,1966.2,9998
-31.71087,-178.1649,4493.309,4474.0,1179.5,9998
-30.98652,-178.1189,3003.832,2989.0,1010.8,9998
-29.18298,-176.5134,4859.755,4778.0,2647.9,9998
-28.04652,-176.5211,4021.356,4036.0,1931.3,9998
-27.54511,-176.3138,4558.111,4560.0,1121.7,9998
-27.72071,-176.2475,4601.228,4613.0,1530.3,9998
-27.49428,-176.025,5175.243,4929.0,546.7,9998
-26.85891,-175.8954,5304.941,5495.0,695.0,9998
-28.7722,-175.1546,5177.742,5850.0,2204.7,-1
-2.50941,178.2056,5500.249,5316.0,9471.5,-1
-2.63355,178.3621,5459.418,5312.0,9266.6,-1
-2.73083,178.0346,5311.372,5287.0,8882.5,-1
-2.70439,177.824,5313.799,5335.0,8839.9,9998
-2.74165,177.7681,5333.303,5328.0,8823.1,9998
-2.90134,177.7356,5386.366,5385.0,8649.0,9998
-3.01892,177.8632,5391.017,5362.0,8446.8,9998
-2.80787,177.9462,5333.493,5297.0,8701.7,9998
-2.57316,178.1069,5467.761,5335.0,9455.6,-1
-2.76245,178.0242,5297.687,5290.0,8766.9,-1
-2.86732,177.7519,5380.159,5381.0,8695.0,9998
-2.47508,177.4554,5392.498,5397.0,9515.9,9998
-2.21022,177.2823,5179.181,5232.0,9495.2,9998
-1.9152,177.1486,5325.378,5323.0,9727.7,-1
5.02189,-168.8262,3945.36,5744.0,4819.4,-1
4.996,-168.8525,3949.072,5721.0,4800.0,-1
4.99321,-168.8595,3947.217,5713.0,4795.2,-1
4.93248,-168.9359,5623.78,5653.0,6744.7,-1
4.91507,-168.967,5613.413,5709.0,6708.2,-1
4.90417,-169.0076,5728.907,5760.0,6830.1,-1
4.7316,-169.3283,5609.261,5568.0,6305.4,-1
4.56033,-169.3138,5576.127,5688.0,5800.8,-1
4.51527,-168.8881,5631.762,5460.0,5778.9,-1
4.61129,-168.8737,5603.939,5571.0,6024.4,-1
4.85372,-168.7481,5657.219,5649.0,6623.0,-1
5.00566,-168.9642,5575.508,5721.0,6801.9,-1
4.78773,-169.126,5646.081,5776.0,6500.6,-1
4.87476,-169.0381,5674.657,5763.0,6712.4,-1
5.02151,-169.0608,5802.6,5880.0,7103.9,-1
4.74273,-168.9648,5615.171,5612.0,6358.7,-1
4.7564,-168.7796,5603.444,5599.0,6370.6,-1
4.9965,-168.766,5609.819,5702.0,6806.3,-1
4.94795,-168.6663,5666.512,5664.0,6783.9,-1
5.11564,-168.3798,5622.989,4748.0,7072.2,-1
5.61209,-168.5009,5237.406,5285.0,6804.0,9998
5.68463,-168.5342,5121.661,5167.0,6590.0,9998
5.63118,-168.6998,5627.978,5634.0,7182.0,9998
5.72085,-168.7311,5642.311,5645.0,7173.0,9998
5.98072,-168.8464,5522.096,5465.0,6871.6,-1
6.08094,-168.9169,5443.444,5405.0,6725.0,-1
5.86593,-168.9669,5677.662,5538.0,7150.2,-1
5.70624,-168.954,5666.73,5620.0,7222.3,-1
5.82571,-168.9719,5597.236,5538.0,7074.0,-1
6.02033,-169.106,5622.124,5419.0,7046.6,-1
6.09665,-169.1303,5493.384,5339.0,6949.7,-1
6.10114,-169.1042,5217.36,5430.0,6586.3,-1
6.41672,-168.9685,5660.451,5507.0,6828.4,-1
6.45476,-169.0156,5651.533,5624.0,6774.2,-1
6.31696,-168.9723,5715.975,5403.0,7015.3,-1
6.12617,-169.0848,5627.926,5479.0,7045.6,-1
5.90024,-169.4415,5462.956,5466.0,6971.0,-1
6.07343,-169.7696,5604.576,5561.0,7062.1,-1
5.84721,-170.0586,5327.447,5346.0,6867.7,-1
5.90811,-170.3754,5406.897,5494.0,6966.9,-1
5.7535,-170.3805,5774.345,5754.0,7541.8,-1
5.85574,-170.4841,5478.67,5661.0,7104.8,-1
5.98126,-170.4907,5560.291,5546.0,7152.3,-1
6.05599,-170.7249,5381.757,5496.0,6908.3,-1
5.95677,-171.0525,5381.282,5582.0,6988.2,-1
5.92108,-171.4027,5475.948,5575.0,7031.0,-1
5.96138,-171.6759,5664.766,5649.0,7202.6,-1
6.282,-172.0042,5651.262,5627.0,6748.2,-1
6.19188,-171.9811,5676.076,5686.0,6921.7,-1
2.06472,-171.5293,3987.373,5358.0,4681.1,-1
2.06858,-171.5355,3997.427,5355.0,4687.8,-1
2.04936,-171.5514,3944.907,5343.0,4640.8,-1
2.04427,-171.5258,5371.85,5359.0,6334.0,-1
2.03798,-171.5372,5374.374,5355.0,6341.6,-1
2.03141,-171.5511,5371.172,5344.0,6341.8,-1
2.04453,-171.5617,5367.193,5337.0,6316.9,-1
2.12065,-171.6131,5245.203,5297.0,6043.3,-1
2.10013,-171.5408,5358.557,5356.0,6233.5,-1
2.20138,-171.498,5398.038,5373.0,6093.0,-1
2.21208,-171.4174,5405.023,5362.0,6095.7,-1
2.25772,-171.4166,5359.424,5375.0,5935.7,-1
2.19001,-171.5329,5449.641,5364.0,6167.2,-1
1.99151,-171.7601,5311.984,5348.0,6226.5,-1
1.98049,-171.7386,5343.23,5369.0,6279.9,-1
2.11429,-171.664,5406.772,5348.0,6223.2,-1
1.97292,-171.6733,5379.129,5392.0,6362.5,-1
1.75358,-171.41,5394.756,5393.0,6463.8,-1
1.65975,-171.065,5415.808,5400.0,6382.2,-1
1.3717,-171.1153,5494.082,5549.0,5838.0,-1
1.28468,-171.2561,5453.161,5454.0,5527.7,-1
1.60086,-171.1332,5406.013,5462.0,6278.5,-1
1.74732,-171.0644,5381.077,5444.0,6435.5,-1
1.70103,-171.0118,5408.338,5405.0,6418.4,-1
1.86378,-170.9122,5196.282,5341.0,6324.4,-1
2.02353,-170.8073,5214.919,5309.0,6246.7,-1
1.87608,-170.9715,5448.197,5357.0,6581.9,-1
1.72195,-171.1366,5388.547,5559.0,6420.5,-1
1.76059,-171.1549,5381.465,5539.0,6448.5,-1
1.69686,-171.1562,5360.704,5537.0,6361.6,-1
1.47259,-171.5185,5444.135,5425.0,6063.2,-1
1.28983,-171.761,5470.326,5321.0,5562.1,-1
1.26869,-171.8744,5428.816,5263.0,5489.9,-1
0.60968,-171.555,5210.095,5222.0,3054.8,-1
0.94304,-171.159,5464.902,5446.0,4247.2,-1
1.12411,-171.0902,5526.084,5521.0,5011.1,-1
1.30876,-171.049,5571.742,5567.0,5723.6,-1
1.40474,-171.0374,5543.53,5518.0,5986.7,-1
1.47005,-170.9767,5499.704,5509.0,6106.9,-1
1.4848,-171.0325,5450.633,5513.0,6089.9,-1
1.38797,-171.1344,5574.067,5517.0,5971.3,-1
1.36384,-171.133,5551.868,5526.0,5876.4,-1
1.41154,-171.1681,5518.031,5470.0,5980.9,-1
1.57314,-171.1848,5456.16,5461.0,6287.9,-1
1.75265,-171.2214,5417.164,5384.0,6490.3,-1
1.86234,-171.0837,5386.604,5358.0,6491.4,-1
1.87305,-170.834,5304.612,5404.0,6446.9,-1
2.0773,-170.5603,5312.952,5321.0,6366.3,-1
2.1101,-170.4325,5338.472,5334.0,6386.1,-1
1.98023,-170.5915,5308.2,5330.0,6417.2,-1
2.01177,-170.5384,5337.796,5317.0,6452.7,-1
2.30767,-170.4251,5347.003,5365.0,6000.7,-1
2.2344,-170.6042,5320.03,5319.0,6103.4,-1
1.87628,-170.8886,5164.627,5376.0,6271.8,-1
1.7909,-170.8899,4810.987,5301.0,5819.9,-1
1.61529,-170.9063,5418.623,5439.0,6309.1,-1
1.69446,-170.7006,5407.465,5447.0,6398.4,-1
1.74883,-170.8694,4674.886,5340.0,5588.5,-1
1.66372,-170.8862,5401.937,5466.0,6363.9,-1
1.65021,-170.7737,5417.748,5472.0,6355.8,-1
1.74757,-170.6319,5402.128,5356.0,6453.2,-1
1.90711,-170.65,5357.301,5339.0,6477.1,-1
1.84794,-170.7269,5376.515,5432.0,6477.3,-1
1.65366,-170.728,5425.993,5506.0,6369.0,-1
1.56002,-170.7192,5491.75,5509.0,6286.3,-1
1.52899,-170.7988,5483.799,5460.0,6217.6,-1
1.57539,-170.7751,5478.562,5462.0,6305.2,-1
1.56542,-170.5418,5510.949,5510.0,6316.6,-1
1.52314,-170.4644,5450.632,5483.0,6165.4,-1
1.43828,-170.4567,5506.589,5483.0,6029.0,-1
1.55595,-170.3507,5508.234,5511.0,6308.2,-1
1.6445,-170.0372,5484.766,5490.0,6474.4,9998
1.75519,-169.7294,5537.703,5534.0,6755.6,-1
1.69448,-169.5564,5244.732,5223.0,6344.6,-1
1.56614,-169.3889,5300.739,5329.0,6198.0,9998
1.62626,-169.3154,5311.898,5326.0,6335.6,9998
-1.44002,-164.8775,3961.811,5512.0,5166.6,9998
-1.42535,-164.6507,3946.093,5342.0,5085.8,9998
-1.39175,-164.5143,3946.484,5479.0,4994.8,9998
-1.38385,-164.3168,5365.37,5313.0,6765.3,9998
-1.43644,-164.2177,5389.137,5403.0,6813.7,9998
-1.4645,-164.5055,5331.505,5370.0,6920.7,9998
-1.45565,-164.561,5371.479,5394.0,6968.9,9998
-1.5401,-164.6866,5348.484,5368.0,7151.7,9998
-1.49613,-164.6234,5365.561,5367.0,7072.2,9998
-1.44175,-164.6963,5368.764,5380.0,6968.1,9998
-1.41469,-165.0824,5553.224,5580.0,7223.9,9998
-1.50832,-165.4459,5376.039,5414.0,7402.0,9998
-1.3653,-166.1525,5464.506,5511.0,7225.4,9998
-1.23829,-166.3085,5428.914,5265.0,6972.5,9998
-1.09173,-166.4202,5276.099,5258.0,6400.5,9998
-0.99553,-166.466,5298.131,5287.0,6035.4,9998
-0.57103,-166.2447,5015.546,5086.0,3749.0,9998
-0.57912,-165.9782,5189.609,5232.0,3928.2,9998
-0.8054,-165.6743,5520.176,5591.0,5158.5,9998
-0.70143,-165.6371,5548.778,5605.0,4643.3,9998
-0.93157,-165.5708,5475.084,5477.0,5670.3,9998
-0.96648,-165.4838,5555.851,5561.0,5875.3,-1
-1.2175,-165.0828,5480.025,5499.0,6576.4,9998
-0.95452,-164.5682,5400.692,5428.0,5339.1,9998
-0.6102,-164.2142,5367.324,5345.0,3574.4,-1
-0.53019,-164.1651,5372.661,5387.0,3135.5,9998
-0.7123,-164.1298,5264.942,5295.0,4018.7,9998
-0.91878,-164.1223,5291.242,5297.0,5018.8,9998
-0.81705,-164.0064,5327.248,5336.0,4453.8,-1
-1.0838,-163.9777,5419.12,5512.0,5738.6,9998
-1.64437,-163.9005,5433.947,5483.0,7257.5,9998
-1.68108,-163.8284,5313.062,5386.0,7133.1,9998
-1.05515,-164.0172,5409.323,5340.0,5647.2,9998
-0.89637,-164.2005,5203.586,5242.0,4823.5,9998
-0.61261,-165.1772,5325.212,5332.0,3918.9,-1
-0.79684,-165.4482,5482.651,5491.0,5020.2,-1
-0.75483,-165.3809,5524.249,5517.0,4826.7,-1
-0.27213,-165.2889,5317.355,5156.0,2319.7,-1
0.20084,-165.2821,4878.304,5107.0,1173.1,9998
-0.2437,-165.2395,5153.101,5148.0,2140.8,-1
-0.21625,-165.0086,5233.398,1704.0,2015.4,9998
-0.25832,-164.782,5239.805,5237.0,2059.8,-1
-0.24764,-165.6171,4640.845,4683.0,2070.6,9998
-0.5455,-165.6848,4090.356,4151.0,2926.0,9998
-0.74123,-165.3508,5430.959,5504.0,4667.2,-1
-0.61086,-165.4573,5466.07,5521.0,4055.8,9998
-0.65363,-165.4784,5485.174,5509.0,4300.4,9998
-0.70564,-165.6518,5553.819,5608.0,4673.1,9998
-0.8359,-165.7205,5550.327,5578.0,5349.2,9998
-0.86207,-166.0317,5293.184,5337.0,5295.5,9998
-1.01978,-166.2455,5219.216,5238.0,6008.1,9998
-35.71003,-173.1891,3944.569,5276.0,531.5,-1
-35.7604,-173.1836,3941.433,4942.0,544.2,9998
-35.82098,-173.1566,5625.254,5695.0,747.1,9998
-35.82027,-173.1383,5610.841,5708.0,715.1,9998
-35.8153,-173.1149,5601.363,5673.0,674.6,9998
-35.98935,-173.0701,4194.196,5108.0,464.9,9998
-35.95582,-172.9924,4538.828,4548.0,412.2,9998
-36.02158,-173.0022,5572.044,5534.0,518.3,9998
-36.17097,-173.0132,5523.396,5538.0,559.1,9998
-36.28633,-173.6193,5625.122,5591.0,787.2,9998
-36.23853,-173.4967,5603.961,5572.0,766.6,9998
-36.08067,-173.4367,5584.108,5604.0,948.5,9998
-36.04099,-173.4741,5621.566,5678.0,1015.6,9998
-36.03729,-173.5416,5626.309,5701.0,1032.4,9998
-36.01174,-173.5694,5642.862,5661.0,1046.8,9998
-35.95706,-173.4362,5653.915,5695.0,1062.1,9998
-35.84651,-173.2116,5643.525,5728.0,842.5,9998
-35.9844,-173.2254,5553.387,5554.0,815.2,9998
-36.08067,-172.7749,5327.097,5333.0,227.4,-1
-36.08117,-172.3302,5439.133,5517.0,91.5,9998
-36.21375,-172.1817,5462.109,5444.0,200.0,9998
-36.2301,-172.0106,5436.545,5429.0,163.1,-1
-36.20406,-171.9862,5482.344,5443.0,146.9,-1
-36.14259,-171.9791,5527.958,5139.0,138.4,-1
-36.14589,-171.9272,4755.483,4865.0,83.2,-1
-36.20416,-171.8672,5258.262,5158.0,69.3,9998
-36.20877,-171.7836,4078.056,5183.0,98.0,9998
-36.10227,-171.5763,5457.323,5765.0,281.1,-1
-35.90721,-171.4476,5436.312,5408.0,218.2,-1
-35.76842,-171.5023,5437.249,5532.0,149.4,9998
-35.79749,-171.7433,5462.018,5462.0,231.6,9998
-35.85556,-171.8835,5459.473,5400.0,154.7,9998
-35.85627,-171.9924,5439.821,5224.0,43.3,-1
-35.98146,-172.1046,5445.28,5452.0,125.7,9998
-35.72459,-172.0057,5512.482,4846.0,141.4,-1
-35.54085,-172.106,5109.017,5146.0,243.3,9998
-35.60273,-171.8948,5529.379,5067.0,213.9,-1
-35.6363,-171.5636,5417.463,5077.0,125.1,-1
-35.56316,-171.1859,5490.976,5498.0,246.7,9998
-35.56729,-171.1095,5471.615,5500.0,248.7,9998
-35.48264,-170.9879,5020.895,5134.0,242.5,9998
-40.18239,-162.005,5185.096,5179.0,946.5,-1
-40.22378,-161.9967,5125.487,5131.0,952.5,-1
-40.2616,-161.9944,5092.908,5084.0,959.5,-1
-40.29034,-161.9588,5012.825,4981.0,922.9,9998
-40.27607,-161.9568,5175.364,5122.0,950.3,9998
-40.21764,-161.8351,5119.966,5139.0,852.3,-1
-40.14334,-161.8266,5133.374,5137.0,803.4,-1
-40.11632,-161.8282,5117.301,5098.0,780.5,-1
-40.1201,-161.8389,5034.426,5055.0,774.8,-1
-40.1106,-161.7572,5179.317,5179.0,763.0,-1
-40.09825,-161.708,5220.203,5217.0,737.3,-1
-40.24067,-161.6273,5247.547,5287.0,841.0,-1
-40.32809,-161.4998,5231.912,5235.0,841.6,9998
-40.43871,-161.3502,5177.128,5194.0,760.5,9998
-40.43184,-160.885,5179.359,5283.0,842.9,9998
-40.40346,-160.6908,5194.485,5189.0,1145.8,9998
-40.27034,-160.7232,5167.325,5315.0,1109.4,9998
-40.1059,-160.7674,5253.326,5445.0,1002.8,-1
-40.0657,-160.8435,5162.964,5206.0,858.5,-1
-40.07023,-160.9785,5127.885,5128.0,628.1,-1
-40.1911,-161.022,5168.233,5170.0,590.9,-1
-40.36571,-161.246,5207.484,5228.0,584.0,9998
-40.4514,-161.3586,5183.032,5171.0,768.3,9998
-40.53825,-161.3923,5195.39,5206.0,790.4,-1
-40.60931,-161.3404,5175.498,5185.0,749.6,-1
-40.73183,-161.1665,5212.444,5191.0,581.1,9998
-40.84708,-160.8826,5124.13,5145.0,669.5,9998
-40.88888,-160.5452,5207.72,5224.0,1190.8,9998
-40.93141,-160.5456,5218.548,5279.0,1209.8,9998
-41.062,-160.6463,5094.861,5108.0,1135.0,-1
-41.19965,-160.5289,5260.163,5251.0,1344.9,-1
-41.31311,-160.4091,4942.257,4903.0,1236.5,9998
-41.34125,-160.3462,5178.154,5169.0,1242.5,-1
-41.58319,-159.9642,5252.037,5254.0,656.0,-1
-41.60667,-160.0495,5253.188,5252.0,712.5,-1
-41.58744,-160.3149,5263.462,5258.0,972.7,-1
-41.38966,-160.4838,5287.571,5256.0,1292.2,-1
-41.35415,-160.5557,5281.488,5277.0,1318.9,-1
-41.15201,-160.489,5201.105,5203.0,1341.0,-1
-41.52708,-160.2344,5271.721,5260.0,993.0,-1
-41.57815,-160.3608,5249.909,5243.0,1004.0,-1
-41.46787,-160.3006,5289.954,5264.0,1107.0,-1
-41.53941,-160.1415,5257.965,5259.0,887.4,-1
-41.64019,-160.2004,5208.137,5191.0,818.5,-1
-42.15866,-160.2376,5167.11,5167.0,1103.1,-1
-42.3095,-160.3169,5117.438,5131.0,1089.6,-1
-42.36209,-160.4619,5262.894,5257.0,944.5,-1
-42.34953,-160.6654,5194.626,5193.0,743.6,-1
-42.59256,-160.9215,5221.918,5203.0,589.8,-1
-42.63473,-160.9552,5139.083,5137.0,567.3,-1
-42.59967,-161.1344,5228.888,5225.0,260.9,-1
-42.52596,-161.258,4905.15,4895.0,70.0,-1
-42.53777,-161.2975,5287.789,5291.0,187.6,-1
-42.32174,-161.3833,5218.659,5201.0,347.4,-1
-42.28725,-161.2711,5215.188,5106.0,188.6,-1
-42.47243,-161.2014,5235.534,5080.0,82.5,-1
-42.43282,-161.325,5263.054,5182.0,220.9,-1
-42.31329,-161.153,5176.724,5094.0,91.0,-1
-42.25139,-160.6487,5212.881,5180.0,757.3,-1
-42.16615,-160.6288,4986.761,4627.0,671.1,-1
-42.13681,-160.6403,5210.999,5087.0,639.2,-1
-35.06279,-163.12,5427.9,5428.0,1056.5,-1
-34.99681,-163.1079,5347.07,5345.0,1179.7,9998
-34.96829,-163.0771,5343.306,5345.0,1252.0,-1
-34.95921,-163.0078,5370.429,5375.0,1294.8,-1
-34.96982,-162.9177,5397.347,5400.0,1296.3,-1
-34.96819,-162.9201,5385.048,5400.0,1297.0,-1
-34.90783,-162.9428,5430.298,5425.0,1453.4,-1
-34.84115,-162.9187,5396.341,5399.0,1569.7,-1
-34.83949,-163.1453,5344.237,5352.0,1510.0,-1
-34.8848,-163.3302,5267.684,5278.0,1426.4,-1
-34.75595,-163.4827,5377.787,5383.0,1682.2,-1
-34.61496,-163.7355,5405.162,5418.0,1586.5,-1
-34.46548,-164.1244,5463.133,5464.0,1199.2,-1
-34.36407,-164.0827,5487.48,5481.0,1088.8,-1
-34.45241,-164.0962,5482.211,5478.0,1198.1,-1
-34.4457,-164.0737,5480.859,5482.0,1196.9,-1
-34.64413,-164.0124,5425.871,5426.0,1486.5,-1
-34.95946,-163.7812,5466.289,5465.0,1459.7,-1
-35.34793,-163.4657,5419.633,5433.0,827.6,-1
-35.44326,-163.064,5322.163,5313.0,538.0,-1
-35.30793,-163.1812,5328.522,5332.0,700.3,-1
-35.4537,-163.1766,5409.03,5403.0,584.0,-1
-35.61738,-163.0168,5454.843,5442.0,388.3,-1
-35.47345,-162.9377,5281.656,5278.0,483.9,-1
-35.37418,-163.1686,5389.701,5387.0,640.2,-1
-35.33824,-163.1637,5378.097,5375.0,668.5,-1
-35.37064,-163.1753,5394.931,5392.0,646.8,-1
-35.41832,-163.1324,5341.159,5348.0,581.2,-1
-35.50953,-162.9797,5310.8,5317.0,467.6,-1
-35.40183,-162.9734,5344.17,5337.0,557.1,-1
-35.29488,-163.0375,5456.061,5440.0,694.7,-1
-35.2424,-162.9716,5269.362,5275.0,725.8,9998
-35.1479,-163.0646,5347.484,5347.0,878.5,-1
-35.14162,-163.2696,5295.954,5311.0,948.3,-1
-35.22323,-163.2839,5387.641,5345.0,849.8,9998
-35.35243,-163.2314,5337.509,5341.0,679.7,-1
-35.4812,-163.159,5285.141,5292.0,543.6,-1
-35.46769,-163.0606,5292.703,5296.0,517.0,-1
-35.46756,-163.1518,5379.198,5329.0,559.4,-1
-35.50299,-163.0917,5321.942,5323.0,504.2,-1
-35.43509,-163.0628,5326.914,5324.0,544.2,-1
-35.2724,-163.0689,5387.23,5381.0,718.4,9998
-35.08793,-163.0687,5441.928,5420.0,1003.4,-1
-34.95779,-163.0097,5376.918,5374.0,1299.6,-1
-34.94612,-162.9596,5366.271,5369.0,1339.4,-1
-35.05715,-162.7869,5413.38,5423.0,1141.3,9998
-35.33387,-162.6246,5381.779,5375.0,625.4,-1
-35.72015,-162.6073,5477.93,5465.0,220.8,-1
-36.0809,-162.9868,5372.131,5355.0,238.6,-1
-36.18586,-163.248,5396.774,5328.0,306.1,-1
-36.20285,-163.472,5312.704,5316.0,334.7,-1
-36.28804,-163.4807,5326.904,5340.0,311.8,-1
-36.37475,-163.1775,5384.193,5323.0,187.3,9998
-36.40358,-162.7366,5271.441,5308.0,216.1,-1
-36.62,-162.5867,5293.137,5346.0,311.9,9998
-37.02165,-162.4491,5246.644,5354.0,387.9,9998
-15.06067,-158.8101,5037.851,5023.0,848.5,9998
-15.09684,-158.8072,5073.873,5061.0,826.9,9998
-15.08809,-158.8768,4804.528,4746.0,785.5,9998
-15.06885,-158.9803,5092.816,5091.0,830.9,9998
-15.19784,-159.0479,5061.419,5113.0,699.0,9998
-15.42642,-159.0211,5056.606,5061.0,574.3,9998
-15.50463,-158.9337,4944.392,4948.0,567.2,9998
-15.44858,-158.9391,4955.579,4946.0,569.2,9998
-15.54317,-158.9519,5040.068,5028.0,588.8,9998
-15.62502,-158.9613,4994.009,4934.0,619.4,9998
-15.57519,-158.9528,5065.99,5065.0,601.8,9998
-15.48466,-159.0137,5063.973,5042.0,574.2,9998
-15.43847,-159.0211,5059.322,5058.0,574.3,9998
-15.40933,-159.043,5079.334,5070.0,578.0,9998
-15.5209,-159.2054,5034.634,5041.0,574.8,9998
-15.56628,-159.3229,5111.241,5147.0,614.0,9998
-15.56216,-159.3775,5096.193,5120.0,620.7,9998
-15.66035,-159.4028,5088.887,5123.0,685.2,9998
-15.71363,-159.2822,5117.808,5108.0,711.1,-1
-15.77794,-159.2816,5077.4,5077.0,760.8,-1
-15.79363,-159.459,4970.555,5105.0,788.5,9998
-15.82616,-159.5173,4949.659,4965.0,824.1,9998
-15.82988,-159.6374,4918.565,4997.0,851.8,9998
-15.8383,-159.6768,4952.183,4951.0,875.8,9998
-15.85868,-159.7104,4913.798,4905.0,893.9,-1
-15.91819,-159.747,4867.621,4902.0,931.4,-1
-15.92122,-159.7475,4904.939,4914.0,940.4,-1
-15.9366,-159.849,5015.691,5025.0,1011.5,-1
-15.93117,-159.9544,5049.686,5053.0,1059.9,9998
-15.89054,-159.9725,5027.844,5051.0,1047.5,9998
-15.77366,-160.0008,5026.124,5038.0,1022.7,9998
-15.63979,-160.0499,5029.264,5044.0,1007.1,-1
-15.48021,-160.0233,5089.416,5059.0,960.1,9998
-15.31142,-159.9795,5086.834,5058.0,934.0,9998
-15.22262,-159.9524,5063.841,5052.0,948.7,-1
-15.20535,-159.905,5102.299,5085.0,947.5,-1
-15.18107,-159.8181,5119.782,5099.0,926.5,-1
-15.25676,-159.8056,5054.024,5051.0,851.3,9998
-15.27186,-159.8159,5056.255,5045.0,850.6,9998
-15.2362,-159.8836,5081.803,5062.0,913.3,9998
-15.15333,-160.0039,5001.211,5005.0,993.5,-1
-15.00791,-160.1369,4736.478,4756.0,1083.3,-1
-14.92152,-160.2511,5102.657,5100.0,1230.2,-1
-14.83224,-160.3397,5132.874,5133.0,1264.9,-1
-14.74096,-160.3689,4990.23,5008.0,1236.7,-1
-14.60584,-160.338,4925.454,4947.0,1304.5,-1
-14.54702,-160.3631,4985.514,4984.0,1330.4,-1
-14.48334,-160.4346,5002.141,5003.0,1309.0,-1
-14.43945,-160.4522,4949.688,4955.0,1297.6,-1
-14.36636,-160.5466,4932.698,4918.0,1264.2,9998
-14.41768,-160.6166,4948.234,5036.0,1230.2,-1
-14.49371,-160.5551,4795.907,5131.0,1185.0,9998
-14.22016,-160.4903,5055.427,5024.0,1354.5,9998
-14.06849,-160.3602,5046.137,5062.0,1444.7,-1
-14.01576,-160.4238,5010.694,4989.0,1408.6,-1
-14.00732,-160.5027,4905.079,4902.0,1371.3,-1
-8.0271,-169.9326,5031.064,5066.0,2559.6,-1
-8.00657,-169.9132,5049.72,5055.0,2588.8,-1
-4.90616,-169.4069,5128.429,5124.0,4727.7,-1
-4.90387,-169.5813,5072.871,5085.0,4711.2,9998
-4.89473,-169.5379,5193.102,5178.0,4840.7,-1
-4.92144,-169.5898,5159.504,5114.0,4756.6,9998
-4.33438,-171.1446,4701.137,4798.0,6203.3,9998
-4.2338,-171.2096,5185.967,5200.0,6755.5,9998
-4.176,-171.4098,5145.479,5161.0,6523.3,9998
-3.97569,-170.7088,5146.173,5163.0,6392.1,9998
-2.59463,-169.2955,4914.514,4882.0,7575.3,9998
-2.52629,-168.8488,5152.077,5149.0,7697.2,9998
-15.54497,-167.7984,4720.798,4680.0,995.2,9998
-15.40974,-167.7268,5184.281,5271.0,1045.6,9998
-15.41437,-167.7402,4781.703,5039.0,967.5,9998
-15.56795,-167.6845,5386.138,5379.0,1138.7,9998
-15.48199,-167.7249,5385.19,5358.0,1115.2,9998
-15.4337,-167.7675,5393.349,5410.0,1104.4,9998
-15.42341,-167.8429,5210.871,5206.0,1070.2,9998
-15.36934,-167.6703,5257.271,5262.0,1044.7,9998
-15.37954,-167.6901,5267.844,5310.0,1051.3,9998
-15.34629,-167.6992,5239.713,5202.0,1042.3,9998
-15.37494,-167.702,5066.815,5155.0,1012.4,9998
-15.38262,-167.7238,5141.771,4983.0,1032.1,9998
-15.28599,-167.6891,5163.054,5176.0,1002.0,9998
-15.0704,-167.7327,5054.845,5057.0,901.1,9998
-15.09514,-167.622,5278.877,5176.0,962.7,9998
-15.05888,-167.6408,5104.081,5256.0,922.7,9998
-15.1206,-167.8898,5250.151,5231.0,887.5,9998
-15.24155,-167.9455,5283.596,5298.0,951.3,9998
-15.2116,-167.95,5292.044,5304.0,935.5,9998
-15.21353,-167.9921,5287.581,5291.0,930.5,9998
-15.31317,-168.0404,5251.56,5261.0,988.1,-1
-15.1808,-168.0859,5263.527,5269.0,928.6,-1
-15.18151,-168.1707,5253.92,5257.0,990.2,-1
-15.19389,-168.2285,5250.229,5252.0,1056.7,-1
-15.23823,-168.2651,5256.333,5250.0,1112.3,-1
-15.08644,-168.2176,5250.354,5256.0,1002.3,-1
-15.00261,-168.0256,5327.116,5322.0,755.4,9998
-14.93819,-167.8502,5331.981,5359.0,757.9,9998
-15.03712,-167.897,5334.868,5344.0,823.5,9998
-15.14053,-167.9925,5314.569,5320.0,887.0,9998
-15.25051,-167.9753,5150.637,5300.0,928.9,9998
-15.37157,-167.8981,5241.162,5285.0,1022.3,9998
-15.29632,-168.0219,5282.903,5294.0,980.4,-1
-15.19462,-167.9722,5307.57,5311.0,925.7,9998
-15.05106,-168.1359,5286.262,5302.0,878.3,9998
-14.98994,-168.013,5328.186,5329.0,734.2,9998
-14.93341,-167.7854,5340.229,5373.0,819.4,9998
-14.95196,-167.7997,5341.291,5384.0,819.1,9998
-14.96495,-167.8306,5340.414,5379.0,800.8,9998
-14.99371,-167.8323,5339.827,5387.0,824.3,9998
-15.04407,-167.9355,5329.628,5338.0,812.6,9998
-14.93807,-167.8811,5330.818,5380.0,728.3,9998
-14.99002,-167.8251,5340.02,5387.0,827.0,9998
-15.0856,-167.9363,5328.55,5340.0,857.5,9998
-15.08711,-168.0688,5302.843,5309.0,859.9,9998
-14.81503,-168.0056,5197.237,5230.0,463.6,9998
-14.26716,-167.9286,5173.195,5165.0,1400.2,9998
-14.14344,-168.0081,5122.934,5065.0,1517.8,9998
-14.02982,-168.2721,5213.821,5151.0,1710.4,-1
-13.99164,-168.5613,5200.63,5166.0,1616.0,-1
-13.31561,-169.0955,5116.608,5140.0,1639.4,9998
-23.24479,-166.9868,5640.875,5638.0,798.5,-1
-23.29859,-166.8629,5647.729,5651.0,819.7,9998
-23.40586,-166.7572,5632.971,5632.0,936.0,-1
-23.70487,-166.2323,5649.802,5701.0,1360.8,9998
-23.85151,-165.7036,5428.412,5663.0,1576.5,9998
-23.81528,-165.6422,5591.273,5599.0,1623.8,9998
-23.66949,-165.3544,5559.175,5580.0,1498.1,9998
-23.57495,-165.3363,5550.105,5543.0,1386.7,9998
-23.62841,-165.2455,5506.495,5513.0,1428.9,9998
-23.58105,-165.1401,5426.379,5422.0,1343.6,-1
-23.9129,-165.238,5423.737,5360.0,1646.4,9998
-23.86189,-165.3411,5659.519,5655.0,1619.9,9998
-23.88499,-165.3426,5628.044,5627.0,1615.9,9998
-23.86706,-165.4223,5107.7,5168.0,1501.5,9998
-23.89579,-165.4351,5187.351,5167.0,1521.6,9998
-23.87958,-165.4247,5118.274,5117.0,1502.7,9998
-23.86068,-165.4403,5311.408,5359.0,1561.5,9998
-23.82739,-165.5003,5622.16,5635.0,1641.9,9998
-23.82261,-165.4721,5626.907,5640.0,1645.0,9998
-23.79028,-165.4402,5567.556,5570.0,1610.6,9998
-23.8332,-165.5176,5634.842,5633.0,1650.0,9998
-23.87039,-165.5685,5565.685,5614.0,1641.2,9998
-23.93834,-165.6135,5595.778,5624.0,1653.2,9998
-23.93171,-165.6337,5625.509,5658.0,1660.9,9998
-23.8086,-165.6514,5596.505,5608.0,1619.6,9998
-23.80088,-165.6535,5643.858,5635.0,1627.9,9998
-23.70216,-165.4817,5674.393,5670.0,1568.2,9998
-23.56864,-165.3566,5453.905,5475.0,1362.1,9998
-23.62666,-165.3481,5531.585,5434.0,1443.7,9998
-23.66379,-165.2224,5567.991,5568.0,1488.2,9998
-23.61065,-165.0817,5423.558,5392.0,1362.2,-1
-23.58159,-165.081,5317.036,5329.0,1308.4,-1
-23.60944,-165.1268,5300.153,5310.0,1342.7,-1
-23.50278,-165.0559,5338.394,5262.0,1239.9,9998
-23.35769,-165.1344,5362.1,5366.0,1076.4,9998
-23.2906,-165.344,5466.604,5390.0,1060.9,9998
-22.99059,-165.4309,5441.034,5416.0,842.9,9998
-22.95162,-165.3606,5097.727,4960.0,742.6,9998
-22.92958,-165.4887,5586.667,5572.0,791.0,9998
-22.89097,-165.409,5507.057,5501.0,753.3,9998
-22.46668,-165.3574,5527.749,5507.0,658.5,-1
-22.44194,-165.3379,5515.454,5559.0,641.4,-1
-22.27829,-165.3235,5476.852,5427.0,504.4,9998
-22.08347,-165.0057,5537.089,5398.0,547.7,-1
-22.33516,-164.9279,5490.301,5409.0,465.0,-1
-22.41143,-164.9063,5374.359,5341.0,451.9,-1
-22.38848,-164.9233,5497.452,5445.0,456.8,-1
-22.2764,-164.7734,5252.226,5358.0,597.2,9998
-21.86255,-164.645,5426.41,5278.0,903.4,-1
-21.45772,-164.5922,4920.326,5108.0,884.0,-1
-21.12266,-164.7934,5105.216,5264.0,832.8,-1
-30.69321,-172.1133,5763.137,5791.0,853.2,9998
-30.40325,-172.54,5782.713,5783.0,1003.4,9998
-29.85489,-172.5045,5686.228,5702.0,2186.3,-1
-29.61264,-172.4123,5683.337,5694.0,1920.0,-1
-29.68684,-172.0688,5654.952,5716.0,1826.0,9998
-30.12033,-171.6146,5712.134,5705.0,1376.9,-1
-30.77917,-171.864,5754.102,5763.0,1113.1,-1
-30.82628,-172.3567,5664.595,5664.0,494.3,9998
-31.28322,-172.638,5613.195,5685.0,525.6,9998
-31.66412,-172.5458,5743.531,5743.0,382.1,-1
-31.80316,-172.3782,5791.723,5794.0,572.4,9998
-31.93335,-172.3367,5781.12,5780.0,709.0,-1
-31.99582,-172.2886,5651.764,5652.0,787.6,-1
-31.41324,-171.6608,5625.619,5598.0,418.2,9998
-31.08912,-171.8303,5628.283,5624.0,698.7,-1
-30.65483,-172.6358,5608.352,5669.0,395.8,9998
-29.95714,-172.9422,5495.104,5515.0,1943.6,9998
-29.54977,-173.0129,5593.941,5604.0,2626.2,9998
-29.48867,-172.7822,5686.974,5711.0,2293.6,9998
-29.53787,-172.8536,5711.141,5700.0,2403.8,9998
-29.52666,-172.866,5718.402,5701.0,2440.6,9998
5.88702,-178.6528,5844.631,5466.0,6477.1,-1
6.22009,-178.7472,5617.062,5498.0,5491.6,-1
6.29871,-178.4724,5541.741,5367.0,5372.9,-1
6.29521,-178.4557,5558.221,5345.0,5400.3,-1
6.6065,-178.5941,5579.801,5637.0,4798.1,-1
6.49685,-178.5974,5615.771,5580.0,5050.1,-1
6.44507,-178.6459,5682.151,5686.0,5184.8,-1
6.45176,-178.538,5656.475,5580.0,5196.1,-1
6.62285,-178.4268,5511.457,5601.0,4769.7,-1
6.74757,-178.3449,5529.863,5495.0,4549.3,-1
6.85187,-178.2406,5515.89,5346.0,4400.1,-1
6.84671,-178.2357,5241.159,5354.0,4192.6,-1
6.76036,-178.3205,5521.329,5472.0,4523.8,-1
6.83582,-178.2423,5219.708,5227.0,4210.9,-1
6.87272,-178.2049,5252.708,5387.0,4118.2,-1
6.87945,-178.1894,5352.562,5364.0,4175.3,-1
6.9273,-178.1702,5354.108,5345.0,4079.0,-1
6.90725,-178.1333,5268.039,5252.0,4082.1,-1
6.82521,-178.1707,5244.948,5317.0,4206.5,-1
6.79632,-178.1621,5238.156,5300.0,4290.0,-1
6.97991,-177.9574,4920.6,4908.0,3771.8,-1
7.01015,-177.9094,4556.379,4657.0,3473.1,-1
7.06008,-177.8735,4584.021,4519.0,3396.2,-1
7.18203,-177.7794,4541.66,4590.0,3170.8,-1
7.39454,-177.5813,4357.739,4237.0,2705.3,-1
7.41334,-177.4904,4197.679,4133.0,2631.2,-1
7.42429,-177.5304,4188.023,4129.0,2575.5,-1
7.48666,-177.3598,3932.866,4025.0,2366.6,-1
7.4412,-177.2747,3944.78,3902.0,2496.3,-1
7.29376,-177.2115,3533.715,3482.0,2494.1,-1
7.23652,-177.2174,3412.507,3365.0,2496.4,-1
7.19833,-177.3503,3627.985,3636.0,2674.1,-1
7.19384,-177.3223,3553.967,3568.0,2638.7,-1
7.24291,-177.3134,3516.016,3553.0,2523.2,-1
7.28766,-177.2608,3599.234,3555.0,2549.9,-1
7.22847,-177.2005,3351.436,3375.0,2464.2,-1
7.18669,-177.2041,3381.683,3375.0,2542.7,-1
7.22861,-177.1778,3424.837,3424.0,2520.2,-1
7.27268,-177.1162,3698.259,3623.0,2651.4,-1
7.26678,-177.1674,3517.187,3496.0,2526.4,-1
7.25507,-177.1704,3516.601,3475.0,2548.6,-1
7.26237,-177.242,3481.386,3430.0,2508.0,-1
7.26315,-177.1972,3424.834,3422.0,2466.6,-1
7.20575,-177.1389,3534.797,3489.0,2638.6,-1
7.27116,-176.9909,3525.892,3526.0,2564.0,-1
7.32022,-176.957,3492.435,3484.0,2478.1,-1
12.32246,179.2035,3946.817,5787.0,3152.3,-1
12.26927,179.4779,5742.482,5916.0,4644.1,9998
12.266,179.4664,5769.501,5950.0,4663.0,9998
12.31585,179.4458,5732.014,5865.0,4637.1,-1
12.44244,179.4023,5621.557,5811.0,4575.1,-1
12.50896,179.423,5743.495,5868.0,4709.7,-1
12.70536,179.7423,5815.39,5746.0,5009.5,-1
12.46906,179.8936,5890.267,6447.0,4825.4,-1
12.46871,179.8913,5890.654,6449.0,4825.8,-1
12.47992,179.8845,5890.265,6473.0,4835.1,-1
12.47779,179.8569,5889.684,6438.0,4837.5,-1
12.48453,179.8356,5889.489,6405.0,4845.7,-1
12.47906,179.8145,5891.425,6351.0,4844.4,-1
12.48362,179.8008,5891.424,6316.0,4848.3,-1
12.49274,179.7769,5887.165,6209.0,4852.1,-1
12.50558,179.7486,5759.57,6023.0,4757.7,-1
12.56671,179.7171,5379.663,5795.0,4491.5,-1
12.59532,179.2706,5858.298,5926.0,4877.5,-1
12.68962,179.1835,5770.471,5784.0,4921.0,-1
12.77329,179.1499,5745.565,5720.0,5006.5,9998
12.73856,179.1454,5846.65,5743.0,5053.4,9998
12.73316,179.1882,5772.882,5703.0,4973.9,-1
12.47342,179.431,5539.082,5779.0,4525.5,-1
12.41241,179.4629,5581.641,5660.0,4540.2,-1
12.38288,179.624,5426.446,5704.0,4419.1,-1
12.56988,179.791,5835.654,6084.0,4882.1,-1
-4.84346,179.939,3950.351,5729.0,,-1
-4.80234,179.927,5773.567,5787.0,,-1
-4.59337,179.335,5835.657,5851.0,4621.2,9998
-4.60111,179.1801,5766.902,5778.0,4658.1,-1
-4.56327,178.9237,5240.99,5304.0,4569.2,9998
-4.31828,178.9822,5643.794,5663.0,5414.2,9998
-4.23959,179.162,5669.962,5671.0,5574.7,9998
-4.36414,179.2607,5483.652,5502.0,5011.8,9998
-4.17354,179.6549,5777.299,5774.0,5908.8,-1
-4.35653,179.6395,5839.839,5806.0,5403.8,9998
-4.60913,179.5535,5838.85,5845.0,4570.2,9998
-4.46681,179.5988,5873.037,5869.0,5067.9,-1
-4.4637,179.5185,5792.771,5792.0,4980.8,-1
-4.51961,179.3062,5882.036,5883.0,4891.2,9998
-4.59449,179.4318,5876.899,5877.0,4636.3,-1
-4.60486,179.4406,5875.639,5870.0,4604.2,9998
-4.68872,179.3584,5853.753,5855.0,4356.5,9998
-4.7476,179.3667,5855.877,5848.0,4195.7,-1
-4.89916,179.674,5630.179,5644.0,3544.2,-1
-4.92518,179.7432,5550.312,5549.0,3422.3,-1
-5.21231,179.9181,5553.969,5508.0,,-1
-5.10981,179.826,5487.664,5678.0,3041.2,9998
-5.03756,179.9411,5860.208,5777.0,,9998
-4.95677,179.8881,5569.987,5546.0,3373.4,9998
-4.79474,179.7834,5782.477,5799.0,3959.3,-1
-4.69388,179.5333,5850.074,5815.0,4310.2,-1
-4.69482,179.3892,5862.466,5848.0,4338.6,9998
1.94226,-179.9923,4014.413,5590.0,4446.4,9998
1.9323,179.9825,3949.108,5540.0,,9998
1.92611,179.9529,3946.082,5543.0,,9998
1.92435,179.926,5409.98,5505.0,,9998
1.72883,179.7274,5695.872,5692.0,6544.5,9998
1.65711,179.6961,5669.036,5682.0,6541.3,9998
1.51983,179.4018,5480.114,5469.0,6339.5,-1
1.46389,179.2066,5380.988,5383.0,6293.2,-1
1.50013,179.5048,5512.018,5516.0,6351.2,-1
1.65826,179.2615,5492.716,5486.0,6359.6,9998
1.69059,179.0426,5528.591,5542.0,6397.4,9998
1.5503,179.0197,5500.38,5516.0,6425.8,9998
1.4377,179.3213,5430.267,5427.0,6282.5,9998
1.5046,179.6069,5583.757,5581.0,6417.8,9998
1.70745,179.8247,5771.816,5760.0,6645.5,-1
1.92771,179.554,5516.852,5540.0,6091.1,9998
2.05142,179.5301,5539.632,5555.0,5850.6,9998
2.12558,179.6836,5582.574,5637.0,5745.0,-1
2.01193,-179.9046,5209.288,5176.0,5744.8,9998
1.95485,-179.9313,5144.426,5167.0,5716.1,9998
1.82414,-179.899,5328.099,5409.0,6066.1,9998
1.56445,-179.7601,5518.512,5537.0,6333.9,9998
1.71458,-179.7841,5351.777,5389.0,6134.7,9998
1.76118,-179.8656,5520.445,5646.0,6319.9,9998
1.89983,-179.9075,5208.225,5237.0,5826.7,9998
1.99586,179.9631,5466.621,5452.0,,9998
-62.67773,-142.7939,4051.471,4248.0,528.1,-1
-62.71111,-142.7532,4214.26,4348.0,492.6,-1
-62.7452,-142.6922,3545.78,4354.0,361.2,-1
-62.76653,-142.6761,3623.577,4313.0,328.5,-1
-62.78363,-142.6266,3985.547,4263.0,320.9,-1
-62.90428,-142.428,3794.433,4026.0,358.4,-1
-62.87459,-142.4116,3902.593,4143.0,375.1,-1
-62.82163,-142.3732,3928.861,4409.0,448.9,9998
-62.80463,-142.2464,3929.838,4551.0,595.6,9998
-62.83247,-142.0621,3927.691,4449.0,673.3,-1
-62.83707,-141.9153,4214.608,4209.0,750.9,9998
-62.84747,-141.8526,3860.203,4176.0,673.0,9998
-62.85407,-141.8181,3830.05,4151.0,653.8,9998
-62.84801,-141.8228,3927.492,4177.0,684.0,9998
-62.83785,-141.8186,3931.481,4123.0,705.6,9998
-62.83144,-141.8242,4148.476,4132.0,753.7,9998
-62.78548,-141.7215,4135.378,4114.0,672.3,9998
-62.66972,-140.4113,4063.036,4164.0,354.6,-1
-62.81263,-140.0992,4461.017,4449.0,296.3,9998
-62.73487,-139.8093,4667.642,4598.0,399.3,-1
-62.91174,-140.2088,4267.498,4448.0,599.0,-1
-63.18857,-140.217,4391.338,4684.0,1149.4,-1
-62.81515,-140.8226,4146.344,4314.0,1043.7,-1
-62.67665,-140.8011,4223.496,4417.0,685.6,9998
-62.6919,-140.2195,4351.913,4257.0,235.7,-1
-67.06742,-135.042,3969.082,4630.0,437.0,9998
-67.09071,-135.0616,3929.618,4623.0,441.1,9998
-67.10641,-135.1187,3927.767,4621.0,427.1,9998
-67.11855,-135.1742,4627.634,4633.0,487.8,9998
-67.1321,-135.2154,4611.254,4656.0,487.5,9998
-67.15604,-135.2608,4607.662,4623.0,509.4,9998
-67.46319,-135.3944,4559.211,4499.0,1525.8,-1
-67.44344,-135.4765,4473.428,4520.0,1500.8,9998
-67.30949,-135.4274,4555.09,4620.0,990.8,-1
-67.19003,-135.2375,4605.52,4559.0,579.2,9998
-67.17128,-135.1057,4598.839,4646.0,614.6,9998
-67.29174,-135.1328,4593.667,4536.0,780.5,9998
-67.27939,-135.122,4582.623,4515.0,758.8,9998
-67.54855,-135.4698,4524.875,4476.0,1769.5,-1
-67.01122,-115.0252,3928.958,4748.0,425.0,9998
-67.023,-115.2133,3927.303,4681.0,406.7,9998
-67.01131,-115.4102,3926.626,4749.0,468.7,9998
-66.98748,-115.6154,4671.078,4655.0,659.9,9998
-66.9549,-115.8518,4714.677,4639.0,792.6,9998
-66.93606,-116.1192,4639.995,4590.0,889.5,9998
-67.07966,-117.2697,4589.467,4593.0,1619.7,9998
-67.2094,-118.056,4498.802,4562.0,1463.8,9998
-67.2687,-118.5577,4540.467,4511.0,1506.3,-1
-67.01457,-118.0129,4611.193,4637.0,2027.1,9998
-66.82637,-118.2417,4629.177,4579.0,2266.3,9998
-66.7483,-119.1363,4662.336,4611.0,2513.9,9998
-66.69751,-119.7704,4670.781,4573.0,2555.4,9998
-66.74212,-120.0613,4596.257,4553.0,2645.6,9998
-66.62134,-119.6661,4701.222,4707.0,2259.3,9998
-66.90804,-124.8912,3926.069,4415.0,790.4,9998
-66.86172,-124.8906,3928.317,4429.0,790.2,9998
-66.86821,-124.916,4415.997,4417.0,886.3,9998
-66.89246,-124.963,4383.886,4399.0,865.3,9998
-66.9149,-125.028,4376.313,4373.0,822.9,9998
-67.12638,-125.341,3932.816,4274.0,898.5,9998
-67.15809,-125.3269,3932.613,4329.0,910.0,9998
-67.18319,-125.2989,3659.816,4323.0,826.0,9998
-67.22151,-125.3194,3709.43,4389.0,791.2,9998
-67.26479,-125.3293,3653.665,4420.0,711.8,9998
-67.34529,-125.4003,3217.153,4438.0,428.6,9998
-67.38135,-125.4682,3073.862,4411.0,324.1,9998
-67.45445,-125.6945,3927.677,4264.0,262.8,9998
-67.49186,-125.8707,3054.52,4254.0,197.5,9998
-67.53043,-126.0214,3094.516,4233.0,165.3,9998
-67.56799,-126.1635,2976.917,4251.0,131.8,9998
-67.61377,-126.283,3135.177,4233.0,111.0,9998
-67.65581,-126.3872,3932.485,4213.0,245.8,-1
-67.69919,-126.5071,3932.765,4230.0,428.6,9998
-67.73582,-126.5875,3927.8,4228.0,527.4,9998
-67.8177,-126.5412,3934.485,4180.0,446.9,9998
-67.84004,-126.4814,3836.104,4140.0,404.8,9998
-67.68441,-126.1908,4185.802,4198.0,226.5,-1
-67.41302,-126.1798,4296.618,4331.0,747.0,9998
-67.39675,-125.7825,4343.096,4354.0,412.9,9998
-67.45658,-126.0224,4125.473,4312.0,400.6,9998
-41.95856,-161.5953,5217.38,5212.0,256.1,-1
-41.92039,-161.6519,5272.5,5258.0,234.7,9998
-41.87168,-161.6505,5193.595,5222.0,177.8,9998
-41.78312,-161.9189,5128.149,5111.0,252.5,9998
-41.67814,-162.1692,5039.719,5037.0,255.6,9998
-41.59476,-162.3746,4932.82,4943.0,335.7,-1
-41.58537,-162.4193,5091.033,5068.0,383.2,-1
-41.80918,-162.5478,5038.787,5063.0,1111.3,9998
-41.83865,-162.7101,5084.712,5087.0,1431.1,-1
-41.76795,-163.4487,4742.499,4702.0,2939.9,9998
-41.33756,-163.8756,4517.884,4793.0,1947.8,9998
-41.29468,-163.9233,4379.414,4402.0,1907.6,-1
-41.27996,-163.9468,4315.93,4252.0,1887.4,-1
-40.99457,-164.7137,3439.511,3656.0,1061.7,9998
-40.20472,-165.2125,5112.995,5304.0,165.9,-1
-40.23874,-164.9824,5074.115,5147.0,873.3,9998
-40.34502,-165.0571,5059.333,5142.0,317.1,9998
-40.28467,-165.2701,5198.029,5240.0,631.7,-1
-39.87316,-165.5485,5135.342,5115.0,1149.2,-1
-38.71062,-137.1229,5091.781,5083.0,1135.6,9998
-38.64506,-137.2206,5141.435,5191.0,1143.7,9998
-38.60404,-137.255,5039.286,5123.0,1084.6,9998
-38.74148,-137.4727,5082.945,5034.0,1234.4,9998
-38.73168,-137.7035,4966.015,4943.0,1199.5,9998
-38.74644,-137.7738,5026.519,5029.0,1230.2,9998
-38.80436,-137.9481,4649.395,4734.0,1133.4,9998
-38.84678,-137.8295,4914.458,4729.0,1215.7,9998
-38.86143,-137.8226,4981.376,5014.0,1225.2,9998
-38.90356,-138.143,5118.638,5148.0,1124.5,9998
-38.53862,-138.5953,5194.005,4981.0,1268.3,9998
-54.96226,179.52,4907.656,5321.0,2107.7,-1
-54.63121,175.2303,1973.197,5042.0,781.5,9998
-54.54468,175.1791,1950.435,5101.0,695.0,9998
-54.34177,175.0275,3719.392,5154.0,1509.1,9998
-54.03039,175.9387,4992.125,4945.0,793.4,9998
-54.37863,176.2436,4956.432,4970.0,1183.4,9998
-54.8246,177.0535,4778.652,4946.0,2838.3,9998
-54.50085,177.3578,4721.304,4872.0,1896.2,-1
-54.02804,176.1575,5000.551,4945.0,433.4,9998
-53.8313,175.2684,5038.497,5111.0,4193.2,9998
-53.28219,176.4251,4911.575,4923.0,2339.3,9998
-53.0878,176.9385,4599.978,4574.0,4047.6,9998
-53.11666,177.567,4815.62,4832.0,3594.8,-1
-56.30888,177.3413,4964.321,4920.0,2057.8,9998
-53.6203,175.8388,4903.388,4782.0,2089.1,9998
-53.76985,176.9239,5021.58,5091.0,1664.7,-1
-54.65695,176.9908,5034.066,5085.0,2855.3,9998
-54.11891,176.3694,4897.554,4950.0,108.0,-1
-53.67653,177.3202,5036.532,5011.0,3232.6,-1
-54.28292,176.7738,4764.144,4739.0,609.9,9998
-54.72934,175.3444,4944.078,4931.0,1982.6,9998
-54.39523,175.8898,5044.347,5052.0,968.6,9998
-54.35462,176.6369,4782.725,4755.0,969.1,9998
-53.50044,176.7417,4987.322,5104.0,2979.0,9998
-53.23829,177.6895,4969.908,5025.0,3438.3,-1
-52.91563,177.7444,5065.337,4878.0,3687.3,-1
-57.80993,177.3684,4866.468,4911.0,5060.2,9998
-57.7777,177.3486,4966.03,4956.0,5336.3,9998
-56.73197,177.2776,4961.528,5025.0,3455.0,9998
-56.83977,177.3413,4987.043,4989.0,4662.0,-1
-56.84642,177.2955,4966.418,4986.0,4540.5,9998
-58.10172,178.3629,4958.538,4903.0,2243.6,9998
-58.45023,179.3364,4599.997,5007.0,870.5,-1
-34.67663,-179.4048,3968.8,3999.0,678.4,9998
-34.77157,-179.4185,4031.516,4064.0,749.3,9998
-32.35573,-178.4451,4310.858,4290.0,1735.3,9998
-32.36066,-178.3183,4766.739,4786.0,1418.0,9998
-35.24052,-179.7191,3424.089,3506.0,981.0,9998
-33.22285,-178.6978,4896.497,4855.0,1754.4,9998
-32.96833,-178.6495,4641.467,4720.0,2282.5,9998
-32.71556,-178.5245,4246.488,4538.0,2174.7,9998
-35.13095,-179.6746,3345.665,3373.0,847.1,9998
-35.40043,-179.6706,3611.224,3610.0,1156.2,9998
-35.23575,-179.6709,3616.448,3603.0,1009.8,9998
-35.07746,-179.5983,3497.782,3495.0,797.3,9998
-35.05494,-179.6204,3458.528,3445.0,807.1,9998
-34.82287,-179.6066,3476.667,3431.0,824.8,9998
-34.65841,-179.7478,3409.412,3400.0,1088.6,9998
-34.45046,-179.7145,3417.875,3441.0,1207.0,9998
-34.34835,-179.7251,3333.675,3325.0,1213.7,9998
-34.04092,-179.3811,3236.396,3215.0,700.0,9998
-33.97213,-179.3836,3179.01,3147.0,694.6,-1
-34.73221,-179.4194,3980.669,4005.0,715.9,9998
-34.81324,-179.4322,4003.052,4027.0,803.5,9998
-34.87044,-179.4358,3932.674,3945.0,816.1,9998
-34.87566,-179.4548,3833.235,3876.0,808.7,9998
-34.88192,-179.4638,3807.099,3841.0,809.0,9998
-34.95883,-179.4404,3894.922,3889.0,813.6,9998
-34.86417,-179.448,3917.276,3915.0,820.7,9998
-34.57935,-179.5804,3726.143,3745.0,967.8,9998
-34.38145,-179.4416,3682.202,3817.0,798.3,-1
-58.36963,130.5544,4686.506,4681.0,870.0,9998
-57.74954,130.7771,4697.701,4689.0,1379.1,9998
-58.01307,132.037,4669.777,4678.0,2416.7,9998
-58.05759,132.5579,4686.53,4696.0,3272.6,9998
-57.53322,132.0543,4672.485,4692.0,2323.3,9998
-57.34979,132.1949,4532.912,4568.0,2877.9,9998
-57.3815,131.952,4650.246,4613.0,2507.6,9998
-57.28243,132.027,4572.61,4599.0,2785.6,9998
-57.15965,131.8864,4623.958,4595.0,3039.1,-1
-57.1511,131.6423,4625.125,4612.0,2978.6,9998
-57.13745,131.0559,4673.221,4536.0,3446.8,-1
-57.06557,130.3173,4690.215,4683.0,3679.1,9998
-57.05346,129.5184,4685.858,4688.0,3037.7,-1
-57.06372,128.5543,4679.261,4659.0,2547.3,-1
-57.13311,127.5062,4672.544,4677.0,1972.1,9998
-57.02585,126.5253,4688.68,4707.0,1901.2,9998
-56.66854,125.7419,4692.311,4602.0,1797.9,9998
-56.29046,125.7404,4699.054,4572.0,2092.2,-1
-56.26596,125.9271,4702.069,4638.0,2275.3,-1
-56.21272,125.9095,4694.917,4672.0,2412.5,-1
-56.1779,125.9853,4678.546,4747.0,2551.4,-1
-56.34488,125.9961,4672.663,4637.0,2148.4,-1
-56.54138,126.1102,4674.039,4625.0,2046.2,-1
-56.76694,126.2854,4676.373,4680.0,2179.4,9998
-56.89829,126.2932,4685.24,4737.0,2126.9,9998
-56.92536,126.0467,4688.041,4707.0,2090.1,9998
-56.71898,125.7937,4691.031,4601.0,1936.2,-1
-56.69541,125.7742,4687.841,4623.0,1876.7,9998
-56.66723,125.7353,4688.531,4600.0,1788.3,9998
-56.62093,125.5587,4705.708,4563.0,1623.9,-1
-56.74513,125.6659,4711.765,4637.0,1940.6,9998
-56.99756,125.8759,4692.277,4698.0,2027.5,9998
-57.12554,125.5448,4682.436,4692.0,2021.2,9998
-57.09128,125.3991,4681.965,4682.0,2048.9,9998
-57.10204,125.1586,4680.894,4636.0,2160.4,9998
-57.06138,125.0402,4680.619,4579.0,2214.3,9998
-56.90683,125.0237,4680.292,4850.0,2250.6,9998
-56.78327,124.4631,4683.25,4743.0,2155.4,-1
-56.79868,123.6783,4674.712,4691.0,1552.5,-1
-56.88789,122.6624,4669.054,4675.0,1082.1,-1
-57.03389,121.7654,4649.509,4647.0,1980.6,-1
-57.42433,120.9573,4630.74,4627.0,2521.7,-1
-58.40429,120.6329,4580.523,4661.0,1941.7,-1
-58.02337,121.7752,4627.794,4630.0,2688.3,-1
-57.34006,122.2656,4654.237,4694.0,2319.3,-1
-56.94185,121.9674,4666.125,4669.0,1451.2,-1
-56.78001,121.6313,4656.977,4733.0,1456.3,-1
-56.8583,121.446,4649.287,4700.0,1621.6,-1
-57.00036,121.4433,4648.747,4639.0,1844.0,-1
-56.93992,121.5688,4652.648,4641.0,1777.8,-1
-56.78429,121.5545,4655.813,4739.0,1517.7,-1
-56.65082,121.6571,4654.119,4723.0,1317.9,-1
-56.67041,121.9129,4658.475,4666.0,1033.0,-1
-56.86978,121.8333,4656.167,4676.0,1389.9,-1
-57.00004,121.4231,4649.91,4642.0,1828.7,-1
-57.11363,120.8389,4649.574,4684.0,1628.5,-1
-57.23939,121.1372,4638.472,4618.0,2193.1,-1
-57.75919,121.761,4630.999,4800.0,3119.8,9998
-58.26567,121.7043,4604.527,4595.0,2426.4,-1
-58.12147,121.43,4620.775,4607.0,2167.8,-1
-57.81116,121.9457,4637.765,4757.0,3154.4,-1
-57.97203,123.8854,4653.313,4637.0,2234.7,-1
-57.22443,123.9188,4675.029,4837.0,1815.7,9998
-56.69263,124.1167,4687.455,4664.0,1981.8,-1
-56.67361,125.0261,4676.12,4686.0,2095.5,-1
-56.7379,125.9161,4690.732,4572.0,2034.5,-1
-56.83767,127.2327,4687.009,4678.0,2024.8,-1
-55.95264,128.3939,4719.257,4667.0,2829.6,9998
-55.76669,128.2693,4681.813,4666.0,2857.7,9998
-55.11684,128.5092,4595.668,4352.0,2677.2,9998
-55.28413,128.5822,4631.681,4326.0,2671.4,-1
-54.78577,127.1601,4320.832,4454.0,3942.5,-1
-54.21578,128.4288,4354.066,4498.0,4247.0,-1
-53.36967,129.2281,3997.69,4022.0,3478.9,9998
-53.29958,128.6834,3988.668,4066.0,3255.7,-1
-52.94789,127.0485,4065.532,4018.0,3781.7,-1
-52.78811,126.9728,3890.185,4114.0,3992.2,-1
-52.91146,127.4607,4018.96,3911.0,3634.1,9998
-52.87091,128.1154,3939.299,4017.0,3347.6,9998
-53.15524,128.3827,4068.18,4060.0,2925.4,9998
-53.01044,128.2235,4018.244,3967.0,3051.3,9998
-53.17699,127.5186,3949.116,4127.0,2949.6,9998
-53.17516,127.3237,4022.951,4056.0,3150.5,9998
-53.17285,127.3649,4052.809,4021.0,3167.6,9998
-53.4188,127.2512,4032.201,3938.0,2760.0,-1
-53.98031,128.9855,4175.304,4162.0,3801.7,-1
-54.65397,130.0557,4343.606,4297.0,2599.6,9998
-55.11377,131.2349,4197.921,4291.0,1994.8,9998
-54.8593,131.8954,4283.313,4377.0,2658.3,9998
-54.85587,132.0544,4324.302,4294.0,2666.5,9998
-54.75042,130.8412,4287.822,4198.0,2227.6,-1
-54.72529,131.0513,4173.671,4263.0,2295.9,-1
-54.84687,131.6064,4379.072,4253.0,2614.2,-1
-55.02562,131.4768,4309.67,4260.0,2224.1,9998
-54.91063,131.7403,4350.695,4373.0,2574.2,9998
-55.14509,131.6778,4200.921,4248.0,2083.4,9998
-54.96872,131.357,4260.833,4262.0,2233.1,-1
-54.90723,131.479,4405.359,4293.0,2440.5,9998
-54.80992,131.8795,4168.489,4207.0,2653.1,9998
-54.56195,131.8556,4206.479,4097.0,2659.6,9998
-54.32788,132.0229,4101.012,4119.0,2704.2,-1
-54.14824,131.9285,4185.641,4106.0,2931.6,-1
-53.98436,131.6334,3977.824,3957.0,2796.9,9998
-53.85361,131.8913,4026.016,3942.0,2788.3,9998
-54.03036,132.9961,3827.665,3730.0,2556.6,-1
-54.20922,133.1166,4096.29,4014.0,2645.4,9998
-53.95505,133.0022,3767.428,3732.0,2525.3,-1
-53.8893,132.9501,3951.689,3774.0,2674.3,-1
-53.70415,133.2098,3828.553,3843.0,2814.0,-1
-53.40595,133.4849,3961.685,3862.0,3473.0,9998
-53.34533,134.3078,3690.596,3692.0,3433.3,9998
-53.49835,133.5776,3965.932,3884.0,3061.7,-1
-53.74221,133.7089,3821.044,3777.0,2740.8,9998
-53.61355,133.3317,3817.875,3701.0,2956.9,-1
-53.63108,133.3147,3798.886,3729.0,2925.4,-1
-53.62125,133.3792,3804.049,3600.0,2919.0,-1
-53.52799,133.4156,3777.501,3760.0,2912.9,9998
-53.38139,133.5983,3940.969,3882.0,3619.2,9998
-53.3089,133.4651,3942.941,3927.0,3959.6,-1
-53.53325,132.9722,4041.885,4101.0,3297.4,9998
-53.56567,133.1868,3831.52,3804.0,3046.1,9998
-53.69601,133.3015,3886.077,3821.0,2895.9,-1
-53.9147,133.487,3944.481,3892.0,2721.7,-1
-53.89033,134.0993,3977.857,3933.0,3141.9,-1
-53.93606,134.043,3936.885,3869.0,3099.4,-1
-54.19527,134.1777,3962.285,3984.0,3148.0,9998
-54.25435,134.5386,3695.365,3763.0,3256.3,-1
-54.39676,134.9751,4095.834,4152.0,3939.3,9998
-54.39199,135.6541,3969.707,3731.0,4131.3,9998
-54.4772,135.9427,3814.082,3941.0,3411.9,9998
-55.00369,137.855,3761.241,3836.0,3022.0,-1
-55.39562,138.0786,3815.53,3914.0,2374.7,-1
-55.49555,138.0498,3938.296,3957.0,2282.6,-1
-55.42868,137.9128,3840.921,3919.0,2337.8,-1
-55.07981,137.7658,3871.109,3939.0,2883.0,-1
-55.04182,137.653,4019.473,3930.0,3001.0,-1
-55.12858,137.6571,4036.46,4032.0,2887.7,-1
-55.60052,138.1236,3995.453,4012.0,2126.9,9998
-55.71453,138.2007,3821.751,3937.0,1879.2,9998
-55.90733,138.1833,4125.819,4128.0,2002.0,9998
-55.98315,138.0587,4018.466,4066.0,1995.8,-1
-55.82515,137.1681,4150.243,4243.0,2520.7,9998
-55.77204,137.249,4211.479,4277.0,2556.5,9998
-55.71635,137.3708,4009.514,4126.0,2446.1,9998
-55.55166,137.5066,4134.11,4190.0,2418.6,9998
-55.53373,137.607,3931.182,3996.0,2271.4,-1
-55.48084,137.9908,3978.474,3952.0,2341.0,-1
-55.52923,138.223,4080.266,4040.0,2233.4,-1
-55.62093,138.1366,3951.969,4004.0,2074.4,9998
-55.53471,138.1464,4132.366,4037.0,2270.7,-1
-55.55736,138.2267,4068.396,3963.0,2177.7,9998
-55.5482,138.2222,4071.316,3984.0,2196.0,9998
-55.67876,138.2753,3815.923,3931.0,1884.8,9998
-55.60666,139.2525,3538.184,3698.0,1838.2,-1
-54.60014,139.4732,3709.083,3826.0,3711.5,-1
-54.11366,139.3213,3688.69,3563.0,2829.2,-1
-53.68092,139.3289,3641.292,3818.0,3264.5,-1
-52.46759,139.2083,3550.466,3629.0,4338.5,9998
-53.16368,139.0614,3551.416,3509.0,4781.3,9998
-53.12184,139.1497,3563.71,3537.0,4859.6,9998
-61.74292,131.6569,3928.114,4521.0,1698.4,-1
-61.81018,131.2291,4413.143,4547.0,1885.1,-1
-61.46685,130.6434,4417.625,4573.0,2226.0,9998
-61.60647,131.4522,4512.93,4542.0,1806.6,-1
-61.60852,129.9,4511.667,4519.0,2646.5,-1
-61.45891,130.3209,4512.205,4547.0,2474.1,9998
-62.26172,130.556,4480.214,4487.0,2689.2,-1
-62.78936,131.1,4394.187,4371.0,3349.0,9998
-62.84465,131.3373,4367.68,4337.0,2876.9,-1
-62.84114,131.2438,4375.056,4347.0,2954.7,-1
-62.75519,130.9482,4417.482,4426.0,3589.8,9998
-62.53238,132.5939,4400.772,4426.0,3582.1,9998
-62.04332,133.5965,4368.527,4363.0,2360.9,9998
-61.88647,133.7593,4402.154,4391.0,2573.2,-1
-61.82065,134.0215,4380.635,4390.0,2729.0,9998
-61.90872,134.9103,4326.454,4334.0,3104.1,-1
-62.00893,135.584,4297.98,4299.0,2696.3,9998
-61.76604,135.8067,4345.232,4368.0,5044.1,9998
-62.06987,135.2351,4298.349,4278.0,1890.4,9998
-61.98964,135.5797,4302.84,4303.0,2948.2,9998
-63.45714,140.8333,3782.02,3785.0,3190.2,-1
-63.20266,141.7977,3834.619,3870.0,2289.8,9998
-62.70558,140.571,4061.179,4081.0,989.3,9998
-62.7498,141.8746,3978.85,4017.0,2760.8,9998
-62.44181,145.2729,4056.401,3858.0,2330.7,9998
-62.17483,144.8339,4099.43,3849.0,1202.6,-1
-62.18208,144.8241,4099.72,3855.0,1236.0,-1
-62.17983,144.8057,4099.624,3864.0,1245.4,-1
-62.14975,144.4052,4116.731,4122.0,1648.1,9998
-62.1354,143.9498,4137.524,4022.0,1787.0,-1
-62.30487,145.0368,4073.642,3853.0,1581.4,9998
-62.67008,144.1513,4070.518,4056.0,4235.3,-1
-62.89384,143.3844,4083.274,4121.0,3335.1,9998
-63.01357,142.4389,4026.006,4071.0,982.2,9998
-62.39447,141.1741,4221.838,4211.0,3182.6,-1
-62.29683,143.3617,4127.274,4090.0,2279.9,9998
-62.47758,144.4141,4064.941,3881.0,3060.9,9998
-62.47386,145.3066,4052.796,3860.0,2507.0,9998
-61.60572,145.8292,4164.793,4172.0,1821.0,9998
-62.09457,146.0622,4093.529,4078.0,274.2,9998
-62.48593,144.9142,4059.886,3895.0,2662.0,-1
-63.06156,143.4738,4013.163,3979.0,1956.4,9998
-63.38345,141.7844,3818.519,3828.0,1806.2,9998
-64.06404,140.1327,3610.185,3622.0,1066.5,9998
-64.06098,140.1162,3439.846,3633.0,991.7,9998
-64.38671,139.7322,3265.982,3287.0,1443.3,9998
-64.54081,139.3028,3127.446,3214.0,768.8,9998
-64.61512,138.9372,3123.722,3117.0,192.8,9998
-64.11526,139.6808,3444.313,3531.0,550.3,9998
-63.56163,141.7753,3440.263,3812.0,2432.1,9998
-63.88466,138.0534,3659.391,3632.0,914.5,9998
-63.43315,135.4466,3928.974,4046.0,2497.1,9998
-63.76106,133.8289,3671.299,3655.0,4217.6,9998
-63.49355,134.4539,4007.69,4083.0,3921.1,-1
-63.65388,134.432,3811.926,3914.0,4921.6,9998
-60.85107,140.189,4374.463,4441.0,884.8,9998
-60.96108,140.0,4360.935,4475.0,657.9,9998
-60.81711,140.0981,4378.162,4384.0,904.5,9998
-60.39149,139.3745,4429.642,4424.0,2195.6,9998
-59.83404,138.6728,4480.482,4440.0,2458.5,-1
-59.88421,138.4336,4481.337,4485.0,2329.5,-1
-59.95363,137.8338,4493.535,4499.0,2324.6,-1
-60.21441,137.642,4490.532,4524.0,1943.9,-1
-60.71853,137.6981,4439.521,4452.0,2788.3,-1
-61.05601,138.6644,4387.008,4402.0,2742.1,9998
-61.58797,138.8434,4313.359,4359.0,4109.9,-1
-61.79642,138.4571,4212.32,4228.0,3578.6,-1
-61.68316,138.2088,4245.566,4342.0,3345.9,9998
-61.75916,139.0023,4191.259,4242.0,4448.8,9998
-61.77847,138.6037,4216.113,4243.0,3896.7,-1
-62.02802,137.5667,4140.569,4132.0,2328.2,9998
-62.28789,137.0482,4124.751,4213.0,1375.7,-1
-62.04329,136.878,4134.348,4011.0,2355.7,9998
-62.24285,137.378,4074.828,4174.0,1824.1,9998
-61.59884,123.8496,4287.826,4319.0,2890.1,-1
-61.74002,123.2863,4264.48,4273.0,2537.0,9998
-61.14374,125.4976,4404.056,4413.0,4117.1,-1
-61.04433,125.657,4415.345,4422.0,4093.0,9998
-61.42024,124.6401,4338.458,4341.0,3847.1,-1
-61.82851,120.8981,4145.004,4175.0,2251.7,9998
-61.79807,121.1024,4160.458,4188.0,2266.8,9998
-61.83004,121.8365,4188.322,4184.0,2036.0,9998
-62.21818,122.9358,4179.749,4191.0,1541.5,9998
-62.83886,117.0704,3695.493,3707.0,2834.4,9998
-63.01413,116.3897,3499.54,3492.0,2344.3,9998
-62.9509,117.496,3535.012,3646.0,2861.7,9998
-62.8145,124.0406,4119.535,4132.0,155.8,9998
-63.50723,127.3184,4081.34,4114.0,2313.6,9998
-63.43311,125.014,3917.501,3895.0,1952.7,9998
-63.20666,125.4617,4013.994,4029.0,1248.2,9998
-63.32233,126.6048,4143.759,4081.0,1098.8,-1
-63.38047,127.866,4118.099,4177.0,1263.2,9998
-63.71066,122.3802,3615.924,3630.0,956.4,9998
-63.18079,124.4426,4104.657,3995.0,88.9,9998
-63.05866,117.8794,3590.102,3566.0,2857.0,9998
-63.03883,117.9863,3613.962,3592.0,2898.1,9998
-62.81992,116.6542,3574.294,3585.0,2618.9,9998
-61.45966,108.9821,4196.6,4204.0,1532.8,9998
-59.44343,109.1412,4383.979,4420.0,1977.7,9998
-59.3991,108.185,4456.676,4445.0,1253.4,9998
-59.0678,107.8202,4032.886,4195.0,1432.8,-1
-59.14529,107.111,4245.352,4341.0,1247.1,-1
-59.43933,106.0122,4326.908,4540.0,1716.2,9998
-59.61646,104.7621,4317.429,4325.0,625.5,-1
-59.8754,104.5221,4496.861,4510.0,1493.0,9998
-60.39558,104.3817,4461.85,4564.0,1404.0,9998
-60.83406,104.0897,4425.8,4456.0,971.7,9998
-61.23011,104.0641,4405.87,4438.0,982.9,9998
-61.35548,104.2535,4393.892,4399.0,1463.2,9998
-61.4668,104.3117,4385.51,4414.0,2115.0,-1
-61.55469,104.2623,4380.918,4422.0,2515.6,9998
-61.64771,104.4443,4359.829,4442.0,2931.1,-1
-63.10771,104.558,3978.063,3872.0,1518.0,-1
-62.72443,104.8484,3994.992,3987.0,598.0,9998
-62.93304,106.5403,3765.627,3746.0,1710.2,9998
-63.22629,105.6037,3835.488,3845.0,711.4,9998
-62.84832,103.5836,3761.468,3762.0,486.2,9998
-61.20042,104.2653,4403.745,4410.0,1024.8,-1
-60.76166,108.1494,4349.843,4338.0,2511.8,-1
-61.15863,108.2782,4314.086,4317.0,1744.0,9998
-61.5251,107.2623,4326.29,4337.0,432.6,9998
-59.98188,106.9964,4317.69,4318.0,2396.9,9998
-60.0905,106.4912,4175.392,4453.0,2053.4,9998
-60.32195,105.6022,4435.002,4318.0,1387.3,9998
-60.58815,103.4931,4474.103,4470.0,2104.0,9998
-60.42851,102.6672,4391.883,4405.0,1724.5,9998
-59.14026,102.4717,4306.916,4173.0,1242.9,-1
-58.96129,102.2748,4504.081,4279.0,1121.5,9998
-58.92396,101.9886,4420.364,4346.0,944.8,-1
-61.28461,99.36031,4391.005,4342.0,1932.8,-1
-60.29581,99.37846,4491.375,4515.0,1131.1,9998
-59.5982,101.9837,4263.841,4228.0,1209.1,9998
-59.13024,102.5658,4385.45,4283.0,1409.3,-1
-58.83775,103.3204,4477.836,4375.0,871.2,-1
-58.80429,103.4786,4510.541,4412.0,192.9,-1
-58.88628,103.501,4480.826,4482.0,187.3,-1
-64.85106,151.8959,3256.611,3246.0,2556.2,9998
-64.87147,152.4184,3316.466,3282.0,2596.7,-1
-64.88986,152.6089,3319.484,3142.0,2662.3,-1
-64.93801,152.8342,3241.379,3218.0,2400.0,-1
-63.97558,151.0278,3556.461,3583.0,824.9,9998
-64.10522,150.4738,3539.873,3587.0,1283.3,9998
-64.88654,151.8195,3185.9,3232.0,2420.9,9998
-64.87534,155.0549,3363.932,3416.0,1141.1,9998
-64.99914,155.8411,3328.913,3372.0,2748.8,9998
-65.21486,155.5081,3234.197,2964.0,3604.0,9998
-65.34952,155.1711,3235.824,3249.0,3705.2,9998
-65.3016,160.259,3024.132,3069.0,846.6,9998
-65.2886,160.2516,3037.897,3063.0,840.2,9998
-65.27955,160.3037,2994.072,3008.0,678.3,9998
-65.14685,161.0819,3047.979,3037.0,321.7,9998
-64.79432,161.3516,3211.474,2986.0,229.2,-1
-63.30825,159.2251,2568.395,2482.0,586.4,-1
-63.30478,159.1865,2479.845,2483.0,576.1,-1
-63.38398,159.4589,2341.501,2602.0,547.2,9998
-63.37625,159.464,2582.469,2590.0,594.2,9998
-63.26715,159.5937,2581.022,2522.0,469.1,-1
-63.27976,160.2699,2778.918,2762.0,587.6,-1
-63.14957,160.47,2747.669,2759.0,643.9,-1
-62.79539,160.9141,2727.702,2770.0,1039.0,-1
-62.7413,161.6408,2911.714,2850.0,697.7,-1
-62.73405,161.7479,2901.948,2874.0,723.7,-1
-63.20175,169.001,2400.87,3034.0,1732.8,9998
-63.35644,168.8463,2291.85,2186.0,1979.8,9998
-63.37988,168.8389,2243.551,1981.0,2036.8,9998
-63.3796,168.8971,1968.754,1978.0,1726.7,9998
-63.27227,169.7759,1897.536,2006.0,835.2,9998
-63.31751,169.9124,2187.512,2034.0,654.6,9998
-63.303,169.9215,2082.041,2006.0,643.6,9998
-63.84629,141.4029,3758.076,3744.0,3115.4,-1
-63.72558,141.2693,3764.92,3770.0,3766.7,-1
-63.66739,141.1008,3763.38,3765.0,3769.7,9998
-63.62265,140.9881,3760.765,3772.0,3620.9,9998
-63.61333,140.8901,3757.362,3772.0,3483.7,9998
-63.62364,140.912,3758.04,3770.0,3484.6,9998
-63.6409,141.007,3762.025,3768.0,3620.1,9998
-63.67832,141.1649,3765.226,3766.0,3828.3,9998
-63.73631,141.3771,3762.388,3776.0,3790.3,-1
-63.7658,141.483,3754.11,3775.0,3647.7,-1
-63.77282,141.5915,3758.291,3773.0,3579.2,9998
-63.75375,141.6184,3756.642,3767.0,3629.4,9998
-63.68266,141.6202,3779.817,3796.0,3581.9,9998
-63.23196,140.4336,3787.823,3794.0,2572.7,9998
-63.41019,139.0674,3800.03,3791.0,5130.7,9998
-63.41312,138.7574,3845.939,3818.0,5431.4,9998
-63.22329,139.7158,3675.922,3783.0,4852.8,9998
-62.82148,149.1712,3898.428,3904.0,2173.4,9998
-63.13573,149.1639,3813.628,3829.0,1640.6,9998
-63.40667,149.5597,3735.041,3739.0,1645.0,9998
-63.89078,149.1622,3683.332,3716.0,669.6,9998
-64.53101,148.5009,3541.906,3602.0,1828.1,9998
-64.31989,147.0507,3683.315,3719.0,3354.5,9998
-63.90174,147.1649,3765.65,3796.0,1440.3,9998
-63.99172,128.5097,3715.322,3727.0,746.7,9998
-64.00004,128.4435,3701.696,3723.0,719.3,9998
-64.00084,128.3738,3660.236,3680.0,718.0,9998
-63.98861,128.2415,3721.064,3740.0,786.6,9998
-63.97616,128.2092,3708.514,3746.0,854.6,9998
-63.97112,128.1804,3705.499,3731.0,874.1,9998
-63.98485,128.153,3641.26,3691.0,749.4,9998
-64.00385,128.1353,3573.591,3615.0,614.0,9998
-64.01331,128.1093,3559.178,3577.0,571.3,9998
-64.17885,127.5952,3181.574,3578.0,481.7,9998
-64.00745,127.7562,3631.908,3653.0,662.1,9998
-64.19014,127.2992,3733.172,3744.0,524.4,9998
-63.50395,125.1192,3809.731,3825.0,2829.7,9998
-63.57471,122.2275,3767.297,3764.0,2345.3,9998
-63.36618,123.0405,3848.092,3870.0,2310.2,9998
-63.73398,122.5901,3794.979,3643.0,1179.8,-1
-63.34765,122.1908,3916.068,3857.0,3135.6,-1
-62.69002,122.9199,4078.188,3968.0,441.3,9998
-63.18132,124.9904,4019.834,4039.0,661.9,9998
-63.11609,123.1912,3973.395,3989.0,209.6,9998
-63.035,124.1696,4056.804,4074.0,237.7,9998
-63.61921,125.1117,3721.456,3735.0,3359.1,-1
-63.06651,126.6452,4165.594,4097.0,94.3,9998
-62.37534,128.5727,4321.834,4323.0,2450.6,9998
-62.69527,130.0914,4069.83,4410.0,2846.9,9998
-62.82062,132.3999,4127.693,4408.0,2227.2,9998
-63.11513,134.0687,4097.585,4281.0,1345.5,9998
-63.44125,134.552,4065.522,4133.0,3039.0,-1
-63.89858,134.9801,3701.14,3805.0,2870.5,9998
-63.49546,135.7573,3856.516,3937.0,2750.8,-1
-63.70377,138.4265,3738.56,3718.0,2021.0,-1
-64.02838,142.2679,3661.786,3680.0,3331.8,9998
-63.65254,143.6207,3840.911,3869.0,1338.3,9998
-63.55148,143.1606,3844.246,3855.0,1889.3,9998
-63.95009,141.974,3699.374,3749.0,3599.3,9998
-63.33735,137.4112,3884.956,3920.0,4385.6,9998
-63.93665,140.1472,3661.129,3659.0,1643.7,9998
-64.49162,140.976,3232.706,3300.0,795.9,9998
-64.40324,138.9845,3412.284,3427.0,1440.2,9998
-64.45916,138.3014,3371.537,3303.0,857.4,-1
-64.13422,137.4088,3174.171,3278.0,97.8,9998
-63.40067,136.3893,3910.414,3876.0,1884.6,9998
-62.54414,135.3378,4195.864,4193.0,726.8,-1
-62.15218,134.1348,4358.107,4426.0,1312.2,9998
-61.67883,133.519,4420.949,4433.0,2682.4,-1
-61.73573,133.6062,4410.16,4426.0,2591.5,-1
-62.11974,133.1409,4421.284,4411.0,2297.6,-1
-61.95431,132.9897,4420.758,4419.0,2316.9,9998
-62.17943,132.861,4414.279,4439.0,2356.0,-1
-62.16439,133.5422,4393.91,4380.0,2153.8,9998
-62.02148,134.5031,4308.557,4317.0,2048.9,9998
-62.38253,134.7312,4257.863,4301.0,183.4,-1
-62.38775,134.2245,4300.769,4299.0,408.6,9998
-63.90358,133.0581,3300.806,3414.0,2574.7,9998
-63.8847,132.9962,3462.395,3495.0,2884.6,9998
-63.91729,132.9348,3615.87,3452.0,2663.4,9998
-63.76289,134.7896,3812.382,3840.0,4370.8,9998
-63.61305,136.3811,3800.945,3713.0,2098.7,9998
-63.45417,138.3271,3815.775,3816.0,4907.5,-1
-62.76441,139.4247,3008.679,3403.0,491.3,9998
-63.15811,141.3522,3868.574,3858.0,2364.5,9998
-62.16806,141.7156,4204.432,4213.0,3867.4,-1
-61.40064,143.0014,4206.137,4257.0,1115.1,9998
-61.91505,144.0612,4143.034,4148.0,1698.2,9998
-61.87492,145.461,4011.094,4096.0,750.7,-1
-61.99585,146.8012,4111.145,4122.0,701.3,9998
-61.81471,147.0229,4059.317,4038.0,824.4,-1
-61.33587,147.0584,3925.126,4043.0,2928.4,-1
-61.45654,146.9423,3959.314,4012.0,2689.0,-1
-61.31204,146.3051,4280.252,4305.0,3207.0,9998
-61.01006,145.9105,4309.185,4276.0,2867.8,9998
-60.9514,145.8478,4332.598,4338.0,2835.5,9998
-60.89932,145.9194,4048.721,4123.0,2628.9,9998
-60.83131,145.9492,3925.086,4031.0,2524.3,9998
-60.80575,146.0522,3776.363,3976.0,2420.7,9998
-60.80195,146.1009,3715.831,4020.0,2354.0,9998
-60.7056,146.4033,3781.063,3807.0,2141.3,9998
-60.71429,146.4178,3865.797,3807.0,2175.2,9998
-60.7093,146.482,3800.425,3834.0,2065.5,9998
-60.70222,146.4928,3842.747,3871.0,2077.5,9998
-60.71037,146.6133,3785.246,3857.0,1911.3,9998
-60.68349,146.5687,4006.994,3988.0,2082.9,9998
-60.56664,146.4622,3775.169,3765.0,2180.7,9998
-60.47012,146.3181,3867.719,3882.0,2290.7,-1
-60.45153,146.9823,3929.872,3690.0,1963.0,-1
-63.51894,140.1604,3759.529,3757.0,3423.8,9998
-63.32706,138.8747,3799.275,3721.0,6101.2,9998
-63.05133,139.0907,3750.708,3777.0,4107.2,9998
-62.99192,140.7382,3823.98,3726.0,3672.0,9998
-63.28936,140.9656,3803.663,3816.0,2269.4,9998
-63.58452,140.5797,3736.743,3747.0,3291.0,9998
-63.55626,139.7746,3773.334,3764.0,2787.0,9998
-63.33109,139.587,3780.401,3766.0,5105.4,-1
-63.08726,139.7265,3774.146,3785.0,4558.1,9998
-62.88377,140.173,3162.659,3255.0,1816.6,9998
-62.48983,139.0585,3793.287,3837.0,672.1,-1
-62.46414,138.6954,3760.312,3768.0,768.8,9998
-62.57625,138.2498,3817.777,3750.0,529.1,-1
-62.63514,138.0513,3701.389,3774.0,370.3,9998
-62.6259,137.6826,3594.893,3736.0,630.1,9998
-62.88168,138.679,3628.316,3601.0,1237.6,-1
-62.83335,139.0931,3417.453,3393.0,1061.3,9998
-62.86348,140.3895,3070.936,3137.0,1630.8,9998
-62.82145,140.2596,3120.327,3138.0,866.3,9998
-63.02522,141.1139,3842.743,3827.0,2247.9,9998
-63.14536,144.8398,3947.237,3945.0,1285.6,9998
-63.06538,144.8932,4011.219,3988.0,1657.6,9998
-62.9933,144.8693,4033.884,4009.0,2062.4,9998
-62.97283,144.762,3992.586,3998.0,2194.1,9998
-62.95721,144.7049,3984.426,4003.0,2289.0,9998
-62.92668,144.6608,3995.613,4007.0,2489.3,9998
-62.8694,144.5744,4018.08,4003.0,2890.4,9998
-62.78517,144.3849,4066.791,3996.0,3575.2,9998
-62.68773,144.0681,4080.908,4052.0,4323.5,-1
-62.61372,143.7519,4093.854,4046.0,4485.4,9998
-62.52839,143.4972,4122.247,4139.0,4105.8,9998
-62.40416,143.2871,4139.965,4064.0,3230.8,9998
-62.24721,143.1691,4155.653,4142.0,2236.6,9998
-62.0872,143.1598,4180.47,4150.0,1380.1,9998
-61.95829,143.203,4186.63,4184.0,888.0,9998
-61.88872,143.3008,4184.419,4187.0,773.2,9998
-61.93098,144.4866,4135.452,4138.0,1453.9,9998
-61.55724,144.9977,4154.805,4114.0,2234.4,9998
-61.38466,145.1358,4122.123,4024.0,2426.3,9998
-61.1707,145.3624,3693.824,4140.0,2296.0,-1
-61.03657,145.4862,4064.518,4106.0,2577.0,9998
-61.11429,145.586,4032.908,4045.0,2567.2,9998
-61.07483,145.8593,4198.086,4170.0,2828.9,9998
-61.31512,146.9072,3900.822,3935.0,3014.7,-1
-61.20987,146.9816,4059.215,3992.0,3116.6,-1
-60.64855,146.7464,3946.243,4019.0,1896.5,9998
-60.52819,147.0093,3991.49,3863.0,1836.2,-1
-61.1223,149.0945,3596.768,3843.0,2058.2,-1
-31.19437,51.42269,4746.313,4861.0,519.7,-1
-4.93403,-20.01962,3944.097,5263.0,1975.9,-1
-2.08793,-21.71513,1244.739,4762.0,1089.7,9998
-2.09484,-21.68318,1334.48,4838.0,1170.9,9998
-2.10078,-21.66961,1459.145,4902.0,1283.9,9998
-2.11604,-21.64515,1981.31,4877.0,1748.7,9998
-2.12963,-21.61356,1258.677,4925.0,1110.6,9998
-2.14394,-21.56725,1612.456,5114.0,1422.1,-1
-2.1852,-21.5528,1983.082,5150.0,1794.1,-1
-2.20097,-21.51667,1675.405,5239.0,1530.6,-1
-2.27819,-21.40646,3946.073,5090.0,3665.1,-1
-2.34948,-21.18964,4490.868,4598.0,4366.8,-1
-1.53844,-22.16189,3798.62,3773.0,2071.8,-1
-1.23813,-23.07843,3644.408,3785.0,923.9,9998
-14.11278,-34.12288,3944.282,4688.0,1683.1,9998
-14.30918,-34.10836,4609.963,4607.0,1898.7,9998
-14.03812,-34.06619,4708.963,4723.0,1982.9,9998
-13.73023,-34.02798,4629.736,4610.0,1811.0,9998
-14.3715,-34.23497,4604.112,4608.0,1910.0,9998
-14.02308,-35.0512,4567.979,4572.0,1991.4,9998
-13.90659,-35.96534,4399.945,4408.0,1185.0,9998
-13.12145,-34.6757,4458.04,4456.0,1325.3,9998
-14.86663,-35.35457,4501.128,4493.0,1299.6,9998
-14.06516,-34.91616,4591.718,4596.0,2037.2,9998
-14.83223,-35.80662,4423.432,4438.0,1078.6,9998
-17.93012,-32.87334,4436.479,4470.0,1215.4,9998
-17.40461,-34.26678,4428.521,4413.0,1244.3,9998
-16.65198,-33.84243,4509.892,4513.0,1601.1,9998
-16.37735,-33.00459,4594.919,4595.0,875.2,9998
-16.88485,-33.52744,4517.625,4544.0,1489.1,-1
-17.26846,-32.74029,4547.611,4576.0,1632.9,9998
-17.08151,-32.79164,4548.531,4561.0,1495.7,9998
-16.08793,-34.23927,4357.036,4383.0,1083.5,-1
-16.38591,-34.36014,4353.66,4356.0,1456.9,9998
-27.0869,-30.06756,4301.364,5402.0,276.0,9998
-27.21764,-30.03674,4433.897,5154.0,374.3,9998
-27.40101,-30.30488,4824.968,4895.0,375.5,9998
-26.96105,-31.39893,4704.346,4814.0,129.0,9998
-26.9027,-31.23532,4584.687,4609.0,141.7,9998
-27.49113,-32.772,4790.74,4617.0,145.6,9998
-28.4066,-32.51467,3845.614,3726.0,100.7,-1
-27.72333,-31.375,3979.142,4093.0,346.2,-1
-28.7052,-33.28108,3049.419,3062.0,283.3,9998
-28.99779,-33.51204,2996.181,3022.0,387.4,9998
-28.98396,-34.51285,3622.424,3625.0,747.1,9998
-29.36507,-37.53308,4247.841,4211.0,1667.7,9998
-29.68288,-37.83833,4117.122,4117.0,1458.2,9998
-1.51122,-25.43416,4680.828,4858.0,2110.6,9998
-1.66596,-25.41008,4187.886,4141.0,2590.2,9998
-1.70796,-25.42149,4792.413,4791.0,3042.4,9998
-1.9078,-25.49519,4924.551,4938.0,3876.6,9998
-21.94803,-25.00141,3942.612,5297.0,1243.2,9998
-21.98569,-25.10323,5174.714,5169.0,1602.5,9998
-22.01716,-25.16126,5305.268,5340.0,1599.1,9998
-22.36654,-25.13046,5149.165,5322.0,1360.9,9998
-22.90863,-24.58464,5543.863,5636.0,1133.2,-1
-22.97517,-24.21557,5134.598,5278.0,982.6,-1
-22.74668,-23.47465,5469.321,5232.0,1027.7,-1
-21.80621,-23.41289,5739.283,5519.0,1932.9,-1
-21.24574,-23.58018,4887.749,5213.0,1582.4,-1
-21.52121,-23.61125,4701.053,4998.0,1708.5,-1
-20.5929,-23.76053,5254.526,5197.0,1126.9,-1
-20.40984,-24.02766,5160.761,5316.0,813.7,-1
-20.30349,-24.07612,5499.524,5550.0,699.2,-1
-20.23195,-24.21184,5332.039,5237.0,572.1,-1
-19.55509,-24.27298,5315.182,5371.0,674.7,9998
-19.43474,-23.95459,5337.137,5468.0,677.0,-1
-19.28118,-23.21208,5321.086,5237.0,787.5,-1
-19.63819,-23.68654,5341.049,4954.0,380.1,-1
-18.77544,-24.17702,5576.947,5547.0,1438.3,9998
-18.81614,-24.23461,5585.266,5646.0,1396.2,9998
-18.69646,-25.59974,5197.376,5532.0,999.7,-1
-18.66281,-25.34126,5461.279,5302.0,1144.6,-1
-18.79773,-24.99216,5834.399,5862.0,1249.1,9998
-18.74871,-24.98453,5577.634,5607.0,1218.2,9998
-18.6188,-25.07011,5492.21,5392.0,1227.8,9998
-29.98765,-25.06745,4027.373,4912.0,106.7,9998
-29.99404,-25.08661,5066.67,5037.0,130.3,9998
-30.00571,-25.12045,4994.182,4941.0,123.6,9998
-29.993,-25.08862,5034.75,5071.0,130.5,9998
-30.08899,-24.92595,4686.105,4992.0,76.7,9998
-30.16566,-24.97489,4473.934,4521.0,60.4,9998
-30.1417,-25.13777,4778.193,5033.0,82.2,9998
-30.16215,-24.77164,4961.8,4959.0,88.2,9998
-30.10492,-24.72419,5033.346,5006.0,85.6,9998
-30.11111,-24.94291,4785.198,4768.0,74.4,9998
-29.87359,-26.11007,4773.632,4719.0,323.7,9998
-29.88822,-26.18186,4811.218,4914.0,337.4,9998
-29.89701,-26.24392,4869.386,4976.0,347.9,9998
-29.8915,-26.30798,4955.696,4967.0,373.4,9998
-9.00367,-26.38148,5653.31,5698.0,1873.6,9998
-9.06194,-26.31004,5707.746,5721.0,1728.5,9998
-8.94343,-26.31026,5663.493,5607.0,1980.1,9998
-9.5118,-26.00851,5414.276,5510.0,845.7,9998
-9.32577,-25.89034,5595.602,5603.0,1098.1,9998
-9.25154,-25.8785,5668.481,5596.0,1225.5,9998
-9.24647,-25.82587,5518.072,5718.0,1196.6,9998
-9.05775,-26.41951,5703.291,5711.0,1791.3,9998
-9.16466,-26.98035,5683.899,5643.0,1823.9,-1
-8.77592,-27.56393,5641.428,5667.0,2304.0,9998
-8.94126,-27.73468,5625.125,5664.0,2003.5,9998
-8.96342,-26.55573,5688.776,5633.0,2064.9,-1
-9.18058,-26.86954,5688.837,5630.0,1745.6,-1
-9.35889,-26.65899,5544.906,5558.0,1294.6,9998
-20.01262,-20.10517,3948.741,4887.0,497.2,-1
-19.99349,-20.17332,4858.971,5119.0,590.4,-1
-20.06942,-20.10706,4724.711,4946.0,619.0,-1
-19.9171,-20.04243,4685.953,4936.0,592.3,-1
-20.15296,-19.6044,4667.507,4642.0,866.8,-1
-19.94829,-19.28245,4738.648,4685.0,819.8,9998
-20.04173,-19.12774,4761.274,4564.0,947.2,9998
-20.15635,-19.05957,4815.773,4810.0,1032.2,9998
-20.38721,-19.07805,5030.497,5159.0,1217.6,9998
-20.4293,-19.01448,4327.074,4403.0,1086.9,9998
-20.19171,-18.62486,4498.207,4410.0,1081.7,-1
-19.67522,-17.86628,4327.073,4378.0,901.0,-1
-19.86129,-17.7837,4302.868,4380.0,858.1,9998
-19.96311,-17.76888,4189.715,4114.0,847.4,9998
-20.00798,-17.73487,4217.869,4192.0,864.6,9998
-19.91,-17.64608,4118.373,4082.0,829.4,9998
-19.86771,-17.49941,3909.548,3825.0,821.8,-1
-20.22327,-17.51404,4310.763,4492.0,958.8,-1
-19.96896,-16.76772,4183.281,4233.0,841.5,-1
-20.01497,-16.87792,4234.726,4205.0,865.5,9998
-19.71731,-16.81144,4163.946,4083.0,943.8,-1
-19.63494,-16.56908,3980.439,4009.0,937.2,-1
-19.47126,-16.83213,4074.698,4090.0,1045.8,-1
-19.18158,-16.52459,3803.208,3750.0,1181.6,-1
-19.0532,-16.23388,3849.218,3806.0,1319.7,9998
-19.0239,-16.10525,3852.738,3829.0,1353.7,9998
-18.87541,-15.70812,3831.978,3589.0,1467.5,-1
-18.90529,-15.60807,3729.538,3508.0,1441.6,-1
-19.38246,-15.59734,3884.48,3768.0,1085.8,-1
-19.48541,-15.69181,3888.555,3893.0,993.6,9998
-19.54822,-15.73332,3836.809,3886.0,916.9,9998
-19.72495,-15.91809,4000.904,3958.0,803.6,-1
-11.1625,-29.55121,5436.0,5427.0,2138.1,9998
-11.34132,-28.47965,5511.591,5496.0,2193.2,9998
-10.87278,-28.54321,5441.388,5402.0,1672.0,9998
-11.17329,-27.83744,5528.297,5560.0,2003.8,9998
-11.08186,-26.96398,5261.494,5247.0,1789.7,-1
-10.81502,-26.22905,5648.05,5626.0,1623.0,9998
-11.09691,-26.31442,5725.393,5736.0,1644.1,9998
-11.08989,-26.27659,5680.451,5697.0,1613.3,9998
-11.22177,-26.21084,5697.764,5707.0,1615.2,9998
-33.78916,-24.59052,3938.887,4329.0,1660.2,-1
-33.80772,-24.33398,4153.704,4200.0,1845.9,-1
-33.70501,-23.8272,4062.769,4064.0,1677.0,9998
-33.11271,-23.49008,4140.509,4258.0,578.4,-1
-32.64957,-22.15127,4012.463,3978.0,297.4,-1
-32.88373,-21.44944,4030.704,3969.0,42.4,-1
-32.75466,-21.4089,3753.649,3804.0,173.4,-1
-32.24667,-22.47788,4156.003,4096.0,929.1,-1
-32.58254,-20.77741,3939.874,3981.0,479.9,-1
-32.81643,-19.97432,3429.684,3837.0,592.1,-1
-32.50052,-20.10487,3780.069,3905.0,596.9,-1
-32.67484,-20.83621,3781.478,3959.0,408.3,-1
-32.55389,-20.74397,3936.667,3993.0,493.8,-1
-32.56721,-20.52741,3999.92,4033.0,533.2,-1
-32.90214,-20.22422,3752.53,3627.0,686.7,-1
-33.09889,-19.82244,4018.061,4214.0,500.7,-1
-33.33031,-19.16336,3651.106,3614.0,151.5,-1
-33.38311,-18.96749,3692.469,3569.0,148.0,-1
-33.42812,-18.68965,3621.794,3575.0,227.9,-1
-33.52371,-18.71998,3552.252,3618.0,284.0,-1
-33.84909,-18.08498,3541.608,3582.0,752.8,-1
-34.04441,-18.00148,3645.419,3788.0,1082.7,-1
-34.17631,-18.13338,3617.17,3761.0,1386.0,-1
-34.50108,-18.7407,3399.786,3345.0,1975.6,9998
-23.41698,-36.63974,4068.231,4074.0,778.6,9998
-22.99946,-36.86964,3998.818,4000.0,972.3,9998
-24.2456,-39.0809,3414.449,3411.0,663.0,9998
-24.87823,-39.46898,3476.18,3451.0,715.2,9998
-26.56196,-40.58266,3120.407,3096.0,1331.1,9998
-28.48269,-38.43685,4477.542,4425.0,1354.6,9998
-27.43477,-38.67085,4299.499,4283.0,578.3,9998
-27.4335,-38.4643,3631.742,3963.0,437.3,9998
-27.2558,-39.35785,4096.942,4133.0,453.8,9998
-29.32532,-40.73293,3722.686,3702.0,694.3,9998
-29.11661,-41.34364,3774.764,3783.0,1534.2,9998
-29.01713,-41.11964,3825.726,3766.0,1574.9,9998
-29.42711,-41.06471,3822.383,3827.0,721.8,9998
-29.39806,-41.64714,3801.026,3799.0,1133.3,9998
-29.9062,-43.15227,3975.737,3980.0,647.7,9998
-30.23851,-43.64669,3802.04,3779.0,458.7,-1
-30.24648,-43.66463,3733.148,3749.0,443.9,9998
-31.62297,-42.80108,3670.271,3691.0,66.2,9998
-32.558,-41.46392,4384.834,4403.0,257.3,9998
-33.9188,-40.46498,4606.499,4670.0,1311.0,-1
-16.99475,-29.99383,3946.279,4893.0,1333.1,9998
-16.91677,-29.81944,4915.87,4895.0,1656.3,-1
-17.1567,-29.38084,4974.102,4936.0,1571.6,9998
-18.6225,-28.99175,4968.27,4958.0,941.9,9998
-18.86937,-28.29101,5296.187,5331.0,559.7,9998
-18.91847,-27.54509,5157.522,5340.0,783.1,-1
-19.1041,-27.30308,4929.569,5380.0,514.2,-1
-19.30187,-27.16336,4959.821,5083.0,261.1,-1
-19.74484,-26.75058,5266.627,5324.0,166.5,-1
-19.44217,-26.97474,5329.085,5375.0,199.3,-1
-19.37155,-27.05995,4912.297,5190.0,206.4,-1
-19.17407,-26.66146,5387.544,5246.0,548.2,-1
-19.73971,-26.27044,5670.587,5782.0,162.8,-1
-19.94427,-26.23031,5490.338,5586.0,349.1,-1
-20.94192,-26.23041,5152.442,5328.0,1370.4,9998
-21.4318,-26.17477,5339.5,5547.0,1545.4,-1
-21.45404,-26.22994,5569.084,5625.0,1604.1,-1
-21.36198,-25.94966,5337.294,5454.0,1552.5,-1
-21.54617,-25.94798,5297.668,5612.0,1572.7,-1
-22.76158,-26.23692,5469.606,5446.0,1178.0,9998
-22.58275,-26.29812,5403.962,5560.0,1241.3,-1
-22.17845,-26.26415,5386.461,5442.0,1362.3,-1
-22.23841,-26.12159,5388.865,5344.0,1354.5,9998
-28.03653,-34.51146,3517.878,3500.0,206.0,9998
-29.12556,-34.74275,3404.519,3472.0,1099.8,9998
-29.24298,-34.84099,3211.162,3210.0,1309.7,9998
-29.42822,-35.49855,3647.586,3694.0,1771.6,9998
-28.79086,-36.99153,3176.934,3191.0,476.9,9998
-28.64187,-36.75747,4264.636,4266.0,616.1,9998
-28.71225,-35.40802,4316.213,4330.0,453.5,9998
-28.81501,-35.37137,4310.922,4326.0,511.9,9998
-29.08406,-35.72274,3771.456,3788.0,922.5,9998
-28.69249,-37.12029,3459.953,3358.0,638.0,9998
-27.9754,-37.77053,4431.21,4456.0,460.4,9998
-28.01795,-38.22915,4540.248,4607.0,391.2,9998
-28.63733,-40.46321,3929.037,3947.0,1870.8,9998
-6.88066,-30.59847,3949.126,5265.0,1602.5,-1
-6.90502,-29.8958,5207.177,5120.0,2341.7,9998
-7.07597,-30.35967,5382.418,5358.0,2418.2,9998
-8.14067,-31.89329,5114.877,5103.0,2632.8,9998
-11.46457,-33.49658,4696.603,4714.0,1938.6,9998
-11.08612,-34.2448,4507.559,4515.0,2028.2,9998
-11.56414,-34.02513,4567.452,4565.0,1849.5,9998
-12.61442,-32.3133,4554.13,4574.0,1507.0,9998
-12.35856,-32.51727,4614.228,4601.0,1567.0,9998
-15.39846,-32.33946,4680.174,4766.0,1365.8,-1
-15.10465,-32.59807,4646.966,4661.0,1605.5,9998
-14.9801,-32.59875,4645.631,4657.0,1630.4,9998
-1.77872,-25.48925,4062.919,5165.0,2749.9,9998
-18.42002,-25.66728,5549.639,5320.0,1258.8,-1
-18.31183,-25.66794,5457.12,5540.0,1312.5,9998
-18.40835,-25.6157,5053.6,5206.0,1172.0,-1
-18.51426,-25.6352,5258.944,5300.0,1148.2,-1
-18.90711,-25.74229,5809.588,5626.0,900.7,-1
-18.84118,-25.647,5810.868,5716.0,971.0,-1
-18.86932,-25.4466,5601.717,5793.0,971.3,-1
-18.79822,-25.36504,5556.692,5506.0,1054.9,9998
-18.81846,-25.26168,5707.781,5750.0,1111.1,-1
-19.89538,-24.50534,5719.141,5625.0,606.5,-1
-19.86201,-24.63568,5036.092,4842.0,569.3,-1
-19.98883,-24.79676,5383.604,5334.0,669.7,-1
-20.59499,-24.52488,5523.749,5581.0,979.6,9998
-20.35114,-25.40157,5360.605,5326.0,816.8,-1
-20.32701,-25.21224,5250.537,5480.0,820.3,9998
-20.30309,-25.19728,5303.698,5466.0,821.0,9998
-20.26269,-25.27646,5224.362,5103.0,786.5,-1
-20.1908,-25.00826,4829.759,4829.0,697.1,9998
-20.23818,-24.56883,5384.105,5376.0,612.8,-1
-19.60648,-24.53156,5130.337,5120.0,641.9,-1
-28.90732,-38.75959,3942.021,4621.0,1122.0,9998
-28.88898,-38.80825,4467.09,4509.0,1253.1,9998
-29.265,-39.6936,4192.56,4172.0,724.3,9998
-29.37488,-40.19231,4092.572,4109.0,682.5,9998
-29.40869,-39.91414,3797.412,3802.0,638.5,9998
-30.187,-40.32825,3686.317,3700.0,185.3,9998
-30.42733,-40.33359,3704.596,3669.0,45.0,9998
-30.11988,-39.8045,3280.383,3280.0,133.4,9998
-29.46116,-40.80387,3771.441,3750.0,621.7,9998
-29.69661,-42.00201,3900.918,3965.0,617.1,9998
-28.82186,-45.03474,3535.25,3552.0,1876.1,9998
-31.32152,-46.16942,3522.921,3507.0,177.7,-1
-30.60646,-44.37152,3394.637,3400.0,254.2,9998
-30.88777,-44.39089,3384.396,3395.0,304.7,9998
-30.88912,-44.29091,3377.944,3397.0,265.6,9998
-30.75802,-44.53477,3456.454,3428.0,230.0,9998
-31.78796,-43.94654,3725.947,3745.0,651.1,9998
-30.96135,-44.80779,3458.254,3485.0,307.5,9998
-31.95973,-42.89543,3763.264,3789.0,758.8,9998
-31.80213,-42.08068,3847.692,3843.0,776.7,9998
-31.75017,-41.64756,3756.305,3776.0,713.7,9998
-31.49372,-41.53843,3667.771,3671.0,324.5,9998
-31.72349,-41.86195,3671.021,3741.0,625.4,9998
-31.54783,-40.77916,3668.634,3675.0,686.8,9998
-31.47035,-40.04815,3633.906,3659.0,241.2,9998
-32.54502,-39.93348,4329.572,4322.0,628.8,9998
-32.55796,-39.25984,4452.245,4436.0,651.5,9998
-32.72972,-38.6707,3813.845,3839.0,695.1,9998
-33.8106,-38.18486,4567.957,4583.0,1038.2,9998
-3.12132,-29.89342,4896.02,4886.0,6257.9,-1
-3.39452,-30.13586,4812.091,4822.0,6131.0,-1
-3.52169,-28.48189,5120.853,5130.0,6586.8,9998
-1.6672,-30.32652,4955.371,4852.0,3423.1,-1
-2.27939,-27.34042,5105.565,4900.0,5374.0,-1
-1.84116,-27.00653,5118.791,5168.0,3912.9,-1
-1.55874,-24.7953,4655.815,4603.0,2252.7,-1
-1.48553,-24.43988,4610.265,4550.0,1859.5,9998
-1.35662,-25.29487,4868.372,4881.0,1307.4,9998
0.20592,-34.92955,4537.75,4545.0,2681.2,9998
-0.20727,-35.45302,4527.232,4529.0,3361.9,9998
0.09773,-36.25194,4524.896,4529.0,3311.3,9998
-0.92835,-35.15454,4415.505,4411.0,1269.1,9998
-0.77917,-36.52128,4467.333,4458.0,1542.0,-1
-0.97838,-36.33929,4386.081,4450.0,1200.5,-1
-2.21121,-34.67352,4067.689,4095.0,4463.0,-1
-2.2881,-35.06006,3942.46,3954.0,4698.6,9998
-2.33501,-35.01718,3931.622,3948.0,4805.5,9998
-2.17377,-34.34988,4151.103,4181.0,4396.1,9998
-1.32536,-31.89808,3884.579,4054.0,1357.8,9998
-1.16758,-27.87004,4141.664,3712.0,927.1,9998
-0.86374,-29.8879,3919.055,3873.0,1198.5,-1
-0.00134,-30.41144,3640.507,3680.0,3076.6,9998
-0.09802,-30.84294,3964.46,4013.0,3324.8,9998
0.09875,-30.86744,3742.159,3847.0,2994.8,9998
-0.03543,-31.2755,4244.462,4253.0,3578.3,9998
-0.07411,-31.23698,3575.875,4157.0,3057.6,-1
0.47829,-38.42527,4468.991,4457.0,2509.7,9998
-0.30263,-38.8521,4322.839,4331.0,1164.5,9998
-0.97809,-38.45263,4182.827,4193.0,5519.0,9998
-1.49504,-35.00119,4200.763,4231.0,2181.1,9998
-7.31756,-30.23246,5410.907,5380.0,2594.5,9998
-5.905,-25.05462,3944.812,5641.0,1233.9,9998
-5.86547,-25.30117,5664.485,5659.0,1784.0,9998
-6.10031,-25.24398,5809.266,5814.0,1872.4,9998
-6.35448,-25.22641,5773.31,5703.0,2083.2,9998
-6.00809,-23.43569,5850.426,5770.0,1998.3,9998
-6.04447,-23.51392,5010.397,5102.0,1732.7,9998
-6.31987,-23.69773,4492.958,4595.0,1800.6,9998
-6.57291,-24.22162,5502.93,5534.0,2287.7,9998
-6.41975,-24.1991,5445.542,5436.0,2101.0,9998
-6.35378,-23.7286,4560.726,4576.0,1852.7,9998
-5.89008,-23.57132,5273.486,5309.0,1730.4,9998
-5.4659,-22.98445,5100.702,5097.0,1730.6,9998
-5.32489,-22.52708,5343.41,5458.0,1744.6,9998
-5.25572,-22.56404,5124.321,5362.0,1788.3,-1
-5.63728,-22.17974,5039.389,5081.0,1459.4,9998
-5.31883,-21.71908,5157.528,5262.0,1653.3,-1
-5.75486,-22.91898,5256.125,5484.0,1611.5,9998
-6.06319,-22.04341,5174.646,5133.0,1834.2,9998
-5.98493,-22.15772,5027.115,4998.0,1711.6,9998
-5.94589,-22.11825,4955.598,5074.0,1650.3,9998
-5.90686,-21.8917,4839.042,4936.0,1592.8,-1
-24.03662,-29.0838,5399.656,5415.0,386.9,-1
-24.36078,-30.22645,5409.518,5446.0,403.4,9998
-24.40901,-30.38445,5388.081,5428.0,428.7,-1
-24.42646,-30.51631,5395.828,5440.0,442.2,-1
-24.43226,-30.70673,5380.608,5391.0,429.1,9998
-24.37376,-30.84208,5294.156,5294.0,373.8,-1
-24.25268,-30.72539,5080.101,5294.0,372.0,9998
-23.73357,-30.67009,5226.695,5209.0,385.8,-1
-23.64383,-30.6525,5218.385,5236.0,444.7,9998
-24.05774,-30.86601,5235.6,5202.0,375.9,-1
-23.47881,-30.86534,5158.683,5170.0,583.1,9998
-22.71029,-31.31526,4905.846,4952.0,606.7,-1
-24.18627,-30.53727,5291.801,5289.0,369.0,-1
-23.98708,-31.54301,5148.706,5120.0,313.6,9998
-22.80955,-31.23031,4964.575,5006.0,582.1,-1
-23.09189,-30.3082,5222.943,5243.0,669.1,-1
-23.58001,-30.18555,5299.0,5326.0,545.0,-1
-23.24234,-30.15656,5275.944,5290.0,649.6,-1
-24.43205,-29.39273,5449.997,5443.0,384.2,9998
-14.24484,-24.89743,3951.677,5582.0,1407.5,-1
-14.23424,-24.8648,3946.799,5520.0,1404.6,-1
-14.4506,-25.01374,5670.879,5657.0,2094.8,9998
-14.43285,-25.10178,4966.206,5162.0,1818.2,9998
-15.56443,-25.15459,5374.986,5374.0,1988.2,-1
-15.3612,-25.8582,5225.444,5304.0,1949.4,9998
-15.47993,-25.87104,5185.526,5069.0,1999.6,9998
-15.63223,-26.1022,4640.625,4905.0,1817.1,-1
-15.59309,-26.41591,4635.282,5339.0,1714.1,9998
-14.89046,-27.07199,4998.357,5200.0,1566.8,-1
-15.17174,-27.10766,5621.871,5535.0,1600.3,-1
-14.8437,-27.55208,5153.452,5254.0,1423.2,9998
-14.80984,-27.58779,5278.074,5251.0,1471.5,9998
-15.19501,-26.71783,5416.682,5407.0,1727.5,9998
-14.10943,-26.26193,5327.135,5301.0,1627.7,9998
-13.94955,-26.19453,5282.059,5383.0,1566.3,-1
-13.9579,-26.17381,5540.586,5410.0,1641.6,-1
-14.09271,-26.10485,5356.142,5405.0,1618.6,-1
-17.78281,-35.42388,3455.811,4117.0,1622.2,9998
-18.33242,-34.65956,4229.285,4232.0,726.8,9998
-18.35501,-33.78484,4367.722,4353.0,690.0,9998
-23.62236,-33.28696,4653.251,4653.0,344.1,9998
-23.09491,-33.69158,4380.774,4396.0,363.2,9998
-21.961,-34.45167,4531.385,4539.0,2346.2,9998
-22.86129,-32.2529,4585.017,4658.0,350.5,-1
-22.50378,-32.85639,4518.479,4534.0,745.1,9998
-21.95146,-31.95343,4555.128,4539.0,982.3,9998
-22.20278,-31.57813,4593.968,4615.0,898.0,9998
-22.36515,-31.83476,4565.611,4595.0,695.2,9998
-20.46719,-31.7629,4095.422,4053.0,2545.6,9998
-21.36315,-32.44696,4413.88,4416.0,800.1,9998
-21.24776,-35.13668,4380.419,4378.0,1295.7,9998
-22.69746,-36.05901,4162.005,4176.0,983.8,9998
-23.69404,-34.40274,4358.204,4360.0,188.7,9998
-22.31609,-35.002,4424.808,4435.0,2397.7,9998
-14.99222,-20.04588,3752.072,4474.0,1324.6,-1
-14.97618,-20.10757,4153.474,4348.0,1446.1,-1
-14.97051,-20.11361,4275.129,4380.0,1480.1,-1
-14.33616,-20.17687,4508.83,4630.0,848.5,-1
-5.16217,-20.98729,4949.933,4831.0,1982.6,-1
-5.13186,-20.4532,4460.915,4827.0,1984.1,-1
-5.31645,-20.57298,4968.095,4973.0,1978.3,9998
-6.2791,-20.49693,5009.111,5049.0,1990.0,9998
-5.11951,-20.19588,4713.244,4664.0,2163.5,-1
-5.38766,-19.87649,4774.997,4729.0,2006.6,-1
-5.6893,-19.16474,4485.805,4443.0,1806.6,-1
-5.23851,-19.15303,4448.926,4641.0,1895.6,-1
-5.57437,-19.38985,4665.431,4551.0,1884.7,-1
-6.44631,-19.5991,4719.453,4696.0,2000.2,-1
-5.38962,-19.27767,4668.366,4677.0,1911.5,-1
-5.33404,-19.1851,4601.797,4626.0,1895.5,-1
-5.40295,-18.92735,4507.253,4538.0,1798.7,-1
-5.45309,-19.59372,4576.575,4571.0,1881.6,-1
-6.13341,-20.29818,5004.753,4952.0,1995.8,-1
-6.23947,-19.77433,4759.163,4754.0,1987.5,-1
-6.64858,-19.54705,4493.414,4645.0,2016.6,-1
-6.70139,-19.59686,4614.331,4844.0,2096.6,-1
-6.03646,-19.98008,5091.227,5013.0,2031.6,-1
-25.57732,-25.4033,4961.687,5139.0,1028.4,9998
-25.54319,-25.27397,4872.354,4834.0,990.5,9998
-25.89706,-25.1548,4560.905,4680.0,1000.8,9998
-26.54811,-24.33475,4741.811,4620.0,584.9,9998
-26.652,-24.1189,4591.288,4868.0,465.0,-1
-26.93037,-23.43938,4999.833,5004.0,324.5,9998
-27.02149,-23.27881,4590.773,4753.0,266.8,9998
-27.25756,-23.01125,4736.896,4702.0,339.5,-1
-27.66604,-22.96433,4535.02,4587.0,515.1,-1
-27.50936,-22.99263,4631.928,4663.0,478.0,9998
-26.79344,-23.32532,4928.72,4936.0,467.8,9998
-26.77018,-23.30266,4424.702,4714.0,448.7,9998
-26.73695,-23.37745,4598.746,4713.0,506.0,-1
-26.82816,-23.18054,4884.62,5065.0,422.0,9998
-26.84497,-23.44066,5166.085,5195.0,413.4,9998
-26.83711,-23.36688,5100.216,5040.0,423.0,9998
-26.7318,-23.23239,4543.119,4523.0,503.2,-1
-26.68988,-23.1489,4645.628,4682.0,552.4,-1
-26.21741,-23.86434,4316.343,4273.0,896.1,9998
-26.78187,-23.81972,4788.468,4760.0,376.8,9998
-26.6881,-23.6768,4689.764,4631.0,542.4,-1
-26.51881,-23.46242,4881.526,4787.0,765.6,-1
-26.33246,-23.19328,5083.812,5053.0,926.1,-1
-26.6359,-22.93245,4992.662,5043.0,625.3,9998
-26.72108,-22.91683,4477.75,4482.0,488.7,9998
-26.81745,-22.92414,4666.681,4663.0,404.8,9998
-26.96643,-23.91776,4849.701,4874.0,150.7,9998
-27.04021,-24.12022,4504.106,4566.0,95.7,-1
-27.06554,-24.07597,4427.817,4546.0,90.4,9998
-38.57915,-42.35829,5096.203,5116.0,4569.5,9998
-35.70914,-39.65264,4827.509,4845.0,712.7,9998
-34.08911,-38.24073,4620.038,4573.0,1232.9,-1
-34.23372,-37.83124,4552.143,4557.0,924.7,9998
-25.07978,-20.0968,3751.205,4822.0,335.0,-1
-25.07698,-20.13708,3750.132,4813.0,327.7,-1
-25.06992,-20.16125,4666.203,4773.0,402.3,-1
-25.05736,-20.19763,4283.496,4728.0,378.2,-1
-25.04128,-20.2035,4329.173,4708.0,380.1,-1
-25.07958,-20.30651,4969.242,4875.0,458.0,-1
-24.96408,-20.33209,5008.409,4999.0,424.1,-1
-24.28302,-20.60673,4565.317,4590.0,550.3,9998
-24.81403,-20.3913,4332.163,4451.0,465.5,9998
-24.9221,-20.22956,4387.721,4606.0,347.3,-1
-25.0348,-19.26182,4321.19,4562.0,342.4,-1
-24.75687,-19.37451,4573.337,4915.0,284.4,9998
-24.99349,-18.73112,4056.48,4309.0,533.8,9998
-24.93061,-18.46393,3967.278,4016.0,428.3,9998
-25.17427,-18.52103,4709.915,4746.0,664.7,9998
-25.27941,-18.34874,4424.208,4344.0,744.2,-1
-26.08139,-18.09316,4218.218,4153.0,1239.5,-1
-26.16454,-18.11177,4282.279,4052.0,1238.3,-1
-26.19168,-18.03532,3902.449,3933.0,1123.9,-1
-26.13722,-18.14951,4290.565,4106.0,1238.8,-1
-26.29337,-18.38514,3988.635,4055.0,1022.6,9998
-26.1953,-18.52728,4152.128,4154.0,1084.2,-1
-26.37728,-18.65917,3826.394,3787.0,858.6,-1
-25.99553,-19.46549,4588.785,4525.0,966.6,9998
-26.76716,-19.21681,3687.779,4154.0,715.7,-1
-26.74277,-19.13775,4132.279,4258.0,783.7,-1
-27.01075,-18.46528,4091.462,4219.0,705.3,-1
-27.05677,-18.67787,4249.276,4196.0,716.3,-1
-27.02702,-18.75099,4067.676,4186.0,673.2,-1
-44.15149,-45.4409,3935.423,4988.0,1997.0,9998
-44.25156,-47.17228,4972.816,5012.0,3024.0,9998
-45.69468,-36.57471,5403.915,5472.0,4782.6,-1
-40.02538,-46.0948,5173.544,5186.0,6092.6,-1
-46.55576,-37.9536,5605.757,5629.0,6102.0,-1
-43.6317,-36.34202,5227.229,5244.0,603.3,-1
-41.4455,-33.72053,5015.012,4994.0,3085.3,-1
-11.85808,-19.92611,3948.74,4639.0,1235.9,9998
-11.72031,-19.62234,4752.686,4784.0,1518.3,-1
-10.91101,-20.1805,4647.656,4785.0,1320.2,-1
-11.13235,-20.12152,4923.319,4754.0,1535.3,9998
-11.37011,-19.66852,4586.27,4541.0,1548.3,9998
-10.8722,-19.5646,4302.147,4572.0,1366.4,-1
-11.71552,-19.06062,4555.843,4451.0,1433.0,-1
-11.89866,-19.17956,4502.85,4430.0,1366.9,-1
-12.48072,-19.42318,4763.344,4886.0,1700.3,-1
-12.1897,-19.17646,3797.741,4180.0,1279.9,-1
-12.49246,-18.57338,4813.033,4598.0,1892.4,-1
-12.60654,-19.75781,4690.175,4682.0,1691.0,9998
-12.43594,-20.11934,4868.167,4814.0,1539.7,-1
-12.65436,-20.1213,4964.924,4980.0,1693.7,9998
-12.64511,-19.76716,4723.63,4913.0,1714.9,9998
-12.79628,-19.86116,5004.536,5060.0,1884.0,9998
-12.77543,-20.06825,4759.787,4583.0,1717.9,9998
-13.21979,-20.68063,4781.777,5058.0,1565.8,9998
-12.68035,-21.05418,5052.061,4927.0,1721.3,-1
-16.04155,-20.11982,3950.274,4587.0,1428.5,9998
-16.10908,-20.15777,4594.202,4598.0,1578.6,9998
-16.38343,-19.48918,4643.081,4336.0,1325.2,9998
-16.84998,-19.4883,4165.771,4145.0,1233.1,9998
-17.48477,-19.35004,4438.142,4440.0,1604.0,9998
-17.52362,-19.34754,4444.949,4455.0,1592.7,9998
-17.01481,-19.03915,4386.053,4047.0,1467.3,-1
-17.29467,-18.95784,4472.848,4280.0,1621.3,-1
-17.2757,-19.10203,4085.431,4363.0,1466.2,9998
-17.38523,-19.14249,4442.547,4446.0,1651.2,9998
-17.61444,-19.19642,4290.549,4186.0,1534.3,9998
-18.21304,-19.21548,4249.681,4299.0,1379.2,9998
-17.93223,-19.85068,4475.811,4918.0,1351.2,-1
-17.90123,-19.89611,4582.393,4897.0,1385.9,-1
-16.55606,-19.47567,4610.058,4524.0,1270.8,9998
-16.55173,-19.45244,4569.578,4575.0,1257.7,9998
-16.52979,-19.40683,4536.687,4527.0,1249.2,9998
-16.49159,-19.35043,4480.723,4531.0,1251.4,9998
-16.53062,-19.67166,4180.657,4176.0,1196.2,-1
-16.82997,-19.93617,4477.627,4522.0,1237.8,-1
-17.14909,-20.20017,4732.188,4877.0,1423.3,-1
-17.01599,-20.07944,4516.817,4541.0,1342.1,-1
-16.42236,-19.69188,4516.466,4537.0,1319.5,-1
-16.87846,-19.97563,4611.54,4603.0,1296.8,-1
-16.96042,-20.85527,4675.436,4502.0,1358.1,-1
-34.89992,-37.1561,4627.293,4620.0,1031.2,9998
-39.84376,-38.99946,5166.071,5160.0,5189.2,-1
-41.87,-39.67864,5211.418,5205.0,1963.4,-1
-34.16965,-46.62588,3941.391,4562.0,2972.2,9998
-36.77248,-46.58549,5048.545,5033.0,781.9,-1
-43.09504,-47.77808,5279.967,5270.0,1639.8,-1
-46.03799,-40.86212,5483.149,5494.0,3251.4,-1
-47.2093,-39.45071,5765.014,5719.0,5286.9,9998
-43.15448,-38.17569,5249.149,5290.0,4270.9,-1
-43.97414,-35.34342,5219.027,5240.0,4502.7,-1
-37.1102,-46.77871,3938.723,5072.0,790.5,9998
-36.82631,-47.0114,3941.356,5012.0,530.6,-1
-36.47918,-47.14333,4949.356,4941.0,275.4,-1
-35.73616,-47.15252,4853.609,4869.0,1024.6,9998
-35.57296,-46.1429,4851.155,4864.0,765.3,9998
-42.44052,-49.00637,5670.815,5642.0,3600.8,9998
-66.3843,-106.1244,4790.588,4806.0,4761.4,-1
-66.5594,-106.0874,4754.51,4767.0,4836.6,9998
-66.25397,-105.8214,4800.411,4826.0,3258.9,-1
-62.5715,-86.63185,3933.213,4833.0,2154.4,9998
-62.44004,-86.51934,3932.571,4827.0,3127.5,9998
-61.7617,-85.86946,4871.702,4844.0,3552.3,-1
-62.16973,-83.74998,4813.062,4812.0,3282.3,9998
-62.15016,-84.9341,4823.238,4795.0,4454.6,-1
-61.81224,-83.32059,4828.593,4828.0,4293.5,9998
-61.70813,-79.7639,4846.644,4795.0,4407.2,-1
-64.72994,-92.34903,4732.255,4521.0,1272.0,9998
-64.62847,-91.39555,3860.282,4176.0,1360.6,9998
-64.42586,-93.76755,4790.373,4779.0,2162.8,9998
-65.02273,-91.31653,3877.093,3966.0,1347.7,9998
-66.56803,-99.72268,3930.63,4738.0,2382.0,-1
25.14518,-55.41057,5480.438,5559.0,190.4,-1
25.6482,-57.0489,5597.238,5655.0,839.1,9998
25.61941,-57.4501,5628.135,5623.0,830.8,9998
26.47216,-57.22231,5817.646,5796.0,112.8,-1
26.40893,-57.0143,5596.638,5439.0,183.1,-1
26.85889,-57.5712,5681.926,5511.0,287.4,9998
28.04026,-58.05743,5876.919,5962.0,452.0,9998
29.12314,-57.90432,5592.29,5508.0,324.3,-1
29.28557,-57.68535,5709.513,5632.0,374.7,9998
28.83443,-57.86196,5695.974,5636.0,559.8,-1
29.3728,-57.52145,5674.156,5565.0,439.6,-1
30.68407,-56.56986,5609.016,5624.0,718.4,9998
30.40794,-55.98783,5477.475,5600.0,640.8,9998
24.90935,-58.34145,5674.984,5765.0,206.7,-1
25.26235,-58.61491,5865.746,5992.0,485.9,-1
26.14169,-61.48986,5805.211,5811.0,175.1,-1
26.73972,-60.8652,5834.651,6008.0,612.9,-1
25.22617,-63.46548,5579.783,5608.0,552.2,-1
24.39916,-63.5823,5847.916,5831.0,196.1,-1
22.48388,-60.28458,5612.107,5972.0,431.7,-1
22.11572,-58.82184,5600.426,5570.0,628.1,9998
21.99759,-57.74053,5837.34,5847.0,316.3,-1
23.92141,-65.15226,5826.729,5817.0,667.1,-1
25.00464,-68.96808,5645.034,5671.0,1128.1,-1
24.24921,-66.51774,5652.98,5691.0,1512.5,-1
24.18834,-67.08077,5585.902,5637.0,1457.1,-1
24.81314,-69.96821,5577.622,5569.0,924.1,-1
25.41354,-71.76129,5501.451,5498.0,392.6,-1
21.73537,-70.25907,5408.134,5396.0,2152.4,9998
21.53061,-69.87885,5495.04,5492.0,1639.6,9998
-35.97083,-176.5926,5589.58,5591.0,1150.0,-1
-37.49466,-162.3855,5301.25,5301.0,505.4,-1
-36.66167,-163.6051,5328.568,5324.0,376.6,-1
-31.99873,-164.6092,5175.332,4552.0,1030.9,-1
-31.956,-165.3791,5226.538,5236.0,1056.8,9998
-32.19714,-165.9596,5300.09,5296.0,765.7,-1
-31.28308,-166.0063,5319.095,5290.0,1297.1,9998
-30.91982,-166.6771,5566.612,5551.0,875.1,-1
-31.97534,-167.0702,5188.819,5306.0,703.9,9998
-31.64312,-167.7046,5497.162,5500.0,1270.4,9998
-34.83776,-169.4113,5260.535,5230.0,503.6,-1
-27.17053,-165.8677,5611.328,5587.0,699.2,-1
-26.8634,-167.2908,5615.522,5606.0,615.5,-1
-33.73547,-176.9643,5455.922,5277.0,655.0,9998
-22.81155,-170.1059,5658.66,5665.0,1658.0,-1
-22.34406,-170.2103,5616.904,5627.0,1033.5,-1
-22.49936,-172.2281,5761.191,5761.0,1947.7,-1
-22.28112,-171.454,5691.095,5719.0,1747.4,9998
-22.21977,-171.4576,5651.809,5649.0,1725.9,9998
-22.24105,-171.511,5688.787,5561.0,1759.9,9998
-22.33561,-171.6869,5666.774,5668.0,1835.6,9998
-22.29241,-171.7496,5685.379,5726.0,1822.8,9998
-22.26791,-171.7561,5718.108,5760.0,1813.3,9998
-22.3087,-171.7416,5722.741,5691.0,1846.4,9998
-22.40675,-171.6314,5656.582,5663.0,1813.4,9998
-22.37344,-171.6301,5683.026,5676.0,1820.6,9998
-22.33613,-171.6808,5684.492,5669.0,1840.1,9998
-22.258,-171.7065,5658.959,5704.0,1786.6,9998
-20.53198,-168.2307,5590.034,5611.0,1327.8,9998
-7.53148,-176.1443,5245.348,5243.0,2638.9,-1
-32.56883,-157.9034,5135.625,5154.0,1090.7,9998
-33.70792,-149.7446,5270.445,5299.0,213.0,-1
-33.56817,-147.9911,4796.262,4810.0,225.4,-1
-33.17838,-148.4556,4846.23,4861.0,382.3,9998
-41.98437,129.8874,5143.362,5122.0,641.3,-1
-41.92322,129.9386,4961.179,5156.0,576.4,9998
-41.81554,129.9773,4919.241,4969.0,516.3,-1
-41.68142,129.0141,5315.701,5246.0,671.3,9998
-40.9179,128.8199,5229.403,5316.0,164.5,-1
-40.92036,128.9501,5237.731,5292.0,287.4,-1
-41.11207,129.2467,5188.628,5162.0,531.1,9998
-41.0386,129.3458,5417.262,5383.0,499.4,9998
-40.96367,129.3212,5258.822,5329.0,478.6,-1
-40.67426,128.6868,5219.542,5098.0,194.3,9998
-40.64973,127.8481,5428.293,5037.0,781.3,-1
-40.31428,126.7521,5224.751,5073.0,656.5,-1
-38.70633,129.071,5406.599,5279.0,1014.1,9998
-38.18681,127.3341,5475.96,5512.0,1177.6,-1
-37.60618,127.238,5592.544,5548.0,569.2,-1
-37.20661,127.0041,5514.375,5554.0,318.2,9998
-37.97852,125.1013,5079.125,5059.0,286.6,9998
-37.7066,123.9963,5356.156,5357.0,1118.6,9998
-36.38129,122.6823,5366.76,5344.0,938.5,-1
-42.36405,126.9869,4937.708,4881.0,739.5,9998
-42.42298,125.1661,4679.511,4507.0,695.3,-1
-41.98838,124.3287,4872.415,4823.0,911.6,-1
-42.36405,124.7506,4722.052,4513.0,722.6,-1
-42.35567,124.8165,4718.464,4602.0,714.2,-1
-41.04188,119.5063,4614.852,4661.0,632.3,9998
-41.2619,117.9818,4600.191,4631.0,636.9,9998
-41.51197,116.9374,4614.459,4614.0,873.5,-1
-41.35592,116.3685,4684.435,4802.0,516.2,-1
-42.2802,115.8955,4468.722,4541.0,195.8,-1
-43.59509,114.5796,4452.247,4381.0,565.9,-1
-43.91448,114.5716,4403.628,4291.0,1453.9,-1
-44.19114,114.6825,4410.804,4359.0,1839.6,-1
-43.66994,114.0227,4270.159,4255.0,1096.4,-1
-43.36421,112.7577,4253.261,4273.0,685.7,-1
-43.00062,112.3257,4193.39,4206.0,405.8,-1
-40.49155,116.8649,4645.576,4748.0,945.5,-1
-40.48045,116.9243,4618.389,4683.0,906.7,-1
-40.57786,116.8207,4815.801,4802.0,940.6,-1
-40.0619,117.4161,4688.871,4825.0,926.8,-1
-39.03059,117.1071,4995.556,4849.0,893.0,-1
-37.68511,117.0439,4682.106,4892.0,645.0,9998
-37.68707,117.1048,4802.11,4875.0,646.4,9998
-37.51476,115.9576,4539.369,4398.0,692.8,9998
-37.46568,115.8619,4573.302,4747.0,752.8,9998
-37.72017,111.7253,4381.122,4543.0,414.7,9998
-37.82412,111.6187,4547.989,4520.0,454.5,9998
-38.21026,112.3219,4847.791,4532.0,1207.3,-1
-37.04333,112.3314,4678.683,5116.0,284.4,9998
-38.27828,117.307,4899.672,5073.0,1693.2,9998
-39.04734,119.8867,4733.188,4771.0,970.7,-1
-40.08037,115.611,4707.407,4738.0,679.5,-1
-40.49763,115.6843,4826.51,4670.0,863.6,-1
-40.53833,115.6768,4639.828,4643.0,853.2,-1
-40.51493,115.6205,4619.346,4654.0,790.9,-1
-38.34288,108.0526,4540.782,4542.0,301.7,9998
-40.45584,109.7861,4555.75,4507.0,470.5,9998
-40.46788,109.2011,4554.19,4459.0,172.0,-1
-39.3454,111.3321,4503.35,4568.0,548.6,-1
-39.17,111.1159,4473.099,4562.0,86.6,-1
-38.91487,109.8258,4549.584,4608.0,579.1,-1
-37.73145,107.3889,4376.45,4540.0,559.5,-1
-31.36554,-168.2482,5431.339,5449.0,1019.4,9998
-33.03213,-158.7729,5363.371,5341.0,1307.7,-1
-32.94869,-158.0065,5070.195,5162.0,1042.6,-1
-32.86907,-157.952,5062.276,5090.0,986.4,9998
-33.4327,-157.1401,4991.317,4997.0,1071.4,-1
-30.9512,-152.8813,5125.352,5105.0,1188.7,9998
-31.20414,-153.8388,5006.507,5016.0,162.3,9998
-30.52757,-153.6477,4933.506,5036.0,2182.6,9998
-31.13757,-153.4869,4819.279,4841.0,526.7,-1
-31.37427,-153.5983,5105.777,5084.0,79.3,-1
-30.27014,-153.8865,5044.922,5079.0,3002.4,9998
-29.80841,-153.5424,5139.886,5141.0,2801.7,-1
-28.69612,-153.9827,4902.958,4929.0,519.5,-1
-29.28156,-152.8623,5261.211,5125.0,541.4,9998
-29.24846,-152.4522,5273.148,5308.0,512.1,-1
-29.17524,-152.2,4895.396,4939.0,349.1,-1
-44.20774,-164.0964,5058.896,5029.0,1467.9,-1
-45.6234,-164.7276,5392.244,5385.0,353.7,9998
-44.32909,-166.5439,5414.753,5413.0,1271.7,-1
-42.48845,-164.3472,5018.603,5033.0,539.8,-1
-34.98448,-167.2366,5128.945,5177.0,616.2,9998
-34.19083,-169.3569,5003.411,5020.0,1144.6,-1
-33.89021,-169.3669,5416.054,5415.0,1222.3,-1
-42.46203,-165.2504,5059.709,5087.0,1238.7,-1
-39.83776,-173.7952,4955.238,5013.0,340.8,9998
-37.22256,-175.9224,5317.844,5319.0,594.6,-1
-31.92769,-177.8705,5583.863,5496.0,2003.5,-1
-44.13352,-148.2475,5391.05,5398.0,793.4,9998
-46.19207,-148.5287,4864.518,4868.0,1014.5,-1
-46.20628,-148.4576,4852.099,4842.0,1004.8,-1
-45.93752,-152.4815,4928.231,4928.0,1231.5,-1
-46.64991,-154.4084,4507.615,4435.0,1071.0,9998
-46.85721,-154.1762,4081.694,4138.0,1099.2,9998
-28.41356,-157.729,5259.821,5254.0,154.6,-1
-26.81657,-157.8584,4998.226,5012.0,856.9,-1
-26.29676,-157.8434,5228.173,5226.0,767.6,-1
-26.52095,-157.8399,5101.014,5097.0,900.1,-1
-26.40664,-157.1199,5204.371,5212.0,922.6,-1
-26.41889,-157.207,5035.354,5038.0,898.9,-1
-26.4792,-157.9228,5198.331,5194.0,860.8,-1
-26.26848,-158.0471,5288.884,5269.0,847.9,-1
-25.82295,-158.5723,5116.313,5121.0,1582.4,-1
-25.20427,-158.4066,5155.351,5149.0,1794.4,-1
-25.02164,-158.6582,5139.506,5140.0,1643.5,-1
-25.06451,-158.6691,5109.217,5119.0,1712.9,-1
-25.00405,-158.6861,5176.379,5167.0,1612.7,-1
-24.81536,-159.1622,5037.39,5044.0,1094.6,9998
-24.63816,-159.1422,4940.07,4953.0,830.5,9998
-24.53152,-158.9701,5043.314,5038.0,541.3,9998
-24.24038,-158.5875,5047.202,5005.0,274.6,9998
-24.3011,-158.3462,4981.65,4833.0,84.8,-1
-23.60504,-157.37,4824.044,4826.0,553.1,-1
-22.96915,-157.7547,4856.217,4837.0,389.9,9998
-57.64125,134.9505,4567.525,4472.0,3374.8,9998
-57.82171,137.1491,4206.184,4352.0,2870.6,-1
-57.89233,136.8239,4347.456,4256.0,3134.0,-1
-57.54584,137.1684,4416.889,4429.0,2812.5,-1
-57.69607,137.568,4295.679,4282.0,2782.5,-1
-57.59753,138.1229,4196.742,4370.0,2377.9,-1
-57.55377,138.2305,4257.953,4256.0,2387.2,-1
-57.57092,138.2288,4147.88,4275.0,2328.2,-1
-57.66284,138.8725,4161.452,4050.0,2431.7,-1
-57.41798,138.7345,4123.931,4075.0,2266.4,-1
-57.44601,139.1322,3661.44,3779.0,2084.3,-1
-57.51568,139.0743,4026.695,4178.0,2345.3,-1
-57.42339,139.2511,3954.185,3792.0,2220.3,-1
-57.4339,139.3163,4027.792,3952.0,2221.6,-1
-57.62454,139.4361,4027.241,3915.0,2375.2,-1
-57.84728,139.5974,3753.031,3283.0,2095.3,9998
-57.81232,140.3139,4026.79,4259.0,2139.2,-1
-58.43246,140.9378,4027.263,4089.0,2035.6,-1
-58.65176,141.956,3992.774,3836.0,2822.3,-1
-58.60429,142.8622,3985.887,4007.0,2690.8,9998
-58.34381,143.732,3620.266,3661.0,1954.8,9998
-58.04439,143.3367,3731.067,3708.0,2351.6,9998
-57.8846,142.9369,3839.538,3812.0,2140.6,-1
-56.95768,143.0973,3445.772,3478.0,1644.8,-1
-56.70473,143.6097,3354.19,3327.0,1688.0,9998
-56.53078,144.3188,3594.514,3469.0,873.1,9998
-56.99487,144.679,3052.26,2905.0,725.3,-1
-57.03119,144.7188,3285.919,2828.0,761.1,9998
-57.16274,145.1564,3215.829,3120.0,981.7,-1
-57.2561,144.9919,3199.799,3140.0,849.1,9998
-56.90787,145.0726,3131.763,3051.0,986.7,9998
-56.72461,145.112,3083.287,2920.0,992.8,-1
-56.63548,145.1034,2997.949,2957.0,905.0,-1
-57.0178,145.2988,2902.885,2672.0,1185.7,9998
-56.70323,145.8027,2942.636,2998.0,2027.9,9998
-54.97647,145.7622,2449.492,2329.0,2169.9,9998
-54.88301,146.0141,2572.598,2594.0,2795.0,9998
-55.63749,150.1306,2958.831,3706.0,7399.8,9998
-55.09963,150.9672,3375.622,3324.0,12855.3,9998
-54.76516,151.2437,3930.666,4090.0,9542.6,9998
-54.22797,151.6584,3327.494,3725.0,2544.5,9998
-54.58396,152.0865,3926.544,3912.0,4344.9,9998
-53.24619,152.0475,3912.994,3943.0,7725.8,9998
-54.71376,155.8842,3932.336,3919.0,1927.5,9998
-55.11972,155.801,4221.53,4230.0,5026.8,-1
-56.00803,155.5863,3923.823,3898.0,9319.7,9998
-56.00353,154.3402,3808.128,3733.0,13221.7,9998
-56.02051,157.8351,4220.813,5184.0,10981.1,9998
-57.76604,158.095,3568.324,3697.0,11007.5,9998
-59.79376,161.9253,2956.537,3948.0,7330.6,-1
-59.21576,160.7973,3700.338,3772.0,5318.6,9998
-59.79628,160.7166,3576.108,3595.0,3340.1,9998
-59.98018,161.562,3691.154,3694.0,6175.1,-1
-59.33377,161.6806,3907.758,4041.0,6685.5,9998
-59.46218,161.7386,4110.216,4300.0,8346.1,9998
-59.26509,160.6996,3727.968,3981.0,5202.5,9998
-58.90327,160.9173,4219.698,4438.0,2586.9,-1
-58.88099,161.1243,4218.54,4639.0,4555.3,9998
-58.76794,161.0609,3496.71,4179.0,4210.0,9998
-58.26286,132.2296,4672.298,4687.0,2638.8,9998
-61.05394,110.8466,4216.059,4228.0,1742.4,9998
-60.70588,121.0036,4379.559,4355.0,3637.4,-1
-61.78396,126.5834,4384.723,4395.0,2508.7,9998
-61.43878,125.2087,4368.343,4380.0,4518.0,-1
-61.18171,120.7713,4263.208,4295.0,361.9,-1
-61.37931,118.6188,4279.355,4278.0,470.6,9998
-61.471,116.3498,4340.188,4310.0,2703.0,9998
-60.26984,111.049,4282.934,4278.0,1968.1,-1
-60.31439,111.2036,4292.917,4295.0,1762.2,9998
-58.82397,114.0904,4514.705,4514.0,1627.9,-1
-59.48415,117.8593,4519.119,4521.0,1296.9,9998
22.56751,-158.106,3944.015,4819.0,2199.3,9998
22.48846,-158.5897,4853.456,4861.0,2621.7,9998
22.26724,-158.4686,4733.398,4796.0,1978.5,9998
22.57638,-158.0667,3942.159,4799.0,2186.1,9998
-35.33684,-176.2945,5560.378,5556.0,792.7,-1
-36.04297,-177.2528,5627.564,5617.0,1181.1,-1
-35.66607,-177.0601,5477.278,5480.0,721.9,-1
-35.78847,-177.1786,5576.995,5585.0,875.3,-1
-35.45422,-174.5568,5611.021,5603.0,252.0,-1
-36.1118,-174.9689,5494.971,5536.0,478.7,-1
-36.66959,-174.1638,5603.554,5588.0,471.2,-1
-29.63785,-170.6544,4910.364,5154.0,1270.4,-1
-29.58562,-170.5304,5452.459,5464.0,1482.2,-1
-29.58631,-170.5652,5507.08,5488.0,1489.0,-1
-28.74059,-170.2298,5236.323,5200.0,1532.6,-1
-28.69011,-169.32,5254.376,5270.0,1035.4,-1
-28.57501,-167.7995,5226.21,5255.0,1428.7,9998
-28.58085,-167.8714,4641.367,4756.0,1305.6,9998
-33.65923,-166.1057,5002.183,5032.0,979.2,-1
-30.59668,-166.8954,5488.334,5496.0,587.8,-1
-30.47111,-168.1759,5484.033,5486.0,764.2,9998
-30.75037,-167.1561,5489.524,5456.0,775.0,-1
-29.53203,-167.5186,5250.734,5194.0,1742.8,-1
-29.10259,-167.6389,5086.82,5053.0,1897.5,-1
-27.81384,-166.988,5532.436,5526.0,382.6,-1
-27.78857,-167.0961,5524.409,5551.0,360.3,-1
-27.75967,-167.2804,5583.003,5577.0,503.7,-1
-26.34526,-166.3497,5455.164,5344.0,889.4,9998
-26.09493,-166.7717,5480.161,5512.0,964.2,9998
-26.40411,-165.1734,5447.195,5469.0,436.8,-1
-26.36528,-162.9662,5460.581,5450.0,481.7,-1
-26.41931,-162.7982,5664.786,5655.0,392.5,-1
-27.41438,-163.3324,5484.856,5489.0,392.0,-1
-26.15829,-163.5559,5633.53,5627.0,595.5,9998
-26.24701,-163.1415,5517.005,5517.0,569.1,-1
-25.61588,-163.7305,5531.496,5556.0,985.4,9998
-24.6071,-164.3533,5294.652,5299.0,1679.6,-1
-23.90584,-164.0198,5398.929,5278.0,979.2,-1
-23.7348,-169.0238,5570.386,5556.0,1507.6,-1
-23.08171,-168.7714,5654.395,5661.0,737.2,9998
-22.25359,-169.5099,5636.014,5631.0,529.4,-1
-22.71718,-169.2295,5455.766,5455.0,483.5,9998
-22.65489,-169.3135,5507.433,5529.0,579.9,-1
-22.82327,-169.2753,5531.302,5560.0,681.9,9998
-23.16069,-167.5953,5667.048,5679.0,963.4,-1
-22.42701,-167.6233,5633.143,5635.0,264.4,-1
-24.30906,-166.9348,5783.133,5771.0,1113.2,-1
-23.87243,-167.1855,5718.951,5720.0,1811.4,-1
-23.71843,-167.5562,5698.781,5702.0,1957.4,-1
-22.44354,-167.3022,5610.282,5609.0,304.5,-1
-22.63575,-167.0216,5747.009,5703.0,282.1,-1
-18.05183,-166.7756,4420.091,4455.0,711.3,-1
-18.20679,-167.1268,5481.384,5467.0,947.7,-1
-18.56062,-166.924,5492.713,5548.0,1019.9,9998
-8.68559,-169.9773,5036.319,5044.0,1487.0,9998
-7.87575,-168.8218,4976.865,4830.0,2780.3,9998
-8.06005,-168.8339,4726.281,4727.0,2332.8,9998
-8.00191,-169.0295,4958.773,4986.0,2689.0,9998
-6.86475,-168.6145,5230.868,5240.0,3760.1,9998
-6.40742,-169.5978,5514.972,5506.0,3955.3,-1
-5.52692,-169.4467,5488.012,5521.0,3528.3,9998
-16.94627,-159.8763,5133.998,5126.0,750.5,-1
-16.16414,-159.9497,5143.908,5160.0,1167.4,9998
-14.85599,-160.1369,5145.101,5145.0,1330.6,-1
-14.59476,-160.0076,5146.327,5170.0,1617.7,9998
-14.63239,-159.8407,5055.723,5013.0,1583.1,9998
-14.86471,-159.779,5201.883,5196.0,1287.8,-1
-14.42826,-159.8541,5204.218,5203.0,1789.4,-1
-14.12189,-159.5813,5150.221,5193.0,1886.9,9998
-13.93584,-159.6302,5133.855,5115.0,1750.4,9998
-13.96045,-159.5867,5126.858,5146.0,1783.4,9998
-13.61132,-159.7824,5219.543,5214.0,1358.0,9998
-11.45724,-157.6838,5305.77,5284.0,1803.9,9998
-11.41132,-156.9494,5220.378,5219.0,1912.7,-1
-11.25852,-156.9178,5155.269,5158.0,1872.2,-1
-11.04163,-156.5215,5220.447,5227.0,1905.8,-1
-11.02662,-156.7238,5269.073,5264.0,1905.3,-1
-11.05402,-156.7349,5224.327,5232.0,1888.4,-1
-10.81179,-157.0755,5293.372,5272.0,1792.5,-1
-10.76862,-157.2428,5289.983,5290.0,1737.7,-1
-10.72186,-155.0075,5204.584,5179.0,1748.7,9998
-10.96249,-154.8651,5431.286,5459.0,1802.7,-1
-11.44168,-168.4218,5475.119,5427.0,1023.2,9998
-11.23946,-168.7323,5334.239,5338.0,938.7,9998
-11.26395,-168.8866,5183.616,5216.0,850.0,9998
-11.18841,-168.9317,5229.059,5188.0,923.2,9998
-11.24876,-169.0278,5311.048,5326.0,865.8,9998
-10.59054,-169.4545,5212.762,5204.0,892.6,9998
-10.50489,-169.4156,5189.479,5170.0,863.8,9998
-9.32807,-169.3601,5012.036,4977.0,465.8,9998
-9.29597,-169.0766,5092.085,5224.0,440.5,9998
-5.03088,-168.653,5466.919,5474.0,4725.8,9998
-2.27283,-168.8018,5303.725,5320.0,7841.1,9998
-1.77864,-168.5007,5283.749,5307.0,7718.1,9998
-1.68663,-169.2258,4742.219,4677.0,7185.9,9998
-1.53549,-169.0146,5162.307,5205.0,7429.9,9998
-1.63973,-169.9442,5062.456,5049.0,7575.0,9998
-1.6544,-169.9397,5451.89,5331.0,8183.8,9998
-1.78608,-169.5225,5627.072,6078.0,8434.8,9998
-2.03274,-169.8269,4814.967,4830.0,7408.8,9998
-2.03261,-169.8095,5114.025,5089.0,7871.7,9998
-2.02932,-169.7939,5250.935,5155.0,8079.2,9998
-1.60273,-168.9962,5585.305,5387.0,8124.9,9998
-1.22489,-167.6331,5402.53,5443.0,7112.6,9998
-58.74469,174.4028,5089.322,5116.0,7341.8,-1
-59.27526,174.437,5086.585,4893.0,7045.0,-1
-59.08902,176.153,5126.329,5121.0,4191.2,9998
-60.92395,175.3655,3718.521,4070.0,3276.4,-1
-60.89178,175.4153,3833.351,4145.0,3320.2,-1
-60.93099,175.2954,3791.115,4028.0,3337.5,-1
-60.84442,175.2657,3829.474,4109.0,3193.2,-1
-56.17318,177.8238,5080.642,5002.0,728.3,9998
-56.93667,179.2457,5285.481,5217.0,4581.0,-1
-55.51121,179.7173,5349.453,5310.0,2414.9,-1
-58.69591,166.1158,4765.655,4770.0,4786.7,9998
-54.86395,172.5196,5202.27,5375.0,10946.8,-1
-56.37324,-178.62,5155.935,5062.0,4739.7,-1
-55.88012,179.5155,5183.338,5153.0,5337.0,-1
-56.16788,-176.807,5115.483,4879.0,4240.6,-1
-53.11151,-165.1057,5079.189,4868.0,4958.7,-1
-52.3213,-164.8944,4886.707,4819.0,3556.9,-1
-52.03808,-163.424,4892.062,4921.0,3612.3,-1
-51.91951,-163.1084,4757.871,4798.0,3789.9,9998
-52.69905,-160.8303,4425.246,4496.0,5622.0,-1
-59.37105,175.8282,4999.936,5026.0,4721.1,9998
-60.17785,175.067,4468.621,4769.0,2318.0,-1
-61.17544,175.48,4204.948,4373.0,3251.9,9998
-44.67349,-167.4239,5267.873,5259.0,585.7,9998
-43.74974,-167.0261,5342.662,5342.0,1164.0,-1
-43.2731,-166.8566,5164.45,5183.0,1267.2,9998
-43.65228,-165.6218,5236.708,5282.0,1636.3,9998
-44.93333,-164.1093,5374.881,5373.0,609.4,-1
-46.06247,-165.3599,5263.81,5246.0,658.2,-1
-47.28609,-167.7331,5387.065,5370.0,3645.0,-1
-48.40219,-166.7423,5215.931,5289.0,3878.8,9998
-46.4504,-167.9213,5528.481,5518.0,1561.3,9998
-46.45994,-167.328,5367.159,5338.0,375.4,9998
-44.92656,-167.0989,5302.306,5300.0,379.4,9998
-43.48674,-166.9451,5285.682,5288.0,1338.2,-1
-45.76564,-165.8827,5494.408,5518.0,625.8,-1
-45.7442,-165.8971,5496.932,5502.0,639.9,-1
-43.36705,-165.8423,5175.158,5253.0,1348.1,-1
-44.82826,-162.8784,5234.495,5170.0,1518.8,9998
-35.61424,-156.4427,5416.312,5355.0,1041.4,9998
-34.71276,-156.6108,5447.139,5447.0,495.3,-1
-33.91541,-156.464,5339.042,5334.0,763.4,9998
-34.48855,-155.1024,5276.584,5206.0,703.1,9998
-33.33206,-151.6991,5246.676,5234.0,1182.0,-1
-33.29239,-151.6895,5218.587,5223.0,1154.9,-1
-33.20172,-151.8919,5172.485,5156.0,1166.9,-1
-32.20749,-151.7594,5194.633,5195.0,205.9,-1
-31.88811,-152.0726,5212.22,5201.0,409.4,9998
-30.62641,-152.2932,5282.456,5299.0,1914.0,9998
-37.53266,-153.5848,5398.066,5371.0,188.9,9998
-37.93613,-154.2347,5302.106,5374.0,443.2,9998
-37.97546,-154.5594,5241.451,5168.0,453.2,9998
-37.65664,-154.4242,5325.966,5367.0,558.5,9998
-37.31545,-153.5606,5354.987,5171.0,117.2,9998
-37.76298,-153.4167,5309.938,5318.0,269.5,9998
-37.97913,-153.677,5436.669,5518.0,402.7,9998
-37.63781,-154.6055,5303.313,5352.0,517.0,9998
-37.47889,-154.423,5299.805,5247.0,472.0,9998
-37.76685,-154.7468,5266.639,5250.0,480.9,9998
-36.94504,-154.4211,5317.878,5325.0,665.4,9998
-36.84551,-154.831,5116.477,5303.0,604.8,9998
-36.32629,-154.8707,5323.496,5336.0,819.5,9998
-39.39874,-150.1312,5335.978,5424.0,924.0,9998
-37.25932,-147.2099,5231.323,5234.0,565.3,-1
-36.82742,-146.9946,4995.375,4959.0,764.0,9998
-36.82666,-146.985,4979.566,4956.0,763.7,9998
-36.76411,-147.6678,5293.264,5280.0,1168.0,9998
-36.83212,-148.0285,5306.986,5337.0,936.7,9998
-36.62661,-147.9241,5224.155,5257.0,1098.8,-1
-36.07876,-147.9723,5427.517,5433.0,928.8,-1
-38.93852,-140.6213,4980.857,4977.0,897.7,-1
-38.88522,-140.5923,4986.214,4988.0,871.0,-1
-38.50863,-140.6084,5148.67,5158.0,822.3,-1
-38.62309,-140.3148,5122.644,5151.0,914.6,-1
-38.83713,-140.2386,5217.796,5207.0,1041.8,-1
-38.91066,-140.1293,5043.605,5065.0,994.1,-1
-39.73313,-139.2946,5208.462,5193.0,294.7,-1
-39.96638,-139.2061,5140.046,5134.0,353.5,-1
-39.79318,-139.5563,5357.086,5332.0,381.5,-1
-39.85443,-140.127,5200.073,5218.0,62.3,-1
-40.57638,-139.1898,5327.759,5319.0,994.7,-1
-41.36777,-137.9097,4763.151,4819.0,839.1,-1
-41.45136,-137.6866,5381.443,5358.0,1013.6,-1
-41.72585,-137.6998,5374.339,5394.0,1015.0,-1
-42.16041,-137.6384,5326.987,5317.0,670.3,-1
-42.09884,-137.8783,5034.291,5077.0,828.2,-1
-42.6174,-137.9908,5169.122,5040.0,538.5,9998
-42.68226,-137.8074,4973.244,5072.0,399.6,-1
-30.99207,-155.8696,5189.723,5189.0,681.7,-1
-31.96764,-156.6936,5219.554,5213.0,432.5,-1
-31.72046,-157.0954,5270.16,5279.0,399.0,-1
-31.58268,-157.3622,5318.287,5301.0,256.2,-1
-31.78153,-157.8076,5309.091,5281.0,291.6,-1
-33.34183,-157.8617,5288.438,5283.0,1251.9,9998
-32.7345,-157.1877,5354.496,5438.0,1008.8,9998
-33.42323,-157.0606,4951.441,4979.0,1040.2,-1
-33.55065,-157.1549,5402.071,5350.0,1157.1,-1
-32.73502,-157.3095,5150.291,5448.0,980.2,9998
-33.94184,-157.0068,5172.645,5184.0,743.6,-1
-34.73011,-158.1824,5255.836,5254.0,174.7,-1
-34.7281,-158.2324,5234.713,5231.0,189.3,-1
-35.3988,-158.4766,5120.52,5128.0,1155.4,-1
-35.38427,-158.4831,5245.17,5203.0,1160.7,-1
-35.39554,-158.3547,5350.275,5364.0,1139.1,-1
-36.83665,-159.7725,4921.549,5437.0,481.8,-1
-37.11818,-159.8559,4333.504,4394.0,548.0,-1
-37.3495,-159.8664,4730.024,4762.0,571.6,-1
-35.14628,-162.8972,5355.33,5358.0,893.3,-1
-34.56263,-163.5416,5444.112,5442.0,1564.2,-1
-33.67828,-164.1696,5414.505,5406.0,769.3,9998
-33.255,-164.3149,5445.784,5435.0,963.8,9998
-31.64462,-164.4639,5266.509,5273.0,862.6,9998
-29.303,-164.4857,5371.009,5367.0,1934.5,9998
-29.36294,-164.2277,5563.917,5558.0,1712.7,-1
-29.188,-164.4717,5415.433,5402.0,2010.2,9998
-29.70956,-165.5826,5172.124,5179.0,1531.2,-1
-29.31781,-165.8878,5398.423,5401.0,1918.9,-1
-29.82074,-166.1845,5342.399,5335.0,1593.6,9998
-30.02959,-166.2504,5410.131,5480.0,1254.9,9998
-30.08292,-166.5199,5539.202,5575.0,1278.0,9998
-38.49518,-174.3096,5235.201,5237.0,123.7,-1
-37.70386,-174.5438,5332.045,5326.0,1008.1,-1
-37.41088,-175.9399,5194.917,5239.0,606.3,9998
-31.73012,-177.0161,5668.82,6074.0,1046.9,9998
-28.48106,-175.3286,5832.142,5820.0,1975.8,9998
-54.03843,-143.878,3462.044,3632.0,2268.0,-1
-53.95045,-142.1267,3517.933,3742.0,3616.0,-1
-53.54728,-136.5557,1810.347,2927.0,3240.1,-1
-52.8743,-137.0973,1770.067,3741.0,2995.7,-1
-52.15435,-135.9567,4350.587,4272.0,6842.6,-1
-51.31304,-135.1398,4518.121,4420.0,2609.8,-1
-51.39673,-134.7056,4546.913,4708.0,2420.2,9998
-50.55212,-134.7305,4591.806,4637.0,1649.4,9998
-49.34699,-133.0421,4491.257,4564.0,498.8,-1
-50.25208,-134.2159,4947.696,5204.0,1251.2,-1
-50.48483,-134.3064,3983.641,4322.0,1236.6,-1
-51.46925,-132.4881,4692.024,4690.0,4495.0,-1
-43.094,-149.7881,5223.905,5262.0,607.7,9998
-43.07577,-149.66,5153.986,5174.0,594.6,9998
-43.24999,-149.458,4414.393,4946.0,444.0,-1
-43.23868,-148.7179,5147.709,5149.0,537.7,9998
-43.104,-149.0173,5189.812,5130.0,509.0,9998
-43.33935,-149.0266,5325.055,5306.0,568.2,9998
-43.06754,-150.2526,4936.128,4977.0,644.3,9998
-43.67565,-150.1811,5181.015,5193.0,558.4,9998
-43.65272,-149.8354,5014.867,4937.0,486.3,9998
-43.54281,-150.0083,5184.468,5192.0,550.9,9998
-38.53138,135.4284,5528.622,5435.0,651.8,-1
-39.8562,134.09,5444.459,5434.0,291.9,9998
-39.89945,133.9572,5301.653,5432.0,393.0,-1
-39.88226,132.3987,5566.833,5733.0,382.0,-1
-40.16085,132.0911,5563.597,5581.0,723.8,-1
-40.3013,132.319,5529.672,5569.0,776.0,9998
-40.24716,133.22,5326.176,5368.0,920.2,9998
-38.67189,129.276,5550.513,5541.0,952.8,9998
-38.83691,128.977,5455.414,5371.0,949.5,9998
-38.83824,128.9641,5444.671,5366.0,951.4,9998
-38.86888,128.5854,5313.961,5340.0,971.6,-1
-38.39225,127.6902,5477.988,5554.0,1186.1,-1
-38.74101,128.3528,5641.589,5548.0,1176.5,-1
-38.57883,129.1564,5568.456,5467.0,1064.7,9998
-38.44506,129.1878,5561.75,5530.0,1063.6,-1
-38.04544,129.7866,5589.229,5509.0,916.9,-1
-37.60242,129.1702,5562.75,5584.0,714.7,9998
-37.34586,127.352,5432.62,5573.0,405.9,9998
-38.07233,122.5426,5220.674,5340.0,318.5,-1
-37.42293,121.9115,4768.15,4367.0,1930.8,-1
-37.14711,121.3513,5186.996,5377.0,1834.0,-1
-39.02769,120.3782,4930.965,4896.0,535.3,-1
-39.59939,117.8623,4783.135,4615.0,995.0,-1
-39.56968,117.9108,4647.908,4631.0,902.5,-1
-39.49147,117.2344,4681.831,4780.0,756.5,-1
-39.9569,115.4501,4802.002,4809.0,830.0,-1
-40.07726,116.8393,4585.438,4782.0,900.9,-1
-39.67275,117.4342,4805.425,4821.0,908.9,-1
-39.82879,117.624,4659.355,4694.0,1017.9,-1
-39.8825,117.6242,4672.441,4723.0,981.9,-1
-38.3756,112.569,4873.142,4607.0,1498.6,-1
-39.42671,114.0527,4820.962,4731.0,1061.0,-1
-38.3854,110.4885,4300.721,4402.0,457.1,-1
-38.32252,110.5153,4397.611,4333.0,513.5,-1
-38.15757,111.3249,4407.302,4507.0,446.5,9998
-37.60203,112.3726,4725.742,4802.0,758.1,-1
-37.83266,112.2175,4835.629,4603.0,918.2,-1
-37.70269,112.1522,4812.003,4747.0,691.6,-1
-37.76938,111.9456,4621.852,4680.0,588.5,-1
-56.02078,170.9252,5371.839,5474.0,5882.2,9998
-58.64408,176.7736,5137.641,4739.0,5422.9,9998
-55.80196,178.1437,5119.321,5231.0,3026.8,-1
-55.24495,-177.1825,5282.473,5188.0,6067.1,9998
-53.66281,-174.474,5337.166,5326.0,6272.5,9998
-51.62378,-176.7149,5185.181,5152.0,2811.2,9998
-52.05676,178.0888,4999.488,4958.0,190.2,-1
-53.15927,178.4752,4975.754,4997.0,1682.6,-1
-52.82822,179.0892,5041.268,5032.0,2508.9,-1
-54.19402,-177.1169,5362.344,5373.0,8853.3,9998
-53.68519,-173.91,5308.048,5292.0,6313.1,9998
-56.06992,-172.6102,5248.833,5105.0,6177.7,9998
-54.41866,-159.6352,4412.634,4480.0,4405.4,-1
-54.82173,-157.5924,4038.61,3978.0,2877.8,-1
-54.78256,-157.5666,3833.934,3821.0,2738.7,-1
-53.76378,-159.0366,4385.507,4296.0,5715.9,-1
-33.15524,-178.9469,3630.857,3486.0,1864.5,9998
-30.38739,-177.0666,4857.445,4719.0,820.6,9998
-36.31753,-174.3407,5664.084,5669.0,596.6,9998
-36.44646,-174.2774,5632.781,5665.0,677.2,9998
-32.34391,-178.2957,4662.506,4800.0,1323.7,9998
4.91047,-169.262,5585.306,5754.0,6675.1,-1
4.55571,-169.1067,5639.221,5698.0,5896.7,-1
4.92714,-168.4072,5665.255,5808.0,6721.3,-1
5.68309,-168.6774,5606.652,5724.0,7133.1,9998
5.84389,-168.9664,5653.442,5543.0,7134.1,-1
2.04381,-171.5467,3950.863,5347.0,4654.1,-1
1.76917,-170.6716,5374.577,5356.0,6434.5,-1
1.62781,-169.211,5318.497,5322.0,6315.7,-1
-1.43513,-164.7742,3950.291,5458.0,5128.0,9998
-0.86169,-164.4678,5424.362,5457.0,4940.2,9998
-0.6661,-165.0687,5415.828,5420.0,4168.4,-1
-0.36051,-165.9867,4527.427,4691.0,2526.5,9998
-0.71506,-165.4906,5491.089,5519.0,4628.0,9998
-35.8746,-173.1316,5576.565,5612.0,704.2,9998
-36.34544,-173.4052,5601.005,5593.0,578.0,9998
-35.84327,-173.3603,5635.014,5606.0,1045.7,-1
-35.94235,-173.2592,5583.983,5623.0,882.4,9998
-36.07092,-173.11,5277.603,5270.0,624.1,-1
-36.14651,-172.4298,5481.501,5494.0,45.0,9998
-35.8791,-172.0546,5452.685,5519.0,29.9,-1
-35.58913,-172.1184,5322.387,5411.0,230.5,9998
-42.21393,-160.7116,5170.572,5179.0,626.6,-1
-35.02786,-163.1149,5353.448,5370.0,1114.6,9998
-34.88812,-163.348,5287.351,5298.0,1427.6,-1
-35.37447,-163.1347,5380.888,5374.0,626.3,-1
-36.89137,-162.4858,5386.756,5259.0,363.2,9998
-37.14453,-162.2703,5199.208,5375.0,475.8,-1
-15.09804,-158.8076,5064.163,5061.0,824.4,9998
-15.58784,-159.4431,5040.446,5082.0,640.3,9998
-15.82597,-159.3405,5107.488,5109.0,816.8,-1
-15.7952,-159.4427,5060.985,5133.0,800.6,9998
-15.84253,-159.5497,4964.812,4977.0,845.9,9998
-14.37189,-160.5168,4961.652,5014.0,1281.9,9998
-14.53109,-160.6199,4829.83,5010.0,1141.1,9998
-13.9815,-160.3815,5093.548,5072.0,1451.5,9998
-14.06108,-160.4478,4904.582,4959.0,1361.5,-1
-4.82764,-169.5078,5017.111,4920.0,4818.6,9998
-4.28437,-171.1957,4853.853,4908.0,6496.9,9998
-15.38307,-167.6858,5269.784,5309.0,1051.5,9998
-15.05735,-167.6072,5268.991,5190.0,952.7,9998
-15.04769,-167.6971,5337.678,5348.0,948.9,9998
-15.06783,-167.6816,4927.488,5089.0,890.1,9998
-15.29911,-168.0772,5225.362,5229.0,984.2,-1
-15.3831,-167.9769,5294.427,5277.0,1029.4,9998
-15.05368,-167.8995,5330.79,5342.0,838.8,9998
-13.71673,-168.7916,5161.766,5177.0,1565.4,9998
-23.90544,-165.4531,5383.615,5359.0,1580.8,9998
-23.91133,-165.4868,5555.112,5563.0,1637.0,9998
-23.89756,-165.5376,5584.754,5609.0,1648.9,9998
-30.61938,-171.5754,5753.5,5760.0,1246.8,-1
6.30045,-178.8051,5691.662,5627.0,5384.9,-1
6.37769,-178.5745,5621.89,5535.0,5281.8,-1
7.3156,-177.161,3514.445,3649.0,2429.9,-1
7.28901,-177.3064,3512.686,3600.0,2458.4,-1
7.27857,-177.2482,3563.446,3493.0,2544.0,-1
7.23106,-177.1414,3506.626,3520.0,2581.6,-1
7.18061,-177.0595,3461.728,3472.0,2630.4,-1
12.30448,179.2189,3948.088,5755.0,3167.3,-1
12.28526,179.2522,3944.87,5784.0,3193.8,-1
12.24458,179.4792,5797.391,5894.0,4684.6,9998
12.70228,179.2247,5644.17,5733.0,4819.8,-1
-4.87409,179.9517,3963.04,5679.0,,-1
-4.83562,179.9274,3945.372,5739.0,,-1
-4.66105,179.651,5866.147,5874.0,4436.3,9998
-4.82084,179.478,5601.694,5618.0,3794.5,9998
1.36708,179.3184,5373.326,5390.0,6191.9,9998
1.66428,179.7093,5685.797,5692.0,6561.1,9998
2.07923,179.8613,5446.542,5563.0,5755.4,-1
1.59513,-179.9922,5429.583,5362.0,6365.4,9998
-62.81887,-141.7746,3879.855,4021.0,684.4,9998
-62.51554,-141.0624,4221.993,4201.0,298.0,-1
-62.91581,-140.0181,4329.423,4390.0,410.3,9998
-63.01667,-140.373,4262.416,4477.0,1190.1,-1
-63.14015,-140.7628,4520.259,4457.0,755.1,-1
-67.31725,-135.414,4565.943,4600.0,1001.8,-1
-67.17158,-135.1011,4604.459,4645.0,618.5,9998
-66.6441,-120.2284,4615.378,4606.0,2535.4,9998
-41.7026,-161.8447,4671.568,5056.0,221.1,-1
-41.63326,-162.5032,5099.538,5082.0,559.2,-1
-41.25217,-164.0304,4272.275,4158.0,1888.5,-1
-41.1463,-164.3235,4320.942,4299.0,1670.7,9998
-41.09314,-164.6516,4274.379,4245.0,1174.9,9998
-41.11377,-164.7329,3990.576,4174.0,923.3,9998
-38.65144,-137.3412,5012.987,5045.0,1130.1,9998
-38.70228,-137.4057,5023.437,5037.0,1183.8,9998
-38.75053,-137.7214,4828.05,4862.0,1181.5,9998
-38.78307,-137.9386,5017.775,5117.0,1225.5,9998
-38.55114,-138.5658,5109.979,4959.0,1248.6,9998
-38.55243,-138.5553,5217.542,4950.0,1275.5,9998
-54.44892,175.1049,1922.861,5116.0,663.6,9998
-53.25047,177.0778,4888.337,4863.0,4342.7,-1
-52.43821,-179.9454,4809.513,5163.0,767.8,9998
-56.48109,176.6953,4960.472,5007.0,1114.5,9998
-53.85901,178.566,4979.321,5017.0,2470.6,-1
-53.18249,176.8054,4967.607,4966.0,4307.0,9998
-53.17398,177.1654,4577.532,4700.0,3733.7,9998
-53.25241,178.055,4962.347,5130.0,2575.5,-1
-35.13042,-179.6969,3351.04,3304.0,864.3,9998
-35.12137,-179.6642,3488.98,3379.0,872.3,9998
-35.1386,-179.7011,3362.959,3323.0,873.5,9998
-35.08879,-179.546,3506.665,3493.0,776.2,9998
-34.19957,-179.5259,3399.093,3381.0,901.3,9998
-34.97843,-179.4489,3816.136,3854.0,798.0,9998
-34.76924,-179.4867,3769.197,3817.0,819.7,9998
-34.28448,-179.2886,3940.378,3882.0,717.5,9998
-32.71009,-178.6189,3843.597,3947.0,2061.4,9998
-57.90045,132.5582,4623.963,4552.0,3352.7,9998
-57.33418,131.9745,4679.542,4555.0,2663.2,9998
-57.92506,120.2178,4607.566,4606.0,2217.3,9998
-57.09859,121.0108,4631.158,4652.0,1615.6,-1
-58.11526,123.1004,4639.587,4632.0,2705.4,-1
-58.40453,123.5146,4634.629,4627.0,3234.0,-1
-56.51085,124.6665,4682.873,4724.0,2002.0,-1
-56.37425,128.1717,4687.774,4578.0,3204.0,-1
-55.41755,128.4434,4479.707,4524.0,2645.1,-1
-55.35582,128.5013,4568.122,4530.0,2706.3,-1
-54.52099,127.6733,4439.096,4430.0,4664.2,-1
-54.07882,129.0383,4267.091,4266.0,4085.2,-1
-53.44636,128.6814,4455.144,4348.0,3556.7,-1
-53.44961,129.3362,3964.587,4121.0,3343.3,-1
-53.10533,127.9328,4050.986,4067.0,2984.1,-1
-52.81077,126.8949,3911.296,4090.0,3972.1,-1
-53.29878,127.4939,4247.952,4132.0,3039.7,-1
-53.49812,127.659,4357.642,3942.0,2796.0,9998
-54.73033,131.3111,4150.052,4104.0,2470.8,-1
-53.83202,132.1406,3909.872,3883.0,2819.3,9998
-53.9124,132.53,3837.146,3890.0,2741.2,9998
-54.57105,136.7273,3928.494,3924.0,2649.9,-1
-55.26033,138.072,3571.13,3850.0,2487.5,-1
-55.1469,137.7602,4003.0,4030.0,2890.8,-1
-54.98239,137.572,3904.128,3988.0,2848.0,9998
-55.51798,137.6892,3817.241,3932.0,2218.2,-1
-55.42422,137.8253,3760.521,3898.0,2288.2,9998
-55.78364,138.3675,3806.156,3884.0,1796.3,9998
-55.89699,138.7554,3613.218,3744.0,1489.9,9998
-55.45671,139.4124,3535.891,3677.0,2301.2,-1
-55.06862,139.5342,3857.391,3810.0,3715.1,-1
-54.94193,139.5121,3854.611,3784.0,3921.6,9998
-53.0922,139.1412,3665.936,3553.0,5129.9,9998
-52.74175,139.2316,3600.767,3501.0,4422.5,9998
-52.59218,139.2359,3574.404,3579.0,4263.4,9998
-52.65948,139.1796,3577.599,3620.0,4306.1,9998
-53.19005,139.021,3691.913,3527.0,4888.5,9998
-61.60419,131.9683,3930.878,4530.0,1875.1,9998
-63.51035,140.1305,3755.64,3759.0,3457.1,9998
-62.02509,144.9129,4110.553,3839.0,914.0,9998
-61.79459,144.6257,4141.421,4103.0,1527.2,9998
-63.31231,142.282,3886.325,3870.0,246.5,9998
-64.11546,139.8512,3559.249,3577.0,809.6,9998
-63.82636,136.4823,3447.698,3472.0,1407.4,9998
-61.73838,124.3172,4317.387,4321.0,3217.8,9998
-61.56506,123.4908,4312.688,4315.0,2561.3,-1
-61.64393,121.9599,4238.879,4278.0,1662.3,9998
-61.99932,122.359,4172.826,4181.0,1892.3,9998
-61.96723,122.7194,4214.887,4208.0,1911.9,9998
-62.74056,122.2646,4029.781,4060.0,810.6,9998
-62.55903,120.6011,3920.383,3976.0,503.6,-1
-62.72137,118.4591,3895.734,3886.0,803.3,9998
-62.64101,117.681,3892.354,3902.0,927.9,9998
-63.50884,124.8429,3869.64,3871.0,2647.8,9998
-63.82815,125.4736,3694.054,3797.0,1356.8,9998
-63.79932,122.926,3585.329,3621.0,432.4,9998
-63.67465,122.3981,3667.818,3642.0,1303.4,9998
-63.62201,120.3566,3717.855,3666.0,402.9,9998
-63.48559,118.6285,3446.713,3471.0,861.8,9998
-58.94931,107.9784,4440.636,4601.0,1415.3,9998
-59.06506,107.6518,4337.426,4395.0,1328.9,-1
-59.23021,106.5999,4208.999,4218.0,956.9,9998
-62.6466,104.8934,4005.61,4050.0,374.7,9998
-62.5825,106.4366,4038.187,4057.0,380.5,9998
-62.36447,107.2607,4051.567,4101.0,778.0,9998
-62.44423,108.1332,3881.132,3888.0,1960.6,9998
-63.42562,105.2259,3892.516,3811.0,1863.3,-1
-61.12191,104.4701,4400.861,4385.0,1111.9,9998
-61.229,106.0872,4361.233,4363.0,3173.5,9998
-60.90861,107.1555,4353.771,4359.0,1414.6,-1
-60.12052,106.7128,4431.192,4421.0,2117.2,9998
-60.01449,107.1831,4346.703,4355.0,2471.2,9998
-60.15132,105.7122,4260.156,4278.0,2248.7,9998
-60.4791,104.8014,4338.681,4345.0,1124.1,9998
-59.84836,102.623,4424.4,4602.0,2504.5,9998
-59.03562,102.1416,4297.923,4094.0,705.8,-1
-58.98927,100.9353,4257.06,3871.0,361.6,9998
-59.98676,100.9526,4122.382,4428.0,2605.3,9998
-60.98191,99.83583,4437.293,4475.0,1376.2,9998
-59.89702,101.137,4266.845,4371.0,2283.4,9998
-58.89194,103.5594,4514.874,4450.0,354.2,-1
-64.85275,152.1542,3302.725,3317.0,2497.9,9998
-64.54642,152.7607,3413.321,3393.0,1407.3,-1
-65.42534,153.7556,3153.2,3152.0,1330.9,9998
-65.27802,160.2452,3033.507,3050.0,827.6,9998
-64.91892,161.3749,3137.703,3133.0,157.8,9998
-63.20802,159.8621,2591.696,2574.0,507.4,9998
-63.32923,160.448,2661.599,2750.0,629.7,9998
-63.09574,160.7077,2692.348,2658.0,788.6,9998
-63.36554,169.1243,2711.652,2632.0,2151.8,-1
-63.17196,168.8561,2534.179,3152.0,1767.5,9998
-63.38199,168.9172,2078.303,2044.0,1809.3,9998
-63.28296,169.2378,2621.024,2580.0,1791.4,-1
-63.62238,141.6038,3789.367,3798.0,3415.1,9998
-63.24019,140.5634,3793.949,3803.0,2074.3,9998
-63.14171,139.3379,3783.665,3787.0,5225.6,9998
-63.99816,128.2993,3725.343,3736.0,737.9,9998
-64.01308,128.0023,3527.723,3533.0,515.6,9998
-63.76212,126.0471,4053.379,4020.0,2730.2,9998
-63.49888,124.8895,3874.797,3874.0,2588.0,9998
-63.37304,123.4148,3879.987,3887.0,2288.1,9998
-63.09711,122.3325,3907.779,3943.0,1386.8,-1
-63.63781,131.9493,3791.892,3867.0,2847.8,9998
-63.4624,132.0185,4112.246,4053.0,2125.8,9998
-62.57084,138.7774,3709.583,3699.0,821.4,9998
-61.37574,146.5651,4167.004,4118.0,3133.2,9998
-60.79542,146.1565,3916.638,3954.0,2422.3,9998
-60.77817,146.2005,4134.462,3891.0,2514.7,-1
-60.72907,146.3291,3874.741,3891.0,2274.0,9998
-60.66268,146.6078,3876.61,3974.0,1985.1,9998
-60.5446,146.5078,3692.35,3693.0,2117.5,9998
-60.37335,146.4592,3593.864,3773.0,2087.7,9998
-60.36731,146.722,4013.608,4039.0,2287.1,9998
-60.4931,147.2676,3748.429,3760.0,1558.4,9998
-63.53642,139.3442,3783.262,3812.0,2582.7,-1
-62.91311,139.9439,3312.748,3315.0,2379.1,9998
-63.67418,140.1086,3737.886,3733.0,2525.6,-1
-62.6801,139.6527,3692.228,3664.0,982.9,9998
-62.48054,138.4187,3787.063,3700.0,935.6,9998
-62.65222,137.8913,3682.406,3665.0,435.7,9998
-62.64697,137.7811,3657.975,3717.0,544.1,9998
-62.64124,137.6113,3703.626,3750.0,611.2,9998
-62.73881,137.7293,3664.471,3726.0,324.8,9998
-62.8943,138.1112,3574.956,3525.0,540.7,9998
-62.80535,139.0357,3302.245,3349.0,745.6,-1
-62.77036,138.9674,3318.536,3334.0,491.7,9998
-62.94184,139.6332,3410.019,3435.0,2771.5,9998
-62.80761,140.3365,3088.224,3239.0,728.3,9998
-62.89055,140.4499,3424.26,3307.0,2344.9,9998
-61.06809,145.4197,4105.999,4075.0,2594.2,-1
-61.27365,146.4354,4105.544,4124.0,3201.1,9998
-61.27955,146.9875,4020.804,3994.0,3090.1,-1
-61.06258,146.8199,3891.271,3903.0,2712.1,-1
-60.81631,146.7453,3864.21,3840.0,1931.8,9998
-60.54402,147.1607,3890.457,3864.0,1602.1,9998
-60.62143,147.3453,3938.57,3916.0,1497.7,-1
-60.76245,147.5859,3912.077,3660.0,1765.5,-1
-60.81622,147.5793,3669.199,3435.0,1781.6,-1
-60.74941,148.0022,3937.267,3590.0,2540.2,9998
-60.76107,148.4664,3948.542,3913.0,2546.6,-1
-60.77009,148.5871,4095.601,4077.0,2418.6,9998
-60.81513,148.7148,4033.391,3998.0,2255.0,-1
-60.9521,148.8958,3947.51,4010.0,2271.8,-1
-60.9972,148.8416,4014.478,3971.0,2409.3,-1
-60.99145,148.8698,4013.216,3984.0,2382.5,-1
-61.0517,148.7868,3922.393,3869.0,2420.7,-1
-61.04733,148.7903,3925.7,3877.0,2418.1,-1
-61.03643,148.5629,3781.16,3770.0,2444.0,9998
-60.83134,148.361,3769.738,3575.0,2685.1,-1
-60.70964,148.7022,3753.621,3859.0,2023.3,9998
-60.78191,148.7867,3836.595,3883.0,2083.0,-1
-61.67322,149.5057,4127.374,4129.0,2322.8,9998
-61.97611,149.8414,3634.991,3556.0,1620.7,9998
-62.12963,149.9409,3789.402,3788.0,1439.7,9998
-62.54908,150.3733,3642.815,3693.0,1089.2,-1
-62.94564,150.6405,3739.742,3678.0,1528.7,9998
-63.23393,150.8147,3660.54,3731.0,1296.1,9998
