lat,lon,grnd,wmo,cycle,date,uncertainty2,tid_flag2,gebco2
28.95677,-18.29213,3744.8512127079994,1902620.0,3.0,2025-09-01 19:24:37,1567.1,9998,-3767.0
29.18242,-18.115188333333332,3775.037328765192,1902620.0,4.0,2025-09-11 20:03:13,820.3,9998,-3828.0
29.0871,-17.49874,3759.451862102401,1902620.0,6.0,2025-10-01 17:54:09,1578.1,9998,-3771.0
28.734248333333333,-17.135286666666666,3392.306693397367,1902620.0,7.0,2025-10-11 14:11:32,718.5,9998,-3401.0
28.756396666666667,-16.628078333333335,3085.14009855594,1902620.0,8.0,2025-10-21 13:49:41,1250.2,9998,-3131.0
57.34402,-23.386326666666665,3047.092835167637,1902621.0,17.0,2023-12-05 15:56:46,2976.3,9998,-3054.0
57.83249,-23.64095,2965.901092903983,1902621.0,18.0,2023-12-15 15:15:04,3909.8,-1,-2954.0
57.87295666666667,-22.82051166666667,3004.963351683027,1902621.0,19.0,2023-12-25 15:38:26,1900.3,9998,-3014.0
58.06039166666667,-24.021871666666666,2909.178611886944,1902621.0,20.0,2024-01-04 14:40:13,3202.3,9998,-2896.0
58.29621,-24.48914,2773.2605308925567,1902621.0,21.0,2024-01-14 13:37:36,1317.9,9998,-2780.0
58.011845,-24.631781666666665,2817.320035670742,1902621.0,22.0,2024-01-24 13:55:57,1232.3,9998,-2810.0
58.523588333333336,-23.950733333333332,2819.155939903616,1902621.0,23.0,2024-02-03 13:55:26,2071.1,9998,-2745.0
58.92402666666667,-20.950191666666665,2865.9768290648212,1902621.0,24.0,2024-02-13 14:20:57,860.8,9998,-2882.0
59.03189,-22.979,2716.3810786626327,1902621.0,25.0,2024-02-23 13:30:37,1212.7,-1,-2717.0
58.68659,-22.098308333333332,2931.5001350338352,1902621.0,26.0,2024-03-04 15:10:37,3794.5,-1,-2931.0
58.75445,-20.613488333333333,2887.515459494816,1902621.0,27.0,2024-03-14 14:32:01,626.9,-1,-2841.0
58.851304999999996,-19.660698333333332,2641.1068624249574,1902621.0,28.0,2024-03-24 12:05:56,1160.0,9998,-2554.0
59.39868,-18.56861,2622.4020172029495,1902621.0,29.0,2024-04-03 11:56:11,1691.5,9998,-2660.0
59.31148,-18.81262,2744.6766064916146,1902621.0,30.0,2024-04-13 13:35:41,1802.6,9998,-2734.0
59.06127,-19.95623,2829.783642081644,1902621.0,31.0,2024-04-23 14:05:27,877.1,9998,-2800.0
58.83831333333333,-20.290408333333332,2875.769320195264,1902621.0,32.0,2024-05-03 14:10:14,656.5,9998,-2852.0
58.840403333333335,-20.079363333333333,2871.8599150239565,1902621.0,33.0,2024-05-13 14:27:03,499.4,9998,-2889.0
59.17546,-20.20975333333333,2795.5456676515523,1902621.0,34.0,2024-05-23 13:50:44,935.4,9998,-2823.0
59.06089333333333,-20.579351666666668,2834.670717761045,1902621.0,35.0,2024-06-02 14:05:56,48.1,-1,-2829.0
58.67006,-21.53254,2925.642132748653,1902621.0,36.0,2024-06-12 15:02:13,2419.7,9998,-2934.0
58.21999,-21.47264,2978.504636943708,1902621.0,37.0,2024-06-22 15:41:39,2437.9,9998,-2989.0
58.035828333333335,-21.532675,2988.3180787225724,1902621.0,38.0,2024-07-02 15:47:06,2791.9,9998,-2985.0
57.90864166666667,-22.129278333333332,3006.907858188443,1902621.0,39.0,2024-07-12 15:53:57,2434.0,9998,-2983.0
57.680656666666664,-21.818148333333333,3024.545298069543,1902621.0,40.0,2024-07-22 15:57:32,2272.2,9998,-3000.0
58.46546,-20.17065,2963.7919891809224,1902621.0,41.0,2024-08-01 15:07:56,503.2,9998,-2501.0
58.82481,-23.181771666666666,2791.7152326497844,1902621.0,42.0,2024-08-11 13:59:36,2003.9,9998,-2792.0
59.23452,-22.184875,2781.8461373784808,1902621.0,43.0,2024-08-21 13:54:17,791.3,9998,-2758.0
60.11146166666666,-21.420931666666668,2738.6336642389947,1902621.0,44.0,2024-08-31 13:22:10,1625.3,9998,-2700.0
59.539465,-20.241605,2785.6877834617744,1902621.0,45.0,2024-09-10 13:50:42,827.2,9998,-2781.0
60.24341,-22.06971,2693.6248150559004,1902621.0,46.0,2024-09-20 12:55:39,1281.4,9998,-2602.0
59.23966,-20.40835,2814.1037210283876,1902621.0,47.0,2024-09-30 13:34:43,419.8,9998,-2800.0
59.53176166666667,-21.5709,2844.335767448492,1902621.0,48.0,2024-10-10 14:07:07,1476.5,9998,-2844.0
59.571265,-20.966481666666667,2841.394774366711,1902621.0,49.0,2024-10-20 14:06:37,1300.8,9998,-2854.0
59.185425,-20.97124,2853.211367377385,1902621.0,50.0,2024-10-30 14:16:25,1519.5,9998,-2853.0
59.66677,-21.66957,2805.209496855687,1902621.0,51.0,2024-11-09 13:41:39,1281.0,9998,-2789.0
59.730423333333334,-20.391805,2792.487701072805,1902621.0,52.0,2024-11-19 14:07:38,671.0,-1,-2796.0
59.357816666666665,-20.317656666666668,2800.391950442208,1902621.0,53.0,2024-11-29 13:44:09,683.9,9998,-2804.0
59.57158833333333,-20.512875,2822.8249109597837,1902621.0,54.0,2024-12-09 13:54:02,516.3,9998,-2831.0
59.47744,-19.88658,2754.417112301059,1902621.0,55.0,2024-12-19 13:35:11,926.0,9998,-2765.0
59.641621666666666,-20.229675,2795.440228564099,1902621.0,56.0,2024-12-29 13:36:10,841.1,-1,-2792.0
59.36687,-20.923225,2853.169374195263,1902621.0,57.0,2025-01-08 14:17:15,1471.1,9998,-2867.0
59.474911666666664,-20.655365,2830.6660565185025,1902621.0,58.0,2025-01-18 14:27:06,694.4,9998,-2839.0
59.29383,-21.410743333333333,2878.5941764038016,1902621.0,59.0,2025-01-28 14:32:25,1891.4,9998,-2880.0
59.30699333333333,-22.175865,2745.6553752602354,1902621.0,60.0,2025-02-07 13:15:04,723.6,9998,-2749.0
59.07504,-22.56617,2751.573759620733,1902621.0,61.0,2025-02-17 13:36:31,1118.0,9998,-2773.0
59.363793333333334,-23.024546666666666,2530.427661059952,1902621.0,62.0,2025-02-27 11:18:37,766.8,-1,-2542.0
59.206286666666664,-22.853025,2636.1391575688726,1902621.0,63.0,2025-03-09 12:12:06,902.7,9998,-2641.0
59.43145833333333,-22.517533333333333,2571.516658729221,1902621.0,64.0,2025-03-19 11:35:05,957.2,9998,-2551.0
60.001133333333335,-22.675758333333334,2518.553289864471,1902621.0,65.0,2025-03-29 11:35:09,1012.3,9998,-2510.0
60.49244,-20.854106666666667,2551.7281520643382,1902621.0,66.0,2025-04-08 11:35:42,1337.8,9998,-2567.0
60.48699333333333,-21.649455,2533.135957382093,1902621.0,67.0,2025-04-18 11:35:42,1209.1,9998,-2522.0
60.08045833333333,-21.527993333333335,2740.595909695096,1902621.0,68.0,2025-04-28 13:21:43,1575.4,9998,-2743.0
60.65103666666667,-21.509765,2399.9691034575526,1902621.0,69.0,2025-05-08 09:52:34,1002.1,9998,-2425.0
60.30824166666667,-20.425046666666667,2649.5998778973717,1902621.0,70.0,2025-05-18 12:17:57,1175.4,9998,-2656.0
60.745581666666666,-18.333,2536.9986601728065,1902621.0,71.0,2025-05-28 11:25:17,2197.3,9998,-2528.0
60.692856666666664,-19.19746,2468.4961000859926,1902621.0,72.0,2025-06-07 10:46:30,756.4,9998,-2468.0
60.763395,-17.847863333333333,2531.1234364217453,1902621.0,73.0,2025-06-17 11:28:10,2309.8,9998,-2531.0
60.568035,-17.023223333333334,2559.541117286531,1902621.0,74.0,2025-06-27 11:30:30,1187.0,9998,-2546.0
61.054975,-17.09704,2477.235694329744,1902621.0,75.0,2025-07-07 10:28:29,1729.1,9998,-2459.0
61.0512,-18.3881,2479.1941103839854,1902621.0,76.0,2025-07-17 10:32:06,1510.5,9998,-2484.0
60.97187,-17.64052,2513.4663211341226,1902621.0,77.0,2025-07-27 10:55:09,2170.1,9998,-2507.0
61.56803,-17.104355,2394.9013018668625,1902621.0,78.0,2025-08-06 09:43:34,770.9,9998,-2387.0
61.59364333333333,-17.145336666666665,2384.1253125348153,1902621.0,79.0,2025-08-16 09:52:45,798.9,9998,-2387.0
60.990536666666664,-15.971973333333333,2472.353878814201,1902621.0,80.0,2025-08-26 10:34:45,538.9,9998,-2466.0
61.58076,-16.088848333333335,2360.6248875437163,1902621.0,81.0,2025-09-05 09:41:41,548.5,9998,-2350.0
61.44569166666667,-17.344933333333334,2403.736531045618,1902621.0,82.0,2025-09-15 10:05:40,827.1,9998,-2409.0
60.725208333333335,-15.703338333333333,2387.224781546038,1902621.0,83.0,2025-09-25 09:47:33,320.5,9998,-2355.0
61.11121333333333,-15.145818333333333,2273.529175436914,1902621.0,84.0,2025-10-05 08:42:02,335.2,9998,-2304.0
61.31854,-15.444776666666666,2225.4790605500616,1902621.0,85.0,2025-10-15 08:15:27,494.6,9998,-2230.0
61.31912333333333,-15.284571666666666,2198.0379156151344,1902621.0,86.0,2025-10-25 08:03:54,473.4,9998,-2256.0
-64.45489833333333,139.40248333333332,3438.3837851652347,1902662.0,1.0,2024-01-23 07:48:01,1369.7,9998,-3366.0
-64.20252,139.783,3506.6366571741028,1902662.0,2.0,2024-02-02 07:24:11,1364.6,9998,-3490.0
-64.47171666666667,140.604815,3445.1994767257265,1902662.0,3.0,2024-02-12 07:43:45,1207.8,9998,-3314.0
-64.34177,139.98242,3375.073940767519,1902662.0,4.0,2024-02-22 06:23:38,1804.1,9998,-3397.0
-64.100795,141.16906666666668,3642.0074173878515,1902662.0,5.0,2024-03-03 09:52:39,2970.3,-1,-3665.0
-64.30699,140.300125,3497.8441077046114,1902662.0,6.0,2024-03-13 08:27:14,2344.5,-1,-3457.0
-64.284825,139.86559333333332,3381.9097130544906,1902662.0,7.0,2024-03-23 06:36:48,1743.0,9998,-3431.0
-64.19805333333333,141.431045,3683.8339390454835,1902662.0,8.0,2024-04-02 09:54:03,3584.4,9998,-3676.0
-64.312565,142.7159,3565.040321509391,1902662.0,9.0,2024-04-12 08:14:35,2761.9,9998,-3606.0
-64.37627,143.78179666666668,3574.7609902944023,1902662.0,10.0,2024-04-22 08:35:12,2526.9,9998,-3500.0
-64.87017,145.46794166666666,3371.048152292488,1902662.0,19.0,2024-07-21 06:55:06,1753.5,9998,-3351.0
-63.23836,148.19423833333335,3864.0774537264183,1902662.0,33.0,2024-12-08 12:11:29,876.3,9998,-3860.0
-63.092193333333334,149.14798833333333,3850.5040057650276,1902662.0,34.0,2024-12-18 12:23:40,1657.1,9998,-3854.0
-63.22987,149.80087,3792.1036798878054,1902662.0,35.0,2024-12-28 11:04:38,1783.7,9998,-3801.0
-63.07856666666667,149.82819666666666,3808.6837085210745,1902662.0,36.0,2025-01-07 11:28:32,1835.2,9998,-3831.0
-62.82958333333333,150.29665166666666,3586.852897802017,1902662.0,37.0,2025-01-17 08:42:39,1468.7,9998,-3759.0
-62.89152,150.37223,3325.7199216616063,1902662.0,38.0,2025-01-27 06:38:39,1395.6,9998,-3781.0
-63.07974333333333,149.811835,3840.781723665916,1902662.0,39.0,2025-02-06 11:48:13,1856.3,9998,-3828.0
-63.299465,150.12350166666667,3788.1928432286963,1902662.0,40.0,2025-02-16 11:33:34,1582.4,9998,-3778.0
-63.303756666666665,151.29948833333333,3803.7562280873285,1902662.0,41.0,2025-02-26 11:38:31,1407.7,9998,-3361.0
-63.106321666666666,151.75857333333335,3295.443248094872,1902662.0,42.0,2025-03-08 06:12:36,1077.5,-1,-3376.0
-62.904595,151.55568,3408.566893839328,1902662.0,43.0,2025-03-18 07:14:06,1289.2,9998,-3482.0
-62.84363166666667,151.176185,3529.3909250004617,1902662.0,44.0,2025-03-28 08:43:39,1434.2,9998,-3542.0
-62.872425,151.16294833333333,3762.0448810842126,1902662.0,45.0,2025-04-07 11:22:08,1501.2,9998,-3718.0
-63.232823333333336,151.68903,3710.3718147284644,1902662.0,46.0,2025-04-17 10:34:38,1320.6,9998,-3301.0
-63.330635,152.42504,3619.822397425242,1902662.0,47.0,2025-04-27 09:10:39,1114.0,9998,-3474.0
-63.15589333333333,152.73945,3306.1559145138826,1902662.0,48.0,2025-05-07 06:16:28,769.5,9998,-3262.0
-62.96828,152.79992,3583.894417556451,1902662.0,49.0,2025-05-17 08:53:10,1283.6,-1,-3227.0
-62.65683,152.31781,3562.554289293188,1902662.0,50.0,2025-05-27 08:45:48,1655.4,-1,-3428.0
-61.52654666666667,150.95965333333334,3872.360051859962,1902662.0,52.0,2025-06-16 11:58:23,1988.8,-1,-3683.0
-60.01253166666667,149.77309166666666,3256.2428583955098,1902662.0,54.0,2025-07-06 04:40:34,4231.6,9998,-3378.0
-59.34043,149.37398,3170.5602929432316,1902662.0,55.0,2025-07-16 05:00:15,5277.4,9998,-3041.0
-58.75252166666667,149.15442166666668,3272.1827765366916,1902662.0,56.0,2025-07-26 05:51:11,7187.2,9998,-3306.0
-57.95957833333333,148.962115,2736.180050860448,1902662.0,57.0,2025-08-05 01:07:35,4587.2,9998,-2679.0
-57.65766833333333,149.20003333333332,3515.254656076223,1902662.0,58.0,2025-08-15 08:11:34,3451.1,9998,-3460.0
-58.29725666666667,149.80680666666666,3275.2317376666792,1902662.0,59.0,2025-08-25 05:22:13,2518.5,9998,-3119.0
-58.639118333333336,150.72759,3045.7888488112317,1902662.0,60.0,2025-09-04 03:41:02,1830.5,9998,-3021.0
-58.54023,151.65272,3197.115694627324,1902662.0,61.0,2025-09-14 04:53:42,1247.7,9998,-3157.0
-58.519378333333336,152.225995,2737.0313239429993,1902662.0,62.0,2025-09-24 00:44:39,1745.9,-1,-2704.0
-58.346575,153.375615,3088.823783089683,1902662.0,63.0,2025-10-04 04:22:09,4009.2,-1,-3177.0
-58.84413333333333,153.202865,3348.2298335284304,1902662.0,64.0,2025-10-14 06:04:28,3731.5,-1,-3318.0
-58.963343333333334,153.941105,3333.5702720036147,1902662.0,65.0,2025-10-24 07:30:37,4223.5,9998,-3391.0
42.44597,-52.06955,3445.886599302614,1902663.0,1.0,2024-08-06 23:12:02,2482.2,-1,-3428.0
42.947725,-52.451775,3162.482222846051,1902663.0,2.0,2024-08-16 19:37:08,1235.3,9998,-3130.0
43.23036,-52.68672,3306.9946468973485,1902663.0,3.0,2024-08-26 21:32:03,650.7,9998,-3237.0
43.257106666666665,-53.009773333333335,2881.723643961976,1902663.0,4.0,2024-09-05 16:53:57,226.0,9998,-2905.0
43.50936333333333,-53.230713333333334,2859.148959157206,1902663.0,5.0,2024-09-15 16:38:07,461.1,9998,-2824.0
43.47578,-53.31805,3055.7777448789034,1902663.0,6.0,2024-09-25 18:47:00,248.1,9998,-3120.0
43.632695,-54.20101833333333,3766.3869436878763,1902663.0,7.0,2024-10-06 01:53:53,624.0,-1,-3717.0
43.557401666666664,-54.23544166666667,3872.620092558774,1902663.0,8.0,2024-10-16 03:42:33,589.4,-1,-3887.0
43.57409,-54.53719,3869.691692589932,1902663.0,9.0,2024-10-26 03:40:27,634.7,-1,-3711.0
43.58114,-55.07293,3848.2567529351904,1902663.0,10.0,2024-11-05 03:32:10,71.2,9998,-3719.0
43.54841166666667,-55.405053333333335,3799.5504648770725,1902663.0,11.0,2024-11-15 02:35:35,490.8,9998,-3866.0
42.90829166666666,-55.94665333333333,3849.4694759679737,1902663.0,14.0,2024-12-15 03:05:07,1244.6,9998,-3849.0
43.09583333333333,-56.35530166666667,3528.630663100493,1902663.0,16.0,2025-01-03 23:10:16,1003.9,9998,-3543.0
43.25618166666667,-57.000703333333334,3860.062960666337,1902663.0,17.0,2025-01-14 03:00:40,981.3,9998,-3825.0
9.24133,-89.00133166666667,3472.3034781790925,2903880.0,1.0,2024-11-05 02:30:32,1462.7,-1,-3470.0
9.699796666666666,-89.141005,3498.66693442633,2903880.0,2.0,2024-11-14 16:32:39,2145.6,9998,-3486.0
10.210713333333333,-89.359205,3476.113117545166,2903880.0,3.0,2024-11-24 16:50:36,2897.2,-1,-3405.0
10.45985,-89.33362833333334,3489.7793997063077,2903880.0,4.0,2024-12-04 16:46:06,3062.0,9998,-3538.0
10.314771666666667,-89.29713166666667,3380.2161008962603,2903880.0,5.0,2024-12-14 15:08:48,2882.1,-1,-3407.0
9.889908333333333,-89.41484166666666,3491.799425868373,2903880.0,6.0,2024-12-24 16:17:30,2567.8,9998,-3511.0
9.487403333333333,-89.63186333333333,3533.899486127576,2903880.0,7.0,2025-01-03 16:44:37,1964.3,9998,-3600.0
9.285938333333334,-89.818405,3511.425790174269,2903880.0,8.0,2025-01-13 16:33:09,1520.4,9998,-3474.0
9.30487,-89.96358,3427.292597651237,2903880.0,9.0,2025-01-23 16:35:02,1584.5,9998,-3458.0
9.372323333333334,-90.02301666666666,3602.359792568194,2903880.0,10.0,2025-02-02 17:37:31,1871.8,9998,-3599.0
9.66762,-90.0,3570.062314610017,2903880.0,11.0,2025-02-12 17:14:35,2489.0,9998,-3542.0
9.387693333333333,-90.01965166666666,3542.7116504859277,2903880.0,12.0,2025-02-22 16:36:44,1879.9,9998,-3459.0
9.08471,-89.74519,3485.0362876096933,2903880.0,13.0,2025-03-04 16:27:39,948.8,-1,-3476.0
9.651261666666667,-89.31855,3464.4349099475976,2903880.0,14.0,2025-03-14 16:19:01,2129.5,9998,-3479.0
10.341345,-89.32414,3406.634706079447,2903880.0,15.0,2025-03-24 15:45:42,2928.8,-1,-3508.0
10.665813333333332,-89.55055166666666,3654.0216277749532,2903880.0,16.0,2025-04-03 18:21:38,3257.3,-1,-3712.0
10.625578333333333,-89.71847833333334,3799.6133829477844,2903880.0,17.0,2025-04-13 20:09:37,3512.3,9998,-3852.0
10.519971666666667,-90.08740166666666,3846.5070471983563,2903880.0,18.0,2025-04-23 20:34:37,3787.1,-1,-3827.0
10.559918333333334,-90.37816166666667,3825.993053522732,2903880.0,19.0,2025-05-03 20:35:38,3869.5,-1,-3777.0
10.942803333333334,-90.83640833333334,3770.2677648042436,2903880.0,20.0,2025-05-13 19:53:57,3233.7,9998,-3773.0
11.394945,-91.36674833333333,3686.180892835508,2903880.0,21.0,2025-05-23 18:19:37,1530.4,9998,-3768.0
11.521483333333334,-91.70512833333333,3698.8679294281546,2903880.0,22.0,2025-06-02 18:37:36,1015.8,9998,-3758.0
11.289268333333334,-92.14231333333333,3689.126458252048,2903880.0,23.0,2025-06-12 18:22:13,1504.1,-1,-3737.0
11.01342,-96.278785,3719.454573190735,2903880.0,37.0,2025-10-30 19:16:33,544.5,9998,-3778.0
42.53198833333333,-52.325498333333336,3652.6991429531136,2903881.0,2.0,2024-08-16 00:32:30,2325.2,-1,-3522.0
42.74617166666667,-52.43861666666667,3388.194223828961,2903881.0,3.0,2024-08-25 21:40:27,1734.7,9998,-3351.0
42.894805,-52.37977,3202.565050227639,2903881.0,4.0,2024-09-04 20:08:13,1267.7,9998,-3160.0
42.93771,-52.33574,3052.99567407264,2903881.0,5.0,2024-09-14 18:46:38,1076.4,9998,-3020.0
43.17026,-52.92344,3113.5460408092617,2903881.0,6.0,2024-09-24 18:49:19,601.3,9998,-3142.0
43.72524166666667,-53.520015,2889.427428562884,2903881.0,7.0,2024-10-04 16:52:26,206.6,-1,-2872.0
43.55590333333333,-53.349853333333336,3183.804316317009,2903881.0,8.0,2024-10-14 19:47:01,324.0,9998,-3166.0
43.89459,-54.05688,3253.072158545969,2903881.0,9.0,2024-10-24 20:24:55,553.7,9998,-3117.0
43.742578333333334,-54.219098333333335,3360.5463122933925,2903881.0,10.0,2024-11-03 21:29:55,586.3,9998,-3425.0
43.73527333333333,-54.13957,3635.7173509268796,2903881.0,13.0,2024-12-04 00:21:14,620.5,-1,-3751.0
43.68884833333333,-54.40806,3485.5053395758573,2903881.0,14.0,2024-12-13 23:14:30,590.1,-1,-3461.0
44.204135,-54.756231666666665,2886.3644830679086,2903881.0,15.0,2024-12-23 16:55:37,390.3,9998,-2798.0
44.327038333333334,-55.15119333333333,3306.660392010306,2903881.0,16.0,2025-01-02 21:00:55,887.2,9998,-3206.0
44.17583666666667,-55.942721666666664,2997.888351190379,2903881.0,17.0,2025-01-12 18:47:15,973.4,9998,-2974.0
44.12265,-56.17127,2886.3861742921463,2903881.0,18.0,2025-01-22 17:01:35,1046.7,9998,-2920.0
44.131915,-56.42939833333333,2828.6464346031426,2903881.0,19.0,2025-02-01 15:30:43,1247.1,9998,-2837.0
44.04568666666667,-56.6326,2865.8576991232794,2903881.0,20.0,2025-02-11 16:54:32,995.2,9998,-2728.0
43.99075666666667,-56.977788333333336,2872.7221191741014,2903881.0,21.0,2025-02-21 16:25:21,797.3,9998,-2772.0
43.91916666666667,-57.220146666666665,3076.1841946072973,2903881.0,22.0,2025-03-03 17:55:07,621.0,9998,-2795.0
43.912595,-57.146696666666664,2719.0562252191485,2903881.0,23.0,2025-03-13 14:19:08,432.0,9998,-2768.0
43.920855,-57.259301666666666,2843.382194027523,2903881.0,24.0,2025-03-23 16:33:55,633.2,9998,-3007.0
43.531661666666665,-57.309765,3566.536496026557,2903881.0,25.0,2025-04-02 23:16:01,1011.2,9998,-3475.0
43.46577,-57.65395,3635.807638313192,2903881.0,26.0,2025-04-13 00:31:31,782.7,9998,-3626.0
43.44488,-58.418735,3183.83688305577,2903881.0,27.0,2025-04-22 20:03:07,681.0,9998,-3237.0
42.89613,-59.17634833333334,3621.3691841843724,2903881.0,28.0,2025-05-03 00:16:32,859.2,9998,-3437.0
42.841516666666664,-59.73204666666667,3426.2386446823252,2903881.0,29.0,2025-05-12 21:59:35,557.5,9998,-3380.0
42.86854666666667,-59.52296166666667,3651.610929273346,2903881.0,30.0,2025-05-22 23:54:42,587.3,9998,-3707.0
41.779066666666665,-62.206995,3709.5100487655,2903881.0,35.0,2025-07-12 01:05:46,849.6,-1,-3641.0
41.66594,-62.63982,3554.4641977939855,2903881.0,36.0,2025-07-21 23:23:02,1107.9,-1,-3602.0
41.662371666666665,-62.78398333333333,3599.3437100778942,2903881.0,37.0,2025-07-31 23:46:38,1212.8,9998,-3608.0
41.599583333333335,-63.360495,3395.3859333067676,2903881.0,38.0,2025-08-10 22:04:37,1087.9,-1,-3383.0
41.50515166666667,-64.01025333333334,3364.167199627799,2903881.0,39.0,2025-08-20 21:32:08,1008.8,9998,-3373.0
49.91416,-45.229103333333335,3819.726486377952,2903929.0,8.0,2024-09-10 02:57:09,4780.6,9998,-3885.0
49.86583,-45.39351,3536.185856729369,2903929.0,9.0,2024-09-12 23:48:37,3624.3,9998,-3688.0
49.86479,-45.6296,3400.612668201522,2903929.0,10.0,2024-09-15 22:01:08,2726.3,9998,-3216.0
49.81581333333333,-45.757815,3467.9376346499507,2903929.0,11.0,2024-09-18 22:48:06,2300.8,9998,-3463.0
49.77798,-45.86448,3404.542122183127,2903929.0,12.0,2024-09-21 21:53:39,1896.8,9998,-3378.0
49.63414,-45.90068,3354.822799984817,2903929.0,13.0,2024-10-02 11:29:33,1142.1,9998,-3358.0
49.65445166666667,-46.087065,3244.5154075843316,2903929.0,14.0,2024-10-12 10:18:24,1083.5,9998,-3267.0
49.729153333333336,-46.03226,3293.3056779823946,2903929.0,15.0,2024-10-22 10:54:26,1401.2,9998,-3296.0
49.7724,-46.09788833333333,3258.1490622796778,2903929.0,16.0,2024-11-01 10:41:39,1386.6,9998,-3274.0
49.76604,-45.89040833333333,3365.5167258124106,2903929.0,17.0,2024-11-11 11:43:29,1791.3,9998,-3364.0
49.67291,-45.90191,3329.4368707712697,2903929.0,18.0,2024-11-21 11:17:37,1336.3,9998,-3348.0
49.621945,-45.785338333333335,3412.3955821803133,2903929.0,19.0,2024-12-01 11:51:46,1073.3,9998,-3456.0
49.41309833333333,-46.05321333333333,3214.3167955540703,2903929.0,20.0,2024-12-11 09:50:33,506.1,9998,-3245.0
49.431428333333336,-45.733441666666664,3119.5687950488677,2903929.0,21.0,2024-12-21 09:13:47,970.1,9998,-3141.0
49.48761666666667,-45.78586833333333,3226.989241343183,2903929.0,22.0,2024-12-31 10:04:00,357.6,9998,-3239.0
49.65161333333333,-45.829438333333336,3389.9460395041447,2903929.0,23.0,2025-01-10 11:28:00,1283.6,9998,-3333.0
49.592106666666666,-45.86828333333333,3362.6425242094588,2903929.0,24.0,2025-01-20 11:41:10,911.9,9998,-3420.0
49.53841,-45.956896666666665,3331.429647327295,2903929.0,25.0,2025-01-30 11:05:41,716.9,9998,-3338.0
49.468293333333335,-46.04674833333333,3265.073439414882,2903929.0,26.0,2025-02-09 10:36:07,571.5,9998,-3257.0
49.675021666666666,-45.60448,3498.2164127158144,2903929.0,27.0,2025-02-19 13:12:43,1759.4,9998,-3572.0
49.90656666666667,-45.810355,3371.328428894644,2903929.0,28.0,2025-03-01 11:36:38,2308.7,9998,-3304.0
50.07606166666667,-46.723546666666664,2958.1406388026808,2903929.0,29.0,2025-03-11 07:48:56,1612.5,9998,-2973.0
50.02963166666667,-47.12045833333333,2868.194539160928,2903929.0,30.0,2025-03-21 06:39:05,499.6,9998,-2868.0
50.001848333333335,-46.91545,2917.0970512479876,2903929.0,31.0,2025-03-31 07:21:07,1048.9,9998,-2895.0
49.30012,-46.47435333333333,2951.5058367125903,2903929.0,32.0,2025-04-10 07:52:54,411.7,9998,-3004.0
49.431396666666664,-44.834711666666664,2904.5361892295,2903929.0,33.0,2025-04-20 06:58:15,785.5,9998,-2956.0
48.28677666666667,-43.41975166666667,3051.4917160326963,2903929.0,34.0,2025-04-30 08:36:47,380.3,-1,-3058.0
47.44235,-43.04834,3347.6874189958435,2903929.0,35.0,2025-05-10 11:16:06,3382.6,-1,-3274.0
46.2999,-44.24321166666667,3822.940538176366,2903929.0,36.0,2025-05-20 16:39:44,2263.9,-1,-3644.0
45.67171166666667,-45.42147,3660.416412200146,2903929.0,37.0,2025-05-30 14:55:03,1155.0,9998,-3679.0
45.389428333333335,-46.074828333333336,3489.8370251551655,2903929.0,38.0,2025-06-09 13:07:31,494.8,9998,-3508.0
45.3917,-46.55402,3320.005835981434,2903929.0,39.0,2025-06-19 11:09:39,1504.1,-1,-3258.0
45.35955833333333,-46.65003,3181.320657969798,2903929.0,40.0,2025-06-29 09:49:15,1509.3,-1,-3250.0
44.95008,-46.2555,3516.3208329447666,2903929.0,41.0,2025-07-09 12:52:12,4888.4,9998,-3534.0
45.005965,-46.151775,3542.641765621379,2903929.0,42.0,2025-07-19 13:24:39,4513.6,9998,-3552.0
44.42387166666666,-45.95417666666667,3842.112659231457,2903929.0,43.0,2025-07-29 16:40:43,3909.1,-1,-3858.0
66.81279333333333,-5.7540016666666665,3364.749912757245,3902462.0,55.0,2023-12-10 14:11:34,392.4,9998,-3382.0
66.69300833333334,-5.429288333333333,3379.393218598604,3902462.0,56.0,2023-12-20 14:33:12,407.6,9998,-3315.0
66.56733,-5.32498,3288.784256033001,3902462.0,57.0,2023-12-30 14:06:41,471.6,9998,-3178.0
66.33539666666667,-5.854253333333333,3343.418650429969,3902462.0,58.0,2024-01-09 14:28:41,460.7,9998,-3353.0
65.99567333333333,-5.9155283333333335,3400.9897236716383,3902462.0,59.0,2024-01-19 14:47:10,219.5,9998,-3388.0
66.10565,-5.13836,3090.9075510311654,3902462.0,60.0,2024-01-29 11:26:42,458.9,9998,-2934.0
65.72804833333333,-4.9823916666666666,3097.8179355175494,3902462.0,61.0,2024-02-08 12:02:15,328.9,9998,-2837.0
65.14767333333333,-5.9708,2559.6413111134516,3902462.0,62.0,2024-02-18 07:34:38,27.8,9998,-2386.0
64.53587166666667,-6.487873333333333,2505.944205415057,3902462.0,63.0,2024-02-28 06:16:54,634.4,9998,-2294.0
63.94686,-6.46403,2743.6952749203883,3902462.0,64.0,2024-03-09 08:32:14,869.4,9998,-2847.0
63.79779666666667,-4.8659,2908.8485137863977,3902462.0,65.0,2024-03-19 10:22:18,683.1,9998,-2903.0
63.986178333333335,-3.98712,2987.9049148861563,3902462.0,66.0,2024-03-29 11:07:27,745.3,9998,-2969.0
64.10396,-3.5820133333333333,3067.9222911663614,3902462.0,67.0,2024-04-08 11:31:35,697.4,9998,-3049.0
64.44328333333333,-3.8878566666666665,3214.1876229775394,3902462.0,68.0,2024-04-18 12:55:32,509.1,9998,-3204.0
64.59393,-3.480898333333333,3207.3259116913964,3902462.0,69.0,2024-04-28 12:43:36,681.1,9998,-3203.0
64.90242,-4.48295,3205.304829492837,3902462.0,70.0,2024-05-08 12:58:43,215.2,9998,-3298.0
65.04064166666667,-3.187245,3220.8772928306107,3902462.0,71.0,2024-05-18 13:03:10,355.3,9998,-3177.0
65.19827833333333,-2.8101366666666667,3230.5932184309936,3902462.0,72.0,2024-05-28 12:58:39,373.2,9998,-3222.0
65.21331333333333,-2.344428333333333,3181.826878661092,3902462.0,73.0,2024-06-07 12:33:13,359.3,9998,-3234.0
65.16029166666667,-2.4856533333333335,3162.3304639164985,3902462.0,74.0,2024-06-17 12:38:30,386.6,9998,-3170.0
65.18733333333333,-2.7645666666666666,3227.6702318608955,3902462.0,75.0,2024-06-27 12:34:59,390.4,9998,-3225.0
65.21409666666666,-2.57278,3184.7527852187272,3902462.0,76.0,2024-07-07 12:39:35,366.5,9998,-3206.0
65.14883166666667,-2.6281416666666666,3194.520782438318,3902462.0,77.0,2024-07-17 12:52:36,414.6,9998,-3181.0
65.19937333333333,-2.62654,3194.509416365464,3902462.0,78.0,2024-07-27 13:00:25,382.9,9998,-3200.0
65.23632,-2.5676,3211.0807441131515,3902462.0,79.0,2024-08-06 12:39:39,356.9,9998,-3236.0
65.23632,-2.5676,3218.8824862158776,3902462.0,80.0,2024-08-16 13:04:41,357.8,9998,-3236.0
65.27304,-2.31459,3193.5175716780013,3902462.0,81.0,2024-08-26 12:51:07,335.5,9998,-3177.0
65.28839,-0.85766,3181.810100386434,3902462.0,82.0,2024-09-05 12:31:38,511.6,9998,-3037.0
65.31173833333334,-2.6572433333333336,3251.04452402864,3902462.0,83.0,2024-09-15 13:33:12,329.0,9998,-3271.0
65.27033833333333,-2.551048333333333,3215.9491820767444,3902462.0,84.0,2024-09-25 12:41:04,336.1,9998,-3271.0
65.48825,-2.391331666666667,3231.502733155767,3902462.0,85.0,2024-10-05 13:21:39,242.7,9998,-3263.0
65.63006,-2.08572,3264.62231518311,3902462.0,86.0,2024-10-15 13:42:25,446.5,9998,-3257.0
65.73243666666667,-2.1396183333333334,3289.9467045892156,3902462.0,87.0,2024-10-25 14:12:15,462.3,9998,-3287.0
65.67757333333333,-1.986875,3251.9366241857592,3902462.0,88.0,2024-11-04 13:36:46,465.6,9998,-3244.0
65.67982,-1.91495,3248.035992759033,3902462.0,89.0,2024-11-14 13:32:11,462.5,9998,-3242.0
65.63817666666667,-2.070585,3254.870569175474,3902462.0,90.0,2024-11-24 13:38:37,452.4,9998,-3262.0
65.65990166666667,-2.102586666666667,3266.565479801026,3902462.0,91.0,2024-12-04 13:54:10,449.1,9998,-3275.0
65.72379333333333,-1.9068900000000002,3263.6261322812056,3902462.0,92.0,2024-12-14 13:31:14,436.0,9998,-3258.0
65.92327,-1.66919,3359.1058789925864,3902462.0,93.0,2024-12-24 14:35:20,126.9,9998,-3357.0
65.75916833333333,-1.4098583333333332,3268.492914314317,3902462.0,94.0,2025-01-03 13:25:38,357.3,9998,-3268.0
65.52663,-1.21151,3161.273886502047,3902462.0,95.0,2025-01-13 12:11:18,575.8,9998,-3160.0
65.36808,-0.94624,3079.3558809243764,3902462.0,96.0,2025-01-23 12:18:38,470.3,9998,-3058.0
65.76999,-0.78602,3150.4906047409618,3902462.0,97.0,2025-02-02 12:39:05,856.7,9998,-3156.0
65.934955,-0.46657666666666664,3019.7043035630586,3902462.0,98.0,2025-02-12 11:01:55,1114.7,9998,-3047.0
65.96397833333333,-0.3349316666666667,3065.567345359076,3902462.0,99.0,2025-02-22 11:34:09,1112.7,9998,-3120.0
66.15821,0.08869,3075.2845506263266,3902462.0,100.0,2025-03-04 12:19:37,935.4,9998,-3125.0
66.155945,0.4809733333333333,3091.872629673014,3902462.0,101.0,2025-03-14 11:59:41,474.9,9998,-3071.0
66.30635333333333,0.70326,3165.0057488553375,3902462.0,102.0,2025-03-24 12:52:45,188.9,9998,-3111.0
66.363775,0.6287866666666667,3198.153254392171,3902462.0,103.0,2025-04-03 12:56:29,161.6,9998,-3193.0
66.384855,0.524035,3145.480763337838,3902462.0,104.0,2025-04-13 12:48:37,214.4,9998,-3101.0
66.45712333333333,0.7123933333333333,3179.603259655747,3902462.0,105.0,2025-04-23 13:00:25,276.3,9998,-3149.0
66.43145,0.17933,3170.8309631680677,3902462.0,106.0,2025-05-03 12:26:40,762.0,9998,-3138.0
66.38470833333334,0.05535166666666667,3134.7505882650426,3902462.0,107.0,2025-05-08 12:20:53,976.6,9998,-3077.0
66.50850166666666,0.05282666666666667,3161.06094368985,3902462.0,108.0,2025-05-13 12:40:34,896.1,9998,-3190.0
66.51146,0.26984,3176.6656961056315,3902462.0,109.0,2025-05-18 12:20:59,558.4,9998,-3155.0
66.49839333333334,0.4583083333333333,3185.4460466595456,3902462.0,110.0,2025-05-20 12:41:13,303.5,9998,-3190.0
66.51105,0.44972,3227.3755938628847,3902462.0,111.0,2025-05-22 13:14:14,321.7,9998,-3181.0
66.54397,0.45043,3222.4930007852804,3902462.0,112.0,2025-05-23 19:34:45,340.7,9998,-3161.0
66.54397,0.45043,3201.039854697984,3902462.0,113.0,2025-05-25 02:40:15,338.5,9998,-3161.0
73.88949,-9.99302,3053.395643110264,3902463.0,56.0,2023-12-08 03:17:12,303.9,9998,-3085.0
73.26197,-8.86913,3045.687900022514,3902463.0,61.0,2024-01-27 02:49:33,334.8,9998,-3070.0
73.31654,-8.39495,3071.0406250940955,3902463.0,62.0,2024-02-06 03:00:07,285.9,9998,-3074.0
73.28256,-8.37676,3073.9720388149217,3902463.0,63.0,2024-02-16 03:14:01,216.5,9998,-3070.0
73.239415,-7.012275,3038.8628612145894,3902463.0,64.0,2024-02-26 03:10:11,111.5,9998,-3042.0
73.32025,-7.38834,3022.265927892965,3902463.0,65.0,2024-03-07 05:43:20,149.9,-1,-3205.0
73.38512,-5.64825,3111.0164458142576,3902463.0,66.0,2024-03-17 03:18:54,145.1,9998,-2989.0
73.46879333333334,-6.930623333333333,3130.506165061655,3902463.0,67.0,2024-03-27 03:16:08,225.7,9998,-3065.0
73.49263,-7.96961,3011.507899722594,3902463.0,68.0,2024-04-06 02:48:39,258.4,9998,-3195.0
73.32448,-9.03107,3047.6291768638207,3902463.0,69.0,2024-04-16 02:57:09,464.0,9998,-3042.0
73.56347,-11.509323333333333,2875.842640964271,3902463.0,72.0,2024-05-16 01:38:17,281.2,9998,-2845.0
73.50338833333333,-10.402753333333333,2941.249525218939,3902463.0,73.0,2024-05-26 02:51:24,198.7,9998,-2962.0
73.65502,-9.33672,2933.419529432543,3902463.0,74.0,2024-06-05 02:30:16,104.4,9998,-2946.0
73.46278,-8.46849,3062.2394173769035,3902463.0,75.0,2024-06-15 02:52:47,415.4,9998,-3053.0
73.59479,-8.0224,3234.7964822326585,3902463.0,76.0,2024-06-25 04:14:01,257.7,9998,-3219.0
73.43379,-8.32565,3195.8337389967096,3902463.0,77.0,2024-07-05 04:08:29,378.1,9998,-3116.0
73.39377,-6.53404,2875.8672301237616,3902463.0,78.0,2024-07-15 01:42:21,167.3,9998,-2924.0
73.37808833333334,-6.3308116666666665,2852.4383508281726,3902463.0,79.0,2024-07-25 01:14:55,151.8,9998,-2803.0
73.253455,-5.837571666666666,3014.471304420795,3902463.0,80.0,2024-08-04 02:57:07,98.4,9998,-3022.0
73.02409,-5.163401666666667,2862.2534505828676,3902463.0,81.0,2024-08-14 01:25:44,116.7,9998,-2785.0
72.90599,-5.24962,2684.5058457531113,3902463.0,82.0,2024-08-24 00:32:32,172.3,-1,-2669.0
72.93369,-5.50401,2686.4562409625146,3902463.0,83.0,2024-09-03 00:35:40,178.7,-1,-2688.0
72.92351,-4.52039,2811.4932452803814,3902463.0,84.0,2024-09-13 01:22:53,100.0,9998,-2182.0
73.04002,-5.597863333333334,2658.1032216307703,3902463.0,85.0,2024-09-23 00:22:13,85.5,9998,-2685.0
73.05306,-5.29462,2916.916403891921,3902463.0,86.0,2024-10-03 01:52:57,84.0,9998,-2732.0
73.05619,-5.17216,2776.315241041957,3902463.0,87.0,2024-10-13 01:07:57,92.1,9998,-2774.0
73.05619,-5.17216,2860.296057686641,3902463.0,88.0,2024-10-23 01:25:31,94.9,9998,-2774.0
72.94627,-5.01739,2752.8885584722075,3902463.0,89.0,2024-11-02 00:44:00,134.2,9998,-2628.0
72.77081,-4.72346,2846.6691416453136,3902463.0,90.0,2024-11-12 01:23:47,79.5,9998,-2852.0
72.892,-4.38936,2639.55499063698,3902463.0,91.0,2024-11-22 00:16:58,75.1,9998,-2538.0
72.83622,-4.86451,3024.2924306598584,3902463.0,92.0,2024-12-02 02:45:04,115.3,9998,-3013.0
72.72027,-4.95406,2836.912347126695,3902463.0,93.0,2024-12-12 01:17:10,108.7,9998,-2803.0
72.57314,-4.91272,2904.299736154587,3902463.0,94.0,2024-12-22 01:56:31,170.3,9998,-2865.0
72.4658,-4.64508,2767.6101364161323,3902463.0,95.0,2025-01-01 01:08:18,394.4,-1,-2768.0
72.44703,-3.92475,2844.7648669696414,3902463.0,96.0,2025-01-11 01:24:44,459.2,9998,-2660.0
72.22732,-3.52506,2629.873769729053,3902463.0,97.0,2025-01-21 00:16:58,1050.3,9998,-2714.0
72.31725333333333,-3.2804083333333334,2794.980377049653,3902463.0,98.0,2025-01-31 00:55:39,894.7,9998,-2649.0
72.41038,-1.66028,2678.71277603448,3902463.0,99.0,2025-02-10 00:22:00,809.5,9998,-2662.0
72.52467,-1.55138,2421.545338756653,3902463.0,100.0,2025-02-19 22:10:54,643.4,9998,-2341.0
72.71219,-0.36186,3270.0282247629348,3902463.0,101.0,2025-03-02 04:07:15,998.1,9998,-3051.0
72.87074,0.0,2918.8961019836397,3902463.0,102.0,2025-03-12 01:57:26,639.0,9998,-2964.0
72.93797,0.73296,2528.103808079892,3902463.0,103.0,2025-03-21 23:39:30,663.6,9998,-2800.0
72.9037,0.7314,2183.632188718882,3902463.0,104.0,2025-03-31 21:22:24,616.9,9998,-2314.0
72.92697,5.74703,2738.238477623004,3902463.0,105.0,2025-04-11 00:44:17,1188.1,9998,-2075.0
73.15264,2.34991,2105.237788450261,3902463.0,106.0,2025-04-20 20:52:42,581.3,9998,-2624.0
73.07748666666667,3.5283083333333334,2581.8596616696354,3902463.0,107.0,2025-04-30 23:28:41,783.6,9998,-2591.0
73.015335,4.508795,1998.4313982009319,3902463.0,108.0,2025-05-10 21:04:06,345.3,9998,-2053.0
72.80356,6.07246,2185.602399616874,3902463.0,109.0,2025-05-20 21:00:11,832.3,9998,-2371.0
72.87845,3.28785,2209.098291043852,3902463.0,110.0,2025-05-22 21:15:12,631.5,9998,-1848.0
72.82525,3.76563,2189.5175199363002,3902463.0,111.0,2025-05-23 20:58:06,547.7,9998,-2187.0
72.87223,3.65222,2161.108052912094,3902463.0,112.0,2025-05-24 21:05:20,568.0,9998,-1529.0
72.81632833333333,3.96469,1796.4209613588903,3902463.0,113.0,2025-05-25 18:41:43,448.3,9998,-2080.0
72.82245166666667,4.082138333333333,2994.048658351405,3902463.0,114.0,2025-05-27 02:34:45,720.1,9998,-3016.0
72.85479,4.0163,2918.8985246118195,3902463.0,115.0,2025-05-28 01:58:00,666.3,9998,-2100.0
70.66125666666667,5.310773333333334,3168.0381253389887,3902464.0,55.0,2023-12-05 18:54:27,368.5,9998,-3158.0
70.78076166666666,5.037873333333334,3143.638064026356,3902464.0,56.0,2023-12-15 18:47:11,314.5,9998,-3152.0
70.79529,5.01692,3149.486466903568,3902464.0,57.0,2023-12-25 18:36:31,311.4,9998,-3155.0
70.64986833333333,6.375026666666667,3100.749096864194,3902464.0,58.0,2024-01-04 17:19:12,361.2,9998,-3102.0
69.29335166666667,1.204115,3190.7232830039147,3902464.0,64.0,2024-03-04 20:03:06,1810.9,9998,-3176.0
68.89677,2.19112,3180.0750123859134,3902464.0,65.0,2024-03-14 18:46:34,219.1,9998,-3165.0
70.573085,0.39436333333333334,3188.5301656181173,3902464.0,72.0,2024-05-23 19:29:45,963.8,-1,-2977.0
70.16216,-1.2996816666666666,3177.8813014409643,3902464.0,74.0,2024-06-13 00:31:00,983.6,9998,-3065.0
68.65697666666667,3.688938333333333,3072.8299226332892,3902464.0,78.0,2024-07-22 17:21:07,413.5,9998,-3077.0
68.795915,5.541846666666666,3187.8959345848507,3902464.0,84.0,2024-09-20 19:16:00,1269.0,9998,-3188.0
68.89342666666667,7.166311666666667,3081.5649581611674,3902464.0,85.0,2024-09-30 17:20:56,559.7,9998,-3076.0
69.21119,8.248638333333334,3081.504548648098,3902464.0,86.0,2024-10-10 17:36:30,1091.8,9998,-3066.0
69.72057333333333,7.26788,3149.685310542896,3902464.0,87.0,2024-10-20 18:15:12,789.3,9998,-3109.0
69.90818666666667,6.206565,3175.978988978298,3902464.0,88.0,2024-10-30 18:59:16,370.2,9998,-3195.0
70.73742,5.44033,3147.5466113266675,3902464.0,91.0,2024-11-29 18:41:34,365.6,9998,-3150.0
71.06656,4.64439,3118.2309222662675,3902464.0,92.0,2024-12-09 18:25:44,190.6,9998,-3125.0
71.13337,2.836555,3167.9526604515513,3902464.0,93.0,2024-12-19 18:30:48,814.8,9998,-3169.0
70.94256,0.43904,3050.9475915229095,3902464.0,94.0,2024-12-29 17:25:45,1075.6,9998,-2969.0
69.72469666666667,-1.2590816666666667,2930.1497698588964,3902464.0,96.0,2025-01-18 15:42:27,729.7,9998,-2856.0
69.018905,0.05369833333333333,2996.6502324779403,3902464.0,97.0,2025-01-28 16:42:42,478.1,9998,-2953.0
68.75841,1.38512,3008.4099265697237,3902464.0,98.0,2025-02-07 16:57:32,1532.4,9998,-2996.0
68.61145666666667,1.6923383333333333,2918.634559152028,3902464.0,99.0,2025-02-17 15:19:32,1615.4,9998,-2914.0
68.637685,1.7456133333333335,2902.0316872864178,3902464.0,100.0,2025-02-27 15:56:41,1563.9,9998,-2921.0
68.638205,0.8495633333333333,2642.155013632495,3902464.0,101.0,2025-03-09 13:15:17,1344.8,9998,-2600.0
68.36343833333333,0.412985,2858.1388792295384,3902464.0,102.0,2025-03-19 15:24:08,1339.9,9998,-2859.0
68.43321666666667,-0.7151983333333334,3148.9599106693,3902464.0,103.0,2025-03-29 19:14:47,1879.3,9998,-3578.0
-63.98887333333333,131.86857666666666,3096.2490381507578,3902566.0,1.0,2024-01-28 03:24:06,1422.0,9998,-3184.0
-64.24882833333334,130.84073833333332,3212.2820924262696,3902566.0,2.0,2024-02-07 02:22:34,927.1,9998,-3162.0
-63.829458333333335,129.92027333333334,3581.71880299499,3902566.0,3.0,2024-02-17 07:48:06,1125.1,9998,-3266.0
-63.784663333333334,130.14773,3849.3345153651685,3902566.0,4.0,2024-02-27 11:10:29,1622.9,-1,-3512.0
-63.950248333333334,130.87891666666667,3263.0625076035876,3902566.0,5.0,2024-03-08 04:42:55,2042.0,9998,-3161.0
-64.208305,129.60929666666667,3083.513684930346,3902566.0,6.0,2024-03-18 02:49:55,1098.1,9998,-3023.0
-64.1863,129.15632833333333,3035.6952938863597,3902566.0,7.0,2024-03-28 02:47:10,824.4,-1,-2947.0
-64.32775,128.49182,2957.5636333064704,3902566.0,8.0,2024-04-07 02:12:27,493.2,9998,-2864.0
-64.512265,127.51383,2814.9202776634475,3902566.0,9.0,2024-04-17 00:22:05,247.1,-1,-2940.0
-64.29606833333334,127.47162666666667,3685.7542451806758,3902566.0,13.0,2024-05-27 08:55:45,447.7,9998,-3580.0
44.45525166666667,-21.75268,3585.7401270692862,3902590.0,33.0,2025-04-22 01:27:46,739.2,-1,-3644.0
44.22307,-21.69911,3388.7095170764214,3902590.0,34.0,2025-05-01 23:36:06,868.4,-1,-3303.0
43.93234,-21.43117,3241.338380528318,3902590.0,35.0,2025-05-11 21:43:08,987.3,9998,-3319.0
43.80655333333333,-21.212906666666665,3690.2957825837566,3902590.0,36.0,2025-05-22 02:47:38,1171.0,9998,-3654.0
43.81978,-21.33034,3290.2119586764425,3902590.0,37.0,2025-05-31 23:13:36,1009.0,9998,-3301.0
43.77135833333333,-21.425933333333333,2944.203538102954,3902590.0,38.0,2025-06-10 19:23:17,834.0,9998,-2892.0
43.799838333333334,-21.369883333333334,3140.733198687211,3902590.0,39.0,2025-06-20 21:05:54,932.1,9998,-3026.0
43.727918333333335,-21.27903166666667,3211.11297785422,3902590.0,40.0,2025-06-30 22:08:08,983.5,9998,-3176.0
43.533161666666665,-21.164608333333334,2668.222959817446,3902590.0,41.0,2025-07-10 17:12:03,759.4,9998,-2670.0
43.34941166666667,-20.884171666666667,2829.829253247289,3902590.0,42.0,2025-07-20 18:50:02,802.3,9998,-2671.0
43.09014333333333,-20.549896666666665,2764.3061485266253,3902590.0,43.0,2025-07-30 16:51:01,696.3,9998,-2823.0
43.00287,-20.766656666666666,3087.198509705346,3902590.0,44.0,2025-08-09 20:27:45,832.2,9998,-3264.0
43.284135,-21.211098333333332,3637.818872383277,3902590.0,47.0,2025-09-09 02:14:47,929.4,9998,-3655.0
43.377026666666666,-21.257725,3039.1827073064173,3902590.0,48.0,2025-09-18 20:10:38,774.6,9998,-3301.0
43.19739,-21.039745,3303.0979621182732,3902590.0,49.0,2025-09-28 23:58:10,804.4,9998,-3684.0
43.747411666666665,-38.821886666666664,3558.6616708228257,3902608.0,38.0,2025-05-20 07:38:30,844.5,-1,-3624.0
43.752055,-38.85075166666667,3523.5391215258433,3902608.0,39.0,2025-05-30 06:45:31,800.6,-1,-3625.0
-15.021818333333334,-8.997643333333333,2905.507024871272,3902625.0,12.0,2025-08-21 17:44:43,758.5,9998,-3026.0
-14.52441,-9.62718,3104.5424761228787,3902625.0,16.0,2025-09-30 19:37:23,526.7,-1,-3232.0
-14.689106666666667,-9.910311666666667,3361.0493002312683,3902625.0,18.0,2025-10-21 02:52:44,514.7,9998,-3297.0
-14.836451666666667,-9.897936666666666,3313.0729402334628,3902625.0,19.0,2025-10-30 22:45:04,533.8,-1,-3381.0
-71.849915,174.65965833333334,1985.8107379567805,3902663.0,1.0,2025-02-24 17:27:58,257.7,9998,-2010.0
-71.726575,174.88130833333332,2103.4377072653647,3902663.0,2.0,2025-03-06 18:10:10,281.7,9998,-2129.0
-71.70521,174.97093,2145.5692985175856,3902663.0,3.0,2025-03-16 18:36:20,243.0,9998,-2133.0
-71.79087166666666,174.68568666666667,2044.6318329958603,3902663.0,4.0,2025-03-26 18:04:04,327.4,9998,-2065.0
-71.77356333333333,174.74996166666668,2064.235076687596,3902663.0,5.0,2025-04-05 17:39:08,329.7,9998,-2079.0
29.308273333333332,-16.494141666666668,3753.5312756300373,4903712.0,12.0,2024-03-30 21:13:15,397.6,9998,-3761.0
29.233401666666666,-15.978953333333333,3653.9888683244626,4903712.0,13.0,2024-04-09 20:26:33,443.1,9998,-3663.0
29.11526,-15.65175,3637.4241566400497,4903712.0,14.0,2024-04-19 16:58:37,165.5,9998,-3643.0
29.04469,-15.56151,3632.5620571329505,4903712.0,15.0,2024-04-29 17:17:37,95.1,9998,-3620.0
29.059293333333333,-15.643605,3634.510796528559,4903712.0,16.0,2024-05-09 19:44:16,200.6,9998,-3641.0
28.90213,-15.65805,3624.7906836119564,4903712.0,17.0,2024-05-19 20:09:37,613.0,9998,-3608.0
28.773468333333334,-15.755776666666666,3620.920952356549,4903712.0,18.0,2024-05-29 18:14:37,1226.7,9998,-3619.0
28.47023,-15.60288,3538.960987845417,4903712.0,19.0,2024-06-08 14:59:30,1197.8,9998,-3515.0
28.37515,-14.9472,3305.3805376338373,4903712.0,20.0,2024-06-18 17:05:45,316.7,9998,-2941.0
28.684095,-14.996688333333333,3567.2304341891304,4903712.0,21.0,2024-06-28 17:57:59,370.9,9998,-3571.0
28.72888,-15.175238333333333,3594.565716900225,4903712.0,22.0,2024-07-08 18:51:03,554.1,9998,-3600.0
28.845273333333335,-15.228735,3606.252462819411,4903712.0,23.0,2024-07-18 17:10:34,634.7,9998,-3581.0
29.128928333333334,-14.885868333333333,3578.8271344117347,4903712.0,24.0,2024-07-28 18:32:27,716.0,9998,-3581.0
29.417058333333333,-14.55391,3495.7144247347373,4903712.0,25.0,2024-08-07 16:07:09,654.8,9998,-3508.0
29.538,-14.39678,3444.8703086090636,4903712.0,26.0,2024-08-17 17:53:02,569.1,9998,-3446.0
29.63656,-14.430476666666667,3437.0254192928187,4903712.0,27.0,2024-08-27 14:58:27,560.4,9998,-3424.0
29.74619,-14.59824,3456.5398692477675,4903712.0,28.0,2024-09-06 15:50:46,374.5,9998,-3501.0
29.970601666666667,-14.882723333333333,3329.4111731434004,4903712.0,29.0,2024-09-16 13:06:36,253.2,9998,-3325.0
30.357775,-14.963561666666667,3181.6271401716053,4903712.0,30.0,2024-09-26 12:13:26,176.2,9998,-3186.0
30.26467166666667,-14.547263333333333,2903.6215793732194,4903712.0,31.0,2024-10-06 10:01:15,276.2,9998,-2920.0
29.87286,-14.433505,3396.8899906075376,4903712.0,32.0,2024-10-16 13:57:45,515.9,9998,-3393.0
29.56941,-14.39678,3438.020967056709,4903712.0,33.0,2024-10-26 15:26:08,566.3,9998,-3436.0
29.506405,-14.414936666666666,3444.87891269724,4903712.0,34.0,2024-11-05 15:10:47,587.0,9998,-3455.0
29.600426666666667,-14.39172,3430.194248710348,4903712.0,35.0,2024-11-15 14:48:30,559.4,9998,-3409.0
29.67728333333333,-14.351988333333333,3418.445492461164,4903712.0,36.0,2024-11-25 15:59:27,544.1,9998,-3411.0
29.72946,-14.41734,3384.221643598812,4903712.0,37.0,2024-12-05 17:45:50,537.7,9998,-3372.0
30.03608,-14.29791,3252.1407078795623,4903712.0,38.0,2024-12-15 13:25:36,611.4,9998,-3249.0
30.329793333333335,-14.109378333333334,2960.415503340837,4903712.0,39.0,2024-12-25 12:29:12,560.0,9998,-2928.0
30.359625,-13.87887,2895.7625470326484,4903712.0,40.0,2025-01-04 09:55:15,218.0,9998,-2864.0
30.320748333333334,-13.582555,1076.7578380722423,4903712.0,41.0,2025-01-13 18:19:09,202.4,9998,-1186.0
30.086445,-13.49246,2768.4342888741853,4903712.0,42.0,2025-01-24 11:29:31,362.7,9998,-2779.0
29.563341666666666,-13.419,1377.9689999169657,4903712.0,43.0,2025-02-02 21:55:39,211.9,9998,-1302.0
29.402228333333333,-14.120571666666667,3367.6907840426547,4903712.0,44.0,2025-02-13 16:04:57,197.5,9998,-3372.0
29.322961666666668,-14.528808333333334,3493.7862686506674,4903712.0,45.0,2025-02-23 16:58:03,666.0,9998,-3496.0
29.367265,-14.640761666666666,3516.2448252410923,4903712.0,46.0,2025-03-05 15:54:29,662.4,9998,-3521.0
29.49253,-14.68685,3510.348418224934,4903712.0,47.0,2025-03-15 15:16:37,512.4,9998,-3511.0
29.40046,-14.45613,3464.451906350395,4903712.0,48.0,2025-03-25 14:27:38,612.8,9998,-3468.0
29.089511666666667,-14.282493333333333,3354.0864616066883,4903712.0,49.0,2025-04-04 16:55:35,281.4,9998,-3352.0
28.91593,-14.26519,3012.651737302032,4903712.0,50.0,2025-04-14 12:28:05,227.7,9998,-3016.0
28.67454,-14.57263,3276.942234874485,4903712.0,51.0,2025-04-24 13:09:13,187.1,9998,-3315.0
28.609765,-14.874063333333334,3514.4989853622988,4903712.0,52.0,2025-05-04 17:43:13,58.1,9998,-3481.0
28.591341666666665,-15.087496666666667,3543.8122729800757,4903712.0,53.0,2025-05-14 15:50:04,348.7,9998,-3554.0
28.525703333333333,-15.306138333333333,3529.1765549222023,4903712.0,54.0,2025-05-24 16:28:38,967.4,9998,-3524.0
28.56226,-15.420128333333333,3563.3569864703654,4903712.0,55.0,2025-06-03 16:35:09,1006.7,9998,-3568.0
28.546656666666667,-15.4404,3535.0324303145876,4903712.0,56.0,2025-06-13 15:35:08,1056.2,9998,-3559.0
28.40474,-15.4481,3349.3762971021683,4903712.0,57.0,2025-06-23 17:30:43,1480.6,9998,-3340.0
28.296321666666667,-15.743081666666667,2847.2380381080443,4903712.0,58.0,2025-07-03 10:32:54,650.3,9998,-2968.0
28.10675,-16.220948333333332,2050.034749099874,4903712.0,59.0,2025-07-13 03:42:42,1649.1,9998,-1968.0
27.611658333333335,-16.523638333333334,3518.67602173109,4903712.0,60.0,2025-07-23 14:54:13,2063.9,9998,-3530.0
27.19839,-16.63347,3581.310703697757,4903712.0,61.0,2025-08-02 16:43:13,892.9,-1,-3606.0
26.794576666666668,-16.638026666666665,3612.675417925854,4903712.0,62.0,2025-08-12 18:03:12,1672.5,9998,-3614.0
26.474611666666668,-16.83168,3629.364622935621,4903712.0,63.0,2025-08-22 19:29:43,1028.4,-1,-3647.0
26.09995,-16.96745,3548.3844161871434,4903712.0,64.0,2025-09-01 15:52:30,1034.7,9998,-3571.0
25.78091,-17.047,3419.456145775178,4903712.0,65.0,2025-09-11 15:43:03,1842.5,9998,-3391.0
25.918571666666665,-16.963193333333333,3463.4109342634265,4903712.0,66.0,2025-09-21 14:29:39,1672.8,9998,-3449.0
26.15087,-16.81428,3560.09541379988,4903712.0,67.0,2025-10-01 16:40:19,772.9,9998,-3525.0
26.315591666666666,-16.736388333333334,3606.9424372997973,4903712.0,68.0,2025-10-11 19:02:11,495.3,9998,-3596.0
26.51603,-16.61846,3602.005512899203,4903712.0,69.0,2025-10-21 15:54:40,1253.0,9998,-3584.0
42.33951,-52.09095,3770.733976853818,4903763.0,1.0,2024-08-07 01:43:39,2781.0,-1,-3556.0
42.82944833333333,-52.39968,3242.644650582173,4903763.0,2.0,2024-08-16 20:24:27,1419.4,9998,-3193.0
42.987015,-52.439218333333336,3089.1583492424243,4903763.0,3.0,2024-08-26 18:59:00,1113.1,9998,-3067.0
43.017635,-52.28358166666667,2872.9796856932953,4903763.0,4.0,2024-09-05 16:52:41,831.1,9998,-2802.0
43.035001666666666,-52.21133833333333,2697.7299327159953,4903763.0,5.0,2024-09-15 15:27:28,690.0,9998,-2881.0
43.18601,-52.15524,2645.777734998329,4903763.0,6.0,2024-09-25 14:19:34,528.4,9998,-2105.0
43.25561,-52.27273,2327.1448411053343,4903763.0,7.0,2024-10-05 09:49:01,550.1,9998,-2426.0
43.227666666666664,-52.311978333333336,2370.314222567755,4903763.0,8.0,2024-10-15 08:43:37,600.3,9998,-2507.0
43.68496666666667,-53.71083333333333,3350.8000410009918,4903763.0,10.0,2024-11-04 21:08:05,257.0,-1,-3359.0
43.89445166666667,-54.249401666666664,3185.6592795698707,4903763.0,11.0,2024-11-14 19:54:54,500.6,9998,-3062.0
43.958573333333334,-54.95517666666667,3435.646680066263,4903763.0,12.0,2024-11-24 21:56:02,359.7,9998,-3495.0
43.813561666666665,-55.20612666666667,3760.4765671665423,4903763.0,13.0,2024-12-05 01:44:09,638.9,9998,-3768.0
43.750863333333335,-55.40932333333333,3525.490823458774,4903763.0,14.0,2024-12-14 23:12:27,655.0,9998,-3542.0
43.85399,-55.28687333333333,3338.0540376238687,4903763.0,15.0,2024-12-24 21:09:42,627.1,9998,-3371.0
44.16644,-55.006295,3069.2706512649106,4903763.0,16.0,2025-01-03 18:49:43,451.8,9998,-3124.0
44.31266,-55.636556666666664,2936.230905902733,4903763.0,17.0,2025-01-13 17:13:14,1196.1,9998,-2741.0
44.28127333333333,-55.90087333333334,2812.9474750563613,4903763.0,18.0,2025-01-23 16:27:13,1283.8,9998,-2784.0
44.32283,-55.92036,2754.201879339204,4903763.0,19.0,2025-02-02 16:17:43,1407.7,9998,-2689.0
44.02423666666667,-56.217036666666665,3020.4225717594754,4903763.0,20.0,2025-02-12 18:22:13,646.6,9998,-2772.0
43.94307666666667,-56.938046666666665,2976.435983527158,4903763.0,22.0,2025-03-04 18:42:27,543.8,9998,-2868.0
44.094696666666664,-56.963278333333335,2614.208055176438,4903763.0,23.0,2025-03-14 13:28:06,1143.6,9998,-2640.0
44.074945,-56.96378166666667,2742.515709078095,4903763.0,24.0,2025-03-24 15:16:37,1124.9,9998,-2669.0
43.92974,-57.32927,3063.471570749918,4903763.0,25.0,2025-04-03 17:52:42,840.7,9998,-3017.0
43.67497,-58.45752,2686.7976755599598,4903763.0,27.0,2025-04-23 14:28:06,1419.2,9998,-2404.0
43.509791666666665,-58.64048833333333,3054.7904024530885,4903763.0,28.0,2025-05-03 17:29:09,1295.4,9998,-2930.0
43.54107666666667,-58.55126833333333,2917.8513520434867,4903763.0,29.0,2025-05-13 18:07:56,1178.6,9998,-3010.0
43.388016666666665,-58.69900166666667,3124.236034082659,4903763.0,30.0,2025-05-23 19:13:14,1000.2,9998,-3066.0
43.21470333333333,-59.24234833333333,2949.2459388882066,4903763.0,31.0,2025-06-02 17:24:57,907.5,9998,-3087.0
43.02982,-59.45728,3512.064495050891,4903763.0,32.0,2025-06-12 22:32:59,770.1,9998,-3276.0
42.874485,-59.26136,3719.860777504977,4903763.0,33.0,2025-06-23 00:55:15,801.6,9998,-3693.0
42.70110833333333,-60.010286666666666,3706.2711911002402,4903763.0,34.0,2025-07-03 01:07:02,521.2,9998,-3826.0
42.50539333333333,-60.66934333333333,3525.895023421129,4903763.0,35.0,2025-07-12 22:59:43,517.9,9998,-3696.0
42.45366,-61.077845,3518.1054903910544,4903763.0,36.0,2025-07-22 23:22:38,753.9,9998,-3535.0
42.22629666666667,-61.64322333333333,3316.0906624740464,4903763.0,37.0,2025-08-01 21:15:12,850.3,9998,-3442.0
41.753785,-62.73298166666667,3311.350542779666,4903763.0,38.0,2025-08-11 21:09:38,1181.5,-1,-3448.0
41.37824,-63.73448,3644.307762541514,4903763.0,39.0,2025-08-21 23:54:02,876.3,9998,-3670.0
41.106923333333334,-64.294165,3860.824439980194,4903763.0,40.0,2025-09-01 03:21:41,1117.3,9998,-3828.0
40.880586666666666,-65.02107333333333,3770.2630166206163,4903763.0,41.0,2025-09-11 02:00:30,237.3,9998,-3749.0
40.577745,-65.71285,3587.0171678536058,4903763.0,42.0,2025-09-21 00:03:14,354.6,9998,-3615.0
39.97478,-66.78755166666667,3185.826402415239,4903763.0,43.0,2025-09-30 19:41:46,1580.5,9998,-3280.0
39.90324,-67.15419666666666,3157.497449923326,4903763.0,44.0,2025-10-10 19:19:14,2021.3,9998,-2955.0
39.72264666666667,-68.33342333333333,2753.404497168776,4903763.0,45.0,2025-10-20 15:30:06,577.6,9998,-2746.0
39.56069,-68.62402833333333,2715.2417510901337,4903763.0,46.0,2025-10-30 14:41:05,619.9,9998,-2727.0
49.6281,-44.84838333333333,3459.2183755010487,4903894.0,1.0,2025-09-30 17:04:40,3945.1,9998,-3513.0
49.40235,-44.25898,3503.179580221023,4903894.0,2.0,2025-10-10 18:14:26,3814.5,9998,-3499.0
36.97342,18.00844,3434.8979297985043,5906993.0,2.0,2023-12-01 23:39:08,1186.5,9998,-3444.0
36.92398,17.99455,3558.915014832201,5906993.0,3.0,2023-12-12 01:19:09,1279.2,9998,-3569.0
36.91728,18.03727,3527.679064081499,5906993.0,5.0,2024-01-01 00:18:47,1291.8,9998,-3633.0
36.90532666666667,17.967528333333334,3536.4689596789317,5906993.0,6.0,2024-01-11 01:23:10,1286.2,9998,-3591.0
36.933795,17.654823333333333,3415.375771279125,5906993.0,7.0,2024-01-21 00:00:09,1190.8,9998,-3428.0
37.03055166666667,17.442295,3377.250098809836,5906993.0,8.0,2024-01-30 23:31:39,767.8,9998,-3364.0
37.05168166666667,17.23388,3369.42832715385,5906993.0,9.0,2024-02-09 22:49:30,403.5,9998,-3381.0
37.09278833333333,16.963966666666668,3516.8852397701776,5906993.0,10.0,2024-02-20 00:02:09,351.2,9998,-3483.0
36.608333333333334,16.72117666666667,3356.859340232976,5906993.0,12.0,2024-03-10 23:08:43,1899.5,9998,-3297.0
36.339893333333336,16.893293333333332,3324.6932606494993,5906993.0,13.0,2024-03-20 21:59:42,1296.5,9998,-3351.0
36.13932833333333,16.736038333333333,3372.630764452263,5906993.0,14.0,2024-03-30 23:05:38,354.9,9998,-3304.0
36.08755333333333,16.39076,3428.329071886143,5906993.0,15.0,2024-04-09 23:38:34,706.3,9998,-3422.0
36.19389,16.051391666666667,3508.376963969324,5906993.0,16.0,2024-04-20 00:54:31,1382.9,9998,-3504.0
36.436013333333335,15.957896666666667,3387.1970572211185,5906993.0,17.0,2024-04-29 23:39:10,1574.8,9998,-3336.0
36.199353333333335,15.962996666666667,3570.856466701937,5906993.0,18.0,2024-05-10 00:43:38,1305.0,9998,-3585.0
36.01392,15.96369,3738.7481532498914,5906993.0,19.0,2024-05-20 03:31:53,938.0,9998,-3702.0
35.97370333333333,16.271618333333333,3625.5848409025452,5906993.0,21.0,2024-06-09 01:56:08,753.5,9998,-3692.0
35.63527833333333,16.243296666666666,3792.514738795661,5906993.0,22.0,2024-06-19 04:59:58,701.3,9998,-3786.0
35.232436666666665,17.182213333333333,3739.9787377874527,5906993.0,24.0,2024-07-09 04:04:09,1538.5,9998,-3834.0
36.04691833333333,17.334225,3792.3780826362013,5906993.0,29.0,2024-08-28 05:02:27,429.4,9998,-3790.0
36.150731666666665,17.42327166666667,3812.8209289457427,5906993.0,31.0,2024-09-17 05:12:09,656.7,9998,-3698.0
36.054395,17.187465,3613.848048360044,5906993.0,32.0,2024-09-27 02:36:17,433.1,9998,-3606.0
35.954495,17.000055,3677.308155323542,5906993.0,33.0,2024-10-07 03:04:02,263.3,9998,-3653.0
35.906218333333335,16.886941666666665,3744.635871296535,5906993.0,34.0,2024-10-17 04:17:36,338.6,9998,-3736.0
35.822916666666664,16.750888333333332,3824.631394219619,5906993.0,35.0,2024-10-27 04:57:15,524.5,9998,-3765.0
35.89606166666667,16.460056666666667,3723.1795541814363,5906993.0,36.0,2024-11-06 03:49:36,633.7,9998,-3704.0
35.91452,16.330358333333333,3745.608535535626,5906993.0,37.0,2024-11-16 04:20:10,656.2,9998,-3721.0
36.09990166666667,16.076745,3543.5540803589365,5906993.0,39.0,2024-12-06 00:25:16,1158.7,9998,-3612.0
36.119905,15.88139,3622.610621852221,5906993.0,40.0,2024-12-16 02:52:12,1005.1,9998,-3627.0
36.1159,15.80494,3637.250053769803,5906993.0,41.0,2024-12-26 02:44:32,852.8,9998,-3673.0
35.82308833333333,15.983665,3595.3770380066317,5906993.0,42.0,2025-01-05 02:21:46,575.3,9998,-3762.0
35.671325,16.11717833333333,3640.3193244445547,5906993.0,43.0,2025-01-15 02:22:32,617.6,9998,-3665.0
35.52853,16.50906,3782.7977274837585,5906993.0,44.0,2025-01-25 04:47:55,1254.8,9998,-3980.0
35.22099,17.076648333333335,3755.589433493066,5906993.0,46.0,2025-02-14 04:24:37,1567.2,9998,-3835.0
35.212871666666665,17.305865,3702.9141022622107,5906993.0,47.0,2025-02-24 03:27:06,1482.4,9998,-3717.0
35.05676,18.049611666666667,3071.7945410212797,5906993.0,50.0,2025-03-25 17:54:55,370.1,-1,-2899.0
34.96907,18.0052,3513.6344827660573,5906993.0,51.0,2025-04-05 00:56:31,600.4,9998,-3268.0
34.89104666666667,17.94911,3665.939200851995,5906993.0,53.0,2025-04-25 00:50:57,822.0,-1,-3314.0
34.89877666666667,17.987441666666665,3679.597860298851,5906993.0,54.0,2025-05-05 03:27:45,763.5,-1,-3658.0
34.89879,17.94499,3663.0092539621423,5906993.0,55.0,2025-05-15 02:51:33,813.3,-1,-3403.0
34.857845,17.90915,3531.244594861802,5906993.0,56.0,2025-05-25 02:10:10,891.1,-1,-3711.0
34.77545666666666,17.96482,3556.6554266947855,5906993.0,57.0,2025-06-04 01:52:56,968.2,-1,-3495.0
34.61243833333333,17.978271666666668,3484.4452250233635,5906993.0,58.0,2025-06-14 00:46:56,1076.3,-1,-3467.0
34.60056,17.73138,3320.310396294049,5906993.0,59.0,2025-06-23 22:54:45,1065.5,-1,-3226.0
34.56461,17.77292,3393.612095062324,5906993.0,60.0,2025-07-03 23:37:24,1105.7,-1,-3360.0
34.42402,17.82925,3338.9305560542,5906993.0,61.0,2025-07-13 22:47:38,1020.6,-1,-3319.0
34.49917833333333,17.870526666666667,3341.840859061068,5906993.0,62.0,2025-07-23 22:54:17,1056.5,-1,-3377.0
34.617041666666665,17.820776666666667,3346.693280230022,5906993.0,63.0,2025-08-02 21:46:58,1093.3,-1,-3356.0
34.466285,17.815416666666668,3299.8226465369876,5906993.0,64.0,2025-08-12 22:37:28,1035.1,-1,-3325.0
34.422686666666664,17.9014,3274.4189459962954,5906993.0,65.0,2025-08-22 22:13:05,992.0,-1,-3138.0
34.45334166666667,17.96537,3218.680304252072,5906993.0,66.0,2025-09-01 21:00:33,965.8,-1,-3113.0
34.47378,17.98034,3253.8741280631234,5906993.0,67.0,2025-09-11 21:37:46,973.2,-1,-3286.0
34.456645,18.076133333333335,3280.274873923151,5906993.0,68.0,2025-09-21 21:41:56,920.4,-1,-3322.0
34.47378,17.98034,3255.8294894424603,5906993.0,69.0,2025-10-01 21:19:24,973.8,-1,-3286.0
34.47245,18.068726666666667,3280.2704130475445,5906993.0,70.0,2025-10-11 22:07:48,926.2,-1,-3321.0
34.53534166666667,18.057923333333335,3327.170636599801,5906993.0,71.0,2025-10-21 22:13:50,960.1,-1,-3342.0
57.904111666666665,-44.14594833333334,3033.2784905236413,5906994.0,17.0,2023-12-10 18:02:24,876.7,9998,-3118.0
57.67802,-44.90514,3065.5612734536644,5906994.0,18.0,2023-12-20 18:31:20,1320.5,9998,-3054.0
57.41077333333333,-46.697536666666664,3132.020669060639,5906994.0,19.0,2023-12-30 19:18:58,1090.6,9998,-3192.0
57.48946333333333,-46.85151,3019.71025821442,5906994.0,20.0,2024-01-09 18:33:39,1436.3,9998,-3096.0
57.245065,-47.69428333333333,3367.202523708407,5906994.0,21.0,2024-01-19 21:17:40,581.5,9998,-3384.0
57.80217833333333,-47.44325666666667,3195.3592152747065,5906994.0,22.0,2024-01-29 19:53:40,934.2,9998,-3191.0
57.814745,-47.101745,3141.6763200621995,5906994.0,23.0,2024-02-08 19:25:34,1039.4,9998,-3133.0
58.18806333333333,-46.33398666666667,2886.6728684891937,5906994.0,24.0,2024-02-18 16:56:01,587.2,9998,-2849.0
58.596695,-46.99064833333333,2755.5925622746277,5906994.0,25.0,2024-02-28 16:21:44,1134.9,9998,-2750.0
59.28222,-48.27899,2925.496048176194,5906994.0,26.0,2024-03-09 17:14:32,234.7,9998,-3251.0
59.985141666666664,-48.86949666666667,2950.728447747651,5906994.0,27.0,2024-03-19 17:42:37,757.9,9998,-3002.0
59.32373166666667,-48.07496833333333,3195.935471128979,5906994.0,28.0,2024-03-29 19:49:13,331.4,9998,-3196.0
58.99908666666666,-48.812803333333335,3377.4383874176665,5906994.0,29.0,2024-04-08 21:44:52,268.1,-1,-3375.0
58.99738,-50.07852,3474.9138206745833,5906994.0,30.0,2024-04-18 23:04:03,159.9,9998,-3489.0
58.730805,-50.76603,3518.8401437930265,5906994.0,31.0,2024-04-28 23:05:04,957.1,-1,-3520.0
58.797331666666665,-49.70809,3486.6648899021748,5906994.0,32.0,2024-05-08 22:35:43,316.2,9998,-3480.0
57.582928333333335,-49.96662833333333,3586.401497590567,5906994.0,33.0,2024-05-18 23:40:41,387.0,-1,-3594.0
57.19692333333333,-50.72441333333333,3548.5209380853785,5906994.0,34.0,2024-05-28 23:40:55,471.1,-1,-3598.0
57.22622166666667,-50.23672166666667,3634.238660702588,5906994.0,35.0,2024-06-08 00:14:37,355.0,-1,-3631.0
57.66072666666667,-51.31391,3602.938131219704,5906994.0,36.0,2024-06-17 23:51:28,12.0,9998,-3572.0
58.233958333333334,-51.578135,3523.8559781427825,5906994.0,37.0,2024-06-27 23:30:01,331.3,9998,-3525.0
58.518276666666665,-50.54355666666667,3532.542405494346,5906994.0,38.0,2024-07-07 23:22:34,759.9,9998,-3552.0
58.15823,-50.838935,3553.10767582073,5906994.0,39.0,2024-07-17 23:33:47,459.4,9998,-3554.0
57.361356666666666,-50.61006666666667,3620.5615079827126,5906994.0,40.0,2024-07-28 00:05:02,345.3,-1,-3662.0
57.24005666666667,-50.63182833333333,3575.788252960758,5906994.0,41.0,2024-08-06 23:42:21,376.0,-1,-3583.0
57.379083333333334,-50.51622833333333,3622.5041634596114,5906994.0,42.0,2024-08-16 23:57:05,172.0,-1,-3647.0
57.99928,-50.93756,3572.639004596864,5906994.0,43.0,2024-08-26 23:24:40,314.0,9998,-3621.0
57.677391666666665,-51.34724666666666,3511.3509832221107,5906994.0,44.0,2024-09-05 23:21:38,59.8,9998,-3515.0
57.52686833333333,-51.61906,3515.293074215258,5906994.0,45.0,2024-09-15 23:25:06,342.3,9998,-3542.0
58.00069166666667,-52.4503,3498.588250623366,5906994.0,46.0,2024-09-25 23:22:12,1357.8,9998,-3502.0
58.30336666666667,-52.89722833333333,3459.517720304586,5906994.0,47.0,2024-10-05 22:25:01,1487.5,-1,-3524.0
58.07825833333333,-52.79888666666667,3474.2017999709783,5906994.0,48.0,2024-10-15 22:56:38,1736.3,-1,-3474.0
57.872083333333336,-52.77900833333333,3489.8547718498985,5906994.0,49.0,2024-10-25 22:39:36,1615.6,-1,-3486.0
57.829636666666666,-53.094635,3492.790765238784,5906994.0,50.0,2024-11-04 23:06:31,1559.6,-1,-3485.0
57.48967,-53.267561666666666,3439.2815840629737,5906994.0,51.0,2024-11-14 22:06:36,1916.0,-1,-3444.0
57.258001666666665,-52.961083333333335,3448.121723954861,5906994.0,52.0,2024-11-24 22:16:33,2073.9,9998,-3455.0
57.22712,-53.27589,3424.734289525689,5906994.0,53.0,2024-12-04 22:07:39,2609.4,-1,-3412.0
57.32756666666667,-53.72822333333333,3389.6064564405406,5906994.0,54.0,2024-12-14 21:47:32,2000.3,-1,-3393.0
57.42216666666667,-53.852855,3382.754178137543,5906994.0,55.0,2024-12-24 21:54:38,1432.3,9998,-3428.0
57.249675,-54.07075666666667,3350.6229696381893,5906994.0,56.0,2025-01-03 21:27:43,1047.6,9998,-3341.0
56.80328,-54.19128166666667,3290.2743399964393,5906994.0,57.0,2025-01-13 21:00:11,1493.0,9998,-3293.0
56.46044,-54.046818333333334,3233.7801372805056,5906994.0,58.0,2025-01-23 20:52:12,1357.2,9998,-3243.0
56.12665,-53.904805,3316.802984581146,5906994.0,59.0,2025-02-02 21:22:39,118.7,9998,-3323.0
56.027406666666664,-53.491995,3238.7787907820766,5906994.0,60.0,2025-02-12 20:08:06,218.4,9998,-3275.0
55.630871666666664,-52.9424,3141.2811207696864,5906994.0,61.0,2025-02-22 19:29:28,1317.7,9998,-3128.0
55.36914,-52.575105,3178.4489432064884,5906994.0,62.0,2025-03-04 19:36:14,3812.2,9998,-3158.0
55.320385,-51.97711833333334,3177.4861682592705,5906994.0,63.0,2025-03-14 19:28:06,2198.8,9998,-3143.0
54.922336666666666,-50.98764666666667,3053.5837861959035,5906994.0,64.0,2025-03-24 18:55:23,230.1,9998,-3120.0
54.44161,-50.754345,3202.1333097152597,5906994.0,65.0,2025-04-03 19:54:15,1162.6,-1,-3198.0
53.95769666666666,-50.89780666666667,3170.053120309558,5906994.0,66.0,2025-04-13 19:47:38,401.1,9998,-3178.0
53.174715,-50.72627333333333,3020.83493988686,5906994.0,67.0,2025-04-23 18:12:36,3356.9,9998,-3029.0
51.92434166666666,-49.614115,2833.4766425979396,5906994.0,68.0,2025-05-03 16:21:17,4506.7,9998,-2825.0
50.83454666666667,-48.00734,2751.5790475703748,5906994.0,69.0,2025-05-13 15:49:23,1806.4,9998,-2752.0
50.79748333333333,-47.37887833333333,2738.8677924345516,5906994.0,70.0,2025-05-23 15:44:32,1402.5,9998,-2815.0
50.26654166666667,-47.370711666666665,2803.5757810017735,5906994.0,71.0,2025-06-02 16:27:16,74.7,9998,-2810.0
49.773455,-46.79738833333333,2939.646252848793,5906994.0,72.0,2025-06-12 17:32:59,724.9,9998,-2982.0
49.47881666666667,-46.89422833333333,2856.6012919622335,5906994.0,73.0,2025-06-22 16:53:27,364.1,9998,-2890.0
48.91859,-46.34430166666667,2834.2484580985492,5906994.0,74.0,2025-07-02 16:33:25,3693.8,9998,-2857.0
49.16587,-44.48610333333333,2841.032017515804,5906994.0,75.0,2025-07-12 16:39:34,4077.9,-1,-2907.0
47.76566,-42.50717,2979.2984611205575,5906994.0,76.0,2025-07-22 17:51:37,6037.2,-1,-3929.0
45.65127666666667,-45.27167166666667,3849.4701996257404,5907071.0,2.0,2024-08-16 03:20:03,2290.2,9998,-3873.0
45.34620666666667,-45.523785,3837.8892534792517,5907071.0,3.0,2024-08-19 03:08:37,3789.4,-1,-3797.0
45.71864166666667,-45.367918333333336,3643.8270193299327,5907071.0,11.0,2024-09-12 00:36:09,959.1,9998,-3631.0
45.488855,-45.66571,3608.8024895561875,5907071.0,12.0,2024-09-14 23:51:04,1755.1,9998,-3654.0
45.301338333333334,-45.52668833333333,3768.7306905254363,5907071.0,13.0,2024-09-18 02:03:48,3979.0,-1,-3845.0
44.50955,-47.05155333333333,3856.6946704890706,5907071.0,21.0,2024-11-30 15:23:08,5098.1,-1,-3857.0
44.38092,-47.41551,3798.284468350878,5907071.0,22.0,2024-12-10 13:51:41,5019.9,9998,-3857.0
44.207075,-47.70048833333333,3812.9610348610395,5907071.0,23.0,2024-12-20 14:29:44,4727.3,9998,-3792.0
43.973185,-47.775351666666666,3881.2384752895255,5907071.0,24.0,2024-12-30 15:51:46,4780.1,9998,-3814.0
43.402696666666664,-47.7462,3770.3652109885816,5907071.0,25.0,2025-01-09 14:03:04,5525.5,-1,-3739.0
43.06765,-47.440731666666665,3573.5175294320793,5907071.0,26.0,2025-01-19 11:21:12,8013.2,9998,-3605.0
44.49789333333333,-47.52973166666666,3728.076770784749,5907071.0,38.0,2025-05-19 13:41:18,5018.1,-1,-3732.0
44.36806,-48.155181666666664,3546.752299612475,5907071.0,39.0,2025-05-29 11:44:34,2184.4,9998,-3515.0
44.289055,-48.23625,3441.3979127148805,5907071.0,40.0,2025-06-08 10:43:54,1736.8,9998,-3445.0
44.06997333333333,-48.29157,3416.090090069344,5907071.0,41.0,2025-06-18 10:59:47,1110.7,9998,-3410.0
43.57848166666667,-48.17393666666667,3317.631360434013,5907071.0,42.0,2025-06-28 09:20:03,1330.2,9998,-3328.0
44.7391,-47.43057,3730.917807698292,5907071.0,47.0,2025-08-17 14:09:26,4260.0,-1,-3653.0
44.76491166666667,-47.996228333333335,3215.690623143099,5907071.0,48.0,2025-08-27 08:49:38,1019.9,-1,-3220.0
44.84420333333333,-48.01839666666667,3080.809439930291,5907071.0,49.0,2025-09-06 07:01:37,618.3,9998,-3092.0
44.99357,-47.717085,3223.437963047593,5907071.0,50.0,2025-09-16 08:35:07,623.5,9998,-3295.0
44.592075,-48.239293333333336,3231.372562358167,5907071.0,51.0,2025-09-26 08:53:45,792.2,9998,-3160.0
44.80194,-48.11434,3006.5161881712684,5907071.0,52.0,2025-10-06 06:29:38,501.1,9998,-3090.0
44.56885166666667,-48.40929,3005.6029535495977,5907071.0,53.0,2025-10-16 06:33:59,250.9,9998,-3046.0
44.37987833333333,-48.613346666666665,2797.260909267898,5907071.0,54.0,2025-10-26 04:29:39,2959.8,9998,-2833.0
45.757855,-45.234723333333335,3692.555851280937,5907072.0,4.0,2024-08-23 01:01:08,1147.3,9998,-3664.0
45.716683333333336,-45.414973333333336,3626.2778587820235,5907072.0,5.0,2024-08-26 00:12:06,867.7,9998,-3595.0
45.67064166666667,-45.721583333333335,3506.3316772632948,5907072.0,6.0,2024-08-28 23:05:43,1518.9,-1,-3433.0
45.65976333333333,-45.85035166666667,3479.993410962784,5907072.0,7.0,2024-08-31 23:01:46,2017.4,-1,-3459.0
45.529408333333336,-45.86744,3519.0594711509593,5907072.0,8.0,2024-09-03 23:08:13,1024.5,-1,-3450.0
45.423656666666666,-46.283588333333334,3401.999285553908,5907072.0,9.0,2024-09-06 22:15:48,959.3,9998,-3399.0
45.41125,-46.44656,3407.859390615005,5907072.0,10.0,2024-09-09 21:48:37,1432.5,-1,-3269.0
45.14476833333333,-46.15555,3505.5261777148016,5907072.0,11.0,2024-09-12 23:14:41,3268.5,9998,-3523.0
44.864041666666665,-45.99357166666667,3626.563117300712,5907072.0,12.0,2024-09-16 00:23:16,4969.0,-1,-3675.0
45.59217,-45.65271,3523.9166100087423,5907072.0,16.0,2024-10-11 18:24:02,1138.3,-1,-3551.0
45.043301666666665,-39.922421666666665,3666.4781826225917,5907072.0,34.0,2025-04-09 19:14:27,1245.5,9998,-3692.0
44.97413,-40.26019,3495.824858416954,5907072.0,35.0,2025-04-19 17:51:46,1467.0,9998,-3632.0
44.78115666666667,-40.92038,3246.945468666316,5907072.0,36.0,2025-04-29 15:37:27,2525.4,-1,-3571.0
46.5195,-43.317056666666666,3880.3271129965106,5907072.0,43.0,2025-07-08 23:00:39,3466.4,-1,-3888.0
46.019888333333334,-44.611105,3641.775930536563,5907072.0,45.0,2025-07-28 19:19:23,2669.3,-1,-3892.0
46.367313333333335,-44.09688166666667,3457.3260565152586,5907072.0,47.0,2025-08-17 17:30:34,1645.0,9998,-3715.0
9.48827,-89.16176,3483.038625852119,5907105.0,1.0,2025-05-11 02:36:56,1820.0,9998,-3496.0
9.468306666666667,-88.7922,3488.9098574373115,5907105.0,2.0,2025-05-20 14:53:04,1729.4,9998,-3382.0
9.508243333333333,-88.33371833333334,3328.4262228290236,5907105.0,3.0,2025-05-30 13:01:11,1601.7,9998,-3347.0
9.56147,-88.10421,3249.1166787786096,5907105.0,4.0,2025-06-09 12:17:03,1562.0,-1,-3257.0
9.59695,-88.06778,3216.7959031613923,5907105.0,5.0,2025-06-19 11:38:12,1580.7,-1,-3247.0
9.464,-88.17439833333333,3240.312818033954,5907105.0,6.0,2025-06-29 11:52:01,1467.4,9998,-3317.0
9.101391666666666,-88.33521,3383.27767836936,5907105.0,7.0,2025-07-09 14:12:48,1161.0,-1,-3384.0
8.78982,-88.39977,3447.8900335476596,5907105.0,8.0,2025-07-19 14:21:40,1073.7,9998,-3442.0
8.60984,-88.14536,3390.17487285195,5907105.0,9.0,2025-07-29 14:10:10,1239.0,9998,-3368.0
8.7198,-87.63525,3168.881310047768,5907105.0,10.0,2025-08-08 12:09:10,1002.7,9998,-3189.0
9.15773,-87.30486,3189.4129301349008,5907105.0,11.0,2025-08-18 11:32:09,1053.2,9998,-3184.0
9.568921666666666,-87.24425,3153.1293929695016,5907105.0,12.0,2025-08-28 12:20:16,1677.0,9998,-3156.0
9.59842,-87.37426,3188.391792136484,5907105.0,13.0,2025-09-07 11:50:08,1627.5,9998,-3252.0
9.646035,-87.70652,3293.169664117766,5907105.0,14.0,2025-09-17 12:59:09,1629.4,9998,-3255.0
9.66847,-88.10421,3235.3963758472905,5907105.0,15.0,2025-09-27 11:46:48,1694.4,-1,-3261.0
9.66961,-88.32282,3321.5576707036807,5907105.0,16.0,2025-10-07 13:41:16,1767.3,-1,-3328.0
9.780205,-88.41635333333333,3412.5664053574696,5907105.0,17.0,2025-10-17 14:58:12,1978.1,9998,-3386.0
9.81816,-88.28529,3345.0351129276883,5907105.0,18.0,2025-10-27 13:38:42,1966.3,9998,-3373.0
73.60827,-2.15869,3157.78513841444,5907108.0,2.0,2024-06-21 19:26:39,155.7,9998,-3221.0
73.56059666666667,-1.14636,2691.2557366411506,5907108.0,3.0,2024-07-01 14:34:28,39.7,9998,-2838.0
73.60657833333333,-0.5302366666666667,3198.7303654818065,5907108.0,4.0,2024-07-11 19:22:44,105.7,-1,-2972.0
73.70584333333333,-0.19602333333333333,3009.524508358044,5907108.0,5.0,2024-07-21 18:16:08,174.0,9998,-3021.0
73.96616833333333,0.14999833333333334,3275.666760225046,5907108.0,6.0,2024-07-31 21:00:42,68.6,9998,-3215.0
74.00183333333334,1.191915,3216.212933146185,5907108.0,7.0,2024-08-10 19:52:44,54.1,9998,-3112.0
73.735645,1.5063333333333333,3430.585217561621,5907108.0,8.0,2024-08-20 21:49:34,98.0,9998,-3098.0
73.73495833333334,2.268908333333333,3281.550713005065,5907108.0,9.0,2024-08-30 20:32:07,244.9,9998,-3135.0
73.72989,2.7607866666666667,3092.433535730567,5907108.0,10.0,2024-09-09 18:22:39,328.9,9998,-2896.0
73.61182333333333,3.0447066666666665,2691.2488304482495,5907108.0,11.0,2024-09-19 15:21:17,452.9,9998,-3188.0
73.65370166666666,3.476285,3013.4348222153194,5907108.0,12.0,2024-09-29 18:05:09,595.2,9998,-3127.0
73.60423,4.57392,2678.5476105260277,5907108.0,13.0,2024-10-09 15:06:27,918.3,9998,-3149.0
73.67004666666666,4.50644,3162.6501815122906,5907108.0,14.0,2024-10-19 19:24:44,979.0,9998,-3157.0
73.69826,4.951813333333334,2895.3469933601154,5907108.0,15.0,2024-10-29 17:06:39,957.8,9998,-2890.0
73.79610166666667,5.735223333333334,2976.337241610297,5907108.0,16.0,2024-11-08 18:26:36,1232.6,9998,-2894.0
75.08235166666667,6.2032783333333334,2574.764822165185,5907108.0,19.0,2024-12-08 13:24:37,747.6,9998,-2460.0
75.20057833333334,6.232471666666667,2588.4357048094653,5907108.0,20.0,2024-12-18 12:45:14,573.8,9998,-2544.0
75.39163,6.12055,2671.4803711947825,5907108.0,21.0,2024-12-28 13:27:09,534.6,9998,-2724.0
76.45079333333334,4.926348333333333,2716.2955571883913,5907108.0,27.0,2025-02-26 12:13:43,771.6,9998,-2680.0
76.318575,5.095986666666667,2444.5812002610487,5907108.0,29.0,2025-03-18 10:34:43,826.8,9998,-2376.0
76.45861333333333,6.220248333333333,2379.0270201754524,5907108.0,31.0,2025-04-07 09:35:15,582.1,9998,-2400.0
76.40772166666666,7.161006666666666,3464.238208619086,5907108.0,33.0,2025-04-27 23:00:37,322.9,9998,-3485.0
76.197715,7.304216666666667,3414.615537172012,5907108.0,34.0,2025-05-07 21:57:47,323.6,9998,-3386.0
76.45079,6.74558,2740.7147768952764,5907108.0,35.0,2025-05-17 15:37:46,319.3,9998,-2686.0
76.171205,7.2090483333333335,3431.1718827062164,5907108.0,36.0,2025-05-27 21:54:31,294.2,9998,-3445.0
76.28703,7.275,2759.2906682399553,5907108.0,37.0,2025-06-06 16:07:43,210.8,9998,-3342.0
76.82137166666666,7.741841666666667,2466.0456974542476,5907108.0,39.0,2025-06-26 10:49:35,780.8,9998,-2365.0
76.959475,7.7006966666666665,2925.1735220624455,5907108.0,40.0,2025-07-06 16:35:09,832.6,9998,-2675.0
76.94731833333333,7.89691,2521.7682438334937,5907108.0,41.0,2025-07-16 12:15:08,887.4,9998,-2496.0
76.84419833333334,8.257283333333334,2604.8663690211592,5907108.0,43.0,2025-08-05 09:29:38,909.9,9998,-2605.0
76.98884333333334,8.183446666666667,2617.555618152975,5907108.0,44.0,2025-08-15 13:52:13,1012.9,9998,-2645.0
77.03576166666667,8.2634,2588.231255744561,5907108.0,45.0,2025-08-25 13:52:15,1008.1,9998,-2384.0
76.96034833333333,8.044416666666667,2626.3537127650734,5907108.0,46.0,2025-09-04 11:40:46,990.0,9998,-2608.0
77.057555,7.76546,2760.179129861855,5907108.0,47.0,2025-09-14 14:19:04,857.1,9998,-2886.0
77.31546833333333,7.7275366666666665,2862.668472926187,5907108.0,48.0,2025-09-24 17:06:07,1100.3,9998,-2883.0
77.77156666666667,8.066905,2589.1336902624453,5907108.0,49.0,2025-10-04 13:40:10,1674.6,9998,-2628.0
78.12402666666667,7.813455,2670.202705372281,5907108.0,50.0,2025-10-14 14:23:33,2293.0,9998,-2667.0
78.50809666666666,6.86078,3017.681385794383,5907108.0,51.0,2025-10-24 18:12:03,1340.6,9998,-2965.0
42.39384166666667,-52.328065,3834.0613955867498,5907126.0,3.0,2024-08-26 02:35:07,2660.3,-1,-3737.0
42.441685,-52.17507666666667,3611.766798379464,5907126.0,4.0,2024-09-05 00:10:02,2558.7,-1,-3532.0
42.76144,-52.502916666666664,3412.596899743425,5907126.0,5.0,2024-09-14 22:14:34,1779.2,9998,-3400.0
43.25387833333333,-53.311571666666666,3443.67840112446,5907126.0,6.0,2024-09-24 22:39:33,573.3,9998,-3448.0
43.84849333333333,-53.604465,3500.0908855043945,5907126.0,7.0,2024-10-04 23:11:00,243.5,9998,-3380.0
43.793885,-53.54380333333334,2950.0667796946323,5907126.0,8.0,2024-10-14 17:41:38,203.2,-1,-2879.0
44.036025,-54.15097333333333,2891.3015598117213,5907126.0,9.0,2024-10-24 17:07:12,450.5,9998,-3104.0
44.10709166666667,-54.213226666666664,2754.2566830651017,5907126.0,10.0,2024-11-03 16:08:25,374.8,9998,-2646.0
44.19188666666667,-54.502903333333336,2635.73675436059,5907126.0,11.0,2024-11-13 13:51:04,258.2,9998,-2611.0
44.24538,-54.61381,2916.6835787653217,5907126.0,12.0,2024-11-23 17:24:38,383.4,9998,-2783.0
44.29883,-54.84315,2586.726014050109,5907126.0,13.0,2024-12-03 13:15:06,556.4,9998,-2603.0
44.34569833333333,-55.15678333333334,3292.0056771673226,5907126.0,14.0,2024-12-13 20:43:46,935.0,9998,-3171.0
44.194875,-55.72678333333333,3044.820190664504,5907126.0,15.0,2024-12-23 18:31:27,811.7,9998,-3084.0
44.105885,-55.821185,3142.599229518411,5907126.0,16.0,2025-01-02 19:29:15,532.6,9998,-3168.0
43.848351666666666,-56.172848333333334,3390.779094324304,5907126.0,17.0,2025-01-12 21:49:17,717.1,-1,-2921.0
43.379873333333336,-56.47414666666667,3398.7356002878014,5907126.0,18.0,2025-01-22 21:56:09,1275.5,9998,-3404.0
43.11168166666667,-56.684551666666664,3713.9303756781756,5907126.0,19.0,2025-02-02 01:10:46,699.5,9998,-3761.0
43.23726,-57.07529,3865.9149756243755,5907126.0,33.0,2025-06-22 03:25:02,1052.7,9998,-3906.0
43.29024,-57.27555,3785.997572104181,5907126.0,34.0,2025-07-02 02:27:45,1267.6,9998,-3727.0
43.415765,-57.77867333333333,3792.7754538624818,5907126.0,36.0,2025-07-22 02:15:11,848.3,9998,-3775.0
43.27742,-58.22455,3726.546597212293,5907126.0,37.0,2025-08-01 01:00:08,431.1,9998,-3690.0
42.98846,-58.90570833333334,3629.1406779114586,5907126.0,38.0,2025-08-11 00:10:26,947.5,9998,-3624.0
49.84977833333333,-45.378006666666664,3743.779266220338,5907188.0,1.0,2025-10-01 21:02:41,3822.9,9998,-3718.0
49.96472,-46.11906166666667,3265.90211473762,5907188.0,2.0,2025-10-11 13:42:36,1682.8,9998,-3232.0
49.859903333333335,-46.378915,3172.1933738408547,5907188.0,3.0,2025-10-21 12:48:03,1081.5,9998,-3164.0
50.01235166666667,-45.29790333333333,3860.5877227733954,5907189.0,1.0,2025-10-01 23:09:24,4623.9,9998,-3775.0
49.983605,-46.19516,3157.5073749154503,5907189.0,2.0,2025-10-11 11:11:19,1560.3,9998,-3102.0
49.966195,-46.47743333333333,3097.9242163596523,5907189.0,3.0,2025-10-21 12:37:38,1326.0,9998,-3091.0
38.766641666666665,5.159085,2815.3454357879514,5907204.0,1.0,2025-07-18 16:44:07,958.5,9998,-2818.0
38.714596666666665,5.12604,2801.648296971276,5907204.0,2.0,2025-07-21 16:13:24,928.8,9998,-2806.0
38.66101,5.52754,2793.826907793564,5907204.0,3.0,2025-07-24 16:36:29,204.1,-1,-2859.0
38.704795,4.997115,2776.186404713832,5907204.0,4.0,2025-08-03 15:57:08,941.2,9998,-2788.0
38.60697,5.093358333333334,2787.9641005688536,5907204.0,5.0,2025-08-13 16:24:55,874.6,9998,-2777.0
38.88886333333333,4.971756666666667,2696.7912407571653,5907204.0,6.0,2025-08-23 15:26:45,856.6,9998,-2688.0
39.141086666666666,5.534736666666666,2841.688256454123,5907204.0,7.0,2025-09-02 16:31:43,966.1,-1,-2917.0
39.345265,5.45615,2835.761114181152,5907204.0,8.0,2025-09-12 17:11:41,1094.9,9998,-2894.0
39.21965,5.15246,2775.0780753624595,5907204.0,9.0,2025-09-22 16:18:41,851.8,-1,-2784.0
38.96856,5.08574,2776.1204212052485,5907204.0,10.0,2025-10-02 16:26:41,945.7,9998,-2783.0
38.59365666666667,5.130873333333334,2824.2026916828477,5907204.0,11.0,2025-10-12 16:33:01,840.5,9998,-2811.0
38.313073333333335,4.951505,2804.6875148490444,5907204.0,12.0,2025-10-22 16:33:07,696.1,-1,-2705.0
39.737138333333334,11.866438333333333,3494.576147865322,5907205.0,1.0,2025-07-15 01:02:46,432.4,9998,-3491.0
39.68945,11.884006666666666,3491.6627633374255,5907205.0,2.0,2025-07-18 01:11:58,414.7,9998,-3475.0
39.6471,11.916598333333333,3474.1043159124847,5907205.0,3.0,2025-07-21 01:15:37,408.1,9998,-3459.0
39.62159166666667,11.993671666666666,3492.660413157135,5907205.0,4.0,2025-07-24 01:20:06,412.1,9998,-3495.0
39.62659,12.06871,3480.944449688957,5907205.0,5.0,2025-07-27 01:15:09,413.9,9998,-3494.0
35.893335,28.08076,2193.171143339205,5907213.0,1.0,2025-07-30 08:01:48,3303.0,9998,-2193.0
35.88176,28.05163,1989.7290897627995,5907213.0,2.0,2025-08-02 05:09:07,2896.0,9998,-2107.0
35.88914,28.21069,1967.11093791898,5907213.0,3.0,2025-08-12 04:37:32,2808.4,9998,-2703.0
35.73737666666667,27.869576666666667,1781.19198105503,5907213.0,4.0,2025-08-21 23:52:10,3103.9,9998,-1673.0
35.719273333333334,27.865165,1737.8825873861078,5907213.0,5.0,2025-09-01 01:02:46,3135.0,9998,-1716.0
35.64747666666667,27.7734,1039.7322025849155,5907213.0,6.0,2025-09-10 16:07:28,1863.3,9998,-1119.0
35.65909666666667,27.764128333333332,1017.999673764996,5907213.0,7.0,2025-09-20 15:26:36,1756.8,9998,-1050.0
35.66455333333333,27.903141666666667,1287.5073416057114,5907213.0,9.0,2025-10-10 18:55:08,2691.6,9998,-1255.0
35.602535,27.836423333333332,1147.3730924008687,5907213.0,10.0,2025-10-20 18:24:17,2390.7,9998,-1154.0
35.57611,27.78939,952.7985893821598,5907213.0,11.0,2025-10-30 15:39:37,1885.6,9998,-941.0
-66.60891333333333,7.698618333333333,3151.28567412676,6902820.0,42.0,2023-12-15 08:30:56,266.2,-1,-3957.0
-66.67338333333333,7.775993333333333,3220.514744249152,6902820.0,45.0,2024-01-14 08:15:46,290.6,9998,-4239.0
-66.648,7.70816,2898.5008254895756,6902820.0,46.0,2024-01-24 03:34:03,234.2,9998,-4253.0
-66.67849833333334,7.765641666666666,3484.605300183627,6902820.0,47.0,2024-02-03 09:39:15,318.2,9998,-4296.0
-68.30216,-3.10453,3775.215649445921,6902820.0,83.0,2025-01-28 14:43:09,1004.2,9998,-3738.0
-68.316175,-3.5475866666666667,3752.8428309614883,6902820.0,84.0,2025-02-07 13:26:45,1025.3,9998,-3779.0
-68.34196666666666,-4.551265,3721.7102566435137,6902820.0,86.0,2025-02-27 12:41:28,1492.7,9998,-3779.0
-68.48843,-6.76124,3134.3189851810776,6902820.0,88.0,2025-03-19 07:42:14,1830.0,9998,-3066.0
-68.75867333333333,-7.273603333333333,3103.0525469985446,6902820.0,89.0,2025-03-29 07:01:41,1174.5,9998,-3176.0
-69.24135,-7.010765,3123.44359236333,6902820.0,90.0,2025-04-08 06:37:42,867.5,9998,-3097.0
-63.45325666666667,149.95518666666666,3719.0694366225407,6902885.0,1.0,2024-01-13 10:47:31,1159.9,9998,-3702.0
-63.286546666666666,150.27177333333333,3779.4408989611998,6902885.0,2.0,2024-01-23 10:41:37,1609.0,9998,-3793.0
-63.73953,150.96902,2510.9814312422745,6902885.0,3.0,2024-02-01 22:01:15,757.9,9998,-3235.0
-63.75651,152.16595,3611.920452484485,6902885.0,4.0,2024-02-12 08:40:39,1213.9,9998,-3556.0
-64.08436,153.10482,3554.3877438244367,6902885.0,5.0,2024-02-22 08:15:27,864.0,-1,-3536.0
-64.21596,153.50869,3521.242688852144,6902885.0,6.0,2024-03-03 07:27:07,1244.4,-1,-3542.0
-64.03882,154.0577,3493.041770494942,6902885.0,7.0,2024-03-13 07:44:33,910.6,-1,-3451.0
-64.08591,154.598735,3568.020030369046,6902885.0,8.0,2024-03-23 08:27:42,1305.9,-1,-3335.0
-64.42157,155.51482,3245.3993324976336,6902885.0,9.0,2024-04-02 05:07:09,1861.1,9998,-3340.0
-64.43882,156.22312,3101.0272002928587,6902885.0,10.0,2024-04-12 03:51:59,1033.4,-1,-3173.0
-63.956015,156.02618166666667,3252.3348364827198,6902885.0,11.0,2024-04-22 04:44:31,2281.6,9998,-3146.0
-63.34927,155.61557,3271.007552896508,6902885.0,12.0,2024-05-02 05:54:15,1714.6,9998,-3172.0
-62.75247,155.18657,3036.9928056577405,6902885.0,13.0,2024-05-12 03:21:56,1221.6,-1,-3387.0
-62.52594,154.26929,2756.692292759982,6902885.0,14.0,2024-05-22 00:47:08,384.2,9998,-2806.0
-62.33832,153.15866,2999.01186512193,6902885.0,17.0,2024-06-21 03:18:25,1848.6,-1,-3032.0
-62.1304,152.7488,2863.296243872492,6902885.0,18.0,2024-07-01 02:12:07,2818.3,9998,-2869.0
-61.94119,152.85553,2871.153808461871,6902885.0,19.0,2024-07-11 02:08:12,2894.8,9998,-2920.0
-61.89532,152.72007,2830.126015208374,6902885.0,20.0,2024-07-21 01:34:30,3124.3,-1,-2865.0
-61.72064,152.89348,2829.1868383165315,6902885.0,21.0,2024-07-31 01:11:34,2798.6,-1,-2821.0
-61.67598,153.09692,2944.4762928976584,6902885.0,22.0,2024-08-10 02:40:46,2403.1,9998,-2934.0
-61.51438,152.99784,2924.978194481382,6902885.0,23.0,2024-08-20 02:20:13,2242.7,9998,-2903.0
-61.36755,153.13375,2567.2081855542806,6902885.0,24.0,2024-08-29 22:29:13,1465.6,9998,-1883.0
-61.30745,152.93383,2447.8200853054386,6902885.0,25.0,2024-09-08 21:42:13,1417.6,-1,-2576.0
-61.41177,152.80496833333333,2945.51319689526,6902885.0,26.0,2024-09-19 02:37:17,2132.2,9998,-2916.0
-61.37898,152.53088,2790.168964098495,6902885.0,27.0,2024-09-29 01:11:12,1933.8,-1,-2844.0
-61.19018,152.63645,2755.0200249515747,6902885.0,28.0,2024-10-09 01:00:45,1606.4,-1,-2692.0
-61.14575,152.83675,2281.3610437433895,6902885.0,29.0,2024-10-18 20:14:11,1011.8,9998,-2675.0
-61.23343,152.83501,2226.473785497012,6902885.0,30.0,2024-10-28 19:24:29,1201.0,9998,-2112.0
-61.253735,152.71675333333334,2934.8052550990597,6902885.0,33.0,2024-11-28 02:01:33,1769.6,9998,-2753.0
-61.2931,152.86735,2915.260173334528,6902885.0,34.0,2024-12-08 02:53:19,1701.1,9998,-2688.0
-61.33771,154.17033,2003.8870113813239,6902885.0,35.0,2024-12-17 18:04:51,720.8,-1,-2863.0
-61.21976,152.93529,2675.815574586137,6902885.0,36.0,2024-12-28 00:07:47,1327.4,9998,-2232.0
-61.13625833333333,152.910495,2822.474271533701,6902885.0,37.0,2025-01-07 01:30:50,1167.1,9998,-2731.0
-61.20542,152.869,2801.935346322251,6902885.0,38.0,2025-01-17 01:10:39,1396.8,9998,-2254.0
-61.185521666666666,152.86905333333334,2732.535563148466,6902885.0,39.0,2025-01-27 00:56:16,1302.0,9998,-2592.0
-61.26507,152.90136,1945.0304475439614,6902885.0,40.0,2025-02-05 17:08:15,1075.1,9998,-2263.0
-61.284328333333335,153.012685,2603.4233044921107,6902885.0,41.0,2025-02-15 23:22:45,1394.8,-1,-2529.0
-61.30827,153.26791,2511.4429656069256,6902885.0,42.0,2025-02-25 22:48:49,1183.6,9998,-2875.0
-61.33966,153.33466,2837.0879815581175,6902885.0,43.0,2025-03-08 01:29:32,1321.3,9998,-2792.0
-61.23474,153.50161,2821.4753170678046,6902885.0,44.0,2025-03-18 01:31:17,990.5,-1,-2700.0
-61.20657,153.53483,2717.8654115028557,6902885.0,45.0,2025-03-28 00:52:41,901.2,-1,-2641.0
-61.11891,153.53454,2818.568944262066,6902885.0,46.0,2025-04-07 01:30:14,839.0,-1,-2700.0
-60.99971,153.63343,2718.8871047362686,6902885.0,47.0,2025-04-17 01:01:26,866.2,-1,-2647.0
-60.86665,153.50084,2713.048806895307,6902885.0,48.0,2025-04-27 00:36:24,909.5,9998,-2691.0
-60.75095,153.5334,2719.9179942268725,6902885.0,49.0,2025-05-07 00:35:56,1085.9,9998,-2646.0
-60.70534,153.56606,2514.4976819758776,6902885.0,50.0,2025-05-16 22:44:09,1223.4,9998,-2545.0
-60.57216,153.43495,2763.9521728319387,6902885.0,51.0,2025-05-27 01:05:14,1610.5,9998,-2719.0
-60.49852,153.50009,2588.9086725867783,6902885.0,52.0,2025-06-05 23:07:40,1558.9,9998,-2823.0
-60.38281,153.20784,2639.80279495389,6902885.0,53.0,2025-06-16 00:05:37,1523.6,9998,-2581.0
-60.30902,153.11125,2544.9152093129887,6902885.0,54.0,2025-06-25 22:52:44,1516.5,9998,-2591.0
-60.24876,152.91791,2621.2448532164985,6902885.0,55.0,2025-07-05 23:49:35,1452.5,9998,-2627.0
-60.14805,153.1773,2501.8846932780166,6902885.0,56.0,2025-07-15 23:00:22,1804.1,9998,-2681.0
-60.23578,153.33806,2784.554790834779,6902885.0,57.0,2025-07-26 01:04:54,1852.6,9998,-2753.0
-60.41013,154.32500333333334,3325.381685803814,6902885.0,58.0,2025-08-05 06:04:58,4368.3,9998,-3368.0
-61.26494,155.46964,2132.370115708422,6902885.0,59.0,2025-08-14 19:13:50,2148.2,-1,-2531.0
-61.04604,156.78196,2874.2840838492107,6902885.0,60.0,2025-08-25 02:07:33,1358.6,9998,-2875.0
-61.12752,157.52293,2646.4946339909843,6902885.0,61.0,2025-09-04 00:14:03,467.7,9998,-2661.0
-61.24678,157.52933333333334,2661.1404755648923,6902885.0,62.0,2025-09-13 23:58:38,671.4,9998,-2667.0
-61.47541,157.26465,2599.4716658671996,6902885.0,63.0,2025-09-23 22:56:07,435.1,-1,-2704.0
54.98862666666667,-51.31312833333333,2836.621137021501,6902886.0,121.0,2023-12-09 17:14:30,2229.4,-1,-2851.0
54.00727,-51.22583,3044.0593066231672,6902886.0,122.0,2023-12-19 15:51:38,2877.6,-1,-3031.0
53.25714,-49.37268,3100.915518300772,6902886.0,123.0,2023-12-29 19:40:02,977.0,9998,-3634.0
52.26978666666667,-49.53824,3140.2550505398654,6902886.0,124.0,2024-01-08 19:37:25,435.6,9998,-3189.0
51.64397,-48.47688,3313.2296246002907,6902886.0,125.0,2024-01-18 21:49:17,1340.1,-1,-3410.0
50.99005,-47.21653,3109.3592837371857,6902886.0,126.0,2024-01-28 19:42:55,1294.0,9998,-3161.0
51.23573,-44.39179,2833.6520199134975,6902886.0,127.0,2024-02-07 17:40:13,6849.5,9998,-4162.0
55.78546,-44.09778,3268.119449745644,6902888.0,121.0,2023-12-09 21:43:47,464.3,9998,-3312.0
-64.84821833333334,150.31268,3233.598690867344,6902891.0,1.0,2024-01-15 05:34:11,1879.9,9998,-3305.0
-64.328155,149.88052,3556.2725762132427,6902891.0,2.0,2024-01-25 08:19:06,2284.2,9998,-3556.0
-64.42427,148.45234,3605.904178999732,6902891.0,3.0,2024-02-04 08:27:14,1175.8,9998,-3584.0
-64.12907,148.26617333333334,3676.0664574317448,6902891.0,4.0,2024-02-14 09:43:05,652.6,-1,-3698.0
-64.07898,149.65503,3652.7204081931977,6902891.0,5.0,2024-02-24 09:33:43,739.9,9998,-3637.0
-64.02230666666667,150.89351833333333,3562.194019128315,6902891.0,6.0,2024-03-05 08:17:50,933.0,9998,-3543.0
-63.84984,153.61684,3623.5781583952617,6902891.0,7.0,2024-03-15 09:00:55,1169.0,-1,-3455.0
-64.18086,147.86365,3582.6008776743374,6902891.0,8.0,2024-03-25 08:28:37,1588.6,9998,-3725.0
-64.00996,152.81299,3565.118492600099,6902891.0,9.0,2024-04-04 08:42:11,1290.5,9998,-3534.0
-64.11315,153.80222,3523.2167857999066,6902891.0,10.0,2024-04-14 07:59:10,1339.0,-1,-3511.0
-64.15726,153.94979,3508.596141517145,6902891.0,11.0,2024-04-24 08:11:34,1166.3,-1,-3481.0
-64.1666,154.75947,3435.532398310001,6902891.0,12.0,2024-05-04 07:54:30,1432.8,-1,-3316.0
-62.517788333333336,154.77393666666666,3370.6552633094198,6902891.0,18.0,2024-07-03 06:24:43,1220.5,9998,-3408.0
-62.007538333333336,154.76778166666668,3217.6954709846227,6902891.0,19.0,2024-07-13 04:52:15,996.5,9998,-3099.0
-61.285315,154.56755666666666,1747.7013804859937,6902891.0,20.0,2024-07-22 14:13:08,501.4,9998,-1938.0
-60.977716666666666,154.17288833333333,2944.63616597509,6902891.0,21.0,2024-08-02 02:35:38,1520.6,9998,-2986.0
-60.755833333333335,153.84837833333333,3063.8193354911177,6902891.0,22.0,2024-08-12 03:53:31,1821.5,9998,-2656.0
-60.351261666666666,153.45842,2750.3136765058407,6902891.0,23.0,2024-08-22 00:56:09,1568.5,-1,-2821.0
-60.35122,153.30525,2860.761615797649,6902891.0,24.0,2024-09-01 01:24:11,1810.8,9998,-2740.0
-60.378011666666666,153.278435,2524.349856668829,6902891.0,25.0,2024-09-10 22:38:15,1548.0,9998,-2562.0
-60.463816666666666,153.43858833333334,2672.062545862874,6902891.0,26.0,2024-09-21 00:16:11,1599.5,9998,-2714.0
-60.54418,153.46756,2688.67095649564,6902891.0,27.0,2024-09-30 23:50:45,1616.7,9998,-2758.0
-60.60378,153.50028,2679.856804642002,6902891.0,28.0,2024-10-11 00:06:10,1595.3,9998,-2767.0
-60.5897,153.59818,2729.730195940879,6902891.0,29.0,2024-10-20 23:51:07,1761.7,-1,-2858.0
-60.39687,153.59726,2889.087131003973,6902891.0,30.0,2024-10-31 01:47:25,1269.9,9998,-2989.0
-60.24866,149.6811,3374.173773467379,6902891.0,31.0,2024-11-10 06:18:23,4016.2,9998,-3230.0
-61.108396666666664,155.37298666666666,3052.9961838153486,6902891.0,32.0,2024-11-20 03:48:09,3281.5,9998,-2836.0
-61.38984833333333,155.28174666666666,2925.006438863592,6902891.0,33.0,2024-11-30 02:02:38,3512.0,-1,-2892.0
-61.57829,155.11963,3165.1198736419738,6902891.0,34.0,2024-12-10 04:32:04,1214.1,9998,-2884.0
-61.635135,155.033245,2711.9086808529814,6902891.0,35.0,2024-12-20 00:08:39,282.9,9998,-2698.0
-61.76940833333333,155.19838333333334,2587.6734710302994,6902891.0,36.0,2024-12-29 23:03:46,505.3,-1,-2617.0
-61.66092833333333,155.72658,2751.9867561617566,6902891.0,37.0,2025-01-09 00:32:41,2443.6,9998,-2799.0
-61.59739,156.27110333333334,2980.6288249178374,6902891.0,38.0,2025-01-19 02:51:13,999.5,9998,-2985.0
-61.66500166666667,156.449185,2700.1692790471984,6902891.0,39.0,2025-01-29 00:09:29,781.8,-1,-2693.0
-61.424033333333334,156.64373833333335,2709.9974783144744,6902891.0,40.0,2025-02-08 00:25:42,689.4,9998,-2800.0
-61.04681166666666,157.25245,2974.896927063653,6902891.0,41.0,2025-02-18 02:53:45,595.9,9998,-2843.0
-61.34887,157.51818,2728.5901047267785,6902891.0,42.0,2025-02-28 00:15:06,771.7,9998,-2724.0
-61.84975,157.84584666666666,2564.177385057358,6902891.0,43.0,2025-03-09 23:23:33,1300.1,-1,-2599.0
-61.58951,158.22658,2578.9044698283974,6902891.0,44.0,2025-03-19 23:06:33,867.1,-1,-2521.0
-61.31436333333333,158.14366666666666,2560.3697669302956,6902891.0,45.0,2025-03-29 23:22:45,685.1,-1,-2645.0
-61.22181,157.76978,2593.65315321075,6902891.0,46.0,2025-04-08 23:21:27,593.2,9998,-2629.0
-61.50646666666667,157.36711333333332,2866.3647917661565,6902891.0,47.0,2025-04-19 01:39:21,486.4,-1,-2673.0
-61.95370833333333,157.32066,2519.146621761452,6902891.0,48.0,2025-04-28 22:37:02,966.6,9998,-2491.0
-61.75843,158.42378,2576.9141892166904,6902891.0,49.0,2025-05-08 22:49:33,1381.9,9998,-2390.0
-61.42425,159.16437666666667,2313.639616249693,6902891.0,50.0,2025-05-18 20:31:45,1353.0,9998,-2338.0
-61.44233,159.61955,2438.004711791196,6902891.0,51.0,2025-05-28 22:08:23,1464.8,9998,-2384.0
-61.45063,160.33103,2427.233935100267,6902891.0,52.0,2025-06-07 21:19:39,2912.0,9998,-2466.0
-61.057165,161.31836333333334,2962.198363364093,6902891.0,53.0,2025-06-18 02:53:38,3799.0,-1,-2999.0
-60.777085,161.41720833333332,2776.6155330917604,6902891.0,54.0,2025-06-28 01:14:34,1302.3,9998,-2794.0
-60.45456,161.19719,2746.380480272091,6902891.0,55.0,2025-07-08 00:37:07,1119.4,-1,-2940.0
-60.574436666666664,161.20850333333334,2713.111275247196,6902891.0,56.0,2025-07-18 00:12:08,441.0,9998,-2785.0
-60.59881,161.26483,2646.6045517375096,6902891.0,57.0,2025-07-27 23:34:33,353.3,9998,-2943.0
-60.83869,160.96,3088.2034362389213,6902891.0,58.0,2025-08-07 03:47:00,1271.2,9998,-3203.0
-60.93335,160.58453,2818.6098844567987,6902891.0,59.0,2025-08-17 01:59:06,1949.3,9998,-2273.0
-61.128096666666664,160.226995,2774.584141743261,6902891.0,60.0,2025-08-27 01:11:31,3838.5,9998,-2699.0
-61.36105,160.07442,2581.885195914805,6902891.0,61.0,2025-09-05 23:02:10,2566.0,9998,-2484.0
-61.42538,161.06725,3029.490278383146,6902891.0,62.0,2025-09-16 03:16:06,4158.9,9998,-2889.0
-61.33092666666667,161.94886666666667,2993.3851942454085,6902891.0,63.0,2025-09-26 03:12:03,3628.2,-1,-3330.0
-61.399858333333334,162.518385,2143.1318195737504,6902891.0,64.0,2025-10-05 19:04:39,2551.4,9998,-2197.0
-61.42557,163.27204,2816.5470972266935,6902891.0,65.0,2025-10-16 01:27:11,2830.6,-1,-2740.0
-61.5176,163.58526333333333,2861.477011337266,6902891.0,66.0,2025-10-26 01:49:30,2585.4,9998,-2840.0
58.40109,-52.13102,3488.72740487104,6902895.0,56.0,2023-12-01 22:37:39,580.4,-1,-3536.0
58.49610166666667,-52.609075,3367.8272615961077,6902895.0,57.0,2023-12-11 15:18:14,663.6,-1,-3380.0
58.69304666666667,-52.95983833333333,3384.3477238866,6902895.0,58.0,2023-12-21 21:34:57,293.6,-1,-3394.0
58.553421666666665,-52.91775833333333,3388.286364868216,6902895.0,59.0,2023-12-31 21:34:09,610.3,-1,-3478.0
58.321463333333334,-52.915375,3446.8416493030104,6902895.0,60.0,2024-01-10 22:11:05,1450.1,-1,-3464.0
58.06313333333333,-53.475878333333334,3465.434464616199,6902895.0,61.0,2024-01-20 21:53:54,976.6,-1,-3471.0
57.95977,-52.57569,3479.1090041799202,6902895.0,62.0,2024-01-30 22:20:08,1506.2,9998,-3467.0
57.922981666666665,-51.71073,3479.119636557156,6902895.0,63.0,2024-02-09 22:28:32,318.8,9998,-3456.0
58.33765,-51.79953,3512.1330412212883,6902895.0,64.0,2024-02-19 22:41:03,453.8,9998,-3579.0
59.154215,-51.87173833333333,3463.174883953529,6902895.0,65.0,2024-02-29 21:57:36,1614.1,-1,-3476.0
59.240916666666664,-53.49175833333334,3341.2959653751177,6902895.0,66.0,2024-03-10 20:41:34,1014.0,-1,-3387.0
59.25642833333333,-52.75615166666667,3456.324073410521,6902895.0,67.0,2024-03-20 21:56:00,1199.7,-1,-3462.0
60.275731666666665,-53.410401666666665,3281.533522996809,6902895.0,68.0,2024-03-30 20:34:11,600.9,9998,-3272.0
59.86243,-52.24408,3387.9262021972954,6902895.0,69.0,2024-04-09 21:19:04,1001.0,-1,-3376.0
60.17302,-51.84682,3324.4692657966266,6902895.0,70.0,2024-04-19 20:39:32,366.7,9998,-3333.0
60.05441,-50.80159,3249.4039137126665,6902895.0,71.0,2024-04-29 20:24:38,241.5,9998,-3252.0
59.710225,-50.973575,3409.4135320549426,6902895.0,72.0,2024-05-09 22:19:07,163.4,-1,-3399.0
60.241295,-49.67968833333333,3022.9372095468766,6902895.0,73.0,2024-05-19 18:11:31,982.0,9998,-3010.0
59.788896666666666,-50.81209333333334,3355.7736008722345,6902895.0,74.0,2024-05-29 21:01:25,273.3,-1,-3373.0
59.505676666666666,-49.81585333333334,3412.394067725444,6902895.0,75.0,2024-06-08 22:04:54,233.6,9998,-3437.0
59.87049833333333,-50.237125,3258.230749486383,6902895.0,76.0,2024-06-18 20:09:41,412.5,9998,-3285.0
60.214438333333334,-50.289655,3064.9269455030176,6902895.0,77.0,2024-06-28 18:23:31,1417.0,9998,-3085.0
60.931,-50.85601,3018.866862195978,6902895.0,78.0,2024-07-08 17:54:29,3806.7,9998,-3024.0
61.0051,-51.25878,3052.0445976488895,6902895.0,79.0,2024-07-18 18:23:40,1937.2,9998,-3040.0
60.94933,-53.861806666666666,3055.9629456742573,6902895.0,80.0,2024-07-28 18:19:04,794.5,-1,-3042.0
60.69647,-53.710455,3090.1902369332556,6902895.0,81.0,2024-08-07 18:40:40,454.0,-1,-3074.0
60.268346666666666,-53.87656833333333,3236.6674943885573,6902895.0,82.0,2024-08-17 20:13:45,751.3,-1,-3269.0
59.928826666666666,-54.02019333333333,3315.7578121982992,6902895.0,83.0,2024-08-27 21:12:08,710.5,-1,-3366.0
60.159481666666665,-54.762571666666666,3217.1847092264807,6902895.0,84.0,2024-09-06 19:58:03,1122.6,9998,-3205.0
60.13606166666667,-54.554975,3244.5054614364276,6902895.0,85.0,2024-09-16 20:19:04,1019.9,9998,-3240.0
60.693005,-54.09574,3075.548929774244,6902895.0,86.0,2024-09-26 18:46:58,110.5,9998,-3060.0
60.047268333333335,-55.14050666666667,3209.4086267958846,6902895.0,87.0,2024-10-06 20:09:33,1284.5,9998,-3212.0
59.80256,-56.019555,3171.417940704047,6902895.0,88.0,2024-10-16 19:36:01,1389.4,-1,-3091.0
59.44715,-56.16377833333333,3092.450943722673,6902895.0,89.0,2024-10-26 18:30:37,1382.1,-1,-3102.0
59.39814,-56.032833333333336,3094.4156001507477,6902895.0,90.0,2024-11-05 18:38:52,1399.2,-1,-3120.0
59.100085,-55.331981666666664,3269.163630301216,6902895.0,91.0,2024-11-15 20:41:01,1397.3,-1,-3280.0
59.322401666666664,-56.280318333333334,3124.6946880826795,6902895.0,92.0,2024-11-25 19:13:33,1480.9,-1,-3047.0
59.86378333333333,-55.170975,3209.455764228012,6902895.0,93.0,2024-12-05 19:47:03,699.7,9998,-3280.0
59.25101166666666,-54.77415333333333,3291.5571983204286,6902895.0,94.0,2024-12-15 20:33:25,1428.1,9998,-3312.0
59.60993,-55.48418,3186.1040905746936,6902895.0,95.0,2024-12-25 20:02:38,831.5,-1,-3165.0
59.79382,-54.05645,3321.644687941887,6902895.0,96.0,2025-01-04 20:32:35,969.6,9998,-3331.0
59.62302666666667,-53.688625,3361.6683676554694,6902895.0,97.0,2025-01-14 21:24:34,1289.4,9998,-3334.0
58.96194833333333,-53.561645,3374.5236926951575,6902895.0,98.0,2025-01-24 21:06:46,279.9,-1,-3384.0
58.960703333333335,-52.86975666666667,3400.846962431326,6902895.0,99.0,2025-02-03 21:34:38,92.9,-1,-3445.0
59.347705,-52.820135,3455.323907219063,6902895.0,100.0,2025-02-13 22:11:14,1330.1,-1,-3442.0
59.29253333333333,-53.776511666666664,3371.5080706181966,6902895.0,101.0,2025-02-23 21:18:32,1153.6,9998,-3406.0
59.391105,-52.494285,3440.6924465118614,6902895.0,102.0,2025-03-05 21:37:16,1532.9,-1,-3441.0
59.528731666666665,-52.15917,3428.95814860644,6902895.0,103.0,2025-03-15 21:49:36,1469.9,-1,-3427.0
59.35372,-52.12156,3432.9054697981715,6902895.0,104.0,2025-03-25 21:35:10,1674.7,-1,-3460.0
59.010405,-52.50658166666667,3466.139161522502,6902895.0,105.0,2025-04-04 22:20:36,520.4,-1,-3470.0
58.95267,-52.74081,3443.739090158486,6902895.0,106.0,2025-04-14 21:52:49,127.6,-1,-3450.0
58.44248666666667,-52.95664,3424.3879424273214,6902895.0,107.0,2025-04-24 22:05:01,1089.0,-1,-3431.0
58.34113,-52.99314666666667,3453.658929276401,6902895.0,108.0,2025-05-04 22:01:00,1423.3,-1,-3477.0
59.036791666666666,-52.46154,3452.487312751079,6902895.0,109.0,2025-05-14 22:13:11,730.8,-1,-3475.0
58.877943333333334,-51.55614166666667,3492.488777684043,6902895.0,110.0,2025-05-24 22:44:00,1006.2,9998,-3485.0
59.24667,-52.35872,3468.0216514719014,6902895.0,111.0,2025-06-03 22:43:35,1474.7,-1,-3469.0
59.006323333333334,-51.57949333333333,3478.809384755605,6902895.0,112.0,2025-06-13 22:15:37,1348.4,9998,-3480.0
58.417743333333334,-53.15508666666667,3439.9912413936263,6902895.0,113.0,2025-06-23 22:10:13,1249.2,-1,-3457.0
58.50165833333333,-53.954825,3406.824203593777,6902895.0,114.0,2025-07-03 22:09:38,889.2,9998,-3412.0
58.13930833333333,-52.476108333333336,3470.2857690742508,6902895.0,115.0,2025-07-13 22:00:36,1281.9,9998,-3484.0
57.43381,-52.27699,3508.4989708179082,6902895.0,116.0,2025-07-23 22:48:15,886.4,9998,-3558.0
57.079095,-52.315635,3514.4506962381292,6902895.0,117.0,2025-08-02 22:56:32,478.6,9998,-3559.0
57.149116666666664,-52.14843833333333,3507.6082971588,6902895.0,118.0,2025-08-12 22:45:29,432.5,9998,-3538.0
56.8993,-51.32993,3568.0966985515347,6902895.0,119.0,2025-08-22 23:03:35,649.1,9998,-3579.0
50.76586,-31.44032,3721.063793131843,6902970.0,121.0,2023-12-03 02:54:39,1339.4,9998,-3637.0
39.03386833333333,-25.585511666666665,2908.2865047593973,6903028.0,92.0,2023-12-06 17:24:10,448.3,-1,-2947.0
38.909758333333336,-25.502671666666668,3036.509760938316,6903028.0,93.0,2023-12-16 18:27:08,595.9,9998,-3034.0
38.968313333333334,-25.3934,3105.9393181028813,6903028.0,94.0,2023-12-26 19:11:42,258.5,9998,-3096.0
39.01871666666667,-25.316998333333334,3172.4154982073783,6903028.0,95.0,2024-01-05 20:11:39,314.2,-1,-3160.0
39.148585,-25.332553333333333,3220.2773647940667,6903028.0,96.0,2024-01-15 20:31:59,499.5,-1,-3322.0
39.16276,-25.3638,3284.7737287067494,6903028.0,97.0,2024-01-25 21:02:00,499.1,-1,-3355.0
39.1756,-25.395025,3235.907711555134,6903028.0,98.0,2024-02-04 20:39:06,477.5,-1,-3252.0
39.156861666666664,-25.417035,3207.5680734654593,6903028.0,99.0,2024-02-14 20:23:44,425.1,-1,-3219.0
39.08120666666667,-25.43937,3213.4548331620645,6903028.0,100.0,2024-02-24 20:17:45,285.5,-1,-3182.0
38.99162666666667,-25.457211666666666,3107.8886766548185,6903028.0,101.0,2024-03-05 19:29:39,291.6,9998,-3086.0
38.8339,-25.28698,3072.7236700966964,6903028.0,102.0,2024-03-15 18:52:39,365.8,9998,-3107.0
38.767358333333334,-25.426983333333332,2976.86548139094,6903028.0,103.0,2024-03-25 17:56:56,786.4,9998,-2953.0
38.507775,-25.408258333333333,2866.3284755153113,6903028.0,104.0,2024-04-04 16:50:14,1297.2,9998,-2802.0
38.425268333333335,-25.394223333333333,3022.945378901201,6903028.0,105.0,2024-04-14 18:29:47,1685.6,9998,-2973.0
38.413295,-25.50815,2904.5334122125346,6903028.0,106.0,2024-04-24 17:11:13,1685.4,9998,-2887.0
38.26044666666667,-25.39215,2695.963785053788,6903028.0,107.0,2024-05-04 15:14:39,2291.9,9998,-2636.0
38.06024,-25.05547,2556.8251085150814,6903028.0,108.0,2024-05-14 12:58:08,3642.2,9998,-2489.0
37.85995,-24.5719,2677.4416974439036,6903028.0,109.0,2024-05-24 13:51:39,1871.2,9998,-2547.0
-8.083326666666666,47.494195,3146.402151625869,6903031.0,50.0,2024-03-02 08:23:39,1575.6,-1,-3694.0
-8.038271666666667,47.309493333333336,3072.9128655558366,6903031.0,51.0,2024-03-12 08:46:05,1851.0,-1,-3357.0
-7.88891,47.350541666666665,2720.7943028165723,6903031.0,52.0,2024-03-22 04:24:39,1617.1,-1,-3167.0
-7.068843333333334,49.30728166666667,3093.5653579307964,6903031.0,59.0,2024-05-31 08:52:03,777.3,-1,-3088.0
-6.655431666666667,49.460766666666665,2937.7162964378463,6903031.0,60.0,2024-06-10 07:10:42,505.6,-1,-2998.0
-6.803608333333333,49.657338333333335,3544.902716489689,6903031.0,61.0,2024-06-20 13:45:45,674.9,-1,-3470.0
-5.679448333333333,51.82456,1993.2391887102078,6903031.0,86.0,2025-02-24 20:49:46,592.6,-1,-4657.0
55.70984,-56.32759,2329.4244754662195,6903039.0,91.0,2023-12-08 09:31:44,5820.0,-1,-2234.0
54.93455,-52.16881,1952.9212778632418,6903039.0,93.0,2023-12-28 04:27:46,4399.6,9998,-2330.0
53.748578333333334,-52.03619166666667,2069.9321062043755,6903039.0,95.0,2024-01-17 06:33:46,6184.3,9998,-2065.0
52.935113333333334,-51.1145,2469.13215105813,6903039.0,96.0,2024-01-27 10:45:12,7041.0,9998,-2550.0
52.02384833333333,-49.59252333333333,3019.190330084852,6903039.0,97.0,2024-02-06 15:19:35,3338.1,9998,-3049.0
50.61376833333333,-49.013635,2195.137571232351,6903039.0,99.0,2024-02-26 07:45:38,3323.9,-1,-2137.0
50.273558333333334,-48.673806666666664,2334.468620470968,6903039.0,100.0,2024-03-07 09:39:41,3188.5,-1,-2345.0
49.95415166666667,-48.48402333333333,2245.2979407081316,6903039.0,101.0,2024-03-17 08:27:45,3013.2,9998,-2249.0
49.437826666666666,-48.25130333333333,2291.500484106917,6903039.0,102.0,2024-03-27 08:46:40,2600.8,9998,-2320.0
48.829675,-47.94805,2298.4928148757103,6903039.0,103.0,2024-04-06 09:22:09,2609.1,-1,-2296.0
48.573245,-47.60655833333333,2294.6238166569333,6903039.0,104.0,2024-04-16 08:46:38,3530.0,9998,-2324.0
48.67753,-46.35429666666667,2494.5789777072446,6903039.0,105.0,2024-04-26 10:55:33,6275.9,-1,-2482.0
48.853296666666665,-44.046326666666666,2305.3526542861478,6903039.0,106.0,2024-05-06 09:08:15,3536.2,9998,-2173.0
46.90779666666667,-43.09061666666667,3200.4036463242796,6903039.0,107.0,2024-05-16 16:48:47,2279.1,-1,-3553.0
46.85263,-42.8844,3543.9891969211535,6903039.0,108.0,2024-05-26 21:05:54,1339.4,-1,-3580.0
43.728991666666666,-43.696555000000004,3123.1604366159845,6903039.0,146.0,2025-02-04 16:22:03,6959.5,9998,-3328.0
61.541225,-34.99961666666667,2931.809507943992,6903041.0,91.0,2023-12-10 17:49:25,1284.8,9998,-2939.0
61.48930166666667,-35.108605,2930.844534055307,6903041.0,92.0,2023-12-20 17:33:21,1281.2,9998,-2942.0
61.53496,-35.48519,2906.413807315436,6903041.0,93.0,2023-12-30 17:29:31,1558.4,9998,-2925.0
62.08251,-36.57898,2649.233331137179,6903041.0,94.0,2024-01-09 14:39:15,615.5,9998,-2619.0
62.37426,-33.88313,2885.712934976193,6903041.0,95.0,2024-01-19 16:21:02,945.6,9998,-2910.0
63.25383,-33.13746,2825.92732418329,6903041.0,96.0,2024-01-29 16:43:11,1468.4,9998,-2821.0
63.11413,-33.88794,2792.732310023011,6903041.0,97.0,2024-02-08 16:25:12,1337.4,9998,-2790.0
62.56104,-34.861045,2793.8255059602666,6903041.0,98.0,2024-02-18 16:31:34,519.0,9998,-2794.0
62.18632,-34.84094,2843.7428730187494,6903041.0,99.0,2024-02-28 16:37:43,1545.7,9998,-2860.0
61.846698333333336,-33.458346666666664,2946.390930443275,6903041.0,100.0,2024-03-09 18:16:30,428.2,9998,-2943.0
61.21040833333333,-34.182388333333336,2934.815163375071,6903041.0,101.0,2024-03-19 18:21:45,387.6,9998,-2980.0
60.97118,-33.32122,2983.70381605877,6903041.0,102.0,2024-03-29 18:29:43,1296.7,9998,-2719.0
61.02370333333333,-33.77536333333333,2982.7149774420654,6903041.0,103.0,2024-04-08 18:30:09,964.1,9998,-2986.0
61.14459,-35.339,2954.3647927570746,6903041.0,104.0,2024-04-18 17:58:42,981.5,9998,-2948.0
61.142015,-36.95001,2856.6750144719126,6903041.0,105.0,2024-04-28 16:51:08,695.6,9998,-2807.0
61.87616166666667,-37.26307,2622.867515104157,6903041.0,106.0,2024-05-08 14:01:37,508.2,9998,-2592.0
62.10524,-37.77417,2497.587670989336,6903041.0,107.0,2024-05-18 12:21:02,557.4,9998,-2512.0
61.400045,-39.4239,2526.10451932343,6903041.0,108.0,2024-05-28 12:33:32,1252.6,9998,-2561.0
60.453185,-39.773005,2635.8754042648884,6903041.0,109.0,2024-06-07 13:19:16,926.0,9998,-2708.0
59.89727,-39.2806,2753.346368773663,6903041.0,110.0,2024-06-17 16:06:41,209.9,9998,-2765.0
59.442366666666665,-40.28219,2746.60303720568,6903041.0,111.0,2024-06-27 16:10:31,571.1,9998,-2737.0
59.003735,-41.64312833333334,2663.572926293766,6903041.0,112.0,2024-07-07 15:08:44,1268.9,9998,-2629.0
58.203675,-44.369458333333334,2517.9427946585956,6903041.0,113.0,2024-07-17 12:26:08,1842.3,9998,-2496.0
58.45590166666667,-45.94527166666666,2423.8985139964357,6903041.0,114.0,2024-07-27 11:06:00,718.7,9998,-2438.0
59.08038833333333,-45.945525,2406.1474224652143,6903041.0,115.0,2024-08-06 11:20:46,980.3,9998,-2438.0
59.8836,-47.58672,2867.7086665291686,6903041.0,116.0,2024-08-16 15:53:09,7999.8,9998,-2795.0
61.179381666666664,-50.775573333333334,2954.3567709318995,6903041.0,117.0,2024-08-26 18:05:09,10887.7,9998,-2981.0
62.13979666666667,-53.409926666666664,2831.05022387569,6903041.0,118.0,2024-09-05 16:42:10,2081.6,9998,-2841.0
61.270136666666666,-55.13578166666667,2855.6693623906194,6903041.0,119.0,2024-09-15 17:02:10,1471.9,9998,-2861.0
60.827396666666665,-56.98163666666667,2897.7817460662277,6903041.0,120.0,2024-09-25 17:11:15,1309.5,9998,-2874.0
59.99575,-57.12067,2862.797041296857,6903041.0,121.0,2024-10-05 17:05:17,822.1,9998,-2871.0
59.30322,-57.912726666666664,2830.705394477538,6903041.0,122.0,2024-10-15 16:55:39,2702.9,-1,-2714.0
58.35718,-57.76999,2729.244678302414,6903041.0,123.0,2024-10-25 15:45:46,3320.0,-1,-2776.0
57.50648,-56.81942,2825.2592726324087,6903041.0,124.0,2024-11-04 16:50:42,3818.6,9998,-2845.0
56.99204,-55.98885333333333,2831.2469077172864,6903041.0,125.0,2024-11-14 16:41:37,4176.7,9998,-2810.0
56.21617833333333,-55.84767166666666,2769.833484529218,6903041.0,126.0,2024-11-24 16:10:39,4090.6,9998,-2779.0
55.78455,-54.109276666666666,2942.964032875397,6903041.0,127.0,2024-12-04 18:06:16,4703.4,9998,-2960.0
55.31064166666667,-52.880563333333335,3094.4993081309885,6903041.0,128.0,2024-12-14 19:42:47,6242.0,9998,-3114.0
35.61427,-16.15774,3223.245090486778,6903071.0,105.0,2023-12-04 20:38:05,907.3,9998,-3125.0
35.69938333333333,-16.105641666666667,3770.062806519912,6903071.0,106.0,2023-12-15 01:55:02,963.3,9998,-3725.0
35.80954166666667,-16.010175,3708.5748771231215,6903071.0,107.0,2023-12-25 00:52:39,747.2,9998,-3694.0
35.945095,-16.02713,3656.8208881278088,6903071.0,108.0,2024-01-04 00:53:05,601.8,9998,-3645.0
36.05477833333333,-16.039743333333334,3689.9592108682978,6903071.0,109.0,2024-01-14 00:49:02,516.1,9998,-3715.0
36.21401,-15.92915,3778.669848713594,6903071.0,110.0,2024-01-24 02:21:53,446.5,9998,-3810.0
36.36664,-15.8964,3794.2217763713693,6903071.0,111.0,2024-02-03 02:40:00,427.3,9998,-3779.0
36.071435,-15.752495,3265.152490993097,6903071.0,113.0,2024-02-22 20:32:57,338.4,9998,-3259.0
36.00781,-15.68327,3277.8778844152953,6903071.0,114.0,2024-03-03 20:40:15,351.2,9998,-3040.0
42.10719,-22.49331,3708.4234175849033,6903081.0,92.0,2023-12-07 01:02:29,583.0,9998,-3600.0
42.00304833333333,-22.522766666666666,3733.8075529613166,6903081.0,93.0,2023-12-17 01:35:31,643.1,9998,-3731.0
42.00717,-22.561336666666666,3676.2799418873537,6903081.0,94.0,2023-12-27 00:26:01,673.4,9998,-3664.0
41.94339,-22.53346,3633.3905787224703,6903081.0,95.0,2024-01-06 00:03:44,633.1,9998,-3651.0
41.96192333333333,-22.559378333333335,3647.038740360607,6903081.0,96.0,2024-01-16 00:36:39,661.4,9998,-3662.0
41.90876166666666,-22.591505,3538.773436608648,6903081.0,97.0,2024-01-25 23:26:39,658.2,9998,-3507.0
41.81689,-22.62386,3668.5426464362904,6903081.0,98.0,2024-02-05 00:12:40,632.4,9998,-3633.0
41.722411666666666,-22.639055,3878.144823546313,6903081.0,99.0,2024-02-15 06:17:05,576.1,9998,-3898.0
41.87267,-22.56756,3508.5343442242115,6903081.0,104.0,2024-04-04 23:16:45,609.5,9998,-3533.0
41.92731,-22.563428333333334,3569.013926378082,6903081.0,105.0,2024-04-14 23:51:02,646.9,9998,-3603.0
41.97685,-22.60872,3676.2901673575925,6903081.0,106.0,2024-04-25 00:59:07,723.0,9998,-3654.0
42.040056666666665,-22.575993333333333,3633.3583581487846,6903081.0,107.0,2024-05-05 00:17:14,682.1,9998,-3611.0
41.98443,-22.539215,3706.5151656748153,6903081.0,108.0,2024-05-15 01:15:02,654.6,9998,-3707.0
41.90557,-22.57164,3519.258357595177,6903081.0,109.0,2024-05-24 23:03:11,636.2,9998,-3556.0
56.258673333333334,-30.295776666666665,2875.4120770785125,6903082.0,91.0,2023-12-05 17:02:14,918.6,-1,-2880.0
56.13443,-30.490983333333332,3084.5154024135018,6903082.0,92.0,2023-12-15 19:15:24,1074.8,-1,-2975.0
56.057615,-30.404706666666666,2806.0513013349346,6903082.0,93.0,2023-12-25 16:21:37,1080.1,-1,-2902.0
56.170115,-30.436135,2955.569305750041,6903082.0,94.0,2024-01-04 17:47:56,988.2,-1,-2943.0
56.15522,-30.401985,2861.7528281510317,6903082.0,95.0,2024-01-14 16:58:37,994.7,-1,-2936.0
56.17447666666666,-30.352168333333335,2861.7481215467005,6903082.0,96.0,2024-01-24 16:45:45,989.3,-1,-2920.0
56.15984,-30.31207,2886.187941549637,6903082.0,97.0,2024-02-03 16:53:57,1049.6,-1,-2900.0
56.197515,-30.145538333333334,2887.156045899645,6903082.0,98.0,2024-02-13 16:58:40,1207.7,-1,-2888.0
56.3574,-30.18654,2882.2297605210015,6903082.0,99.0,2024-02-23 16:53:10,1041.6,9998,-2717.0
56.345526666666665,-30.061203333333335,2750.2439887416326,6903082.0,100.0,2024-03-04 15:04:10,1206.6,9998,-2729.0
56.3127,-29.954975,2747.317678736937,6903082.0,101.0,2024-03-14 15:41:02,1378.2,9998,-2752.0
56.312745,-30.195026666666667,2732.647059349797,6903082.0,102.0,2024-03-24 15:52:56,970.9,9998,-2684.0
56.14025,-30.51123,2687.6905553903653,6903082.0,103.0,2024-04-03 15:24:39,923.9,-1,-2979.0
56.14025,-30.51123,2748.336127271207,6903082.0,104.0,2024-04-13 14:51:54,944.7,-1,-2979.0
56.169428333333336,-30.454038333333333,3013.209703227242,6903082.0,105.0,2024-04-23 17:27:08,1002.6,-1,-2944.0
55.89031833333333,-30.743076666666667,2977.135330387049,6903082.0,106.0,2024-05-03 17:54:04,864.2,9998,-2957.0
55.71262,-30.581008333333333,3012.3507699409897,6903082.0,107.0,2024-05-13 18:48:33,880.2,9998,-3037.0
55.71630666666667,-29.949616666666667,2999.6501872002123,6903082.0,108.0,2024-05-23 18:20:46,1053.3,9998,-2957.0
55.46928,-29.672575,2907.8619000516483,6903082.0,109.0,2024-06-02 17:16:49,1166.5,9998,-2921.0
55.92162833333333,-30.118896666666668,2905.794179387655,6903082.0,110.0,2024-06-12 17:19:14,1173.1,-1,-2925.0
56.23637,-30.468395,2977.0472161651287,6903082.0,111.0,2024-06-22 18:03:07,832.7,-1,-2912.0
56.464818333333334,-30.527935,2821.596968302161,6903082.0,112.0,2024-07-02 16:35:37,591.0,-1,-2931.0
56.52919333333333,-30.700608333333335,2797.1387934956224,6903082.0,113.0,2024-07-12 16:32:39,128.0,9998,-2792.0
56.3091,-31.05248,2881.2642193144297,6903082.0,114.0,2024-07-22 16:33:59,464.2,-1,-2684.0
55.93009833333333,-31.261455,2701.4347779508175,6903082.0,115.0,2024-08-01 14:40:55,733.6,-1,-2737.0
55.593325,-31.193298333333335,2818.874172920672,6903082.0,116.0,2024-08-11 16:31:34,538.1,9998,-2817.0
55.601058333333334,-31.212306666666667,2820.827777906312,6903082.0,117.0,2024-08-21 16:40:00,506.8,9998,-2822.0
55.64306,-30.97466,2937.1366419506576,6903082.0,118.0,2024-08-31 17:29:33,629.9,9998,-2956.0
55.33205,-30.48792,3076.9153174713806,6903082.0,119.0,2024-09-10 18:53:57,677.1,9998,-3070.0
55.36890833333333,-30.482541666666666,3106.201755466406,6903082.0,120.0,2024-09-20 19:17:01,759.9,9998,-3057.0
55.914896666666664,-30.914385,2951.725392409322,6903082.0,121.0,2024-09-30 17:31:02,840.4,9998,-2936.0
56.030676666666665,-30.8987,3025.9439327911427,6903082.0,122.0,2024-10-10 18:47:26,1070.9,9998,-3038.0
56.067425,-30.937355,3028.8647265735194,6903082.0,123.0,2024-10-20 18:31:59,1081.2,9998,-2991.0
56.047018333333334,-30.938648333333333,3017.148531256213,6903082.0,124.0,2024-10-30 18:36:39,1068.9,9998,-3035.0
56.087428333333335,-30.867593333333332,3047.417206612742,6903082.0,125.0,2024-11-09 18:55:10,1095.0,9998,-3052.0
56.11264333333333,-30.833176666666667,3053.2706113147487,6903082.0,126.0,2024-11-19 18:56:09,1058.2,9998,-2931.0
56.38017,-30.74151,2872.450012284211,6903082.0,127.0,2024-11-29 16:49:52,365.3,9998,-2861.0
56.537285,-30.820195,2771.7135206629678,6903082.0,128.0,2024-12-09 15:27:41,126.4,9998,-2760.0
56.553845,-31.018936666666665,2648.4620474953167,6903082.0,129.0,2024-12-19 14:21:33,357.2,-1,-2550.0
56.143925,-31.002645,2622.134274257866,6903082.0,130.0,2024-12-29 13:44:37,856.4,9998,-2657.0
55.94607166666667,-30.8343,2964.419676543107,6903082.0,131.0,2025-01-08 17:36:04,930.1,9998,-2941.0
55.94688,-31.076183333333333,2858.8712449371915,6903082.0,132.0,2025-01-18 16:54:30,857.6,9998,-2836.0
55.867198333333334,-30.98932,2907.7623930529353,6903082.0,133.0,2025-01-28 17:27:29,705.2,9998,-2913.0
55.8108,-31.13897,2817.8437467228837,6903082.0,134.0,2025-02-07 16:27:13,499.4,9998,-2817.0
55.626796666666664,-31.246278333333333,2781.708636399536,6903082.0,135.0,2025-02-17 16:25:58,426.6,9998,-2790.0
55.78608833333333,-31.460891666666665,2648.6357044120427,6903082.0,136.0,2025-02-27 14:25:11,379.4,9998,-2683.0
55.18534,-31.23305,2705.5212690606886,6903082.0,137.0,2025-03-09 14:34:33,1052.1,9998,-2779.0
54.473055,-31.388151666666666,2968.706185338684,6903082.0,138.0,2025-03-19 18:32:47,407.8,-1,-2896.0
53.87265333333333,-31.930865,2748.8766815973045,6903082.0,139.0,2025-03-29 16:11:14,287.2,9998,-2752.0
50.387791666666665,-35.38867666666667,3825.4046717534093,6903083.0,110.0,2024-06-16 02:26:39,3951.6,-1,-3933.0
51.55669833333333,-34.589585,3486.8946639906585,6903083.0,113.0,2024-07-15 22:55:09,2508.8,-1,-3656.0
52.06067,-33.99758,3704.0709609329465,6903083.0,114.0,2024-07-26 00:50:07,3064.7,9998,-3604.0
51.66703,-32.83952,3531.71040822907,6903083.0,115.0,2024-08-05 23:15:07,1531.0,9998,-3765.0
51.71522,-33.28851,3056.4037009009276,6903083.0,116.0,2024-08-15 18:44:11,1568.5,-1,-2859.0
51.92221,-33.44811,3296.5567685556757,6903083.0,117.0,2024-08-20 21:08:05,2504.1,9998,-3354.0
52.427303333333334,-32.798471666666664,3247.6082762046103,6903083.0,120.0,2024-09-04 21:11:39,2857.9,-1,-3120.0
52.44414833333333,-32.57675166666667,2913.522395699483,6903083.0,121.0,2024-09-09 17:32:14,2750.0,9998,-3250.0
52.53648333333334,-32.178625,3265.1455916869954,6903083.0,122.0,2024-09-14 21:02:54,3508.2,9998,-3866.0
52.384155,-30.276361666666666,3842.24074798648,6903083.0,124.0,2024-09-25 01:46:08,4366.7,9998,-3557.0
52.35024,-29.620756666666665,3806.230680049612,6903083.0,125.0,2024-09-30 02:57:39,4356.0,9998,-3548.0
52.4537,-28.80306,3794.51167823078,6903083.0,126.0,2024-10-05 02:34:33,3315.1,-1,-3838.0
52.31045,-28.84937,2745.34396916514,6903083.0,127.0,2024-10-09 15:44:26,2743.9,9998,-2762.0
52.203293333333335,-28.799535,2817.7577202781367,6903083.0,128.0,2024-10-14 16:40:37,2763.4,-1,-2962.0
51.997235,-28.887666666666668,3737.2095463689584,6903083.0,129.0,2024-10-20 01:48:06,3283.2,9998,-3676.0
51.890618333333336,-28.808101666666666,3446.8079721773247,6903083.0,130.0,2024-10-24 23:04:55,2745.7,-1,-3502.0
51.74939,-28.50873,3058.348345762053,6903083.0,131.0,2024-10-29 18:49:36,1800.4,9998,-3203.0
51.790265,-28.207391666666666,3363.92523968229,6903083.0,132.0,2024-11-03 21:40:07,2178.9,9998,-3350.0
51.78735666666667,-27.85664,3745.071648855137,6903083.0,133.0,2024-11-09 01:56:58,2430.3,-1,-3631.0
51.66428,-28.66125,3659.38729594045,6903083.0,134.0,2024-11-14 01:46:37,1730.5,-1,-2739.0
-29.759138333333333,36.572923333333335,2483.066265692871,6903084.0,50.0,2024-04-02 02:21:27,872.3,-1,-2712.0
-29.91574,36.4388,2356.380820912253,6903084.0,51.0,2024-04-12 00:42:53,742.2,9998,-2169.0
-30.040405,36.06328,2168.695009925703,6903084.0,52.0,2024-04-21 23:04:48,509.1,9998,-2088.0
-30.73652,35.89222,1881.3739924328704,6903084.0,54.0,2024-05-11 18:43:16,64.7,-1,-1956.0
-30.306528333333333,36.338651666666664,2162.7510819283293,6903084.0,55.0,2024-05-21 22:54:43,494.6,9998,-2150.0
-30.061983333333334,35.73616333333333,2147.0652035780404,6903084.0,56.0,2024-05-31 22:30:59,208.7,9998,-2173.0
-30.175048333333333,35.23159166666667,2321.9562300876314,6903084.0,57.0,2024-06-11 00:27:34,813.0,9998,-2337.0
-30.38163,35.05345,2077.20383950968,6903084.0,58.0,2024-06-20 22:20:25,879.0,9998,-2086.0
-30.18949,34.69253,2724.297285965239,6903084.0,59.0,2024-07-01 04:16:44,889.4,9998,-2722.0
-29.622616666666666,33.94871,2580.2450021718396,6903084.0,60.0,2024-07-11 03:02:37,684.5,9998,-2571.0
-29.308798333333332,34.12330166666667,2504.748304312804,6903084.0,61.0,2024-07-21 02:28:08,1469.6,-1,-2512.0
-29.398805,34.56143,2516.507882476451,6903084.0,62.0,2024-07-31 02:26:37,868.4,9998,-2533.0
-29.855355,34.58551333333333,2608.6471408638054,6903084.0,63.0,2024-08-10 03:36:59,631.6,9998,-2619.0
-30.640053333333334,34.45824,2706.550940009663,6903084.0,64.0,2024-08-20 04:25:36,330.4,9998,-2701.0
-31.507448333333333,34.394481666666664,2879.819194213133,6903084.0,65.0,2024-08-30 05:49:46,1748.1,-1,-2806.0
-32.30412666666667,34.19373,2771.853019457587,6903084.0,66.0,2024-09-09 04:59:38,1794.5,9998,-2773.0
-33.326433333333334,33.325788333333335,2546.1107032190907,6903084.0,67.0,2024-09-19 02:37:11,1485.8,9998,-2530.0
-33.810433333333336,32.425875,3308.805677324391,6903084.0,68.0,2024-09-29 10:41:09,1937.2,9998,-3470.0
-32.48138,31.9422,3608.12162646075,6903084.0,70.0,2024-10-19 13:33:07,2371.5,9998,-3602.0
-32.977491666666666,32.911395,3625.543163820688,6903084.0,71.0,2024-10-29 13:28:14,2274.7,-1,-3492.0
-32.43950666666667,32.877015,3545.6431151979955,6903084.0,72.0,2024-11-08 12:44:08,660.1,9998,-3597.0
-31.894756666666666,32.981265,3460.8225474337373,6903084.0,73.0,2024-11-18 11:51:17,1449.3,9998,-3476.0
-31.901761666666665,32.06751833333333,3539.941853525509,6903084.0,74.0,2024-11-28 12:33:02,1520.5,9998,-3525.0
-31.61734,31.864346666666666,3353.4050865989025,6903084.0,75.0,2024-12-08 10:42:31,1375.9,9998,-3349.0
-31.58849,31.54949,3236.0837400017685,6903084.0,76.0,2024-12-18 10:01:32,4563.8,-1,-3289.0
-31.42486,31.132175,2955.255922028876,6903084.0,77.0,2024-12-28 06:50:02,11279.3,9998,-2934.0
-31.770996666666665,30.317175,2915.0189274216023,6903084.0,78.0,2025-01-07 06:20:38,20607.1,-1,-2888.0
-31.92808,30.29604,2674.892068221179,6903084.0,79.0,2025-01-17 03:59:37,15885.2,9998,-2864.0
-31.536003333333333,30.177011666666665,2059.3094647245935,6903084.0,80.0,2025-01-26 22:14:32,20657.9,9998,-2101.0
-30.53149833333333,31.503765,2943.7182780399876,6903084.0,81.0,2025-02-06 06:24:08,17362.8,9998,-2948.0
-30.64690166666667,32.656765,3021.0489010548354,6903084.0,82.0,2025-02-16 07:31:40,2373.5,9998,-3016.0
-30.405781666666666,33.20489833333333,2835.006614155341,6903084.0,83.0,2025-02-26 05:28:41,779.6,9998,-2874.0
-30.378918333333335,33.59271,2869.3065336588866,6903084.0,84.0,2025-03-08 06:12:42,1477.6,9998,-2873.0
-30.49732,33.57444,2894.750821613026,6903084.0,85.0,2025-03-18 06:38:32,1610.2,9998,-2928.0
-30.37857,33.5861,2883.0226184330318,6903084.0,86.0,2025-03-28 06:03:31,1482.2,9998,-2874.0
-30.269605,33.68107333333333,2814.4585948779422,6903084.0,87.0,2025-04-07 05:17:19,1248.7,9998,-2819.0
-30.239156666666666,33.76077,2781.1427974437847,6903084.0,88.0,2025-04-17 05:18:16,1154.8,9998,-2785.0
-30.22459,33.85864333333333,2747.8182227787142,6903084.0,89.0,2025-04-27 04:47:38,1028.1,9998,-2763.0
-30.345568333333333,33.884573333333336,2799.740995958319,6903084.0,90.0,2025-05-07 05:44:40,1224.5,9998,-2788.0
-30.03825,33.74762,2722.3693962832654,6903084.0,91.0,2025-05-17 04:24:07,701.8,9998,-2726.0
-29.73147,34.12843,2606.7108786224003,6903084.0,92.0,2025-05-27 03:41:15,126.2,-1,-2598.0
-29.593038333333332,34.219276666666666,2580.2510467849147,6903084.0,93.0,2025-06-06 03:27:26,481.1,9998,-2582.0
-29.36462,34.50012,2526.3286483732504,6903084.0,94.0,2025-06-16 02:37:02,986.3,9998,-2520.0
-29.65802,34.79291166666667,2641.0579421715292,6903084.0,95.0,2025-06-26 04:09:39,557.6,9998,-2660.0
-29.756443333333333,34.58208833333333,2595.914651008078,6903084.0,96.0,2025-07-06 03:35:47,532.5,-1,-2591.0
-30.898941666666666,35.07336,2437.6873202350994,6903084.0,97.0,2025-07-16 01:50:14,961.9,9998,-2478.0
-31.405383333333333,35.950536666666665,3162.768640652316,6903084.0,98.0,2025-07-26 08:39:15,1172.6,-1,-2746.0
-31.75784,35.88141,2550.3690005398307,6903084.0,99.0,2025-08-05 03:04:41,833.7,-1,-2250.0
-31.89004,35.68522,2155.591868586164,6903084.0,100.0,2025-08-14 23:03:02,678.0,9998,-2169.0
-32.084356666666665,35.538826666666665,2224.345627320675,6903084.0,101.0,2025-08-24 23:48:33,656.2,9998,-2161.0
-31.96406,35.13419,2017.9340367249404,6903084.0,102.0,2025-09-03 21:48:38,1105.8,9998,-2033.0
-32.33811333333333,34.424225,2412.8586242688243,6903084.0,103.0,2025-09-14 01:42:14,1317.4,9998,-2444.0
-33.26671,34.11906,2212.3356684897367,6903084.0,104.0,2025-09-23 23:50:54,241.2,9998,-2309.0
-33.62341833333333,34.244883333333334,2168.0534018129306,6903084.0,105.0,2025-10-03 23:04:12,176.7,9998,-2306.0
-33.71201333333333,34.17115833333333,2473.4261523256832,6903084.0,106.0,2025-10-14 02:32:07,356.8,9998,-2489.0
-34.09711333333333,34.00787,2331.0194848110136,6903084.0,107.0,2025-10-24 00:49:01,929.7,9998,-2344.0
52.776055,-37.429808333333334,3863.5213296533157,6903085.0,91.0,2023-12-06 02:29:37,1365.6,9998,-3864.0
53.03701,-36.95787333333333,2780.382336791754,6903085.0,92.0,2023-12-15 16:23:36,494.6,-1,-2950.0
53.16384,-37.256863333333335,3094.104198430565,6903085.0,93.0,2023-12-25 19:01:56,541.1,9998,-3006.0
53.23467,-37.34935,3098.968309033065,6903085.0,94.0,2024-01-04 18:58:06,537.8,-1,-3303.0
53.14818666666667,-37.67537333333333,3053.082307889392,6903085.0,95.0,2024-01-14 18:25:03,744.6,9998,-3160.0
52.9495,-38.33727,3614.1480381573897,6903085.0,96.0,2024-01-24 23:56:32,1090.3,-1,-3532.0
52.41175,-38.101905,3729.2794317097637,6903085.0,97.0,2024-02-04 01:26:54,1529.0,9998,-3708.0
52.60001,-38.59522,3550.911340130425,6903085.0,98.0,2024-02-13 23:35:44,1350.2,-1,-3646.0
52.63157833333333,-38.130426666666665,3638.61030664667,6903085.0,99.0,2024-02-24 00:00:42,1497.7,9998,-3642.0
52.375571666666666,-38.255873333333334,3761.430285396294,6903085.0,101.0,2024-03-15 01:53:07,1668.7,9998,-3754.0
52.40979333333333,-38.130608333333335,3736.0977753599277,6903085.0,102.0,2024-03-25 01:22:03,1529.5,9998,-3749.0
52.434871666666666,-38.61873666666666,3765.305657794083,6903085.0,103.0,2024-04-04 01:56:25,1764.4,-1,-3738.0
52.246583333333334,-39.05609666666667,3661.144971330927,6903085.0,104.0,2024-04-14 00:47:09,2397.7,-1,-3771.0
51.83855333333333,-38.831588333333336,3453.65083315466,6903085.0,105.0,2024-04-23 22:10:07,3010.8,-1,-3606.0
51.77631,-38.79567,3529.725956774476,6903085.0,106.0,2024-05-03 23:06:17,2852.5,9998,-3544.0
59.53216333333334,-39.920498333333335,2926.413823526003,6903086.0,91.0,2023-12-08 17:10:40,235.1,9998,-2911.0
59.48822,-39.63234333333333,2983.079341034491,6903086.0,92.0,2023-12-18 17:39:39,544.1,9998,-2942.0
59.43074,-40.35648,2758.3383508600755,6903086.0,93.0,2023-12-28 16:25:05,649.2,9998,-2716.0
59.19742,-39.19578,3037.8384309879284,6903086.0,94.0,2024-01-07 18:36:39,1231.4,9998,-3080.0
58.36109166666667,-39.36948,3156.174609155092,6903086.0,95.0,2024-01-17 19:48:38,453.2,9998,-3161.0
58.472498333333334,-39.974725,3120.0309069704003,6903086.0,96.0,2024-01-27 19:16:01,654.4,9998,-3122.0
58.95601666666666,-39.76669666666667,3058.403310229162,6903086.0,97.0,2024-02-06 18:42:39,1255.6,9998,-3055.0
58.792613333333335,-41.76061166666667,2883.597719144352,6903086.0,98.0,2024-02-16 17:01:44,658.8,9998,-2782.0
58.13417333333334,-43.66885333333333,2964.849938620353,6903086.0,99.0,2024-02-26 17:27:12,112.5,9998,-2967.0
57.769945,-45.04848166666667,2801.735019367277,6903086.0,100.0,2024-03-07 16:22:44,686.4,9998,-2848.0
57.702225,-45.982545,2839.8756788677533,6903086.0,101.0,2024-03-17 16:23:08,502.0,9998,-2876.0
57.42036,-46.50744,3168.1341031217676,6903086.0,102.0,2024-03-27 19:31:55,779.7,9998,-3190.0
57.331716666666665,-46.348315,3367.1780245725536,6903086.0,103.0,2024-04-06 21:44:45,666.0,9998,-3373.0
57.07482,-44.53343,3498.859144041858,6903086.0,104.0,2024-04-16 22:49:06,122.3,-1,-3503.0
57.13199,-43.7851,3478.375149756632,6903086.0,105.0,2024-04-26 22:55:46,288.3,9998,-3516.0
57.04060666666667,-43.980435,3453.058813706879,6903086.0,106.0,2024-05-06 22:30:37,254.0,-1,-3455.0
56.74647,-43.648406666666666,3526.243643749542,6903086.0,107.0,2024-05-16 23:11:43,609.4,9998,-3450.0
56.83542333333333,-43.880761666666665,3445.320029521345,6903086.0,108.0,2024-05-26 22:31:32,502.6,9998,-3447.0
56.77113,-44.03237333333333,3380.0142652671407,6903086.0,109.0,2024-06-05 21:51:36,326.5,9998,-3333.0
56.91270333333333,-44.577238333333334,3507.6782078373553,6903086.0,110.0,2024-06-15 23:13:40,118.1,-1,-3514.0
56.79499166666667,-45.00479,3523.30567816393,6903086.0,111.0,2024-06-25 23:06:44,150.9,-1,-3523.0
57.001938333333335,-44.827283333333334,3502.778971678079,6903086.0,112.0,2024-07-05 23:09:05,157.4,-1,-3409.0
56.68934,-44.513081666666665,3545.749781642549,6903086.0,113.0,2024-07-15 23:40:13,262.8,-1,-3488.0
56.90028,-44.39499333333333,3503.7836096116816,6903086.0,114.0,2024-07-25 22:58:39,219.1,-1,-3510.0
57.22014,-44.63217,3504.6637211635684,6903086.0,115.0,2024-08-04 23:01:38,182.5,9998,-3539.0
57.376236666666664,-44.780793333333335,3457.8351443769457,6903086.0,116.0,2024-08-14 22:09:30,752.0,9998,-3460.0
57.213155,-44.710495,3518.309034257908,6903086.0,117.0,2024-08-24 23:18:07,187.0,9998,-3535.0
56.88154,-44.616366666666664,3510.611111139959,6903086.0,118.0,2024-09-03 23:11:26,121.4,-1,-3509.0
56.654936666666664,-44.658325,3525.2964911269405,6903086.0,119.0,2024-09-13 23:09:41,279.1,-1,-3448.0
56.469073333333334,-45.034,3479.544963150752,6903086.0,120.0,2024-09-23 22:34:36,290.4,-1,-3499.0
56.40269333333333,-45.107913333333336,3487.362291571386,6903086.0,121.0,2024-10-03 22:59:06,392.9,-1,-3568.0
56.24917666666666,-44.739441666666664,3364.5607351562203,6903086.0,122.0,2024-10-13 21:35:08,409.6,-1,-3358.0
56.010911666666665,-44.740876666666665,3251.468777190584,6903086.0,123.0,2024-10-23 20:47:25,504.3,-1,-3256.0
55.857841666666666,-44.659805,3184.17186117135,6903086.0,124.0,2024-11-02 19:47:33,312.4,-1,-3236.0
55.73231,-44.199146666666664,3232.0296692614843,6903086.0,125.0,2024-11-12 20:48:11,339.7,9998,-3223.0
55.50986,-43.52202,3356.971395122651,6903086.0,126.0,2024-11-22 21:29:45,112.3,9998,-3351.0
55.25851,-43.418058333333335,3303.3924650013314,6903086.0,127.0,2024-12-02 21:03:44,329.8,-1,-3323.0
55.088188333333335,-43.40616166666667,3240.01667909953,6903086.0,128.0,2024-12-12 20:49:40,404.4,-1,-3230.0
55.45383833333333,-43.693365,3275.042826351832,6903086.0,129.0,2024-12-22 21:10:06,124.9,9998,-3297.0
56.15013,-43.26981,3358.7375543450557,6903086.0,130.0,2025-01-01 21:42:05,576.3,-1,-3429.0
56.62913,-43.33972,3319.5873642878046,6903086.0,131.0,2025-01-11 21:05:17,506.6,9998,-3424.0
56.69134,-43.33704,3520.413054729654,6903086.0,132.0,2025-01-21 22:48:10,517.0,9998,-3511.0
56.79254,-43.19418,3448.2570460007487,6903086.0,133.0,2025-01-31 22:21:57,334.7,9998,-3440.0
56.94980666666667,-43.28582,3425.789208110783,6903086.0,134.0,2025-02-10 21:57:47,230.3,9998,-3405.0
57.27407,-43.45184,3437.3940794836917,6903086.0,135.0,2025-02-20 22:27:44,299.7,9998,-3451.0
57.733403333333335,-43.10191,3379.7410318065695,6903086.0,136.0,2025-03-02 21:46:36,895.0,9998,-3345.0
57.78423166666666,-42.602435,3303.659293200699,6903086.0,137.0,2025-03-12 21:10:02,945.7,9998,-3297.0
58.103678333333335,-41.88758,3119.1497514554476,6903086.0,138.0,2025-03-22 19:09:28,884.9,9998,-3163.0
58.81064833333333,-42.02583,2645.028733002611,6903086.0,139.0,2025-04-01 14:31:45,1526.9,9998,-2660.0
57.911361666666664,-44.4266,2908.2374560199914,6903086.0,140.0,2025-04-11 16:53:29,474.2,9998,-2967.0
57.502253333333336,-44.800016666666664,3359.3286999125517,6903086.0,141.0,2025-04-21 21:59:33,1314.6,9998,-3337.0
57.67632,-44.33601,3350.5032759123224,6903086.0,142.0,2025-05-01 22:36:59,1440.1,9998,-3296.0
73.36423166666667,7.996173333333333,2265.8334568468904,6903571.0,131.0,2023-12-06 21:43:06,747.3,9998,-2215.0
73.34154,8.02406,2206.1078886623345,6903571.0,132.0,2023-12-16 20:53:45,704.9,9998,-2499.0
73.57929,7.50247,2698.0925826391276,6903571.0,136.0,2024-01-26 02:27:58,451.7,9998,-2103.0
72.97422666666667,6.0024766666666665,2139.5462664876873,6903571.0,138.0,2024-02-14 19:59:45,826.4,9998,-2158.0
72.83764,6.08531,2230.646477855514,6903571.0,139.0,2024-02-24 20:22:39,782.5,9998,-2287.0
72.68453,6.7206866666666665,2487.0635215884304,6903571.0,140.0,2024-03-05 23:24:34,1349.0,9998,-2554.0
72.13768666666667,3.8917016666666666,2657.2524824945417,6903571.0,141.0,2024-03-16 01:29:28,1673.8,9998,-2654.0
72.37276666666666,2.8816916666666668,2541.868677176451,6903571.0,142.0,2024-03-25 23:35:57,1698.7,9998,-2536.0
72.4193,3.386125,2463.6238488508116,6903571.0,143.0,2024-04-04 22:49:37,1626.8,9998,-2417.0
72.63598,1.80116,1921.9956005961096,6903571.0,144.0,2024-04-14 17:29:29,619.1,9998,-2493.0
72.51459666666666,3.612363333333333,2084.7311763914763,6903571.0,146.0,2024-05-04 19:40:37,1143.0,9998,-1945.0
72.74988666666667,4.424195,2508.5707075775244,6903571.0,147.0,2024-05-14 23:25:06,890.2,9998,-2456.0
72.68907,4.82366,2411.740760306089,6903571.0,148.0,2024-05-24 22:30:40,998.1,9998,-2237.0
73.31523,6.50563,2035.6466418504037,6903571.0,152.0,2024-06-12 20:36:02,634.0,9998,-2095.0
73.26653166666667,6.22794,2343.173139995837,6903571.0,153.0,2024-06-15 21:39:41,814.0,9998,-2326.0
73.2689,5.73536,1900.358354690001,6903571.0,154.0,2024-06-18 17:08:41,476.5,9998,-2242.0
73.20385333333333,5.595063333333333,2169.8864143800765,6903571.0,155.0,2024-06-21 20:01:38,571.7,9998,-2293.0
72.98905,10.97347,2476.265530794365,6903571.0,156.0,2024-06-24 23:16:47,444.3,9998,-1984.0
73.08722,5.30599,2248.24230807237,6903571.0,157.0,2024-06-27 20:44:08,609.7,9998,-2409.0
72.91994166666667,5.385256666666667,2547.662091416999,6903571.0,163.0,2024-07-16 00:40:42,1184.9,9998,-2487.0
72.15862,-0.4656516666666667,2245.4147962446177,6903573.0,123.0,2023-12-05 00:20:57,315.0,9998,-2249.0
72.114,-0.5049016666666667,2549.7264003825944,6903573.0,124.0,2023-12-15 03:12:25,482.1,9998,-2546.0
72.13856166666666,-0.298935,2249.333867280009,6903573.0,125.0,2023-12-25 00:19:35,438.4,9998,-2255.0
72.19041,0.23434,2488.106920146613,6903573.0,126.0,2024-01-04 02:16:08,468.0,9998,-2271.0
72.13286166666667,0.8709533333333332,2485.1804269156546,6903573.0,127.0,2024-01-14 03:03:38,1274.7,9998,-2626.0
72.05174333333333,1.0731233333333334,2364.8537137560966,6903573.0,128.0,2024-01-24 01:17:08,1368.9,9998,-2386.0
71.82857833333334,0.429525,2345.308756408684,6903573.0,129.0,2024-02-03 01:17:25,1189.7,9998,-2466.0
71.309595,-1.9492416666666668,2383.5443932452818,6903573.0,130.0,2024-02-13 01:48:56,2185.9,9998,-2409.0
71.33391166666667,-2.406545,2269.995518068422,6903573.0,131.0,2024-02-23 00:37:51,1546.6,-1,-2012.0
71.35825,-3.81407,1987.8255704864896,6903573.0,132.0,2024-03-03 21:31:37,734.0,9998,-2135.0
71.38214166666667,-4.074071666666667,2100.538291928562,6903573.0,133.0,2024-03-13 23:06:41,700.2,9998,-2119.0
71.20662,-7.92553,2163.26237646137,6903573.0,134.0,2024-03-24 00:04:06,389.7,9998,-1807.0
71.526795,-3.737468333333333,2602.604010779715,6903573.0,135.0,2024-04-03 03:34:09,993.5,9998,-2630.0
71.36872,-3.25449,1742.584459821255,6903573.0,136.0,2024-04-12 20:07:34,489.6,9998,-1732.0
71.52241833333333,-3.950845,2749.191406740043,6903573.0,137.0,2024-04-23 05:06:37,859.8,9998,-2971.0
71.65714333333334,-3.7535266666666667,1981.9101912266042,6903573.0,138.0,2024-05-02 21:41:39,396.6,9998,-1971.0
71.789235,-3.7725933333333335,1427.2457186854585,6903573.0,139.0,2024-05-12 16:47:14,88.9,9998,-1503.0
71.95801,-3.93723,2020.1092441431597,6903573.0,140.0,2024-05-22 23:45:09,251.0,9998,-2015.0
49.057455,-30.253876666666667,3682.666221277194,6903870.0,91.0,2023-12-01 00:54:16,2260.7,-1,-3618.0
49.26672666666666,-30.368975,3262.2045389363034,6903870.0,92.0,2023-12-10 20:54:00,1852.7,-1,-3201.0
49.151048333333335,-30.45829,3683.6092049611125,6903870.0,93.0,2023-12-21 01:25:44,2086.0,-1,-3652.0
49.192188333333334,-30.410245,3602.700414142208,6903870.0,94.0,2023-12-31 00:28:24,2057.2,-1,-3327.0
49.18007333333333,-30.443715,3663.134816690608,6903870.0,95.0,2024-01-10 00:50:46,2056.4,-1,-3525.0
49.31365,-30.40695,3289.525663286012,6903870.0,96.0,2024-01-19 21:16:04,1785.9,-1,-3526.0
49.49604,-30.3479,3507.0505342745996,6903870.0,97.0,2024-01-29 23:24:12,1815.0,-1,-2857.0
49.583378333333336,-30.155183333333333,3438.7478016044556,6903870.0,98.0,2024-02-08 22:34:10,1914.6,-1,-3352.0
49.77693166666667,-30.294046666666667,3358.682592193014,6903870.0,99.0,2024-02-18 21:42:44,1845.4,-1,-3172.0
49.74890166666667,-30.272663333333334,3378.207211725429,6903870.0,100.0,2024-02-28 22:24:09,1823.5,-1,-3240.0
49.670305,-30.259161666666667,3429.940916544701,6903870.0,101.0,2024-03-09 22:59:38,1826.2,-1,-3476.0
49.725703333333335,-30.26488833333333,3247.423404779346,6903870.0,102.0,2024-03-19 21:09:34,1746.4,-1,-3284.0
49.59805,-30.14287,3342.147067609357,6903870.0,103.0,2024-03-29 21:26:27,1871.9,-1,-3286.0
49.75630666666667,-30.156916666666667,3076.488159169064,6903870.0,104.0,2024-04-08 19:00:25,1746.8,-1,-2987.0
49.87135833333333,-30.083413333333333,2942.5531639355154,6903870.0,105.0,2024-04-18 17:35:38,1765.6,-1,-2961.0
49.929476666666666,-30.199555,3034.4208810389114,6903870.0,106.0,2024-04-28 18:40:57,1847.8,-1,-3009.0
49.83754666666667,-30.209186666666668,3276.6783772746353,6903870.0,107.0,2024-05-08 20:59:17,1876.6,-1,-3274.0
49.61561833333333,-30.165361666666666,3327.502260299196,6903870.0,108.0,2024-05-18 21:35:36,1846.0,-1,-3298.0
49.4729,-30.041336666666666,3515.83467747513,6903870.0,109.0,2024-05-28 23:07:12,2170.8,-1,-3339.0
49.14017,-30.28205,3573.4709638005884,6903870.0,110.0,2024-06-07 23:56:37,2184.3,-1,-3417.0
49.018123333333335,-30.553403333333332,2902.6898844137245,6903870.0,111.0,2024-06-17 17:10:36,1742.6,-1,-2987.0
48.94708833333333,-30.869841666666666,3371.623401583509,6903870.0,112.0,2024-06-27 22:23:08,1789.7,9998,-3325.0
49.014556666666664,-30.920513333333332,3308.162888062125,6903870.0,113.0,2024-07-07 20:34:13,1699.8,9998,-3412.0
49.23233333333334,-31.080123333333333,3501.2834113967306,6903870.0,114.0,2024-07-17 23:02:08,1438.3,9998,-3569.0
49.40374666666666,-31.013131666666666,3357.820910796047,6903870.0,115.0,2024-07-27 21:23:59,1254.8,9998,-3363.0
49.37955,-30.86308,3488.5577966844276,6903870.0,116.0,2024-08-06 22:58:11,1389.2,-1,-3507.0
49.39908,-30.73677,3822.8271724481738,6903870.0,117.0,2024-08-17 03:21:49,1598.4,-1,-3455.0
49.32334,-30.48229,3053.1569007470916,6903870.0,118.0,2024-08-26 18:39:15,1542.7,-1,-3419.0
49.25264166666667,-30.369396666666667,3236.822953756209,6903870.0,119.0,2024-09-05 20:29:42,1844.7,-1,-3113.0
49.31911,-30.60507,3367.605502978647,6903870.0,120.0,2024-09-15 22:16:07,1562.0,-1,-3391.0
49.650776666666665,-30.782693333333334,3410.4353792771517,6903870.0,121.0,2024-09-25 22:28:12,1525.6,-1,-3225.0
49.8789,-30.96116,3342.0616225796743,6903870.0,122.0,2024-10-05 21:33:04,2271.4,-1,-3127.0
49.93525666666667,-31.120031666666666,3450.3430505672227,6903870.0,123.0,2024-10-15 23:04:09,2551.8,-1,-3312.0
49.944741666666665,-31.303211666666666,3586.8568492353943,6903870.0,124.0,2024-10-26 00:21:10,2599.1,-1,-3161.0
50.02757,-31.583711666666666,3533.2087333529585,6903870.0,125.0,2024-11-05 00:00:37,2561.3,-1,-3752.0
54.17084333333333,-28.41618666666667,3096.759537627515,6903871.0,91.0,2023-12-06 16:48:41,452.8,-1,-3051.0
54.319035,-28.013865,3058.62831156317,6903871.0,92.0,2023-12-16 16:06:10,206.6,9998,-3007.0
54.364241666666665,-27.851606666666665,3003.909966990019,6903871.0,93.0,2023-12-26 15:27:08,369.3,-1,-2915.0
54.76519,-26.948553333333333,3185.4486588000955,6903871.0,94.0,2024-01-05 17:39:13,2901.6,9998,-3219.0
55.23258833333333,-27.558321666666668,3102.3323657507162,6903871.0,95.0,2024-01-15 16:43:37,918.8,9998,-3020.0
55.39519833333333,-27.28738,3103.265266020833,6903871.0,96.0,2024-01-25 16:44:16,1014.2,-1,-3088.0
55.58341333333333,-26.99834,3069.0357690028363,6903871.0,97.0,2024-02-04 16:27:03,1027.2,9998,-3073.0
56.044358333333335,-26.325123333333334,3134.335742473806,6903871.0,98.0,2024-02-14 16:52:46,1603.0,9998,-3138.0
56.11924333333333,-26.34975,3129.4341878586574,6903871.0,99.0,2024-02-24 16:58:37,1529.0,-1,-3103.0
56.071955,-26.84005,2923.347727992302,6903871.0,100.0,2024-03-05 14:49:36,289.8,9998,-2947.0
56.438485,-27.029825,2822.5809476733984,6903871.0,101.0,2024-03-15 13:48:43,680.7,9998,-2814.0
56.75698,-26.30169,2735.4780288422057,6903871.0,102.0,2024-03-25 13:12:30,436.4,9998,-2750.0
57.402575,-24.075266666666668,2887.838988876247,6903871.0,103.0,2024-04-04 14:11:02,2090.5,-1,-2897.0
57.562756666666665,-22.76443666666667,2992.3430414205063,6903871.0,104.0,2024-04-14 15:37:12,1694.5,9998,-2993.0
57.17786,-23.39835,3056.9010211046607,6903871.0,105.0,2024-04-24 16:28:06,2811.3,9998,-3041.0
56.992055,-24.182151666666666,2951.45500632857,6903871.0,106.0,2024-05-04 15:26:45,2916.0,9998,-2942.0
57.11316166666667,-25.989931666666667,2741.2636456843584,6903871.0,107.0,2024-05-14 13:12:11,94.8,9998,-2698.0
57.50564166666667,-27.18651,2720.6357146123455,6903871.0,108.0,2024-05-24 13:10:13,326.4,-1,-2651.0
57.688788333333335,-25.901965,2786.111059832579,6903871.0,109.0,2024-06-03 13:55:37,1167.4,9998,-2740.0
57.349376666666664,-24.956781666666668,2756.8558296598303,6903871.0,110.0,2024-06-13 13:26:36,621.9,9998,-2798.0
57.41303,-24.566681666666668,2826.2589437857214,6903871.0,111.0,2024-06-23 13:42:40,1121.4,-1,-2829.0
58.251525,-24.136646666666667,2848.5428541476745,6903871.0,112.0,2024-07-03 14:15:35,2453.5,9998,-2854.0
58.99408833333333,-22.200173333333332,2849.3465367587464,6903871.0,113.0,2024-07-13 14:19:32,1886.1,9998,-2871.0
59.580425,-21.07523,2843.347296114639,6903871.0,114.0,2024-07-23 14:03:09,1470.0,9998,-2859.0
59.04716166666667,-20.71702,2836.6286552834395,6903871.0,115.0,2024-08-02 14:03:04,384.5,-1,-2847.0
58.172685,-21.066271666666665,2959.956063096264,6903871.0,116.0,2024-08-12 15:16:41,1910.2,9998,-2966.0
59.36651666666667,-21.013238333333334,2850.2375992555603,6903871.0,117.0,2024-08-22 14:08:04,1655.1,9998,-2875.0
59.40146166666667,-22.112418333333334,2742.7010644848374,6903871.0,118.0,2024-09-01 13:13:46,821.9,9998,-2737.0
60.221545,-21.570655,2686.7838812648583,6903871.0,119.0,2024-09-11 12:41:08,1582.0,9998,-2690.0
60.256245,-20.082878333333333,2649.6108336503544,6903871.0,120.0,2024-09-21 12:12:36,939.5,9998,-2653.0
60.21311,-20.101391666666668,2666.2475058204427,6903871.0,121.0,2024-10-01 12:21:36,1065.3,9998,-2668.0
59.99011,-20.54184,2758.214242524795,6903871.0,122.0,2024-10-11 13:07:07,998.4,9998,-2775.0
59.46941,-19.74822,2737.7970947999697,6903871.0,123.0,2024-10-21 13:05:36,729.2,9998,-2744.0
59.18091666666667,-19.369976666666666,2795.544427990274,6903871.0,124.0,2024-10-31 13:52:33,991.8,9998,-2782.0
59.481676666666665,-18.725828333333332,2744.6388012498246,6903871.0,125.0,2024-11-10 13:09:50,1303.0,9998,-2738.0
60.11870166666667,-19.008981666666667,2627.1415347215984,6903871.0,126.0,2024-11-20 12:16:11,1158.7,9998,-2643.0
60.366121666666665,-20.529776666666667,2632.95904471506,6903871.0,127.0,2024-11-30 12:16:15,1214.3,9998,-2639.0
59.67052,-19.480828333333335,2726.019067002056,6903871.0,128.0,2024-12-10 13:00:36,365.0,-1,-2717.0
60.359251666666665,-19.082031666666666,2567.4115256270934,6903871.0,129.0,2024-12-20 11:36:10,1026.5,9998,-2561.0
60.099555,-18.556433333333334,2595.839570045368,6903871.0,130.0,2024-12-30 11:46:05,1192.7,9998,-2577.0
60.43506,-17.65327,2587.9432977301567,6903871.0,131.0,2025-01-09 11:51:44,927.0,9998,-2588.0
61.07346,-17.00461,2476.2532655415844,6903871.0,132.0,2025-01-19 10:39:34,1584.8,9998,-2470.0
61.29729,-16.42747,2419.4302646961755,6903871.0,133.0,2025-01-29 10:09:45,512.5,9998,-2419.0
61.32262333333333,-16.007031666666666,2391.030047548861,6903871.0,134.0,2025-02-08 09:58:23,418.8,9998,-2392.0
61.45710666666667,-15.953736666666666,2355.750701699876,6903871.0,135.0,2025-02-18 09:33:41,524.6,9998,-2361.0
61.4579,-16.20316,2374.35775301371,6903871.0,136.0,2025-02-28 09:42:42,457.7,9998,-2378.0
61.50875,-15.36719,2211.7263260206505,6903871.0,137.0,2025-03-10 07:45:40,450.5,9998,-2281.0
61.752825,-15.95858,2299.8668719817824,6903871.0,138.0,2025-03-20 09:05:57,407.6,9998,-2298.0
61.756875,-17.34286833333333,2326.313744936505,6903871.0,139.0,2025-03-30 09:28:09,888.4,9998,-2318.0
62.12728166666667,-17.11938333333333,2215.54099757297,6903871.0,140.0,2025-04-09 08:09:48,832.5,9998,-2254.0
61.6371,-20.29134,1981.2770744295121,6903871.0,142.0,2025-04-29 05:37:28,255.0,9998,-1967.0
60.96576833333334,-38.80486166666667,2765.8216429863855,6903872.0,91.0,2023-12-08 13:57:39,444.2,9998,-2794.0
60.89018,-37.84267,2848.914058635284,6903872.0,92.0,2023-12-18 14:10:08,337.8,9998,-2848.0
61.21975666666667,-37.996278333333336,2751.1033343939484,6903872.0,93.0,2023-12-28 13:16:05,465.1,9998,-2748.0
61.37614333333333,-37.741398333333336,2682.6283556602393,6903872.0,94.0,2024-01-07 12:49:38,348.4,9998,-2720.0
61.54411833333333,-38.17273333333333,2516.29022030926,6903872.0,95.0,2024-01-17 11:03:22,443.6,9998,-2503.0
61.178383333333336,-39.416178333333335,2517.3403867746492,6903872.0,96.0,2024-01-27 11:04:29,633.4,9998,-2574.0
60.969565,-39.68435,2530.1038351209204,6903872.0,97.0,2024-02-06 11:13:45,667.4,9998,-2510.0
60.634721666666664,-39.65452333333333,2545.8281237470505,6903872.0,98.0,2024-02-16 11:29:07,765.8,9998,-2588.0
60.392935,-39.16442333333333,2807.9789079631946,6903872.0,99.0,2024-02-26 14:06:33,544.5,9998,-2811.0
60.55485,-40.97319,2219.7320861875814,6903872.0,100.0,2024-03-07 08:08:02,2957.2,9998,-2147.0
59.539188333333335,-41.954555,1939.4082414578065,6903872.0,101.0,2024-03-17 04:41:03,5274.2,9998,-1888.0
58.63115,-44.12309,1727.441509526321,6903872.0,102.0,2024-03-27 01:49:11,1599.8,9998,-1590.0
58.406398333333335,-44.97517666666667,1938.605954877599,6903872.0,103.0,2024-04-06 02:58:44,851.9,9998,-2009.0
59.075948333333336,-45.63391333333333,2391.457895242205,6903872.0,104.0,2024-04-16 09:18:56,1528.3,9998,-2369.0
59.879335,-47.65313333333334,2880.4125194314415,6903872.0,105.0,2024-04-26 14:13:40,7034.8,9998,-2722.0
60.65091833333334,-50.25241833333333,2967.176291269988,6903872.0,106.0,2024-05-06 15:12:34,4187.4,9998,-2983.0
59.59171166666667,-52.248085,3409.446070245281,6903872.0,107.0,2024-05-16 19:28:47,1450.8,-1,-3423.0
59.23987,-49.66484,3416.366632085698,6903872.0,108.0,2024-05-26 19:52:07,19.1,9998,-3442.0
59.002725,-51.83698833333333,3480.759428823226,6903872.0,109.0,2024-06-05 20:26:15,1279.8,-1,-3490.0
59.50981,-52.11262,3421.165679683095,6903872.0,110.0,2024-06-15 20:12:33,1462.4,-1,-3434.0
58.67919333333333,-52.480185,3463.3092154358806,6903872.0,111.0,2024-06-25 20:18:11,682.8,-1,-3461.0
58.306835,-52.098971666666664,3476.08529213968,6903872.0,112.0,2024-07-05 20:22:30,472.4,-1,-3527.0
57.83045666666666,-51.16995166666667,3568.7923093546174,6903872.0,113.0,2024-07-15 21:28:03,345.5,9998,-3550.0
57.226355,-51.32458333333334,3559.2297866361055,6903872.0,114.0,2024-07-25 20:59:37,366.5,-1,-3568.0
57.37830833333334,-52.827616666666664,3475.37919883631,6903872.0,115.0,2024-08-04 20:37:15,1867.8,9998,-3471.0
58.13135166666667,-52.25461,3465.4148780210858,6903872.0,116.0,2024-08-14 20:31:39,864.4,-1,-3449.0
58.102495,-52.17751,3457.625833841984,6903872.0,117.0,2024-08-24 19:55:35,746.4,-1,-3447.0
57.567655,-53.108088333333335,3466.5520953409386,6903872.0,118.0,2024-09-03 20:38:36,1766.8,9998,-3457.0
58.209183333333335,-53.07570333333334,3464.4179173062344,6903872.0,119.0,2024-09-13 20:22:15,1589.0,-1,-3467.0
58.808238333333335,-51.241996666666665,3510.048466647092,6903872.0,120.0,2024-09-23 20:40:24,962.3,9998,-3522.0
59.00879,-51.52821333333333,3489.528096114044,6903872.0,121.0,2024-10-03 20:39:38,1370.3,9998,-3487.0
58.816628333333334,-52.04293833333333,3492.506285833889,6903872.0,122.0,2024-10-13 20:19:56,792.2,-1,-3488.0
58.351304999999996,-52.191163333333336,3465.3518832887057,6903872.0,123.0,2024-10-23 20:07:05,552.4,-1,-3576.0
58.032415,-51.712671666666665,3459.5952888304328,6903872.0,124.0,2024-11-02 19:45:40,311.4,9998,-3502.0
57.963431666666665,-51.30679,3556.087852972686,6903872.0,125.0,2024-11-12 20:59:39,427.8,9998,-3582.0
58.09383833333333,-50.484973333333336,3553.126622014094,6903872.0,126.0,2024-11-22 20:43:14,270.6,9998,-3563.0
57.74615,-50.47206666666667,3580.5077074716196,6903872.0,127.0,2024-12-02 21:25:11,480.9,-1,-3628.0
57.81657166666667,-50.80792,3587.3057446426833,6903872.0,128.0,2024-12-12 21:22:17,143.9,9998,-3621.0
57.441093333333335,-51.284018333333336,3526.0373579010247,6903872.0,129.0,2024-12-22 20:11:34,170.9,9998,-3519.0
57.485128333333336,-50.713181666666664,3681.8783483153616,6903872.0,130.0,2025-01-01 22:32:39,550.3,-1,-3593.0
57.41154,-50.6122,3620.5462763033356,6903872.0,131.0,2025-01-11 21:26:42,365.0,-1,-3648.0
57.801805,-50.38149,3585.361877055914,6903872.0,132.0,2025-01-21 21:14:31,423.7,-1,-3620.0
57.77448833333333,-50.05605333333333,3570.757368987608,6903872.0,133.0,2025-01-31 21:49:01,440.5,-1,-3583.0
57.276318333333336,-50.32115833333334,3628.3794602704083,6903872.0,134.0,2025-02-10 21:10:54,241.6,-1,-3603.0
57.478825,-49.76656166666667,3599.0965082944645,6903872.0,135.0,2025-02-20 21:09:05,430.9,-1,-3599.0
57.94313,-49.20816,3548.2996252078,6903872.0,136.0,2025-03-02 20:58:34,1018.4,9998,-3561.0
57.959555,-49.433883333333334,3554.1404702968753,6903872.0,137.0,2025-03-12 21:09:03,1036.9,-1,-3547.0
57.65849166666667,-49.57009,3583.4563941293823,6903872.0,138.0,2025-03-22 21:30:32,620.4,-1,-3586.0
57.52488666666667,-49.680235,3596.160300369851,6903872.0,139.0,2025-04-01 21:24:34,457.1,-1,-3600.0
57.08999,-49.81404,3618.6959837134577,6903872.0,140.0,2025-04-11 21:19:09,664.9,-1,-3620.0
56.688995,-49.818268333333336,3658.75259204411,6903872.0,141.0,2025-04-21 22:21:02,369.3,-1,-3696.0
56.78919,-49.342785,3653.851975293453,6903872.0,142.0,2025-05-01 22:02:44,379.8,-1,-3642.0
56.65528666666667,-48.44514,3641.2318815335925,6903872.0,143.0,2025-05-11 21:32:38,379.7,9998,-3640.0
55.84616833333333,-48.541475,3696.9975948519836,6903872.0,144.0,2025-05-21 22:44:48,404.8,9998,-3700.0
56.509935,-49.236623333333334,3683.155022413686,6903872.0,145.0,2025-05-31 22:34:04,405.0,9998,-3683.0
56.497485,-48.46510333333333,3682.18509619557,6903872.0,146.0,2025-06-10 22:47:05,278.7,9998,-3679.0
56.325118333333336,-48.59267166666667,3673.474377074826,6903872.0,147.0,2025-06-20 22:43:08,91.5,9998,-3692.0
56.08764333333333,-48.56534166666667,3690.10447436974,6903872.0,148.0,2025-06-30 22:33:42,237.1,-1,-3676.0
56.267561666666666,-48.412255,3686.1525131999283,6903872.0,149.0,2025-07-10 23:20:13,168.1,-1,-3653.0
53.64609166666666,-26.398071666666667,3661.664329004923,6990538.0,17.0,2023-12-02 00:56:05,4764.5,-1,-3663.0
53.68288,-25.158021666666667,3535.950488836575,6990538.0,18.0,2023-12-11 23:34:26,4477.8,-1,-3676.0
53.885646666666666,-24.43685333333333,3333.0576971946516,6990538.0,19.0,2023-12-21 21:54:44,1849.3,-1,-2395.0
53.874446666666664,-24.36374,2667.669630044793,6990538.0,20.0,2023-12-31 14:32:46,1339.9,-1,-2735.0
53.917093333333334,-24.39371,2610.894953083203,6990538.0,21.0,2024-01-10 13:59:40,1434.7,-1,-2651.0
54.042163333333335,-24.306568333333335,3481.249919301666,6990538.0,22.0,2024-01-20 22:57:41,1866.8,9998,-3469.0
54.07626,-24.18594,3469.5401667320834,6990538.0,23.0,2024-01-30 22:47:53,1602.1,9998,-3420.0
54.08349666666667,-24.563305,3364.2159926383715,6990538.0,24.0,2024-02-09 22:11:27,2150.6,-1,-3427.0
54.073476666666664,-24.687173333333334,3300.8063351262927,6990538.0,25.0,2024-02-19 20:52:05,2196.2,-1,-3307.0
53.888841666666664,-24.624226666666665,3492.0208226649834,6990538.0,26.0,2024-02-29 22:54:34,2373.1,-1,-3389.0
53.465493333333335,-24.470101666666668,3462.901420358868,6990538.0,27.0,2024-03-10 23:01:09,1914.3,-1,-3462.0
52.96393,-24.470928333333333,3761.2332979630705,6990538.0,28.0,2024-03-21 02:03:54,1719.3,-1,-3776.0
52.74314,-23.78203,3412.4112877284338,6990538.0,29.0,2024-03-30 22:45:08,2155.9,-1,-3591.0
53.187465,-26.627375,3657.915872433836,6990538.0,30.0,2024-04-10 00:24:58,4511.1,9998,-3682.0
53.32752333333333,-27.164415,3770.8494269935372,6990538.0,31.0,2024-04-20 02:34:37,5273.3,-1,-3717.0
53.166155,-27.160713333333334,3762.1396160369472,6990538.0,32.0,2024-04-30 02:27:08,5101.9,-1,-3723.0
53.56741,-25.61922,3656.818845378212,6990538.0,33.0,2024-05-10 01:02:33,4972.5,-1,-3649.0
52.65452333333333,-25.292151666666665,3460.2250692024973,6990538.0,34.0,2024-05-19 22:25:29,1963.0,-1,-3443.0
52.72166166666667,-26.978121666666667,3769.104561969693,6990538.0,35.0,2024-05-30 02:14:00,3032.9,-1,-3774.0
53.16829166666667,-27.030011666666667,3693.9652240483324,6990538.0,36.0,2024-06-09 01:18:17,5246.9,-1,-3704.0
53.53829833333333,-27.395585,3601.2923945028033,6990538.0,37.0,2024-06-19 00:24:34,4481.3,9998,-3616.0
53.184045,-27.594008333333335,3620.893639516398,6990538.0,38.0,2024-06-29 00:37:07,2919.7,-1,-3612.0
53.10328333333333,-26.418321666666667,3639.432127330279,6990538.0,39.0,2024-07-09 00:43:18,3584.4,9998,-3661.0
53.23236833333333,-26.047798333333333,3646.2104674522716,6990538.0,40.0,2024-07-19 00:39:31,1284.1,-1,-3621.0
53.18733,-25.0386,3511.735083043193,6990538.0,41.0,2024-07-28 23:29:40,4157.7,-1,-3558.0
52.547275,-24.419603333333335,3711.702404463666,6990538.0,42.0,2024-08-08 01:25:33,1809.7,-1,-3680.0
52.09757,-24.33485,3432.1149176897275,6990538.0,43.0,2024-08-17 22:37:17,2021.9,9998,-3433.0
52.42606166666667,-24.161428333333333,3497.348348667907,6990538.0,44.0,2024-08-27 22:58:16,2247.0,9998,-3543.0
52.29006,-23.91485,3663.0793039288933,6990538.0,45.0,2024-09-07 01:01:37,2749.1,9998,-3682.0
52.293925,-23.738445,3718.6046094789895,6990538.0,46.0,2024-09-17 01:07:57,3050.1,9998,-3700.0
52.339618333333334,-22.947991666666667,3845.176449019952,6990538.0,48.0,2024-10-07 03:28:11,3477.1,9998,-3711.0
52.34028,-23.0444,3832.5207697990045,6990538.0,49.0,2024-10-17 03:05:35,3459.0,9998,-3852.0
53.56046,-22.69886,3876.8784387244445,6990538.0,54.0,2024-12-06 03:24:47,3844.2,9998,-3955.0
53.85447333333333,-22.138165,3776.516097015323,6990538.0,56.0,2024-12-26 02:57:44,996.5,9998,-3739.0
52.82593833333333,-21.015861666666666,3754.462736913422,6990538.0,58.0,2025-01-15 02:07:33,2843.3,9998,-3742.0
51.965871666666665,-19.975583333333333,3727.4800766916283,6990538.0,59.0,2025-01-25 01:49:57,3010.9,9998,-3798.0
50.80766166666667,-19.840228333333332,3722.0238767134847,6990538.0,60.0,2025-02-04 01:12:45,1159.4,9998,-3589.0
50.37638166666667,-21.044608333333333,3314.5847411489754,6990538.0,64.0,2025-03-15 21:20:09,206.5,-1,-3547.0
50.142808333333335,-20.79883,3816.7257751099414,6990538.0,66.0,2025-04-05 03:21:49,51.3,-1,-3873.0
50.67174,-20.17174,3774.6678946934103,6990538.0,72.0,2025-06-04 02:19:06,1058.3,-1,-3672.0
50.85113833333333,-19.500066666666665,3721.0351060415405,6990538.0,73.0,2025-06-14 01:57:13,1065.0,9998,-3731.0
51.858761666666666,-41.095571666666665,3676.8606324148213,6990660.0,20.0,2024-12-12 02:51:37,1849.1,9998,-3811.0
51.728426666666664,-40.63203333333333,3836.624990482064,6990660.0,21.0,2024-12-22 04:58:05,2315.8,9998,-4019.0
52.03255333333333,-41.41135833333333,3643.6768988959066,6990660.0,22.0,2025-01-01 02:24:29,1427.0,9998,-3707.0
51.07548,-46.15954833333333,3633.2710060569952,6990660.0,27.0,2025-02-20 02:41:05,749.0,9998,-3720.0
53.61185166666667,-45.848055,3825.274319986951,6990660.0,43.0,2025-07-30 04:52:09,709.0,9998,-3809.0
53.70554333333333,-46.22476833333333,3716.1910994488853,6990660.0,44.0,2025-08-09 03:25:37,398.8,9998,-3772.0
53.7232,-46.674701666666664,3707.419926987307,6990660.0,45.0,2025-08-19 03:02:41,407.4,9998,-3687.0
53.645315,-46.986848333333334,3856.4109714726183,6990660.0,46.0,2025-08-29 05:10:34,804.4,-1,-3847.0
53.54887,-47.09265,3761.0385995927168,6990660.0,47.0,2025-09-08 03:56:07,541.2,9998,-3754.0
53.60904166666667,-46.783785,3798.9907142037137,6990660.0,48.0,2025-09-18 04:12:39,641.6,9998,-3838.0
53.35681,-47.02465,3771.8133653002246,6990660.0,49.0,2025-09-28 04:18:15,454.6,9998,-3801.0
52.10733,-47.47879,3838.4417576434666,6990660.0,52.0,2025-10-28 04:44:11,1556.8,9998,-3858.0
42.45609,-52.378785,3740.4761173020465,6990661.0,5.0,2024-08-25 01:30:20,2518.3,-1,-3672.0
42.66883,-52.33646666666667,3510.229495152057,6990661.0,6.0,2024-09-03 22:37:36,1928.2,9998,-3375.0
42.86258,-52.38075666666667,3165.439018454071,6990661.0,7.0,2024-09-13 19:15:26,1308.2,9998,-3158.0
43.153108333333336,-53.43828666666667,3806.510192280457,6990661.0,8.0,2024-09-24 02:22:47,1200.4,9998,-3807.0
43.48016833333333,-53.508296666666666,3471.9099759568953,6990661.0,9.0,2024-10-03 22:15:48,153.1,9998,-3506.0
43.47163333333334,-53.39033,3316.6874188709453,6990661.0,10.0,2024-10-13 20:46:11,177.9,9998,-3310.0
43.92105,-53.708483333333334,2981.3323868411962,6990661.0,11.0,2024-10-23 17:41:47,327.2,9998,-3012.0
43.97324166666667,-54.043618333333335,2967.624825546668,6990661.0,12.0,2024-11-02 17:30:03,511.7,9998,-2951.0
44.00371333333333,-54.306196666666665,2891.310174391357,6990661.0,13.0,2024-11-12 16:59:45,350.3,9998,-2816.0
44.17858,-54.67177,3139.64619546432,6990661.0,14.0,2024-11-22 19:11:05,335.2,9998,-3244.0
44.14208,-54.81850333333333,2930.4075657214134,6990661.0,15.0,2024-12-02 17:34:00,322.5,9998,-2935.0
44.04373,-55.09896,3548.8094421402475,6990661.0,16.0,2024-12-12 23:32:44,517.5,9998,-3446.0
43.882845,-54.89160666666667,3426.886143795136,6990661.0,17.0,2024-12-22 22:28:29,231.5,9998,-3354.0
43.87741,-54.994301666666665,3563.496450343623,6990661.0,18.0,2025-01-01 23:29:20,400.3,9998,-3477.0
43.947741666666666,-55.41431,3319.471550691304,6990661.0,19.0,2025-01-11 21:22:35,546.2,9998,-3289.0
43.92129166666667,-56.154615,3042.941445704928,6990661.0,20.0,2025-01-21 18:45:11,419.0,9998,-3129.0
43.873045,-56.41018833333333,2942.2194667378935,6990661.0,21.0,2025-01-31 17:39:41,620.0,9998,-2916.0
43.667098333333335,-56.659778333333335,3019.544105614027,6990661.0,22.0,2025-02-10 18:11:24,1285.2,9998,-3178.0
43.60362833333333,-57.07054333333333,3456.2554690154716,6990661.0,23.0,2025-02-20 22:09:43,1032.2,9998,-3447.0
43.46583,-57.77866,3751.825103908731,6990661.0,24.0,2025-03-03 01:38:18,650.9,9998,-3740.0
43.07235,-58.4633,3696.395211669717,6990661.0,25.0,2025-03-13 01:09:15,993.1,9998,-3502.0
42.527546666666666,-60.21397,3751.1742867379867,6990661.0,30.0,2025-05-02 01:39:05,508.3,9998,-3825.0
59.34416,-47.91527333333333,3126.641296992131,7901036.0,16.0,2023-12-02 16:24:37,476.4,9998,-3140.0
59.640775,-47.72285,2988.9025932717973,7901036.0,17.0,2023-12-12 15:43:55,726.8,9998,-2995.0
60.053165,-48.67975166666667,2899.9136066584733,7901036.0,18.0,2023-12-22 15:01:14,5161.8,9998,-2910.0
61.184918333333336,-50.404615,2841.0309653951995,7901036.0,19.0,2024-01-01 14:00:19,10472.4,9998,-2850.0
61.34986,-53.01046,3041.2237059090353,7901036.0,20.0,2024-01-11 16:08:07,1424.0,9998,-3099.0
61.04881,-51.93013,3053.9866543338585,7901036.0,21.0,2024-01-21 16:11:34,748.6,9998,-3069.0
61.19653,-51.90964,3023.686070197687,7901036.0,22.0,2024-01-31 16:00:10,1200.9,9998,-3034.0
60.760461666666664,-51.519998333333334,3108.7198754250962,7901036.0,23.0,2024-02-10 16:35:02,1343.7,9998,-3133.0
60.55463,-51.77312,3184.888097068787,7901036.0,24.0,2024-02-20 17:28:35,666.3,9998,-3226.0
61.366785,-52.658478333333335,3087.099928834713,7901036.0,25.0,2024-03-01 16:02:59,1290.4,9998,-3102.0
61.081828333333334,-56.00539833333333,2883.0692999345524,7901036.0,26.0,2024-03-11 14:29:14,1011.4,-1,-2857.0
61.24874166666667,-58.335836666666665,2656.2500267427786,7901036.0,27.0,2024-03-21 12:32:30,866.4,9998,-2632.0
61.32510166666667,-56.97867,2772.586575915734,7901036.0,28.0,2024-03-31 13:24:39,1616.6,9998,-2793.0
60.38801,-58.4638,2711.1956641287347,7901036.0,29.0,2024-04-10 12:30:37,1623.6,9998,-2662.0
59.97795833333333,-58.43891,2646.7352019108725,7901036.0,30.0,2024-04-20 11:46:51,1860.8,9998,-2655.0
59.481695,-58.805476666666664,2462.8606625390366,7901036.0,31.0,2024-04-30 10:24:46,1642.9,-1,-2469.0
58.88709333333333,-58.61565,2531.5045630452987,7901036.0,32.0,2024-05-10 11:26:15,2529.8,-1,-2542.0
58.39774666666667,-58.67003666666667,2248.5437797906716,7901036.0,33.0,2024-05-20 08:22:04,1993.6,-1,-2238.0
58.30215,-58.757448333333336,2205.4323961121413,7901036.0,34.0,2024-05-30 07:58:11,2069.0,-1,-2188.0
58.121045,-58.857155,2122.1219411760576,7901036.0,35.0,2024-06-09 07:24:46,2362.2,-1,-2089.0
58.244085,-58.81518666666667,2223.0878398641744,7901036.0,36.0,2024-06-19 08:04:12,2228.3,-1,-2210.0
57.72624166666667,-58.664321666666666,2016.2459158535548,7901036.0,37.0,2024-06-29 05:34:46,2671.4,9998,-2047.0
57.63245333333333,-58.464755,2247.706405149169,7901036.0,38.0,2024-07-09 08:03:04,2272.1,9998,-2226.0
57.66305,-58.15095,2318.2609303416466,7901036.0,39.0,2024-07-19 09:20:33,1679.8,9998,-2391.0
57.361645,-57.414225,2492.665014558723,7901036.0,40.0,2024-07-29 10:48:14,2570.6,-1,-2490.0
57.10805833333333,-56.64277833333333,2641.489088586271,7901036.0,41.0,2024-08-08 12:03:07,3694.3,9998,-2645.0
56.409526666666665,-56.07865833333334,2771.743629601211,7901036.0,42.0,2024-08-18 13:42:42,3952.4,9998,-2703.0
55.78662,-55.21589,2783.6262075624486,7901036.0,43.0,2024-08-28 13:36:31,5989.8,-1,-2781.0
55.652723333333334,-53.676021666666664,2964.494328671272,7901036.0,44.0,2024-09-07 15:19:04,5003.7,9998,-2974.0
55.550488333333334,-53.12903166666667,3048.534355448633,7901036.0,45.0,2024-09-17 16:24:05,3494.2,9998,-3085.0
55.38003166666667,-52.312735,3196.9920566878104,7901036.0,46.0,2024-09-27 17:30:30,2602.4,-1,-3221.0
55.10409666666666,-51.773775,2964.6347421747487,7901036.0,47.0,2024-10-07 16:02:24,4496.3,9998,-2957.0
53.742305,-51.388506666666665,2796.8357396807965,7901036.0,48.0,2024-10-17 14:03:37,5945.2,9998,-2704.0
52.75639666666667,-50.072768333333336,3103.9834527472703,7901036.0,49.0,2024-10-27 16:09:15,1711.3,9998,-3078.0
51.50564333333333,-48.92613333333333,3010.535746131033,7901036.0,50.0,2024-11-06 15:54:44,2520.9,9998,-3042.0
50.78486,-48.41766666666667,2624.352876374938,7901036.0,51.0,2024-11-16 12:08:44,3085.6,9998,-2569.0
50.26239,-47.91238833333333,2658.7426019185864,7901036.0,52.0,2024-11-26 12:11:07,1273.5,9998,-2703.0
50.129803333333335,-47.805125,2664.6482186167345,7901036.0,53.0,2024-12-06 12:12:10,1195.4,9998,-2676.0
49.88924,-47.95164333333334,2579.5216155197627,7901036.0,54.0,2024-12-16 11:46:12,2400.5,9998,-2572.0
49.07076166666667,-47.80264833333333,2410.2109034261516,7901036.0,55.0,2024-12-26 10:07:02,2267.2,-1,-2414.0
48.77826,-47.1952,2564.11167010199,7901036.0,56.0,2025-01-05 11:50:28,2745.3,9998,-2552.0
49.219836666666666,-45.41373333333333,2691.300519614752,7901036.0,57.0,2025-01-15 12:36:07,5739.7,9998,-2678.0
48.235018333333336,-43.73659,2635.7344731117414,7901036.0,58.0,2025-01-25 11:58:14,6096.8,-1,-2695.0
46.313685,-44.269895,3449.5372439368107,7901036.0,59.0,2025-02-04 19:24:26,2105.8,-1,-3515.0
46.12714,-44.6553,3477.8921320536174,7901036.0,60.0,2025-02-14 20:12:13,1233.3,-1,-3387.0
45.688561666666665,-45.89255,3467.299996278569,7901036.0,61.0,2025-02-24 19:19:01,2421.5,-1,-3435.0
45.44636,-46.297513333333335,3353.184495632321,7901036.0,62.0,2025-03-06 19:09:54,1289.0,9998,-3431.0
45.357411666666664,-46.859245,3017.1178263245397,7901036.0,63.0,2025-03-16 16:08:14,1323.1,-1,-3021.0
45.24021,-46.76627,3343.4852534121483,7901036.0,64.0,2025-03-26 18:48:05,2002.4,9998,-3298.0
45.11409,-46.96250333333333,3434.3045680324726,7901036.0,65.0,2025-04-05 20:23:15,2461.2,9998,-3469.0
45.06472333333333,-47.311888333333336,3461.6447401564,7901036.0,66.0,2025-04-15 20:29:27,1546.7,9998,-3450.0
45.084986666666666,-47.44190833333333,3254.668449557167,7901036.0,67.0,2025-04-25 18:21:54,990.2,9998,-3273.0
44.85664,-48.08463666666667,2966.4049714047737,7901036.0,68.0,2025-05-05 15:45:35,510.0,9998,-2938.0
44.454566666666665,-48.49738166666667,2890.211528993516,7901036.0,69.0,2025-05-15 14:37:05,546.2,9998,-2933.0
43.89282333333333,-48.41542,3234.5117755914175,7901036.0,70.0,2025-05-25 18:02:09,186.7,-1,-3268.0
43.670651666666664,-48.141371666666664,3490.3903171958823,7901036.0,71.0,2025-06-04 20:51:44,1694.9,9998,-3486.0
44.02986,-47.78767166666667,3848.097594071566,7901036.0,73.0,2025-06-25 00:32:12,4672.6,9998,-3856.0
44.257598333333334,-48.238393333333335,3437.5039467327115,7901036.0,74.0,2025-07-04 19:57:36,1724.4,-1,-3455.0
44.108261666666664,-48.50686,3255.938537530496,7901036.0,75.0,2025-07-14 18:14:37,962.4,9998,-3172.0
43.890095,-48.425176666666665,3261.8649719972386,7901036.0,76.0,2025-07-24 18:23:20,274.1,-1,-3261.0
43.501525,-48.53400666666667,2963.8411821558298,7901036.0,77.0,2025-08-03 15:34:16,1494.6,-1,-3007.0
43.16889833333333,-48.435338333333334,2655.5780971749155,7901036.0,78.0,2025-08-13 12:37:14,1636.1,-1,-2700.0
42.574205,-48.38117166666667,3340.40054701192,7901036.0,79.0,2025-08-23 18:44:32,4621.4,9998,-3390.0
41.75102833333333,-47.982525,3875.2117819512177,7901036.0,80.0,2025-09-03 01:01:33,4086.8,-1,-3889.0
40.59829,-47.577243333333335,3489.4220916484255,7901036.0,81.0,2025-09-12 20:15:01,3213.4,9998,-3603.0
57.98562,-43.80352,3088.9160521915205,7901037.0,16.0,2023-12-01 18:57:40,906.2,9998,-3134.0
57.71787,-46.33358333333334,2742.1026523511023,7901037.0,17.0,2023-12-11 15:36:11,1088.1,9998,-2758.0
57.157535,-46.566581666666664,3542.686462141851,7901037.0,18.0,2023-12-21 23:04:36,799.6,-1,-3517.0
58.28303,-47.38545166666667,3109.341518576494,7901037.0,19.0,2023-12-31 19:30:24,1255.4,9998,-3082.0
58.94648,-47.70138333333333,3033.9945347321895,7901037.0,20.0,2024-01-10 18:19:00,446.2,9998,-2894.0
58.98144,-47.70759,3183.338981605308,7901037.0,21.0,2024-01-20 20:10:36,528.4,9998,-3190.0
59.28866166666667,-47.28059833333333,2997.777552310686,7901037.0,22.0,2024-01-30 18:05:09,732.8,9998,-2959.0
60.069853333333334,-48.76373666666667,2921.4029581572004,7901037.0,23.0,2024-02-09 17:10:14,4902.8,9998,-2950.0
60.165175,-49.63539333333333,3039.554606333827,7901037.0,24.0,2024-02-19 18:29:32,151.5,9998,-3037.0
42.3829,-52.37216,3835.039666745495,7902215.0,5.0,2024-08-25 02:19:34,2668.8,-1,-3820.0
42.53523,-52.32153,3670.251007370167,7902215.0,6.0,2024-09-04 00:39:09,2331.2,-1,-3513.0
42.957456666666666,-52.649925,3434.0112789463824,7902215.0,7.0,2024-09-13 22:02:38,1492.3,9998,-3409.0
43.412843333333335,-53.68660333333333,3749.8940346202016,7902215.0,8.0,2024-09-24 01:23:08,237.7,9998,-3922.0
43.672918333333335,-53.95178,3878.42359433351,7902215.0,9.0,2024-10-04 07:40:30,493.8,-1,-3632.0
43.558321666666664,-54.26262666666667,3842.41926566611,7902215.0,10.0,2024-10-14 02:34:35,603.4,-1,-3935.0
43.56030833333333,-55.05824833333333,3786.877911859045,7902215.0,12.0,2024-11-03 01:41:39,103.9,9998,-3791.0
42.93037,-55.7389,3633.061123949095,7902215.0,16.0,2024-12-12 23:48:15,1185.9,9998,-3659.0
42.768411666666665,-56.29235,3794.950572532356,7902215.0,20.0,2025-01-22 01:42:38,1277.2,9998,-3838.0
42.79340166666667,-56.24345,3739.385334172245,7902215.0,21.0,2025-02-01 01:07:31,1287.3,9998,-3767.0
42.98464333333333,-56.45207833333333,3816.3138542008187,7902215.0,22.0,2025-02-11 02:18:46,943.4,9998,-3831.0
42.97810333333334,-56.38512333333333,3745.170404322061,7902215.0,23.0,2025-02-21 01:44:35,1003.5,9998,-3769.0
42.756545,-56.19634833333333,3813.4705266833757,7902215.0,24.0,2025-03-03 02:14:48,1396.7,9998,-3823.0
42.7716,-56.19772,3770.584229931234,7902215.0,26.0,2025-03-23 01:36:40,1360.5,9998,-3810.0
43.31508,-56.35504,3692.412814141563,7902215.0,30.0,2025-05-02 01:06:17,1289.8,9998,-3739.0
43.249748333333336,-56.267601666666664,3697.309787738857,7902215.0,31.0,2025-05-12 01:05:38,1208.9,9998,-3772.0
42.99890833333333,-56.33106166666666,3649.6167902553607,7902215.0,32.0,2025-05-22 00:46:27,1029.0,9998,-3673.0
42.323078333333335,-52.12219666666667,3721.024253622796,7902309.0,1.0,2025-09-24 21:15:21,2726.0,-1,-3653.0
42.726818333333334,-52.8426,3691.6377045555596,7902309.0,2.0,2025-10-04 20:53:06,2203.9,9998,-3753.0
43.040235,-53.2213,3825.064095455925,7902309.0,3.0,2025-10-14 22:01:59,1551.7,9998,-3808.0
41.00084666666667,7.240278333333333,2830.439299621402,7902326.0,1.0,2025-07-22 16:58:35,564.6,-1,-2834.0
40.98066,7.48469,2825.5494301135764,7902326.0,2.0,2025-07-25 17:00:09,264.1,-1,-2872.0
40.84777666666667,7.563163333333334,2828.5208169634943,7902326.0,3.0,2025-08-04 16:55:02,329.0,9998,-2870.0
40.994191666666666,7.300301666666667,2828.4830004687615,7902326.0,4.0,2025-08-14 17:04:07,472.9,-1,-2838.0
41.162123333333334,7.107236666666667,2806.9005407989557,7902326.0,5.0,2025-08-24 16:42:25,716.9,-1,-2806.0
41.119935,6.949338333333333,2789.2868481704227,7902326.0,6.0,2025-09-03 16:38:37,684.7,-1,-2795.0
40.989556666666665,6.938546666666666,2798.132620871908,7902326.0,7.0,2025-09-13 16:13:13,641.9,9998,-2804.0
40.867338333333336,6.983841666666667,2816.767140394262,7902326.0,8.0,2025-09-23 16:38:07,484.7,9998,-2822.0
40.879153333333335,7.162091666666667,2832.428778450662,7902326.0,9.0,2025-10-03 16:55:37,460.0,-1,-2833.0
40.98066,7.48469,2825.5494301135764,7902326.0,10.0,2025-10-13 16:35:33,264.1,-1,-2872.0
40.95805,7.77373,2821.6391067278305,7902326.0,11.0,2025-10-23 16:57:11,491.6,9998,-2825.0
